t,distance_parcourue_m,vitesse_kmh,niveau,n_agents_percus,raison_arret,recommandation
0.05,0.1,5.3,SAFE,7,,Situation maîtrisée
0.10,0.2,7.1,SAFE,7,,Situation maîtrisée
0.15,0.3,8.8,SAFE,7,,Situation maîtrisée
0.20,0.4,10.6,SAFE,7,,Situation maîtrisée
0.25,0.6,12.3,SAFE,7,,Situation maîtrisée
0.30,0.7,14.1,SAFE,7,,Situation maîtrisée
0.35,1.0,15.9,SAFE,7,,Situation maîtrisée
0.40,1.2,17.6,SAFE,7,,Situation maîtrisée
0.45,1.5,19.4,SAFE,7,,Situation maîtrisée
0.50,1.7,21.2,SAFE,7,,Situation maîtrisée
0.55,2.0,22.9,SAFE,7,,Situation maîtrisée
0.60,2.3,16.0,SAFE,7,,Situation maîtrisée
0.65,2.4,0.6,SAFE,7,,Situation maîtrisée
0.70,2.4,0.9,SAFE,7,,Situation maîtrisée
0.75,2.4,0.9,SAFE,7,,Situation maîtrisée
0.80,2.4,0.8,SAFE,7,,Situation maîtrisée
0.85,2.4,3.4,SAFE,7,,Situation maîtrisée
0.90,2.5,5.4,SAFE,7,,Situation maîtrisée
0.95,2.6,7.1,SAFE,7,,Situation maîtrisée
1.00,2.7,8.2,SAFE,7,,Situation maîtrisée
1.05,2.8,9.3,SAFE,7,,Situation maîtrisée
1.10,3.0,10.2,SAFE,7,,Situation maîtrisée
1.15,3.1,11.1,SAFE,7,,Situation maîtrisée
1.20,3.3,11.8,SAFE,7,,Situation maîtrisée
1.25,3.4,12.6,SAFE,7,,Situation maîtrisée
1.30,3.6,13.3,SAFE,7,moteur:physique,Situation maîtrisée
1.35,3.8,13.9,SAFE,7,moteur:physique,Situation maîtrisée
1.40,4.0,14.4,SAFE,7,moteur:physique,Situation maîtrisée
1.45,4.2,14.9,SAFE,7,moteur:physique,Situation maîtrisée
1.50,4.4,15.4,SAFE,7,moteur:physique,Situation maîtrisée
1.55,4.6,15.8,SAFE,7,moteur:physique,Situation maîtrisée
1.60,4.9,16.2,SAFE,7,moteur:physique,Situation maîtrisée
1.65,5.1,16.6,SAFE,7,moteur:physique,Situation maîtrisée
1.70,5.3,16.9,SAFE,7,moteur:physique,Situation maîtrisée
1.75,5.6,17.2,SAFE,8,moteur:physique,Situation maîtrisée
1.80,5.8,17.5,SAFE,8,,Situation maîtrisée
1.85,6.0,17.7,SAFE,8,,Situation maîtrisée
1.90,6.3,17.9,SAFE,8,,Situation maîtrisée
1.95,6.5,18.2,SAFE,8,,Situation maîtrisée
2.00,6.8,18.1,SAFE,8,,Situation maîtrisée
2.05,7.0,18.3,SAFE,8,,Situation maîtrisée
2.10,7.3,17.9,SAFE,8,,Situation maîtrisée
2.15,7.5,18.3,SAFE,8,,Situation maîtrisée
2.20,7.8,17.9,SAFE,7,,Situation maîtrisée
2.25,8.1,18.4,SAFE,7,,Situation maîtrisée
2.30,8.3,18.0,SAFE,7,,Situation maîtrisée
2.35,8.6,18.5,SAFE,7,,Situation maîtrisée
2.40,8.8,18.3,SAFE,7,,Situation maîtrisée
2.45,9.1,18.2,SAFE,7,,Situation maîtrisée
2.50,9.3,18.0,SAFE,7,,Situation maîtrisée
2.55,9.6,18.6,SAFE,7,,Situation maîtrisée
2.60,9.8,18.6,SAFE,7,,Situation maîtrisée
2.65,10.1,18.5,SAFE,7,,Situation maîtrisée
2.70,10.3,18.3,SAFE,7,,Situation maîtrisée
2.75,10.6,18.4,SAFE,7,,Situation maîtrisée
2.80,10.9,18.2,SAFE,7,,Situation maîtrisée
2.85,11.1,18.3,SAFE,7,moteur:physique,Situation maîtrisée
2.90,11.4,18.2,SAFE,7,moteur:physique,Situation maîtrisée
2.95,11.6,18.3,SAFE,7,moteur:physique,Situation maîtrisée
3.00,11.9,18.2,SAFE,7,moteur:physique,Situation maîtrisée
3.05,12.1,18.4,SAFE,7,moteur:physique,Situation maîtrisée
3.10,12.4,18.3,SAFE,7,moteur:physique,Situation maîtrisée
3.15,12.6,18.4,SAFE,7,moteur:physique,Situation maîtrisée
3.20,12.9,18.4,SAFE,7,moteur:physique,Situation maîtrisée
3.25,13.1,18.5,SAFE,7,,Situation maîtrisée
3.30,13.4,18.5,SAFE,7,,Situation maîtrisée
3.35,13.7,18.6,SAFE,7,,Situation maîtrisée
3.40,13.9,18.5,SAFE,7,,Situation maîtrisée
3.45,14.2,18.7,SAFE,7,,Situation maîtrisée
3.50,14.4,18.6,SAFE,7,,Situation maîtrisée
3.55,14.7,18.7,SAFE,7,,Situation maîtrisée
3.60,15.0,18.7,SAFE,6,,Situation maîtrisée
3.65,15.2,18.8,SAFE,6,,Situation maîtrisée
3.70,15.5,18.7,SAFE,6,,Situation maîtrisée
3.75,15.7,18.8,SAFE,6,,Situation maîtrisée
3.80,16.0,18.8,SAFE,6,,Situation maîtrisée
3.85,16.3,18.9,SAFE,6,,Situation maîtrisée
3.90,16.5,18.8,SAFE,6,,Situation maîtrisée
3.95,16.8,18.9,SAFE,6,,Situation maîtrisée
4.00,17.0,18.9,SAFE,6,,Situation maîtrisée
4.05,17.3,19.0,SAFE,6,,Situation maîtrisée
4.10,17.6,18.9,SAFE,6,,Situation maîtrisée
4.15,17.8,19.0,SAFE,6,,Situation maîtrisée
4.20,18.1,19.0,SAFE,6,,Situation maîtrisée
4.25,18.4,19.1,SAFE,6,,Situation maîtrisée
4.30,18.6,19.0,SAFE,5,,Situation maîtrisée
4.35,18.9,19.1,SAFE,5,,Situation maîtrisée
4.40,19.2,19.0,SAFE,5,,Situation maîtrisée
4.45,19.4,19.1,SAFE,5,,Situation maîtrisée
4.50,19.7,19.0,SAFE,5,,Situation maîtrisée
4.55,19.9,19.1,SAFE,5,,Situation maîtrisée
4.60,20.2,19.1,SAFE,5,,Situation maîtrisée
4.65,20.5,19.2,SAFE,5,,Situation maîtrisée
4.70,20.7,19.1,SAFE,5,,Situation maîtrisée
4.75,21.0,19.2,SAFE,5,,Situation maîtrisée
4.80,21.3,19.1,SAFE,5,,Situation maîtrisée
4.85,21.5,19.2,SAFE,5,,Situation maîtrisée
4.90,21.8,19.2,SAFE,5,,Situation maîtrisée
4.95,22.1,19.2,SAFE,5,,Situation maîtrisée
5.00,22.3,19.2,SAFE,5,,Situation maîtrisée
5.05,22.6,19.3,SAFE,5,,Situation maîtrisée
5.10,22.9,19.2,SAFE,5,,Situation maîtrisée
5.15,23.1,19.3,SAFE,5,,Situation maîtrisée
5.20,23.4,19.2,SAFE,5,,Situation maîtrisée
5.25,23.7,19.3,SAFE,5,,Situation maîtrisée
5.30,23.9,19.2,SAFE,5,,Situation maîtrisée
5.35,24.2,19.3,SAFE,5,,Situation maîtrisée
5.40,24.5,19.3,SAFE,5,,Situation maîtrisée
5.45,24.7,19.4,SAFE,5,,Situation maîtrisée
5.50,25.0,19.3,SAFE,5,,Situation maîtrisée
5.55,25.3,19.4,SAFE,5,,Situation maîtrisée
5.60,25.5,19.3,SAFE,5,,Situation maîtrisée
5.65,25.8,19.4,SAFE,5,,Situation maîtrisée
5.70,26.1,19.3,SAFE,5,,Situation maîtrisée
5.75,26.4,19.4,SAFE,5,,Situation maîtrisée
5.80,26.6,19.3,SAFE,5,,Situation maîtrisée
5.85,26.9,19.4,SAFE,5,,Situation maîtrisée
5.90,27.2,19.4,SAFE,5,,Situation maîtrisée
5.95,27.4,19.5,SAFE,5,,Situation maîtrisée
6.00,27.7,19.4,SAFE,5,,Situation maîtrisée
6.05,28.0,19.5,SAFE,5,,Situation maîtrisée
6.10,28.2,19.4,SAFE,5,,Situation maîtrisée
6.15,28.5,19.5,SAFE,5,,Situation maîtrisée
6.20,28.8,19.4,SAFE,5,,Situation maîtrisée
6.25,29.1,19.5,SAFE,5,,Situation maîtrisée
6.30,29.3,19.5,SAFE,5,,Situation maîtrisée
6.35,29.6,19.6,SAFE,5,moteur:physique,Situation maîtrisée
6.40,29.9,19.5,SAFE,5,moteur:physique,Situation maîtrisée
6.45,30.1,19.6,SAFE,5,moteur:physique,Situation maîtrisée
6.50,30.4,19.5,SAFE,5,moteur:physique,Situation maîtrisée
6.55,30.7,19.6,SAFE,5,moteur:physique,Situation maîtrisée
6.60,31.0,19.5,SAFE,5,moteur:physique,Situation maîtrisée
6.65,31.2,19.6,SAFE,5,moteur:physique,Situation maîtrisée
6.70,31.5,19.5,SAFE,4,moteur:physique,Situation maîtrisée
6.75,31.8,19.6,SAFE,4,,Situation maîtrisée
6.80,32.0,19.6,SAFE,4,,Situation maîtrisée
6.85,32.3,19.7,SAFE,4,,Situation maîtrisée
6.90,32.6,19.6,SAFE,4,,Situation maîtrisée
6.95,32.9,19.7,SAFE,4,,Situation maîtrisée
7.00,33.1,19.6,SAFE,3,,Situation maîtrisée
7.05,33.4,19.7,SAFE,3,,Situation maîtrisée
7.10,33.7,19.6,SAFE,2,,Situation maîtrisée
7.15,33.9,19.7,SAFE,2,,Situation maîtrisée
7.20,34.2,19.6,SAFE,2,,Situation maîtrisée
7.25,34.5,19.7,SAFE,2,,Situation maîtrisée
7.30,34.8,19.7,SAFE,2,,Situation maîtrisée
7.35,35.0,19.8,SAFE,2,,Situation maîtrisée
7.40,35.3,19.7,SAFE,2,,Situation maîtrisée
7.45,35.6,19.8,SAFE,2,,Situation maîtrisée
7.50,35.9,19.7,SAFE,2,,Situation maîtrisée
7.55,36.1,19.8,SAFE,2,,Situation maîtrisée
7.60,36.4,19.7,SAFE,2,,Situation maîtrisée
7.65,36.7,19.8,SAFE,2,,Situation maîtrisée
7.70,37.0,19.8,SAFE,2,,Situation maîtrisée
7.75,37.2,19.9,SAFE,2,,Situation maîtrisée
7.80,37.5,19.8,SAFE,2,,Situation maîtrisée
7.85,37.8,19.9,SAFE,2,,Situation maîtrisée
7.90,38.1,19.8,SAFE,2,,Situation maîtrisée
7.95,38.3,19.9,SAFE,2,,Situation maîtrisée
8.00,38.6,19.8,SAFE,2,,Situation maîtrisée
8.05,38.9,19.9,SAFE,2,,Situation maîtrisée
8.10,39.2,19.8,SAFE,2,,Situation maîtrisée
8.15,39.4,19.9,SAFE,2,,Situation maîtrisée
8.20,39.7,19.9,SAFE,2,,Situation maîtrisée
8.25,40.0,20.0,SAFE,2,,Situation maîtrisée
8.30,40.3,19.9,SAFE,2,,Situation maîtrisée
8.35,40.5,20.0,SAFE,2,,Situation maîtrisée
8.40,40.8,19.9,SAFE,2,,Situation maîtrisée
8.45,41.1,20.0,SAFE,3,,Situation maîtrisée
8.50,41.4,19.9,SAFE,3,,Situation maîtrisée
8.55,41.7,20.0,SAFE,3,,Situation maîtrisée
8.60,41.9,19.9,SAFE,3,,Situation maîtrisée
8.65,42.2,20.0,SAFE,3,,Situation maîtrisée
8.70,42.5,20.0,SAFE,3,,Situation maîtrisée
8.75,42.8,20.1,SAFE,3,,Situation maîtrisée
8.80,43.0,20.0,SAFE,3,,Situation maîtrisée
8.85,43.3,20.1,SAFE,3,,Situation maîtrisée
8.90,43.6,20.0,SAFE,3,,Situation maîtrisée
8.95,43.9,20.1,SAFE,4,,Situation maîtrisée
9.00,44.2,20.0,SAFE,4,,Situation maîtrisée
9.05,44.4,20.1,SAFE,5,,Situation maîtrisée
9.10,44.7,20.0,SAFE,5,,Situation maîtrisée
9.15,45.0,20.1,SAFE,5,,Situation maîtrisée
9.20,45.3,20.1,SAFE,5,,Situation maîtrisée
9.25,45.6,20.1,SAFE,5,,Situation maîtrisée
9.30,45.8,20.1,SAFE,5,,Situation maîtrisée
9.35,46.1,20.2,SAFE,5,,Situation maîtrisée
9.40,46.4,20.1,SAFE,5,,Situation maîtrisée
9.45,46.7,20.2,SAFE,6,,Situation maîtrisée
9.50,46.9,20.1,SAFE,6,,Situation maîtrisée
9.55,47.2,20.2,SAFE,6,,Situation maîtrisée
9.60,47.5,20.1,SAFE,7,,Situation maîtrisée
9.65,47.8,20.2,SAFE,7,,Situation maîtrisée
9.70,48.1,20.1,SAFE,7,,Situation maîtrisée
9.75,48.3,20.2,SAFE,7,,Situation maîtrisée
9.80,48.6,20.1,SAFE,7,,Situation maîtrisée
9.85,48.9,20.2,SAFE,7,,Situation maîtrisée
9.90,49.2,20.1,SAFE,7,,Situation maîtrisée
9.95,49.5,20.2,SAFE,7,,Situation maîtrisée
10.00,49.7,20.1,SAFE,7,,Situation maîtrisée
10.05,50.0,20.2,SAFE,7,,Situation maîtrisée
10.10,50.3,20.1,SAFE,7,,Situation maîtrisée
10.15,50.6,20.2,SAFE,7,,Situation maîtrisée
10.20,50.9,20.1,SAFE,7,,Situation maîtrisée
10.25,51.1,20.2,SAFE,7,,Situation maîtrisée
10.30,51.4,20.1,SAFE,7,,Situation maîtrisée
10.35,51.7,20.2,SAFE,7,,Situation maîtrisée
10.40,52.0,20.2,SAFE,7,,Situation maîtrisée
10.45,52.3,20.2,SAFE,7,,Situation maîtrisée
10.50,52.6,20.2,SAFE,7,,Situation maîtrisée
10.55,52.8,20.2,SAFE,7,,Situation maîtrisée
10.60,53.1,20.2,SAFE,7,,Situation maîtrisée
10.65,53.4,20.2,SAFE,7,,Situation maîtrisée
10.70,53.7,20.2,SAFE,7,,Situation maîtrisée
10.75,54.0,20.2,SAFE,7,,Situation maîtrisée
10.80,54.2,20.2,SAFE,8,,Situation maîtrisée
10.85,54.5,20.2,SAFE,8,,Situation maîtrisée
10.90,54.8,20.2,SAFE,8,,Situation maîtrisée
10.95,55.1,20.2,SAFE,8,,Situation maîtrisée
11.00,55.4,20.2,SAFE,8,,Situation maîtrisée
11.05,55.6,20.2,SAFE,8,,Situation maîtrisée
11.10,55.9,20.2,SAFE,9,,Situation maîtrisée
11.15,56.2,20.2,SAFE,9,,Situation maîtrisée
11.20,56.5,20.2,SAFE,9,,Situation maîtrisée
11.25,56.8,20.2,SAFE,9,,Situation maîtrisée
11.30,57.0,20.2,SAFE,9,,Situation maîtrisée
11.35,57.3,20.2,SAFE,9,,Situation maîtrisée
11.40,57.6,20.2,SAFE,9,,Situation maîtrisée
11.45,57.9,20.2,SAFE,9,,Situation maîtrisée
11.50,58.2,20.2,SAFE,9,,Situation maîtrisée
11.55,58.4,20.2,SAFE,9,,Situation maîtrisée
11.60,58.7,20.2,SAFE,10,,Situation maîtrisée
11.65,59.0,20.2,SAFE,11,,Situation maîtrisée
11.70,59.3,20.2,SAFE,11,,Situation maîtrisée
11.75,59.6,20.2,SAFE,11,,Situation maîtrisée
11.80,59.8,20.2,SAFE,11,,Situation maîtrisée
11.85,60.1,20.2,SAFE,12,,Situation maîtrisée
11.90,60.4,20.2,SAFE,12,,Situation maîtrisée
11.95,60.7,20.2,SAFE,12,,Situation maîtrisée
12.00,61.0,20.2,SAFE,12,,Situation maîtrisée
12.05,61.2,20.2,SAFE,12,,Situation maîtrisée
12.10,61.5,20.2,SAFE,12,,Situation maîtrisée
12.15,61.8,20.2,SAFE,12,,Situation maîtrisée
12.20,62.1,20.2,SAFE,12,,Situation maîtrisée
12.25,62.4,20.2,SAFE,12,,Situation maîtrisée
12.30,62.7,20.2,SAFE,12,,Situation maîtrisée
12.35,62.9,20.2,SAFE,12,,Situation maîtrisée
12.40,63.2,20.3,SAFE,12,,Situation maîtrisée
12.45,63.5,20.3,SAFE,12,,Situation maîtrisée
12.50,63.8,20.3,SAFE,12,,Situation maîtrisée
12.55,64.1,20.4,SAFE,12,,Situation maîtrisée
12.60,64.3,20.4,SAFE,12,,Situation maîtrisée
12.65,64.6,20.4,SAFE,12,,Situation maîtrisée
12.70,64.9,20.3,SAFE,12,,Situation maîtrisée
12.75,65.2,20.3,SAFE,12,,Situation maîtrisée
12.80,65.5,20.2,SAFE,12,,Situation maîtrisée
12.85,65.8,20.3,SAFE,12,,Situation maîtrisée
12.90,66.0,20.2,SAFE,12,,Situation maîtrisée
12.95,66.3,20.4,SAFE,12,,Situation maîtrisée
13.00,66.6,20.3,SAFE,12,,Situation maîtrisée
13.05,66.9,20.4,SAFE,12,,Situation maîtrisée
13.10,67.2,20.3,SAFE,12,,Situation maîtrisée
13.15,67.4,20.7,SAFE,12,,Situation maîtrisée
13.20,67.7,20.4,SAFE,12,,Situation maîtrisée
13.25,68.0,20.9,SAFE,12,,Situation maîtrisée
13.30,68.3,20.5,SAFE,12,,Situation maîtrisée
13.35,68.6,21.1,SAFE,12,,Situation maîtrisée
13.40,68.9,20.7,SAFE,12,,Situation maîtrisée
13.45,69.2,21.1,SAFE,12,,Situation maîtrisée
13.50,69.5,20.6,SAFE,12,,Situation maîtrisée
13.55,69.8,21.1,SAFE,12,,Situation maîtrisée
13.60,70.0,20.7,SAFE,12,,Situation maîtrisée
13.65,70.3,21.1,SAFE,12,,Situation maîtrisée
13.70,70.6,20.6,SAFE,12,,Situation maîtrisée
13.75,70.9,21.1,SAFE,12,,Situation maîtrisée
13.80,71.2,20.7,SAFE,13,,Situation maîtrisée
13.85,71.5,21.0,SAFE,13,,Situation maîtrisée
13.90,71.8,20.5,SAFE,13,,Situation maîtrisée
13.95,72.1,21.0,SAFE,13,,Situation maîtrisée
14.00,72.4,20.6,SAFE,13,,Situation maîtrisée
14.05,72.6,21.0,SAFE,13,,Situation maîtrisée
14.10,72.9,20.5,SAFE,12,,Situation maîtrisée
14.15,73.2,21.0,SAFE,12,,Situation maîtrisée
14.20,73.5,20.6,SAFE,12,,Situation maîtrisée
14.25,73.8,20.9,SAFE,12,,Situation maîtrisée
14.30,74.1,20.4,SAFE,12,,Situation maîtrisée
14.35,74.4,20.9,SAFE,12,moteur:physique,Situation maîtrisée
14.40,74.7,20.5,SAFE,12,,Situation maîtrisée
14.45,74.9,20.9,SAFE,12,moteur:physique,Situation maîtrisée
14.50,75.2,20.4,SAFE,12,,Situation maîtrisée
14.55,75.5,20.9,DANGER,12,moteur:physique,Ralentissez de 13 km/h  (21 -> 8 km/h)
14.60,75.8,20.4,DANGER,12,moteur:physique,Ralentissez de 13 km/h  (20 -> 8 km/h)
14.65,76.1,20.4,DANGER,12,moteur:physique,Ralentissez de 14 km/h  (20 -> 6 km/h)
14.70,76.4,19.3,CRITICAL,12,moteur:proportionnel,FREINEZ de 15 km/h  (19 -> 5 km/h)
14.75,76.6,15.1,CRITICAL,11,moteur:proportionnel,FREINEZ de 11 km/h  (15 -> 4 km/h)
14.80,76.8,10.3,CRITICAL,11,moteur:proportionnel,FREINEZ de 7 km/h  (10 -> 4 km/h)
14.85,76.9,5.5,CRITICAL,11,moteur:proportionnel,FREINEZ de 2 km/h  (6 -> 3 km/h)
14.90,76.9,0.8,SAFE,11,anti_chattering,Situation maîtrisée
14.95,76.9,0.0,SAFE,11,anti_chattering,Situation maîtrisée
15.00,76.9,0.0,SAFE,11,anti_chattering,Situation maîtrisée
15.05,76.9,0.0,SAFE,11,anti_chattering,Situation maîtrisée
15.10,76.9,0.0,SAFE,11,anti_chattering,Situation maîtrisée
15.15,76.9,0.0,SAFE,11,anti_chattering,Situation maîtrisée
15.20,76.9,0.0,SAFE,11,anti_chattering,Situation maîtrisée
15.25,76.9,0.0,SAFE,11,anti_chattering,Situation maîtrisée
15.30,76.9,0.0,SAFE,11,anti_chattering,Situation maîtrisée
15.35,76.9,0.0,SAFE,11,anti_chattering,Situation maîtrisée
15.40,76.9,0.0,SAFE,11,anti_chattering,Situation maîtrisée
15.45,76.9,0.0,SAFE,11,anti_chattering,Situation maîtrisée
15.50,76.9,0.0,SAFE,11,anti_chattering,Situation maîtrisée
15.55,76.9,0.0,SAFE,11,anti_chattering,Situation maîtrisée
15.60,76.9,0.0,SAFE,12,anti_chattering,Situation maîtrisée
15.65,76.9,0.0,SAFE,12,,Situation maîtrisée
15.70,76.9,0.0,SAFE,12,moteur:physique,Situation maîtrisée
15.75,76.9,0.0,SAFE,12,moteur:physique,Situation maîtrisée
15.80,76.9,0.3,SAFE,12,moteur:physique,Situation maîtrisée
15.85,76.9,0.7,SAFE,12,moteur:physique,Situation maîtrisée
15.90,76.9,1.4,SAFE,12,moteur:physique,Situation maîtrisée
15.95,77.0,2.2,WATCH,12,moteur:physique,Vigilance — situation à la limite
16.00,77.0,0.0,SAFE,12,moteur:physique,Situation maîtrisée
16.05,77.0,0.4,SAFE,12,moteur:physique,Situation maîtrisée
16.10,77.0,1.2,SAFE,12,moteur:physique,Situation maîtrisée
16.15,77.0,1.8,WATCH,12,moteur:physique,Vigilance — situation à la limite
16.20,77.0,0.0,SAFE,12,,Situation maîtrisée
16.25,77.0,0.4,SAFE,12,,Situation maîtrisée
16.30,77.0,1.1,SAFE,12,,Situation maîtrisée
16.35,77.1,1.8,WATCH,12,moteur:proportionnel,Vigilance — situation à la limite
16.40,77.1,0.0,SAFE,12,,Situation maîtrisée
16.45,77.1,0.4,SAFE,12,,Situation maîtrisée
16.50,77.1,1.2,SAFE,12,,Situation maîtrisée
16.55,77.1,1.9,WATCH,12,moteur:proportionnel,Vigilance — situation à la limite
16.60,77.1,0.0,SAFE,11,,Situation maîtrisée
16.65,77.1,0.7,SAFE,11,,Situation maîtrisée
16.70,77.1,1.3,SAFE,11,,Situation maîtrisée
16.75,77.1,2.1,WATCH,11,moteur:proportionnel,Vigilance — situation à la limite
16.80,77.1,0.0,SAFE,11,,Situation maîtrisée
16.85,77.1,0.6,SAFE,11,,Situation maîtrisée
16.90,77.2,1.2,SAFE,11,,Situation maîtrisée
16.95,77.2,2.0,SAFE,11,,Situation maîtrisée
17.00,77.2,2.9,WATCH,11,moteur:proportionnel,Vigilance — situation à la limite
17.05,77.2,0.0,SAFE,11,,Situation maîtrisée
17.10,77.2,0.6,SAFE,11,,Situation maîtrisée
17.15,77.3,1.5,SAFE,11,,Situation maîtrisée
17.20,77.3,2.3,SAFE,11,,Situation maîtrisée
17.25,77.3,3.1,WATCH,11,moteur:proportionnel,Vigilance — situation à la limite
17.30,77.3,0.6,SAFE,11,,Situation maîtrisée
17.35,77.4,0.7,SAFE,11,,Situation maîtrisée
17.40,77.4,1.7,SAFE,11,,Situation maîtrisée
17.45,77.4,2.5,SAFE,11,,Situation maîtrisée
17.50,77.4,3.3,SAFE,11,,Situation maîtrisée
17.55,77.5,4.2,WATCH,11,moteur:proportionnel,Ralentissez de 4 km/h  (4 -> 0 km/h)
17.60,77.5,0.6,SAFE,11,,Situation maîtrisée
17.65,77.5,0.7,SAFE,11,,Situation maîtrisée
17.70,77.6,1.8,SAFE,11,,Situation maîtrisée
17.75,77.6,2.7,SAFE,11,,Situation maîtrisée
17.80,77.6,3.5,CRITICAL,11,moteur:proportionnel,FREINEZ de 2 km/h  (3 -> 1 km/h)
17.85,77.7,0.7,SAFE,11,feu_rouge_devant,Situation maîtrisée
17.90,77.7,0.0,SAFE,11,feu_rouge_devant,Situation maîtrisée
17.95,77.7,0.0,SAFE,11,feu_rouge_devant,Situation maîtrisée
18.00,77.7,0.0,SAFE,11,feu_rouge_devant,Situation maîtrisée
18.05,77.7,0.0,SAFE,11,feu_rouge_devant,Situation maîtrisée
18.10,77.7,0.0,SAFE,11,feu_rouge_devant,Situation maîtrisée
18.15,77.7,0.0,SAFE,11,feu_rouge_devant,Situation maîtrisée
18.20,77.7,0.0,SAFE,11,feu_rouge_devant,Situation maîtrisée
18.25,77.7,0.0,SAFE,11,feu_rouge_devant,Situation maîtrisée
18.30,77.7,0.0,SAFE,11,feu_rouge_devant,Situation maîtrisée
18.35,77.7,0.0,SAFE,11,feu_rouge_devant,Situation maîtrisée
18.40,77.7,0.0,SAFE,11,feu_rouge_devant,Situation maîtrisée
18.45,77.7,0.0,SAFE,11,feu_rouge_devant,Situation maîtrisée
18.50,77.7,0.0,SAFE,11,feu_rouge_devant,Situation maîtrisée
18.55,77.7,0.0,SAFE,11,feu_rouge_devant,Situation maîtrisée
18.60,77.7,0.0,SAFE,11,feu_rouge_devant,Situation maîtrisée
18.65,77.7,0.0,CRITICAL,11,feu_rouge_devant,Vigilance — situation à la limite
18.70,77.7,0.0,CRITICAL,11,feu_rouge_devant,Vigilance — situation à la limite
18.75,77.7,0.0,CRITICAL,11,feu_rouge_devant,Vigilance — situation à la limite
18.80,77.7,0.0,CRITICAL,11,feu_rouge_devant,Vigilance — situation à la limite
18.85,77.7,0.0,CRITICAL,11,feu_rouge_devant,FREINEZ — conflit non évitable par la seule vitesse
18.90,77.7,0.0,CRITICAL,11,feu_rouge_devant,FREINEZ — conflit non évitable par la seule vitesse
18.95,77.7,0.0,WATCH,11,feu_rouge_devant,FREINEZ — conflit non évitable par la seule vitesse
19.00,77.7,0.0,SAFE,11,feu_rouge_devant,Situation maîtrisée
19.05,77.7,0.0,SAFE,11,feu_rouge_devant,Situation maîtrisée
19.10,77.7,0.0,SAFE,11,feu_rouge_devant,Situation maîtrisée
19.15,77.7,0.0,SAFE,11,feu_rouge_devant,Situation maîtrisée
19.20,77.7,0.0,SAFE,11,feu_rouge_devant,Situation maîtrisée
19.25,77.7,0.0,SAFE,11,feu_rouge_devant,Situation maîtrisée
19.30,77.7,0.0,SAFE,11,feu_rouge_devant,Situation maîtrisée
19.35,77.7,0.0,SAFE,11,feu_rouge_devant,Situation maîtrisée
19.40,77.7,0.0,SAFE,11,feu_rouge_devant,Situation maîtrisée
19.45,77.7,0.0,SAFE,11,feu_rouge_devant,Situation maîtrisée
19.50,77.7,0.0,SAFE,11,feu_rouge_devant,Situation maîtrisée
19.55,77.7,0.0,SAFE,11,feu_rouge_devant,Situation maîtrisée
19.60,77.7,0.0,SAFE,11,feu_rouge_devant,Situation maîtrisée
19.65,77.7,0.0,SAFE,11,feu_rouge_devant,Situation maîtrisée
19.70,77.7,0.0,SAFE,11,feu_rouge_devant,Situation maîtrisée
19.75,77.7,0.0,SAFE,11,feu_rouge_devant,Situation maîtrisée
19.80,77.7,0.0,SAFE,11,feu_rouge_devant,Situation maîtrisée
19.85,77.7,0.0,SAFE,11,feu_rouge_devant,Situation maîtrisée
19.90,77.7,0.0,SAFE,11,feu_rouge_devant,Situation maîtrisée
19.95,77.7,0.0,SAFE,11,feu_rouge_devant,Situation maîtrisée
20.00,77.7,0.0,SAFE,11,feu_rouge_devant,Situation maîtrisée
20.05,77.7,0.0,SAFE,11,feu_rouge_devant,Situation maîtrisée
20.10,77.7,0.0,SAFE,11,feu_rouge_devant,Situation maîtrisée
20.15,77.7,0.0,SAFE,11,feu_rouge_devant,Situation maîtrisée
20.20,77.7,0.0,SAFE,11,feu_rouge_devant,Situation maîtrisée
20.25,77.7,0.0,SAFE,11,feu_rouge_devant,Situation maîtrisée
20.30,77.7,0.0,SAFE,11,feu_rouge_devant,Situation maîtrisée
20.35,77.7,0.0,SAFE,11,feu_rouge_devant,Situation maîtrisée
20.40,77.7,0.0,SAFE,11,feu_rouge_devant,Situation maîtrisée
20.45,77.7,0.0,SAFE,11,feu_rouge_devant,Situation maîtrisée
20.50,77.7,0.0,SAFE,11,feu_rouge_devant,Situation maîtrisée
20.55,77.7,0.0,SAFE,10,feu_rouge_devant,Situation maîtrisée
20.60,77.7,0.0,SAFE,10,feu_rouge_devant,Situation maîtrisée
20.65,77.7,0.0,SAFE,10,feu_rouge_devant,Situation maîtrisée
20.70,77.7,0.0,SAFE,10,feu_rouge_devant,Situation maîtrisée
20.75,77.7,0.0,SAFE,10,feu_rouge_devant,Situation maîtrisée
20.80,77.7,0.0,SAFE,10,feu_rouge_devant,Situation maîtrisée
20.85,77.7,0.0,SAFE,10,feu_rouge_devant,Situation maîtrisée
20.90,77.7,0.0,SAFE,10,feu_rouge_devant,Situation maîtrisée
20.95,77.7,0.0,SAFE,10,feu_rouge_devant,Situation maîtrisée
21.00,77.7,0.0,SAFE,10,feu_rouge_devant,Situation maîtrisée
21.05,77.7,0.0,SAFE,10,feu_rouge_devant,Situation maîtrisée
21.10,77.7,0.0,SAFE,10,feu_rouge_devant,Situation maîtrisée
21.15,77.7,0.0,SAFE,10,feu_rouge_devant,Situation maîtrisée
21.20,77.7,0.0,SAFE,10,feu_rouge_devant,Situation maîtrisée
21.25,77.7,0.0,SAFE,10,feu_rouge_devant,Situation maîtrisée
21.30,77.7,0.0,SAFE,10,feu_rouge_devant,Situation maîtrisée
21.35,77.7,0.0,SAFE,10,feu_rouge_devant,Situation maîtrisée
21.40,77.7,0.0,SAFE,10,feu_rouge_devant,Situation maîtrisée
21.45,77.7,0.0,SAFE,10,feu_rouge_devant,Situation maîtrisée
21.50,77.7,0.0,SAFE,10,feu_rouge_devant,Situation maîtrisée
21.55,77.7,0.0,SAFE,10,feu_rouge_devant,Situation maîtrisée
21.60,77.7,0.0,SAFE,10,feu_rouge_devant,Situation maîtrisée
21.65,77.7,0.0,SAFE,10,feu_rouge_devant,Situation maîtrisée
21.70,77.7,0.0,SAFE,10,feu_rouge_devant,Situation maîtrisée
21.75,77.7,0.0,SAFE,10,feu_rouge_devant,Situation maîtrisée
21.80,77.7,0.0,SAFE,10,feu_rouge_devant,Situation maîtrisée
21.85,77.7,0.0,SAFE,10,feu_rouge_devant,Situation maîtrisée
21.90,77.7,0.0,SAFE,10,feu_rouge_devant,Situation maîtrisée
21.95,77.7,0.0,SAFE,9,feu_rouge_devant,Situation maîtrisée
22.00,77.7,0.0,SAFE,9,feu_rouge_devant,Situation maîtrisée
22.05,77.7,0.0,SAFE,9,feu_rouge_devant,Situation maîtrisée
22.10,77.7,0.0,SAFE,9,feu_rouge_devant,Situation maîtrisée
22.15,77.7,0.0,SAFE,9,feu_rouge_devant,Situation maîtrisée
22.20,77.7,0.0,SAFE,9,feu_rouge_devant,Situation maîtrisée
22.25,77.7,0.0,SAFE,9,feu_rouge_devant,Situation maîtrisée
22.30,77.7,0.0,SAFE,9,feu_rouge_devant,Situation maîtrisée
22.35,77.7,0.0,SAFE,9,feu_rouge_devant,Situation maîtrisée
22.40,77.7,0.0,SAFE,9,feu_rouge_devant,Situation maîtrisée
22.45,77.7,0.0,SAFE,9,feu_rouge_devant,Situation maîtrisée
22.50,77.7,0.0,SAFE,9,feu_rouge_devant,Situation maîtrisée
22.55,77.7,0.0,SAFE,9,feu_rouge_devant,Situation maîtrisée
22.60,77.7,0.0,SAFE,9,feu_rouge_devant,Situation maîtrisée
22.65,77.7,0.0,SAFE,9,feu_rouge_devant,Situation maîtrisée
22.70,77.7,0.0,SAFE,9,feu_rouge_devant,Situation maîtrisée
22.75,77.7,0.0,SAFE,9,feu_rouge_devant,Situation maîtrisée
22.80,77.7,0.0,SAFE,9,feu_rouge_devant,Situation maîtrisée
22.85,77.7,0.0,SAFE,9,feu_rouge_devant,Situation maîtrisée
22.90,77.7,0.0,SAFE,9,feu_rouge_devant,Situation maîtrisée
22.95,77.7,0.0,SAFE,9,feu_rouge_devant,Situation maîtrisée
23.00,77.7,0.0,SAFE,9,feu_rouge_devant,Situation maîtrisée
23.05,77.7,0.0,SAFE,9,feu_rouge_devant,Situation maîtrisée
23.10,77.7,0.0,SAFE,9,feu_rouge_devant,Situation maîtrisée
23.15,77.7,0.1,SAFE,9,feu_rouge_devant,Situation maîtrisée
23.20,77.7,0.0,SAFE,9,feu_rouge_devant,Situation maîtrisée
23.25,77.7,0.0,SAFE,9,feu_rouge_devant,Situation maîtrisée
23.30,77.7,0.0,SAFE,9,feu_rouge_devant,Situation maîtrisée
23.35,77.7,0.0,SAFE,9,feu_rouge_devant,Situation maîtrisée
23.40,77.7,0.0,SAFE,9,feu_rouge_devant,Situation maîtrisée
23.45,77.7,0.0,SAFE,9,feu_rouge_devant,Situation maîtrisée
23.50,77.7,0.0,SAFE,9,feu_rouge_devant,Situation maîtrisée
23.55,77.7,0.0,SAFE,9,feu_rouge_devant,Situation maîtrisée
23.60,77.7,0.0,SAFE,9,feu_rouge_devant,Situation maîtrisée
23.65,77.7,0.0,SAFE,9,feu_rouge_devant,Situation maîtrisée
23.70,77.7,0.0,SAFE,9,feu_rouge_devant,Situation maîtrisée
23.75,77.7,0.0,SAFE,9,feu_rouge_devant,Situation maîtrisée
23.80,77.7,0.0,SAFE,9,feu_rouge_devant,Situation maîtrisée
23.85,77.7,0.0,SAFE,9,feu_rouge_devant,Situation maîtrisée
23.90,77.7,0.0,SAFE,10,feu_rouge_devant,Situation maîtrisée
23.95,77.7,0.0,SAFE,10,feu_rouge_devant,Situation maîtrisée
24.00,77.7,0.0,SAFE,10,feu_rouge_devant,Situation maîtrisée
24.05,77.7,0.0,SAFE,10,feu_rouge_devant,Situation maîtrisée
24.10,77.7,0.0,SAFE,10,feu_rouge_devant,Situation maîtrisée
24.15,77.7,0.0,SAFE,10,feu_rouge_devant,Situation maîtrisée
24.20,77.7,0.0,SAFE,10,feu_rouge_devant,Situation maîtrisée
24.25,77.7,0.0,SAFE,10,feu_rouge_devant,Situation maîtrisée
24.30,77.7,0.0,SAFE,10,feu_rouge_devant,Situation maîtrisée
24.35,77.7,0.0,SAFE,10,feu_rouge_devant,Situation maîtrisée
24.40,77.7,0.0,SAFE,10,feu_rouge_devant,Situation maîtrisée
24.45,77.7,0.0,SAFE,10,feu_rouge_devant,Situation maîtrisée
24.50,77.7,0.0,SAFE,10,feu_rouge_devant,Situation maîtrisée
24.55,77.7,0.0,SAFE,10,feu_rouge_devant,Situation maîtrisée
24.60,77.7,0.0,SAFE,10,feu_rouge_devant,Situation maîtrisée
24.65,77.7,0.0,SAFE,10,feu_rouge_devant,Situation maîtrisée
24.70,77.7,0.0,SAFE,10,feu_rouge_devant,Situation maîtrisée
24.75,77.7,0.0,SAFE,10,feu_rouge_devant,Situation maîtrisée
24.80,77.7,0.0,SAFE,10,feu_rouge_devant,Situation maîtrisée
24.85,77.7,0.0,SAFE,10,feu_rouge_devant,Situation maîtrisée
24.90,77.7,0.0,SAFE,10,feu_rouge_devant,Situation maîtrisée
24.95,77.7,0.0,SAFE,10,feu_rouge_devant,Situation maîtrisée
25.00,77.7,0.0,SAFE,10,feu_rouge_devant,Situation maîtrisée
25.05,77.7,0.0,SAFE,10,feu_rouge_devant,Situation maîtrisée
25.10,77.7,0.0,SAFE,10,feu_rouge_devant,Situation maîtrisée
25.15,77.7,0.0,SAFE,10,feu_rouge_devant,Situation maîtrisée
25.20,77.7,0.0,SAFE,10,feu_rouge_devant,Situation maîtrisée
25.25,77.7,0.0,SAFE,10,feu_rouge_devant,Situation maîtrisée
25.30,77.7,0.0,SAFE,10,feu_rouge_devant,Situation maîtrisée
25.35,77.7,0.0,SAFE,10,feu_rouge_devant,Situation maîtrisée
25.40,77.7,0.0,SAFE,10,feu_rouge_devant,Situation maîtrisée
25.45,77.7,0.0,SAFE,10,feu_rouge_devant,Situation maîtrisée
25.50,77.7,0.0,SAFE,10,feu_rouge_devant,Situation maîtrisée
25.55,77.7,0.0,SAFE,10,feu_rouge_devant,Situation maîtrisée
25.60,77.7,0.0,SAFE,10,feu_rouge_devant,Situation maîtrisée
25.65,77.7,0.0,SAFE,10,feu_rouge_devant,Situation maîtrisée
25.70,77.7,0.0,SAFE,10,feu_rouge_devant,Situation maîtrisée
25.75,77.7,0.0,SAFE,10,feu_rouge_devant,Situation maîtrisée
25.80,77.7,0.0,SAFE,10,feu_rouge_devant,Situation maîtrisée
25.85,77.7,0.0,SAFE,10,feu_rouge_devant,Situation maîtrisée
25.90,77.7,0.0,SAFE,10,feu_rouge_devant,Situation maîtrisée
25.95,77.7,0.0,SAFE,10,feu_rouge_devant,Situation maîtrisée
26.00,77.7,0.0,SAFE,10,feu_rouge_devant,Situation maîtrisée
26.05,77.7,0.0,SAFE,10,feu_rouge_devant,Situation maîtrisée
26.10,77.7,0.0,SAFE,10,feu_rouge_devant,Situation maîtrisée
26.15,77.7,0.0,SAFE,10,feu_rouge_devant,Situation maîtrisée
26.20,77.7,0.0,SAFE,10,feu_rouge_devant,Situation maîtrisée
26.25,77.7,0.0,SAFE,10,feu_rouge_devant,Situation maîtrisée
26.30,77.7,0.0,SAFE,10,feu_rouge_devant,Situation maîtrisée
26.35,77.7,0.0,SAFE,10,feu_rouge_devant,Situation maîtrisée
26.40,77.7,0.0,SAFE,10,feu_rouge_devant,Situation maîtrisée
26.45,77.7,0.0,SAFE,10,feu_rouge_devant,Situation maîtrisée
26.50,77.7,0.0,SAFE,10,feu_rouge_devant,Situation maîtrisée
26.55,77.7,0.0,SAFE,10,feu_rouge_devant,Situation maîtrisée
26.60,77.7,0.0,SAFE,10,feu_rouge_devant,Situation maîtrisée
26.65,77.7,0.0,SAFE,10,feu_rouge_devant,Situation maîtrisée
26.70,77.7,0.0,SAFE,10,feu_rouge_devant,Situation maîtrisée
26.75,77.7,0.0,SAFE,10,feu_rouge_devant,Situation maîtrisée
26.80,77.7,0.0,SAFE,10,feu_rouge_devant,Situation maîtrisée
26.85,77.7,0.0,SAFE,10,feu_rouge_devant,Situation maîtrisée
26.90,77.7,0.0,SAFE,10,feu_rouge_devant,Situation maîtrisée
26.95,77.7,0.0,SAFE,10,feu_rouge_devant,Situation maîtrisée
27.00,77.7,0.0,SAFE,10,feu_rouge_devant,Situation maîtrisée
27.05,77.7,0.0,SAFE,10,feu_rouge_devant,Situation maîtrisée
27.10,77.7,0.0,SAFE,10,feu_rouge_devant,Situation maîtrisée
27.15,77.7,0.0,SAFE,10,feu_rouge_devant,Situation maîtrisée
27.20,77.7,0.0,SAFE,10,feu_rouge_devant,Situation maîtrisée
27.25,77.7,0.0,SAFE,10,feu_rouge_devant,Situation maîtrisée
27.30,77.7,0.0,SAFE,10,feu_rouge_devant,Situation maîtrisée
27.35,77.7,0.0,SAFE,10,feu_rouge_devant,Situation maîtrisée
27.40,77.7,0.0,SAFE,10,feu_rouge_devant,Situation maîtrisée
27.45,77.7,0.0,SAFE,10,feu_rouge_devant,Situation maîtrisée
27.50,77.7,0.0,SAFE,10,feu_rouge_devant,Situation maîtrisée
27.55,77.7,0.0,SAFE,10,feu_rouge_devant,Situation maîtrisée
27.60,77.7,0.0,SAFE,10,feu_rouge_devant,Situation maîtrisée
27.65,77.7,0.0,SAFE,10,feu_rouge_devant,Situation maîtrisée
27.70,77.7,0.0,SAFE,10,feu_rouge_devant,Situation maîtrisée
27.75,77.7,0.0,SAFE,9,feu_rouge_devant,Situation maîtrisée
27.80,77.7,0.0,SAFE,9,feu_rouge_devant,Situation maîtrisée
27.85,77.7,0.0,SAFE,9,feu_rouge_devant,Situation maîtrisée
27.90,77.7,0.0,SAFE,9,feu_rouge_devant,Situation maîtrisée
27.95,77.7,0.0,SAFE,9,feu_rouge_devant,Situation maîtrisée
28.00,77.7,0.0,SAFE,9,feu_rouge_devant,Situation maîtrisée
28.05,77.7,0.0,SAFE,9,feu_rouge_devant,Situation maîtrisée
28.10,77.7,0.0,SAFE,9,feu_rouge_devant,Situation maîtrisée
28.15,77.7,0.0,SAFE,9,,Situation maîtrisée
28.20,77.7,0.4,SAFE,9,,Situation maîtrisée
28.25,77.7,0.5,SAFE,9,,Situation maîtrisée
28.30,77.7,1.0,SAFE,9,,Situation maîtrisée
28.35,77.7,1.7,SAFE,9,,Situation maîtrisée
28.40,77.7,2.4,SAFE,9,,Situation maîtrisée
28.45,77.8,2.9,SAFE,9,,Situation maîtrisée
28.50,77.8,3.5,WATCH,9,moteur:proportionnel,Vigilance — situation à la limite
28.55,77.8,0.6,SAFE,9,,Situation maîtrisée
28.60,77.8,0.7,SAFE,9,,Situation maîtrisée
28.65,77.9,1.1,SAFE,9,,Situation maîtrisée
28.70,77.9,1.8,SAFE,9,,Situation maîtrisée
28.75,77.9,2.5,SAFE,9,,Situation maîtrisée
28.80,77.9,3.1,SAFE,9,,Situation maîtrisée
28.85,78.0,4.0,SAFE,9,,Situation maîtrisée
28.90,78.1,4.8,SAFE,9,,Situation maîtrisée
28.95,78.1,5.6,WATCH,9,moteur:proportionnel,Vigilance — situation à la limite
29.00,78.2,4.9,SAFE,8,,Situation maîtrisée
29.05,78.3,5.0,SAFE,8,,Situation maîtrisée
29.10,78.4,5.7,WATCH,8,moteur:proportionnel,Vigilance — situation à la limite
29.15,78.4,6.5,WATCH,8,moteur:proportionnel,Ralentissez de 1 km/h  (7 -> 5 km/h)
29.20,78.5,6.6,WATCH,8,moteur:proportionnel,Ralentissez de 1 km/h  (7 -> 5 km/h)
29.25,78.6,6.9,WATCH,8,moteur:proportionnel,Ralentissez de 1 km/h  (7 -> 6 km/h)
29.30,78.7,6.6,WATCH,8,moteur:proportionnel,Vigilance — situation à la limite
29.35,78.8,6.6,WATCH,8,moteur:proportionnel,Vigilance — situation à la limite
29.40,78.9,6.2,SAFE,8,,Situation maîtrisée
29.45,79.0,6.3,SAFE,8,,Situation maîtrisée
29.50,79.1,6.1,SAFE,8,,Situation maîtrisée
29.55,79.2,6.7,SAFE,8,,Situation maîtrisée
29.60,79.3,7.1,WATCH,8,moteur:proportionnel,Vigilance — situation à la limite
29.65,79.4,7.8,WATCH,8,feu_rouge,Vigilance — situation à la limite
29.70,79.5,7.8,WATCH,8,feu_rouge,Vigilance — situation à la limite
29.75,79.6,7.7,WATCH,8,feu_rouge,Vigilance — situation à la limite
29.80,79.7,7.1,SAFE,8,feu_rouge,SAFE : arret au feu rouge
29.85,79.8,6.8,SAFE,8,feu_rouge,SAFE : arret au feu rouge
29.90,79.9,5.5,SAFE,8,feu_rouge,SAFE : arret au feu rouge
29.95,79.9,0.8,SAFE,8,feu_rouge,SAFE : arret au feu rouge
30.00,79.9,0.0,SAFE,8,feu_rouge,SAFE : arret au feu rouge
30.05,79.9,0.1,SAFE,8,feu_rouge,SAFE : arret au feu rouge
30.10,79.9,0.4,SAFE,8,feu_rouge,SAFE : arret au feu rouge
30.15,79.9,0.6,SAFE,8,feu_rouge,SAFE : arret au feu rouge
30.20,79.9,0.7,SAFE,8,feu_rouge,SAFE : arret au feu rouge
30.25,79.9,0.8,SAFE,8,feu_rouge,SAFE : arret au feu rouge
30.30,79.9,0.8,SAFE,8,feu_rouge,SAFE : arret au feu rouge
30.35,80.0,0.8,SAFE,8,feu_rouge,SAFE : arret au feu rouge
30.40,80.0,0.8,SAFE,8,feu_rouge,SAFE : arret au feu rouge
30.45,80.0,0.8,SAFE,8,feu_rouge,SAFE : arret au feu rouge
30.50,80.0,0.8,SAFE,8,feu_rouge,SAFE : arret au feu rouge
30.55,80.0,0.8,SAFE,8,feu_rouge,SAFE : arret au feu rouge
30.60,80.0,0.8,SAFE,8,feu_rouge,SAFE : arret au feu rouge
30.65,80.0,0.8,SAFE,8,feu_rouge,SAFE : arret au feu rouge
30.70,80.0,0.8,SAFE,8,feu_rouge,SAFE : arret au feu rouge
30.75,80.1,8.6,SAFE,8,feu_rouge,SAFE : arret au feu rouge
30.80,80.2,7.9,SAFE,8,feu_rouge,SAFE : arret au feu rouge
30.85,80.3,6.9,SAFE,8,feu_rouge,SAFE : arret au feu rouge
30.90,80.4,5.6,SAFE,8,feu_rouge,SAFE : arret au feu rouge
30.95,80.4,0.8,SAFE,8,feu_rouge,SAFE : arret au feu rouge
31.00,80.4,0.0,SAFE,8,feu_rouge,SAFE : arret au feu rouge
31.05,80.4,0.1,SAFE,8,feu_rouge,SAFE : arret au feu rouge
31.10,80.4,0.4,SAFE,8,feu_rouge,SAFE : arret au feu rouge
31.15,80.4,0.6,SAFE,8,feu_rouge,SAFE : arret au feu rouge
31.20,80.5,0.6,SAFE,8,feu_rouge,SAFE : arret au feu rouge
31.25,80.5,0.7,SAFE,8,feu_rouge,SAFE : arret au feu rouge
31.30,80.5,0.7,SAFE,8,feu_rouge,SAFE : arret au feu rouge
31.35,80.5,0.8,SAFE,8,feu_rouge,SAFE : arret au feu rouge
31.40,80.5,0.7,SAFE,8,feu_rouge,SAFE : arret au feu rouge
31.45,80.5,0.8,SAFE,8,feu_rouge,SAFE : arret au feu rouge
31.50,80.5,0.8,SAFE,8,feu_rouge,SAFE : arret au feu rouge
31.55,80.5,0.8,SAFE,8,feu_rouge,SAFE : arret au feu rouge
31.60,80.5,0.8,SAFE,8,feu_rouge,SAFE : arret au feu rouge
31.65,80.5,0.8,SAFE,8,feu_rouge,SAFE : arret au feu rouge
31.70,80.6,0.8,SAFE,8,feu_rouge,SAFE : arret au feu rouge
31.75,80.6,0.8,SAFE,8,feu_rouge,SAFE : arret au feu rouge
31.80,80.6,0.8,SAFE,8,feu_rouge,SAFE : arret au feu rouge
31.85,80.6,0.8,SAFE,8,feu_rouge,SAFE : arret au feu rouge
31.90,80.6,0.8,SAFE,9,feu_rouge,SAFE : arret au feu rouge
31.95,80.6,0.8,SAFE,9,feu_rouge,SAFE : arret au feu rouge
32.00,80.6,0.8,SAFE,9,feu_rouge,SAFE : arret au feu rouge
32.05,80.6,0.8,SAFE,9,feu_rouge,SAFE : arret au feu rouge
32.10,80.6,0.8,SAFE,9,feu_rouge,SAFE : arret au feu rouge
32.15,80.7,0.8,SAFE,9,feu_rouge,SAFE : arret au feu rouge
32.20,80.7,0.8,SAFE,9,feu_rouge,SAFE : arret au feu rouge
32.25,80.7,0.8,SAFE,9,feu_rouge,SAFE : arret au feu rouge
32.30,80.7,0.8,SAFE,9,feu_rouge,SAFE : arret au feu rouge
32.35,80.7,0.8,SAFE,9,feu_rouge,SAFE : arret au feu rouge
32.40,80.7,0.8,SAFE,9,feu_rouge,SAFE : arret au feu rouge
32.45,80.7,0.8,SAFE,9,feu_rouge,SAFE : arret au feu rouge
32.50,80.7,0.8,SAFE,9,feu_rouge,SAFE : arret au feu rouge
32.55,80.7,0.8,SAFE,9,feu_rouge,SAFE : arret au feu rouge
32.60,80.8,0.8,SAFE,9,feu_rouge,SAFE : arret au feu rouge
32.65,80.8,0.8,SAFE,9,feu_rouge,SAFE : arret au feu rouge
32.70,80.8,0.8,SAFE,9,feu_rouge,SAFE : arret au feu rouge
32.75,80.8,0.8,SAFE,9,feu_rouge,SAFE : arret au feu rouge
32.80,80.8,0.8,SAFE,9,feu_rouge,SAFE : arret au feu rouge
32.85,80.8,0.8,SAFE,9,feu_rouge,SAFE : arret au feu rouge
32.90,80.8,0.8,SAFE,9,feu_rouge,SAFE : arret au feu rouge
32.95,80.8,0.8,SAFE,9,feu_rouge,SAFE : arret au feu rouge
33.00,80.8,0.8,SAFE,9,feu_rouge,SAFE : arret au feu rouge
33.05,80.9,0.8,SAFE,9,feu_rouge,SAFE : arret au feu rouge
33.10,80.9,0.8,SAFE,9,feu_rouge,SAFE : arret au feu rouge
33.15,80.9,0.8,SAFE,9,feu_rouge,SAFE : arret au feu rouge
33.20,80.9,0.8,SAFE,9,feu_rouge,SAFE : arret au feu rouge
33.25,80.9,0.8,SAFE,9,feu_rouge,SAFE : arret au feu rouge
33.30,80.9,0.8,SAFE,9,feu_rouge,SAFE : arret au feu rouge
33.35,80.9,0.8,SAFE,9,feu_rouge,SAFE : arret au feu rouge
33.40,80.9,0.8,SAFE,9,feu_rouge,SAFE : arret au feu rouge
33.45,80.9,0.8,SAFE,9,feu_rouge,SAFE : arret au feu rouge
33.50,81.0,0.8,SAFE,9,feu_rouge,SAFE : arret au feu rouge
33.55,81.0,0.8,SAFE,9,feu_rouge,SAFE : arret au feu rouge
33.60,81.0,0.8,SAFE,9,feu_rouge,SAFE : arret au feu rouge
33.65,81.0,0.8,SAFE,9,feu_rouge,SAFE : arret au feu rouge
33.70,81.0,0.8,SAFE,9,feu_rouge,SAFE : arret au feu rouge
33.75,81.0,0.8,SAFE,9,feu_rouge,SAFE : arret au feu rouge
33.80,81.0,0.8,SAFE,9,feu_rouge,SAFE : arret au feu rouge
33.85,81.0,0.8,SAFE,9,feu_rouge,SAFE : arret au feu rouge
33.90,81.0,0.8,SAFE,9,feu_rouge,SAFE : arret au feu rouge
33.95,81.1,0.8,SAFE,9,feu_rouge,SAFE : arret au feu rouge
34.00,81.1,0.8,SAFE,9,feu_rouge,SAFE : arret au feu rouge
34.05,81.1,0.8,SAFE,9,feu_rouge,SAFE : arret au feu rouge
34.10,81.1,0.8,SAFE,9,feu_rouge,SAFE : arret au feu rouge
34.15,81.1,0.8,SAFE,9,feu_rouge,SAFE : arret au feu rouge
34.20,81.1,0.8,SAFE,9,feu_rouge,SAFE : arret au feu rouge
34.25,81.1,0.8,SAFE,9,feu_rouge,SAFE : arret au feu rouge
34.30,81.1,0.8,SAFE,9,feu_rouge,SAFE : arret au feu rouge
34.35,81.1,0.8,SAFE,9,feu_rouge,SAFE : arret au feu rouge
34.40,81.2,0.8,SAFE,9,feu_rouge,SAFE : arret au feu rouge
34.45,81.2,0.8,SAFE,9,feu_rouge,SAFE : arret au feu rouge
34.50,81.2,0.8,SAFE,9,feu_rouge,SAFE : arret au feu rouge
34.55,81.2,0.8,SAFE,9,feu_rouge,SAFE : arret au feu rouge
34.60,81.2,0.8,SAFE,9,feu_rouge,SAFE : arret au feu rouge
34.65,81.2,0.8,SAFE,9,feu_rouge,SAFE : arret au feu rouge
34.70,81.2,0.8,SAFE,9,feu_rouge,SAFE : arret au feu rouge
34.75,81.2,0.8,SAFE,9,feu_rouge,SAFE : arret au feu rouge
34.80,81.2,0.8,SAFE,9,feu_rouge,SAFE : arret au feu rouge
34.85,81.3,0.8,SAFE,9,feu_rouge,SAFE : arret au feu rouge
34.90,81.3,0.8,SAFE,9,feu_rouge,SAFE : arret au feu rouge
34.95,81.3,0.8,SAFE,9,feu_rouge,SAFE : arret au feu rouge
35.00,81.3,0.8,SAFE,9,feu_rouge,SAFE : arret au feu rouge
35.05,81.3,0.8,SAFE,9,feu_rouge,SAFE : arret au feu rouge
35.10,81.3,0.8,SAFE,9,feu_rouge,SAFE : arret au feu rouge
35.15,81.3,0.8,SAFE,9,feu_rouge,SAFE : arret au feu rouge
35.20,81.3,0.8,SAFE,9,feu_rouge,SAFE : arret au feu rouge
35.25,81.3,0.8,SAFE,9,feu_rouge,SAFE : arret au feu rouge
35.30,81.4,0.8,SAFE,9,feu_rouge,SAFE : arret au feu rouge
35.35,81.4,0.8,SAFE,9,feu_rouge,SAFE : arret au feu rouge
35.40,81.4,0.8,SAFE,9,feu_rouge,SAFE : arret au feu rouge
35.45,81.4,0.8,SAFE,9,feu_rouge,SAFE : arret au feu rouge
35.50,81.4,0.8,SAFE,9,feu_rouge,SAFE : arret au feu rouge
35.55,81.4,0.8,SAFE,9,feu_rouge,SAFE : arret au feu rouge
35.60,81.4,0.8,SAFE,9,feu_rouge,SAFE : arret au feu rouge
35.65,81.4,0.8,SAFE,9,feu_rouge,SAFE : arret au feu rouge
35.70,81.4,0.8,SAFE,9,feu_rouge,SAFE : arret au feu rouge
35.75,81.5,0.8,SAFE,9,feu_rouge,SAFE : arret au feu rouge
35.80,81.5,0.8,SAFE,9,feu_rouge,SAFE : arret au feu rouge
35.85,81.5,0.8,SAFE,9,feu_rouge,SAFE : arret au feu rouge
35.90,81.5,0.8,SAFE,9,feu_rouge,SAFE : arret au feu rouge
35.95,81.5,0.8,SAFE,9,feu_rouge,SAFE : arret au feu rouge
36.00,81.5,0.8,SAFE,9,feu_rouge,SAFE : arret au feu rouge
36.05,81.5,0.8,SAFE,9,feu_rouge,SAFE : arret au feu rouge
36.10,81.5,0.8,SAFE,9,feu_rouge,SAFE : arret au feu rouge
36.15,81.5,0.8,SAFE,9,feu_rouge,SAFE : arret au feu rouge
36.20,81.6,0.8,SAFE,9,feu_rouge,SAFE : arret au feu rouge
36.25,81.6,0.8,SAFE,9,feu_rouge,SAFE : arret au feu rouge
36.30,81.6,0.8,SAFE,9,feu_rouge,SAFE : arret au feu rouge
36.35,81.6,0.8,SAFE,9,feu_rouge,SAFE : arret au feu rouge
36.40,81.6,0.8,SAFE,9,feu_rouge,SAFE : arret au feu rouge
36.45,81.6,0.8,SAFE,9,feu_rouge,SAFE : arret au feu rouge
36.50,81.6,0.8,SAFE,9,feu_rouge,SAFE : arret au feu rouge
36.55,81.6,0.8,SAFE,9,feu_rouge,SAFE : arret au feu rouge
36.60,81.7,0.8,SAFE,9,feu_rouge,SAFE : arret au feu rouge
36.65,81.7,0.8,SAFE,9,feu_rouge,SAFE : arret au feu rouge
36.70,81.7,0.8,SAFE,9,feu_rouge,SAFE : arret au feu rouge
36.75,81.7,0.8,SAFE,9,feu_rouge,SAFE : arret au feu rouge
36.80,81.7,0.8,SAFE,9,feu_rouge,SAFE : arret au feu rouge
36.85,81.7,0.8,SAFE,9,feu_rouge,SAFE : arret au feu rouge
36.90,81.7,0.8,SAFE,9,feu_rouge,SAFE : arret au feu rouge
36.95,81.7,0.8,SAFE,9,feu_rouge,SAFE : arret au feu rouge
37.00,81.7,0.8,SAFE,9,feu_rouge,SAFE : arret au feu rouge
37.05,81.8,0.8,SAFE,9,feu_rouge,SAFE : arret au feu rouge
37.10,81.8,0.8,SAFE,9,feu_rouge,SAFE : arret au feu rouge
37.15,81.8,0.8,SAFE,9,feu_rouge,SAFE : arret au feu rouge
37.20,81.8,0.8,SAFE,9,feu_rouge,SAFE : arret au feu rouge
37.25,81.8,0.8,SAFE,9,feu_rouge,SAFE : arret au feu rouge
37.30,81.8,0.8,SAFE,9,feu_rouge,SAFE : arret au feu rouge
37.35,81.8,0.8,SAFE,9,feu_rouge,SAFE : arret au feu rouge
37.40,81.8,0.8,SAFE,9,feu_rouge,SAFE : arret au feu rouge
37.45,81.8,0.8,SAFE,9,feu_rouge,SAFE : arret au feu rouge
37.50,81.9,0.8,SAFE,9,feu_rouge,SAFE : arret au feu rouge
37.55,81.9,0.8,SAFE,9,feu_rouge,SAFE : arret au feu rouge
37.60,81.9,0.8,SAFE,9,feu_rouge,SAFE : arret au feu rouge
37.65,81.9,0.8,SAFE,9,feu_rouge,SAFE : arret au feu rouge
37.70,81.9,0.8,SAFE,9,feu_rouge,SAFE : arret au feu rouge
37.75,81.9,0.8,SAFE,9,feu_rouge,SAFE : arret au feu rouge
37.80,81.9,0.8,SAFE,9,feu_rouge,SAFE : arret au feu rouge
37.85,81.9,0.8,SAFE,9,feu_rouge,SAFE : arret au feu rouge
37.90,81.9,0.8,SAFE,9,feu_rouge,SAFE : arret au feu rouge
37.95,82.0,0.8,SAFE,9,feu_rouge,SAFE : arret au feu rouge
38.00,82.0,0.8,SAFE,9,feu_rouge,SAFE : arret au feu rouge
38.05,82.0,0.8,SAFE,9,feu_rouge,SAFE : arret au feu rouge
38.10,82.0,0.8,SAFE,9,feu_rouge,SAFE : arret au feu rouge
38.15,82.0,0.8,SAFE,9,feu_rouge,SAFE : arret au feu rouge
38.20,82.0,0.8,SAFE,9,feu_rouge,SAFE : arret au feu rouge
38.25,82.0,0.8,SAFE,9,feu_rouge,SAFE : arret au feu rouge
38.30,82.0,0.8,SAFE,9,feu_rouge,SAFE : arret au feu rouge
38.35,82.0,0.8,SAFE,9,feu_rouge,SAFE : arret au feu rouge
38.40,82.1,0.8,SAFE,9,feu_rouge,SAFE : arret au feu rouge
38.45,82.1,0.8,SAFE,9,feu_rouge,SAFE : arret au feu rouge
38.50,82.1,0.8,SAFE,9,feu_rouge,SAFE : arret au feu rouge
38.55,82.1,0.8,SAFE,9,feu_rouge,SAFE : arret au feu rouge
38.60,82.1,0.8,SAFE,9,feu_rouge,SAFE : arret au feu rouge
38.65,82.1,0.8,SAFE,9,feu_rouge,SAFE : arret au feu rouge
38.70,82.1,0.8,SAFE,9,feu_rouge,SAFE : arret au feu rouge
38.75,82.1,0.8,SAFE,9,feu_rouge,SAFE : arret au feu rouge
38.80,82.1,0.8,SAFE,9,feu_rouge,SAFE : arret au feu rouge
38.85,82.2,0.8,SAFE,9,feu_rouge,SAFE : arret au feu rouge
38.90,82.2,0.8,SAFE,9,feu_rouge,SAFE : arret au feu rouge
38.95,82.2,0.8,SAFE,9,feu_rouge,SAFE : arret au feu rouge
39.00,82.2,0.8,SAFE,9,feu_rouge,SAFE : arret au feu rouge
39.05,82.2,0.8,SAFE,9,feu_rouge,SAFE : arret au feu rouge
39.10,82.2,0.8,SAFE,9,feu_rouge,SAFE : arret au feu rouge
39.15,82.2,0.8,SAFE,9,feu_rouge,SAFE : arret au feu rouge
39.20,82.2,0.8,SAFE,9,feu_rouge,SAFE : arret au feu rouge
39.25,82.2,0.8,SAFE,9,feu_rouge,SAFE : arret au feu rouge
39.30,82.3,0.8,SAFE,9,feu_rouge,SAFE : arret au feu rouge
39.35,82.3,0.8,SAFE,9,feu_rouge,SAFE : arret au feu rouge
39.40,82.3,0.8,SAFE,9,feu_rouge,SAFE : arret au feu rouge
39.45,82.3,0.8,SAFE,9,feu_rouge,SAFE : arret au feu rouge
39.50,82.3,0.8,SAFE,9,feu_rouge,SAFE : arret au feu rouge
39.55,82.3,0.8,SAFE,9,feu_rouge,SAFE : arret au feu rouge
39.60,82.3,0.8,SAFE,9,feu_rouge,SAFE : arret au feu rouge
39.65,82.3,0.8,SAFE,9,feu_rouge,SAFE : arret au feu rouge
39.70,82.3,0.8,SAFE,9,feu_rouge,SAFE : arret au feu rouge
39.75,82.4,0.8,SAFE,9,feu_rouge,SAFE : arret au feu rouge
39.80,82.4,0.8,SAFE,9,feu_rouge,SAFE : arret au feu rouge
39.85,82.4,0.8,SAFE,9,feu_rouge,SAFE : arret au feu rouge
39.90,82.4,0.8,SAFE,9,feu_rouge,SAFE : arret au feu rouge
39.95,82.4,0.8,SAFE,9,feu_rouge,SAFE : arret au feu rouge
40.00,82.4,0.8,SAFE,9,feu_rouge,SAFE : arret au feu rouge
40.05,82.4,0.8,SAFE,9,feu_rouge,SAFE : arret au feu rouge
40.10,82.4,0.8,SAFE,9,feu_rouge,SAFE : arret au feu rouge
40.15,82.4,0.8,SAFE,9,feu_rouge,SAFE : arret au feu rouge
40.20,82.5,0.8,SAFE,9,feu_rouge,SAFE : arret au feu rouge
40.25,82.5,0.8,SAFE,9,feu_rouge,SAFE : arret au feu rouge
40.30,82.5,0.8,SAFE,9,feu_rouge,SAFE : arret au feu rouge
40.35,82.5,0.8,SAFE,9,feu_rouge,SAFE : arret au feu rouge
40.40,82.5,0.8,SAFE,9,feu_rouge,SAFE : arret au feu rouge
40.45,82.5,0.8,SAFE,9,feu_rouge,SAFE : arret au feu rouge
40.50,82.5,0.8,SAFE,9,feu_rouge,SAFE : arret au feu rouge
40.55,82.5,0.8,SAFE,9,feu_rouge,SAFE : arret au feu rouge
40.60,82.5,0.8,SAFE,9,feu_rouge,SAFE : arret au feu rouge
40.65,82.6,0.8,SAFE,9,feu_rouge,SAFE : arret au feu rouge
40.70,82.6,0.8,SAFE,9,feu_rouge,SAFE : arret au feu rouge
40.75,82.6,0.8,SAFE,9,feu_rouge,SAFE : arret au feu rouge
40.80,82.6,0.8,SAFE,9,feu_rouge,SAFE : arret au feu rouge
40.85,82.6,0.8,SAFE,9,feu_rouge,SAFE : arret au feu rouge
40.90,82.6,0.8,SAFE,9,feu_rouge,SAFE : arret au feu rouge
40.95,82.6,0.8,SAFE,9,feu_rouge,SAFE : arret au feu rouge
41.00,82.6,0.8,SAFE,9,feu_rouge,SAFE : arret au feu rouge
41.05,82.7,0.8,SAFE,9,feu_rouge,SAFE : arret au feu rouge
41.10,82.7,0.8,SAFE,9,feu_rouge,SAFE : arret au feu rouge
41.15,82.7,0.8,SAFE,9,feu_rouge,SAFE : arret au feu rouge
41.20,82.7,0.8,SAFE,9,feu_rouge,SAFE : arret au feu rouge
41.25,82.7,0.8,SAFE,9,feu_rouge,SAFE : arret au feu rouge
41.30,82.7,0.8,SAFE,9,feu_rouge,SAFE : arret au feu rouge
41.35,82.7,0.8,SAFE,9,feu_rouge,SAFE : arret au feu rouge
41.40,82.7,0.8,SAFE,9,feu_rouge,SAFE : arret au feu rouge
41.45,82.7,0.8,SAFE,9,feu_rouge,SAFE : arret au feu rouge
41.50,82.8,0.8,SAFE,9,feu_rouge,SAFE : arret au feu rouge
41.55,82.8,0.8,SAFE,9,feu_rouge,SAFE : arret au feu rouge
41.60,82.8,0.8,SAFE,9,feu_rouge,SAFE : arret au feu rouge
41.65,82.8,0.8,SAFE,8,feu_rouge,SAFE : arret au feu rouge
41.70,82.8,0.8,SAFE,8,feu_rouge,SAFE : arret au feu rouge
41.75,82.8,0.8,SAFE,8,feu_rouge,SAFE : arret au feu rouge
41.80,82.8,0.8,SAFE,8,feu_rouge,SAFE : arret au feu rouge
41.85,82.8,0.8,SAFE,8,feu_rouge,SAFE : arret au feu rouge
41.90,82.8,0.0,SAFE,8,feu_rouge,SAFE : arret au feu rouge
41.95,82.8,0.0,SAFE,8,feu_rouge,SAFE : arret au feu rouge
42.00,82.8,0.0,SAFE,8,feu_rouge,SAFE : arret au feu rouge
42.05,82.8,0.0,SAFE,8,feu_rouge,SAFE : arret au feu rouge
42.10,82.8,0.0,SAFE,8,feu_rouge,SAFE : arret au feu rouge
42.15,82.8,0.0,SAFE,8,feu_rouge,SAFE : arret au feu rouge
42.20,82.8,0.0,SAFE,8,feu_rouge,SAFE : arret au feu rouge
42.25,82.8,0.0,SAFE,8,feu_rouge,SAFE : arret au feu rouge
42.30,82.8,0.0,SAFE,8,feu_rouge,SAFE : arret au feu rouge
42.35,82.8,0.0,SAFE,8,feu_rouge,SAFE : arret au feu rouge
42.40,82.8,0.0,SAFE,8,feu_rouge,SAFE : arret au feu rouge
42.45,82.8,0.0,SAFE,8,feu_rouge,SAFE : arret au feu rouge
42.50,82.8,0.0,SAFE,8,feu_rouge,SAFE : arret au feu rouge
42.55,82.8,0.0,SAFE,8,feu_rouge,SAFE : arret au feu rouge
42.60,82.8,0.0,SAFE,8,feu_rouge,SAFE : arret au feu rouge
42.65,82.8,0.0,SAFE,8,feu_rouge,SAFE : arret au feu rouge
42.70,82.8,0.0,SAFE,8,feu_rouge,SAFE : arret au feu rouge
42.75,82.8,0.0,SAFE,8,feu_rouge,SAFE : arret au feu rouge
42.80,82.8,0.0,SAFE,8,feu_rouge,SAFE : arret au feu rouge
42.85,82.8,0.0,SAFE,8,feu_rouge,SAFE : arret au feu rouge
42.90,82.8,0.0,SAFE,8,feu_rouge,SAFE : arret au feu rouge
42.95,82.8,0.0,SAFE,8,feu_rouge,SAFE : arret au feu rouge
43.00,82.8,0.0,SAFE,9,feu_rouge,SAFE : arret au feu rouge
43.05,82.8,0.0,SAFE,9,feu_rouge,SAFE : arret au feu rouge
43.10,82.8,0.0,SAFE,9,feu_rouge,SAFE : arret au feu rouge
43.15,82.8,0.0,SAFE,9,feu_rouge,SAFE : arret au feu rouge
43.20,82.8,0.0,SAFE,9,feu_rouge,SAFE : arret au feu rouge
43.25,82.8,0.0,SAFE,9,feu_rouge,SAFE : arret au feu rouge
43.30,82.8,0.0,SAFE,9,feu_rouge,SAFE : arret au feu rouge
43.35,82.8,0.0,SAFE,9,feu_rouge,SAFE : arret au feu rouge
43.40,82.8,0.0,SAFE,8,feu_rouge,SAFE : arret au feu rouge
43.45,82.8,0.0,SAFE,8,feu_rouge,SAFE : arret au feu rouge
43.50,82.8,0.0,SAFE,8,feu_rouge,SAFE : arret au feu rouge
43.55,82.8,0.0,SAFE,8,feu_rouge,SAFE : arret au feu rouge
43.60,82.8,0.0,SAFE,8,feu_rouge,SAFE : arret au feu rouge
43.65,82.8,0.0,SAFE,8,feu_rouge,SAFE : arret au feu rouge
43.70,82.8,0.0,SAFE,8,feu_rouge,SAFE : arret au feu rouge
43.75,82.8,0.0,SAFE,8,feu_rouge,SAFE : arret au feu rouge
43.80,82.8,0.0,SAFE,8,feu_rouge,SAFE : arret au feu rouge
43.85,82.8,0.0,SAFE,8,feu_rouge,SAFE : arret au feu rouge
43.90,82.8,0.0,SAFE,8,feu_rouge,SAFE : arret au feu rouge
43.95,82.8,0.0,SAFE,8,feu_rouge,SAFE : arret au feu rouge
44.00,82.8,0.0,SAFE,8,feu_rouge,SAFE : arret au feu rouge
44.05,82.8,0.0,SAFE,8,feu_rouge,SAFE : arret au feu rouge
44.10,82.8,0.0,SAFE,8,feu_rouge,SAFE : arret au feu rouge
44.15,82.8,0.0,SAFE,8,feu_rouge,SAFE : arret au feu rouge
44.20,82.8,0.0,SAFE,8,feu_rouge,SAFE : arret au feu rouge
44.25,82.8,0.0,SAFE,8,feu_rouge,SAFE : arret au feu rouge
44.30,82.8,0.0,SAFE,8,feu_rouge,SAFE : arret au feu rouge
44.35,82.8,0.0,SAFE,8,feu_rouge,SAFE : arret au feu rouge
44.40,82.8,0.0,SAFE,8,feu_rouge,SAFE : arret au feu rouge
44.45,82.8,0.0,SAFE,8,feu_rouge,SAFE : arret au feu rouge
44.50,82.8,0.0,SAFE,8,feu_rouge,SAFE : arret au feu rouge
44.55,82.8,0.0,SAFE,8,feu_rouge,SAFE : arret au feu rouge
44.60,82.8,0.0,SAFE,8,feu_rouge,SAFE : arret au feu rouge
44.65,82.8,0.0,SAFE,8,feu_rouge,SAFE : arret au feu rouge
44.70,82.8,0.0,SAFE,8,feu_rouge,SAFE : arret au feu rouge
44.75,82.8,0.0,SAFE,8,feu_rouge,SAFE : arret au feu rouge
44.80,82.8,0.0,SAFE,8,feu_rouge,SAFE : arret au feu rouge
44.85,82.8,0.0,SAFE,8,feu_rouge,SAFE : arret au feu rouge
44.90,82.8,0.0,SAFE,8,feu_rouge,SAFE : arret au feu rouge
44.95,82.8,0.0,SAFE,8,feu_rouge,SAFE : arret au feu rouge
45.00,82.8,0.0,SAFE,8,feu_rouge,SAFE : arret au feu rouge
45.05,82.8,0.0,SAFE,8,feu_rouge,SAFE : arret au feu rouge
45.10,82.8,0.0,SAFE,8,feu_rouge,SAFE : arret au feu rouge
45.15,82.8,0.0,SAFE,8,feu_rouge,SAFE : arret au feu rouge
45.20,82.8,0.0,SAFE,8,feu_rouge,SAFE : arret au feu rouge
45.25,82.8,0.0,SAFE,8,feu_rouge,SAFE : arret au feu rouge
45.30,82.8,0.0,SAFE,8,feu_rouge,SAFE : arret au feu rouge
45.35,82.8,0.0,SAFE,8,feu_rouge,SAFE : arret au feu rouge
45.40,82.8,0.0,SAFE,8,feu_rouge,SAFE : arret au feu rouge
45.45,82.8,0.0,SAFE,7,feu_rouge,SAFE : arret au feu rouge
45.50,82.8,0.0,SAFE,7,feu_rouge,SAFE : arret au feu rouge
45.55,82.8,0.0,SAFE,7,feu_rouge,SAFE : arret au feu rouge
45.60,82.8,0.0,SAFE,7,feu_rouge,SAFE : arret au feu rouge
45.65,82.8,0.0,SAFE,7,feu_rouge,SAFE : arret au feu rouge
45.70,82.8,0.0,SAFE,7,feu_rouge,SAFE : arret au feu rouge
45.75,82.8,0.0,SAFE,7,feu_rouge,SAFE : arret au feu rouge
45.80,82.8,0.0,SAFE,7,feu_rouge,SAFE : arret au feu rouge
45.85,82.8,0.0,SAFE,7,feu_rouge,SAFE : arret au feu rouge
45.90,82.8,0.0,SAFE,7,feu_rouge,SAFE : arret au feu rouge
45.95,82.8,0.0,SAFE,7,feu_rouge,SAFE : arret au feu rouge
46.00,82.8,0.0,SAFE,7,feu_rouge,SAFE : arret au feu rouge
46.05,82.8,0.0,SAFE,7,feu_rouge,SAFE : arret au feu rouge
46.10,82.8,0.0,SAFE,7,feu_rouge,SAFE : arret au feu rouge
46.15,82.8,0.0,SAFE,7,feu_rouge,SAFE : arret au feu rouge
46.20,82.8,0.0,SAFE,7,feu_rouge,SAFE : arret au feu rouge
46.25,82.8,0.0,SAFE,7,feu_rouge,SAFE : arret au feu rouge
46.30,82.8,0.0,SAFE,7,feu_rouge,SAFE : arret au feu rouge
46.35,82.8,0.0,SAFE,7,feu_rouge,SAFE : arret au feu rouge
46.40,82.8,0.0,SAFE,7,feu_rouge,SAFE : arret au feu rouge
46.45,82.8,0.0,SAFE,7,feu_rouge,SAFE : arret au feu rouge
46.50,82.8,0.0,SAFE,7,feu_rouge,SAFE : arret au feu rouge
46.55,82.8,0.0,SAFE,7,feu_rouge,SAFE : arret au feu rouge
46.60,82.8,0.0,SAFE,7,feu_rouge,SAFE : arret au feu rouge
46.65,82.8,0.0,SAFE,7,feu_rouge,SAFE : arret au feu rouge
46.70,82.8,0.0,SAFE,7,feu_rouge,SAFE : arret au feu rouge
46.75,82.8,0.0,SAFE,7,feu_rouge,SAFE : arret au feu rouge
46.80,82.8,0.0,SAFE,7,feu_rouge,SAFE : arret au feu rouge
46.85,82.8,0.0,SAFE,7,feu_rouge,SAFE : arret au feu rouge
46.90,82.8,0.0,SAFE,7,feu_rouge,SAFE : arret au feu rouge
46.95,82.8,0.0,SAFE,7,feu_rouge,SAFE : arret au feu rouge
47.00,82.8,0.0,SAFE,7,feu_rouge,SAFE : arret au feu rouge
47.05,82.8,0.0,SAFE,7,feu_rouge,SAFE : arret au feu rouge
47.10,82.8,0.0,SAFE,6,feu_rouge,SAFE : arret au feu rouge
47.15,82.8,0.0,SAFE,6,feu_rouge,SAFE : arret au feu rouge
47.20,82.8,0.0,SAFE,6,feu_rouge,SAFE : arret au feu rouge
47.25,82.8,0.0,SAFE,6,feu_rouge,SAFE : arret au feu rouge
47.30,82.8,0.0,SAFE,6,feu_rouge,SAFE : arret au feu rouge
47.35,82.8,0.0,SAFE,6,feu_rouge,SAFE : arret au feu rouge
47.40,82.8,0.0,SAFE,6,feu_rouge,SAFE : arret au feu rouge
47.45,82.8,0.0,SAFE,6,feu_rouge,SAFE : arret au feu rouge
47.50,82.8,0.0,SAFE,6,feu_rouge,SAFE : arret au feu rouge
47.55,82.8,0.0,SAFE,6,feu_rouge,SAFE : arret au feu rouge
47.60,82.8,0.0,SAFE,6,feu_rouge,SAFE : arret au feu rouge
47.65,82.8,0.0,SAFE,6,feu_rouge,SAFE : arret au feu rouge
47.70,82.8,0.0,SAFE,6,feu_rouge,SAFE : arret au feu rouge
47.75,82.8,0.0,SAFE,6,feu_rouge,SAFE : arret au feu rouge
47.80,82.8,0.0,SAFE,6,feu_rouge,SAFE : arret au feu rouge
47.85,82.8,0.0,SAFE,6,feu_rouge,SAFE : arret au feu rouge
47.90,82.8,0.0,SAFE,6,feu_rouge,SAFE : arret au feu rouge
47.95,82.8,0.0,SAFE,6,feu_rouge,SAFE : arret au feu rouge
48.00,82.8,0.0,SAFE,6,feu_rouge,SAFE : arret au feu rouge
48.05,82.8,0.0,SAFE,6,feu_rouge,SAFE : arret au feu rouge
48.10,82.8,0.0,SAFE,6,feu_rouge,SAFE : arret au feu rouge
48.15,82.8,0.0,SAFE,6,feu_rouge,SAFE : arret au feu rouge
48.20,82.8,0.0,SAFE,6,feu_rouge,SAFE : arret au feu rouge
48.25,82.8,0.0,SAFE,6,feu_rouge,SAFE : arret au feu rouge
48.30,82.8,0.0,SAFE,6,feu_rouge,SAFE : arret au feu rouge
48.35,82.8,0.0,SAFE,6,feu_rouge,SAFE : arret au feu rouge
48.40,82.8,0.0,SAFE,6,feu_rouge,SAFE : arret au feu rouge
48.45,82.8,0.0,SAFE,6,feu_rouge,SAFE : arret au feu rouge
48.50,82.8,0.0,SAFE,6,feu_rouge,SAFE : arret au feu rouge
48.55,82.8,0.0,SAFE,6,feu_rouge,SAFE : arret au feu rouge
48.60,82.8,0.0,SAFE,6,feu_rouge,SAFE : arret au feu rouge
48.65,82.8,0.0,SAFE,7,feu_rouge,SAFE : arret au feu rouge
48.70,82.8,0.0,SAFE,7,feu_rouge,SAFE : arret au feu rouge
48.75,82.8,0.0,SAFE,7,feu_rouge,SAFE : arret au feu rouge
48.80,82.8,0.0,SAFE,7,feu_rouge,SAFE : arret au feu rouge
48.85,82.8,0.0,SAFE,7,feu_rouge,SAFE : arret au feu rouge
48.90,82.8,0.0,SAFE,7,feu_rouge,SAFE : arret au feu rouge
48.95,82.8,0.0,SAFE,7,feu_rouge,SAFE : arret au feu rouge
49.00,82.8,0.0,SAFE,7,feu_rouge,SAFE : arret au feu rouge
49.05,82.8,0.0,SAFE,7,feu_rouge,SAFE : arret au feu rouge
49.10,82.8,0.0,SAFE,7,feu_rouge,SAFE : arret au feu rouge
49.15,82.8,0.0,SAFE,7,feu_rouge,SAFE : arret au feu rouge
49.20,82.8,0.0,SAFE,7,feu_rouge,SAFE : arret au feu rouge
49.25,82.8,0.0,SAFE,7,feu_rouge,SAFE : arret au feu rouge
49.30,82.8,0.0,SAFE,7,feu_rouge,SAFE : arret au feu rouge
49.35,82.8,0.0,SAFE,7,feu_rouge,SAFE : arret au feu rouge
49.40,82.8,0.0,SAFE,7,feu_rouge,SAFE : arret au feu rouge
49.45,82.8,0.0,SAFE,7,feu_rouge,SAFE : arret au feu rouge
49.50,82.8,0.0,SAFE,7,feu_rouge,SAFE : arret au feu rouge
49.55,82.8,0.0,SAFE,6,feu_rouge,SAFE : arret au feu rouge
49.60,82.8,0.0,SAFE,6,feu_rouge,SAFE : arret au feu rouge
49.65,82.8,0.0,SAFE,6,feu_rouge,SAFE : arret au feu rouge
49.70,82.8,0.0,SAFE,6,feu_rouge,SAFE : arret au feu rouge
49.75,82.8,0.0,SAFE,6,feu_rouge,SAFE : arret au feu rouge
49.80,82.8,0.0,SAFE,6,feu_rouge,SAFE : arret au feu rouge
49.85,82.8,0.0,SAFE,6,feu_rouge,SAFE : arret au feu rouge
49.90,82.8,0.0,SAFE,6,feu_rouge,SAFE : arret au feu rouge
49.95,82.8,0.0,SAFE,6,feu_rouge,SAFE : arret au feu rouge
50.00,82.8,0.0,SAFE,6,feu_rouge,SAFE : arret au feu rouge
50.05,82.8,0.0,SAFE,6,feu_rouge,SAFE : arret au feu rouge
50.10,82.8,0.0,SAFE,6,feu_rouge,SAFE : arret au feu rouge
50.15,82.8,0.0,SAFE,6,feu_rouge,SAFE : arret au feu rouge
50.20,82.8,0.0,SAFE,6,feu_rouge,SAFE : arret au feu rouge
50.25,82.8,0.0,SAFE,6,feu_rouge,SAFE : arret au feu rouge
50.30,82.8,0.0,SAFE,6,feu_rouge,SAFE : arret au feu rouge
50.35,82.8,0.0,SAFE,6,feu_rouge,SAFE : arret au feu rouge
50.40,82.8,0.0,SAFE,6,feu_rouge,SAFE : arret au feu rouge
50.45,82.8,0.0,SAFE,6,feu_rouge,SAFE : arret au feu rouge
50.50,82.8,0.0,SAFE,6,feu_rouge,SAFE : arret au feu rouge
50.55,82.8,0.0,SAFE,5,feu_rouge,SAFE : arret au feu rouge
50.60,82.8,0.0,SAFE,5,feu_rouge,SAFE : arret au feu rouge
50.65,82.8,0.0,SAFE,5,feu_rouge,SAFE : arret au feu rouge
50.70,82.8,0.0,SAFE,5,feu_rouge,SAFE : arret au feu rouge
50.75,82.8,0.0,SAFE,5,feu_rouge,SAFE : arret au feu rouge
50.80,82.8,0.0,SAFE,5,feu_rouge,SAFE : arret au feu rouge
50.85,82.8,0.0,SAFE,5,feu_rouge,SAFE : arret au feu rouge
50.90,82.8,0.0,SAFE,5,feu_rouge,SAFE : arret au feu rouge
50.95,82.8,0.0,SAFE,5,feu_rouge,SAFE : arret au feu rouge
51.00,82.8,0.0,SAFE,5,feu_rouge,SAFE : arret au feu rouge
51.05,82.8,0.0,SAFE,5,feu_rouge,SAFE : arret au feu rouge
51.10,82.8,0.0,SAFE,5,feu_rouge,SAFE : arret au feu rouge
51.15,82.8,0.0,SAFE,5,feu_rouge,SAFE : arret au feu rouge
51.20,82.8,0.0,SAFE,5,feu_rouge,SAFE : arret au feu rouge
51.25,82.8,0.0,SAFE,5,feu_rouge,SAFE : arret au feu rouge
51.30,82.8,0.0,SAFE,5,feu_rouge,SAFE : arret au feu rouge
51.35,82.8,0.0,SAFE,5,feu_rouge,SAFE : arret au feu rouge
51.40,82.8,0.0,SAFE,5,feu_rouge,SAFE : arret au feu rouge
51.45,82.8,0.0,SAFE,5,feu_rouge,SAFE : arret au feu rouge
51.50,82.8,0.0,SAFE,5,feu_rouge,SAFE : arret au feu rouge
51.55,82.8,0.0,SAFE,5,feu_rouge,SAFE : arret au feu rouge
51.60,82.8,0.0,SAFE,5,feu_rouge,SAFE : arret au feu rouge
51.65,82.8,0.0,SAFE,5,feu_rouge,SAFE : arret au feu rouge
51.70,82.8,0.0,SAFE,5,feu_rouge,SAFE : arret au feu rouge
51.75,82.8,0.0,SAFE,5,feu_rouge,SAFE : arret au feu rouge
51.80,82.8,0.0,SAFE,5,feu_rouge,SAFE : arret au feu rouge
51.85,82.8,0.0,SAFE,5,feu_rouge,SAFE : arret au feu rouge
51.90,82.8,0.0,SAFE,5,feu_rouge,SAFE : arret au feu rouge
51.95,82.8,0.0,SAFE,5,feu_rouge,SAFE : arret au feu rouge
52.00,82.8,0.0,SAFE,5,feu_rouge,SAFE : arret au feu rouge
52.05,82.8,0.0,SAFE,5,feu_rouge,SAFE : arret au feu rouge
52.10,82.8,0.0,SAFE,5,feu_rouge,SAFE : arret au feu rouge
52.15,82.8,0.0,SAFE,5,feu_rouge,SAFE : arret au feu rouge
52.20,82.8,0.0,SAFE,5,feu_rouge,SAFE : arret au feu rouge
52.25,82.8,0.0,SAFE,5,feu_rouge,SAFE : arret au feu rouge
52.30,82.8,0.0,SAFE,5,feu_rouge,SAFE : arret au feu rouge
52.35,82.8,0.0,SAFE,5,feu_rouge,SAFE : arret au feu rouge
52.40,82.8,0.0,SAFE,5,feu_rouge,SAFE : arret au feu rouge
52.45,82.8,0.0,SAFE,5,feu_rouge,SAFE : arret au feu rouge
52.50,82.8,0.0,SAFE,5,feu_rouge,SAFE : arret au feu rouge
52.55,82.8,0.0,SAFE,5,feu_rouge,SAFE : arret au feu rouge
52.60,82.8,0.0,SAFE,5,feu_rouge,SAFE : arret au feu rouge
52.65,82.8,0.0,SAFE,5,feu_rouge,SAFE : arret au feu rouge
52.70,82.8,0.0,SAFE,5,feu_rouge,SAFE : arret au feu rouge
52.75,82.8,0.0,SAFE,5,feu_rouge,SAFE : arret au feu rouge
52.80,82.8,0.0,SAFE,4,feu_rouge,SAFE : arret au feu rouge
52.85,82.8,0.0,SAFE,4,feu_rouge,SAFE : arret au feu rouge
52.90,82.8,0.0,SAFE,4,feu_rouge,SAFE : arret au feu rouge
52.95,82.8,0.0,SAFE,4,feu_rouge,SAFE : arret au feu rouge
53.00,82.8,0.0,SAFE,4,feu_rouge,SAFE : arret au feu rouge
53.05,82.8,0.0,SAFE,4,feu_rouge,SAFE : arret au feu rouge
53.10,82.8,0.0,SAFE,4,feu_rouge,SAFE : arret au feu rouge
53.15,82.8,0.0,SAFE,4,feu_rouge,SAFE : arret au feu rouge
53.20,82.8,0.0,SAFE,4,feu_rouge,SAFE : arret au feu rouge
53.25,82.8,0.0,SAFE,4,feu_rouge,SAFE : arret au feu rouge
53.30,82.8,0.0,SAFE,4,feu_rouge,SAFE : arret au feu rouge
53.35,82.8,0.0,SAFE,4,feu_rouge,SAFE : arret au feu rouge
53.40,82.8,0.0,SAFE,4,feu_rouge,SAFE : arret au feu rouge
53.45,82.8,0.0,SAFE,4,feu_rouge,SAFE : arret au feu rouge
53.50,82.8,0.0,SAFE,4,feu_rouge,SAFE : arret au feu rouge
53.55,82.8,0.0,SAFE,4,feu_rouge,SAFE : arret au feu rouge
53.60,82.8,0.0,SAFE,4,feu_rouge,SAFE : arret au feu rouge
53.65,82.8,0.0,SAFE,4,feu_rouge,SAFE : arret au feu rouge
53.70,82.8,0.0,SAFE,4,feu_rouge,SAFE : arret au feu rouge
53.75,82.8,0.0,SAFE,4,feu_rouge,SAFE : arret au feu rouge
53.80,82.8,0.0,SAFE,4,feu_rouge,SAFE : arret au feu rouge
53.85,82.8,0.0,SAFE,4,feu_rouge,SAFE : arret au feu rouge
53.90,82.8,0.0,SAFE,4,feu_rouge,SAFE : arret au feu rouge
53.95,82.8,0.0,SAFE,4,feu_rouge,SAFE : arret au feu rouge
54.00,82.8,0.0,SAFE,4,feu_rouge,SAFE : arret au feu rouge
54.05,82.8,0.0,SAFE,4,feu_rouge,SAFE : arret au feu rouge
54.10,82.8,0.0,SAFE,4,feu_rouge,SAFE : arret au feu rouge
54.15,82.8,0.0,SAFE,4,feu_rouge,SAFE : arret au feu rouge
54.20,82.8,0.0,SAFE,4,feu_rouge,SAFE : arret au feu rouge
54.25,82.8,0.0,SAFE,4,feu_rouge,SAFE : arret au feu rouge
54.30,82.8,0.0,SAFE,4,feu_rouge,SAFE : arret au feu rouge
54.35,82.8,0.0,SAFE,4,feu_rouge,SAFE : arret au feu rouge
54.40,82.8,0.0,SAFE,4,feu_rouge,SAFE : arret au feu rouge
54.45,82.8,0.0,SAFE,4,feu_rouge,SAFE : arret au feu rouge
54.50,82.8,0.0,SAFE,4,feu_rouge,SAFE : arret au feu rouge
54.55,82.8,0.0,SAFE,4,feu_rouge,SAFE : arret au feu rouge
54.60,82.8,0.0,SAFE,4,feu_rouge,SAFE : arret au feu rouge
54.65,82.8,0.0,SAFE,4,feu_rouge,SAFE : arret au feu rouge
54.70,82.8,0.0,SAFE,4,feu_rouge,SAFE : arret au feu rouge
54.75,82.8,0.0,SAFE,4,feu_rouge,SAFE : arret au feu rouge
54.80,82.8,0.0,SAFE,4,feu_rouge,SAFE : arret au feu rouge
54.85,82.8,0.0,SAFE,4,feu_rouge,SAFE : arret au feu rouge
54.90,82.8,0.0,SAFE,4,feu_rouge,SAFE : arret au feu rouge
54.95,82.8,0.0,SAFE,4,feu_rouge,SAFE : arret au feu rouge
55.00,82.8,0.0,SAFE,4,feu_rouge,SAFE : arret au feu rouge
55.05,82.8,0.0,SAFE,4,feu_rouge,SAFE : arret au feu rouge
55.10,82.8,0.0,SAFE,4,feu_rouge,SAFE : arret au feu rouge
55.15,82.8,0.0,SAFE,4,feu_rouge,SAFE : arret au feu rouge
55.20,82.8,0.0,SAFE,4,feu_rouge,SAFE : arret au feu rouge
55.25,82.8,0.0,SAFE,4,feu_rouge,SAFE : arret au feu rouge
55.30,82.8,0.0,SAFE,4,feu_rouge,SAFE : arret au feu rouge
55.35,82.8,0.0,SAFE,4,feu_rouge,SAFE : arret au feu rouge
55.40,82.8,0.0,SAFE,5,feu_rouge,SAFE : arret au feu rouge
55.45,82.8,0.0,SAFE,5,feu_rouge,SAFE : arret au feu rouge
55.50,82.8,0.0,SAFE,5,feu_rouge,SAFE : arret au feu rouge
55.55,82.8,0.0,SAFE,5,feu_rouge,SAFE : arret au feu rouge
55.60,82.8,0.0,SAFE,5,feu_rouge,SAFE : arret au feu rouge
55.65,82.8,0.0,SAFE,5,feu_rouge,SAFE : arret au feu rouge
55.70,82.8,0.0,SAFE,5,feu_rouge,SAFE : arret au feu rouge
55.75,82.8,0.0,SAFE,5,feu_rouge,SAFE : arret au feu rouge
55.80,82.8,0.0,SAFE,5,feu_rouge,SAFE : arret au feu rouge
55.85,82.8,0.0,SAFE,5,feu_rouge,SAFE : arret au feu rouge
55.90,82.8,0.0,SAFE,5,feu_rouge,SAFE : arret au feu rouge
55.95,82.8,0.0,SAFE,5,feu_rouge,SAFE : arret au feu rouge
56.00,82.8,0.0,SAFE,5,feu_rouge,SAFE : arret au feu rouge
56.05,82.8,0.0,SAFE,5,feu_rouge,SAFE : arret au feu rouge
56.10,82.8,0.0,SAFE,5,feu_rouge,SAFE : arret au feu rouge
56.15,82.8,0.0,SAFE,5,feu_rouge,SAFE : arret au feu rouge
56.20,82.8,0.0,SAFE,5,feu_rouge,SAFE : arret au feu rouge
56.25,82.8,0.0,SAFE,5,feu_rouge,SAFE : arret au feu rouge
56.30,82.8,0.0,SAFE,5,feu_rouge,SAFE : arret au feu rouge
56.35,82.8,0.0,SAFE,5,feu_rouge,SAFE : arret au feu rouge
56.40,82.8,0.0,SAFE,5,feu_rouge,SAFE : arret au feu rouge
56.45,82.8,0.0,SAFE,5,feu_rouge,SAFE : arret au feu rouge
56.50,82.8,0.0,SAFE,5,feu_rouge,SAFE : arret au feu rouge
56.55,82.8,0.0,SAFE,5,feu_rouge,SAFE : arret au feu rouge
56.60,82.8,0.0,SAFE,5,feu_rouge,SAFE : arret au feu rouge
56.65,82.8,0.0,SAFE,5,feu_rouge,SAFE : arret au feu rouge
56.70,82.8,0.0,SAFE,5,feu_rouge,SAFE : arret au feu rouge
56.75,82.8,0.0,SAFE,5,feu_rouge,SAFE : arret au feu rouge
56.80,82.8,0.0,SAFE,5,feu_rouge,SAFE : arret au feu rouge
56.85,82.8,0.0,SAFE,5,feu_rouge,SAFE : arret au feu rouge
56.90,82.8,0.0,SAFE,6,feu_rouge,SAFE : arret au feu rouge
56.95,82.8,0.0,SAFE,6,feu_rouge,SAFE : arret au feu rouge
57.00,82.8,0.0,SAFE,6,feu_rouge,SAFE : arret au feu rouge
57.05,82.8,0.0,SAFE,6,feu_rouge,SAFE : arret au feu rouge
57.10,82.8,0.0,SAFE,6,feu_rouge,SAFE : arret au feu rouge
57.15,82.8,0.0,SAFE,6,feu_rouge,SAFE : arret au feu rouge
57.20,82.8,0.0,SAFE,5,feu_rouge,SAFE : arret au feu rouge
57.25,82.8,0.0,SAFE,5,feu_rouge,SAFE : arret au feu rouge
57.30,82.8,0.0,SAFE,5,feu_rouge,SAFE : arret au feu rouge
57.35,82.8,0.0,SAFE,5,feu_rouge,SAFE : arret au feu rouge
57.40,82.8,0.0,SAFE,5,feu_rouge,SAFE : arret au feu rouge
57.45,82.8,0.0,SAFE,5,feu_rouge,SAFE : arret au feu rouge
57.50,82.8,0.0,SAFE,5,feu_rouge,SAFE : arret au feu rouge
57.55,82.8,0.0,SAFE,5,feu_rouge,SAFE : arret au feu rouge
57.60,82.8,0.0,SAFE,5,feu_rouge,SAFE : arret au feu rouge
57.65,82.8,0.0,SAFE,5,feu_rouge,SAFE : arret au feu rouge
57.70,82.8,0.0,SAFE,5,feu_rouge,SAFE : arret au feu rouge
57.75,82.8,0.0,SAFE,5,feu_rouge,SAFE : arret au feu rouge
57.80,82.8,0.0,SAFE,5,feu_rouge,SAFE : arret au feu rouge
57.85,82.8,0.0,SAFE,5,feu_rouge,SAFE : arret au feu rouge
57.90,82.8,0.0,SAFE,5,feu_rouge,SAFE : arret au feu rouge
57.95,82.8,0.0,SAFE,5,feu_rouge,SAFE : arret au feu rouge
58.00,82.8,0.0,SAFE,5,feu_rouge,SAFE : arret au feu rouge
58.05,82.8,0.0,SAFE,5,feu_rouge,SAFE : arret au feu rouge
58.10,82.8,0.0,SAFE,5,feu_rouge,SAFE : arret au feu rouge
58.15,82.8,0.0,SAFE,5,feu_rouge,SAFE : arret au feu rouge
58.20,82.8,0.0,SAFE,5,feu_rouge,SAFE : arret au feu rouge
58.25,82.8,0.0,SAFE,5,feu_rouge,SAFE : arret au feu rouge
58.30,82.8,0.0,SAFE,5,feu_rouge,SAFE : arret au feu rouge
58.35,82.8,0.0,SAFE,5,feu_rouge,SAFE : arret au feu rouge
58.40,82.8,0.0,SAFE,5,feu_rouge,SAFE : arret au feu rouge
58.45,82.8,0.0,SAFE,5,feu_rouge,SAFE : arret au feu rouge
58.50,82.8,0.0,SAFE,5,feu_rouge,SAFE : arret au feu rouge
58.55,82.8,0.0,SAFE,5,feu_rouge,SAFE : arret au feu rouge
58.60,82.8,0.0,SAFE,5,feu_rouge,SAFE : arret au feu rouge
58.65,82.8,0.0,SAFE,5,feu_rouge,SAFE : arret au feu rouge
58.70,82.8,0.0,SAFE,5,feu_rouge,SAFE : arret au feu rouge
58.75,82.8,0.0,SAFE,5,feu_rouge,SAFE : arret au feu rouge
58.80,82.8,0.0,SAFE,5,feu_rouge,SAFE : arret au feu rouge
58.85,82.8,0.0,SAFE,5,feu_rouge,SAFE : arret au feu rouge
58.90,82.8,0.0,SAFE,5,feu_rouge,SAFE : arret au feu rouge
58.95,82.8,0.0,SAFE,5,feu_rouge,SAFE : arret au feu rouge
59.00,82.8,0.0,SAFE,5,feu_rouge,SAFE : arret au feu rouge
59.05,82.8,0.0,SAFE,5,feu_rouge,SAFE : arret au feu rouge
59.10,82.8,0.0,SAFE,5,feu_rouge,SAFE : arret au feu rouge
59.15,82.8,0.0,SAFE,5,feu_rouge,SAFE : arret au feu rouge
59.20,82.8,0.0,SAFE,5,feu_rouge,SAFE : arret au feu rouge
59.25,82.8,0.0,SAFE,5,feu_rouge,SAFE : arret au feu rouge
59.30,82.8,0.0,SAFE,5,feu_rouge,SAFE : arret au feu rouge
59.35,82.8,0.0,SAFE,5,feu_rouge,SAFE : arret au feu rouge
59.40,82.8,0.0,SAFE,5,feu_rouge,SAFE : arret au feu rouge
59.45,82.8,0.0,SAFE,5,feu_rouge,SAFE : arret au feu rouge
59.50,82.8,0.0,SAFE,5,feu_rouge,SAFE : arret au feu rouge
59.55,82.8,0.0,SAFE,5,feu_rouge,SAFE : arret au feu rouge
59.60,82.8,0.0,SAFE,5,feu_rouge,SAFE : arret au feu rouge
59.65,82.8,0.0,SAFE,5,feu_rouge,SAFE : arret au feu rouge
59.70,82.8,0.0,SAFE,5,feu_rouge,SAFE : arret au feu rouge
59.75,82.8,0.0,SAFE,5,feu_rouge,SAFE : arret au feu rouge
59.80,82.8,0.0,SAFE,5,feu_rouge,SAFE : arret au feu rouge
59.85,82.8,0.0,SAFE,5,feu_rouge,SAFE : arret au feu rouge
59.90,82.8,0.0,SAFE,5,feu_rouge,SAFE : arret au feu rouge
59.95,82.8,0.0,SAFE,5,feu_rouge,SAFE : arret au feu rouge
60.00,82.8,0.0,SAFE,5,feu_rouge,SAFE : arret au feu rouge
60.05,82.8,0.0,SAFE,5,feu_rouge,SAFE : arret au feu rouge
60.10,82.8,0.0,SAFE,5,feu_rouge,SAFE : arret au feu rouge
60.15,82.8,0.0,SAFE,5,feu_rouge,SAFE : arret au feu rouge
60.20,82.8,0.0,SAFE,5,feu_rouge,SAFE : arret au feu rouge
60.25,82.8,0.0,SAFE,5,feu_rouge,SAFE : arret au feu rouge
60.30,82.8,0.0,SAFE,5,feu_rouge,SAFE : arret au feu rouge
60.35,82.8,0.0,SAFE,5,feu_rouge,SAFE : arret au feu rouge
60.40,82.8,0.0,SAFE,5,feu_rouge,SAFE : arret au feu rouge
60.45,82.8,0.0,SAFE,5,feu_rouge,SAFE : arret au feu rouge
60.50,82.8,0.0,SAFE,5,feu_rouge,SAFE : arret au feu rouge
60.55,82.8,0.0,SAFE,5,feu_rouge,SAFE : arret au feu rouge
60.60,82.8,0.0,SAFE,5,feu_rouge,SAFE : arret au feu rouge
60.65,82.8,0.0,SAFE,5,feu_rouge,SAFE : arret au feu rouge
60.70,82.8,0.0,SAFE,5,feu_rouge,SAFE : arret au feu rouge
60.75,82.8,0.0,SAFE,5,feu_rouge,SAFE : arret au feu rouge
60.80,82.8,0.0,SAFE,5,feu_rouge,SAFE : arret au feu rouge
60.85,82.8,0.0,SAFE,5,feu_rouge,SAFE : arret au feu rouge
60.90,82.8,0.0,SAFE,5,feu_rouge,SAFE : arret au feu rouge
60.95,82.8,0.0,SAFE,5,feu_rouge,SAFE : arret au feu rouge
61.00,82.8,0.0,SAFE,5,feu_rouge,SAFE : arret au feu rouge
61.05,82.8,0.0,SAFE,5,feu_rouge,SAFE : arret au feu rouge
61.10,82.8,0.0,SAFE,5,feu_rouge,SAFE : arret au feu rouge
61.15,82.8,0.0,SAFE,5,feu_rouge,SAFE : arret au feu rouge
61.20,82.8,0.0,SAFE,5,feu_rouge,SAFE : arret au feu rouge
61.25,82.8,0.0,SAFE,5,feu_rouge,SAFE : arret au feu rouge
61.30,82.8,0.0,SAFE,5,feu_rouge,SAFE : arret au feu rouge
61.35,82.8,0.0,SAFE,5,feu_rouge,SAFE : arret au feu rouge
61.40,82.8,0.0,SAFE,5,feu_rouge,SAFE : arret au feu rouge
61.45,82.8,0.0,SAFE,5,feu_rouge,SAFE : arret au feu rouge
61.50,82.8,0.0,SAFE,5,feu_rouge,SAFE : arret au feu rouge
61.55,82.8,0.0,SAFE,5,feu_rouge,SAFE : arret au feu rouge
61.60,82.8,0.0,SAFE,5,feu_rouge,SAFE : arret au feu rouge
61.65,82.8,0.0,SAFE,5,feu_rouge,SAFE : arret au feu rouge
61.70,82.8,0.0,SAFE,5,feu_rouge,SAFE : arret au feu rouge
61.75,82.8,0.0,SAFE,5,feu_rouge,SAFE : arret au feu rouge
61.80,82.8,0.0,SAFE,5,feu_rouge,SAFE : arret au feu rouge
61.85,82.8,0.0,SAFE,5,feu_rouge,SAFE : arret au feu rouge
61.90,82.8,0.0,SAFE,5,feu_rouge,SAFE : arret au feu rouge
61.95,82.8,0.0,SAFE,5,feu_rouge,SAFE : arret au feu rouge
62.00,82.8,0.0,SAFE,5,feu_rouge,SAFE : arret au feu rouge
62.05,82.8,0.0,SAFE,5,feu_rouge,SAFE : arret au feu rouge
62.10,82.8,0.0,SAFE,5,feu_rouge,SAFE : arret au feu rouge
62.15,82.8,0.0,SAFE,5,feu_rouge,SAFE : arret au feu rouge
62.20,82.8,0.0,SAFE,5,feu_rouge,SAFE : arret au feu rouge
62.25,82.8,0.0,SAFE,5,feu_rouge,SAFE : arret au feu rouge
62.30,82.8,0.0,SAFE,5,feu_rouge,SAFE : arret au feu rouge
62.35,82.8,0.0,SAFE,5,feu_rouge,SAFE : arret au feu rouge
62.40,82.8,0.0,SAFE,5,feu_rouge,SAFE : arret au feu rouge
62.45,82.8,0.0,SAFE,5,feu_rouge,SAFE : arret au feu rouge
62.50,82.8,0.0,SAFE,5,feu_rouge,SAFE : arret au feu rouge
62.55,82.8,0.0,SAFE,5,feu_rouge,SAFE : arret au feu rouge
62.60,82.8,0.0,SAFE,5,feu_rouge,SAFE : arret au feu rouge
62.65,82.8,0.0,SAFE,5,feu_rouge,SAFE : arret au feu rouge
62.70,82.8,0.0,SAFE,5,feu_rouge,SAFE : arret au feu rouge
62.75,82.8,0.0,SAFE,5,feu_rouge,SAFE : arret au feu rouge
62.80,82.8,0.0,SAFE,5,feu_rouge,SAFE : arret au feu rouge
62.85,82.8,0.0,SAFE,5,feu_rouge,SAFE : arret au feu rouge
62.90,82.8,0.0,SAFE,5,feu_rouge,SAFE : arret au feu rouge
62.95,82.8,0.0,SAFE,5,feu_rouge,SAFE : arret au feu rouge
63.00,82.8,0.0,SAFE,5,feu_rouge,SAFE : arret au feu rouge
63.05,82.8,0.0,SAFE,5,feu_rouge,SAFE : arret au feu rouge
63.10,82.8,0.0,SAFE,5,feu_rouge,SAFE : arret au feu rouge
63.15,82.8,0.0,SAFE,5,feu_rouge,SAFE : arret au feu rouge
63.20,82.8,0.0,SAFE,5,feu_rouge,SAFE : arret au feu rouge
63.25,82.8,0.0,SAFE,5,feu_rouge,SAFE : arret au feu rouge
63.30,82.8,0.0,SAFE,5,feu_rouge,SAFE : arret au feu rouge
63.35,82.8,0.0,SAFE,5,feu_rouge,SAFE : arret au feu rouge
63.40,82.8,0.0,SAFE,5,feu_rouge,SAFE : arret au feu rouge
63.45,82.8,0.0,SAFE,5,feu_rouge,SAFE : arret au feu rouge
63.50,82.8,0.0,SAFE,5,feu_rouge,SAFE : arret au feu rouge
63.55,82.8,0.0,SAFE,5,feu_rouge,SAFE : arret au feu rouge
63.60,82.8,0.0,SAFE,5,feu_rouge,SAFE : arret au feu rouge
63.65,82.8,0.0,SAFE,5,feu_rouge,SAFE : arret au feu rouge
63.70,82.8,0.0,SAFE,5,feu_rouge,SAFE : arret au feu rouge
63.75,82.8,0.0,SAFE,5,feu_rouge,SAFE : arret au feu rouge
63.80,82.8,0.0,SAFE,5,feu_rouge,SAFE : arret au feu rouge
63.85,82.8,0.0,SAFE,5,feu_rouge,SAFE : arret au feu rouge
63.90,82.8,0.0,SAFE,5,feu_rouge,SAFE : arret au feu rouge
63.95,82.8,0.0,SAFE,5,feu_rouge,SAFE : arret au feu rouge
64.00,82.8,0.0,SAFE,5,feu_rouge,SAFE : arret au feu rouge
64.05,82.8,0.0,SAFE,5,feu_rouge,SAFE : arret au feu rouge
64.10,82.8,0.0,SAFE,5,feu_rouge,SAFE : arret au feu rouge
64.15,82.8,0.0,SAFE,5,feu_rouge,SAFE : arret au feu rouge
64.20,82.8,0.0,SAFE,5,feu_rouge,SAFE : arret au feu rouge
64.25,82.8,0.0,SAFE,5,feu_rouge,SAFE : arret au feu rouge
64.30,82.8,0.0,SAFE,5,feu_rouge,SAFE : arret au feu rouge
64.35,82.8,0.0,SAFE,5,,Situation maîtrisée
64.40,82.8,0.2,SAFE,5,,Situation maîtrisée
64.45,82.8,0.2,SAFE,5,,Situation maîtrisée
64.50,82.8,0.3,SAFE,5,,Situation maîtrisée
64.55,82.8,1.0,SAFE,5,,Situation maîtrisée
64.60,82.9,1.7,SAFE,5,,Situation maîtrisée
64.65,82.9,2.2,SAFE,5,,Situation maîtrisée
64.70,82.9,3.1,SAFE,5,,Situation maîtrisée
64.75,83.0,3.9,SAFE,5,,Situation maîtrisée
64.80,83.0,4.7,SAFE,5,,Situation maîtrisée
64.85,83.1,5.6,SAFE,5,,Situation maîtrisée
64.90,83.2,6.3,SAFE,5,,Situation maîtrisée
64.95,83.3,7.1,SAFE,5,,Situation maîtrisée
65.00,83.4,8.0,SAFE,5,,Situation maîtrisée
65.05,83.5,8.8,SAFE,5,,Situation maîtrisée
65.10,83.6,9.7,SAFE,5,,Situation maîtrisée
65.15,83.8,10.5,SAFE,5,,Situation maîtrisée
65.20,83.9,11.4,SAFE,5,,Situation maîtrisée
65.25,84.1,12.1,SAFE,5,,Situation maîtrisée
65.30,84.3,12.9,SAFE,5,,Situation maîtrisée
65.35,84.5,13.6,SAFE,5,,Situation maîtrisée
65.40,84.7,14.2,SAFE,5,,Situation maîtrisée
65.45,84.9,14.8,SAFE,5,,Situation maîtrisée
65.50,85.1,15.3,SAFE,5,,Situation maîtrisée
65.55,85.3,15.7,SAFE,5,,Situation maîtrisée
65.60,85.5,16.2,SAFE,5,,Situation maîtrisée
65.65,85.7,16.5,SAFE,5,,Situation maîtrisée
65.70,86.0,16.8,SAFE,5,,Situation maîtrisée
65.75,86.2,17.1,SAFE,5,,Situation maîtrisée
65.80,86.4,17.4,SAFE,5,,Situation maîtrisée
65.85,86.7,17.6,SAFE,5,,Situation maîtrisée
65.90,86.9,17.7,SAFE,5,,Situation maîtrisée
65.95,87.2,17.9,SAFE,5,,Situation maîtrisée
66.00,87.4,18.1,SAFE,5,,Situation maîtrisée
66.05,87.7,18.2,SAFE,5,,Situation maîtrisée
66.10,87.9,18.1,SAFE,5,,Situation maîtrisée
66.15,88.2,18.1,SAFE,5,,Situation maîtrisée
66.20,88.4,18.1,SAFE,5,,Situation maîtrisée
66.25,88.7,18.1,SAFE,5,,Situation maîtrisée
66.30,88.9,18.2,SAFE,5,,Situation maîtrisée
66.35,89.2,18.2,SAFE,5,,Situation maîtrisée
66.40,89.4,18.1,SAFE,5,,Situation maîtrisée
66.45,89.7,18.2,WATCH,6,feu_rouge_devant,Ralentissez de 1 km/h  (18 -> 17 km/h)
66.50,89.9,17.4,WATCH,6,feu_rouge_devant,Ralentissez de 1 km/h  (17 -> 16 km/h)
66.55,90.2,16.3,WATCH,6,feu_rouge_devant,Vigilance — situation à la limite
66.60,90.4,15.2,WATCH,6,feu_rouge_devant,Ralentissez de 8 km/h  (15 -> 8 km/h)
66.65,90.6,14.1,WATCH,6,feu_rouge_devant,Ralentissez de 3 km/h  (14 -> 11 km/h)
66.70,90.8,12.9,WATCH,6,feu_rouge_devant,Ralentissez de 2 km/h  (13 -> 11 km/h)
66.75,90.9,11.6,WATCH,6,feu_rouge_devant,Ralentissez de 1 km/h  (12 -> 11 km/h)
66.80,91.1,10.4,WATCH,6,feu_rouge_devant,Vigilance — situation à la limite
66.85,91.2,9.2,SAFE,6,feu_rouge_devant,Situation maîtrisée
66.90,91.3,7.9,SAFE,6,feu_rouge_devant,Situation maîtrisée
66.95,91.4,5.4,SAFE,6,feu_rouge_devant,Situation maîtrisée
67.00,91.5,0.7,SAFE,6,feu_rouge_devant,Situation maîtrisée
67.05,91.5,0.0,SAFE,6,feu_rouge_devant,Situation maîtrisée
67.10,91.5,0.0,SAFE,6,feu_rouge_devant,Situation maîtrisée
67.15,91.5,0.0,SAFE,6,feu_rouge_devant,Situation maîtrisée
67.20,91.5,0.0,SAFE,6,feu_rouge_devant,Situation maîtrisée
67.25,91.5,0.0,SAFE,6,feu_rouge_devant,Situation maîtrisée
67.30,91.5,0.0,SAFE,6,feu_rouge_devant,Situation maîtrisée
67.35,91.5,0.0,SAFE,6,feu_rouge_devant,Situation maîtrisée
67.40,91.5,0.0,SAFE,6,feu_rouge_devant,Situation maîtrisée
67.45,91.5,0.0,SAFE,6,feu_rouge_devant,Situation maîtrisée
67.50,91.5,0.0,SAFE,6,feu_rouge_devant,Situation maîtrisée
67.55,91.5,0.0,SAFE,6,,Situation maîtrisée
67.60,91.5,0.0,SAFE,6,,Situation maîtrisée
67.65,91.5,0.0,SAFE,6,,Situation maîtrisée
67.70,91.5,0.3,SAFE,6,,Situation maîtrisée
67.75,91.5,0.8,SAFE,6,,Situation maîtrisée
67.80,91.5,1.5,SAFE,6,,Situation maîtrisée
67.85,91.5,2.1,SAFE,6,,Situation maîtrisée
67.90,91.6,2.9,SAFE,6,,Situation maîtrisée
67.95,91.6,3.5,SAFE,6,,Situation maîtrisée
68.00,91.7,4.4,SAFE,6,,Situation maîtrisée
68.05,91.7,5.3,SAFE,6,,Situation maîtrisée
68.10,91.8,6.0,SAFE,6,,Situation maîtrisée
68.15,91.9,6.9,SAFE,6,,Situation maîtrisée
68.20,92.0,7.6,SAFE,6,,Situation maîtrisée
68.25,92.1,8.4,SAFE,6,,Situation maîtrisée
68.30,92.2,9.2,SAFE,6,,Situation maîtrisée
68.35,92.4,10.0,SAFE,6,,Situation maîtrisée
68.40,92.5,10.8,SAFE,6,,Situation maîtrisée
68.45,92.7,11.6,SAFE,6,,Situation maîtrisée
68.50,92.8,12.3,SAFE,6,,Situation maîtrisée
68.55,93.0,13.0,SAFE,6,,Situation maîtrisée
68.60,93.2,13.5,SAFE,6,,Situation maîtrisée
68.65,93.4,13.8,SAFE,6,,Situation maîtrisée
68.70,93.6,14.2,SAFE,6,,Situation maîtrisée
68.75,93.8,14.4,SAFE,6,,Situation maîtrisée
68.80,94.0,14.4,SAFE,6,,Situation maîtrisée
68.85,94.2,14.6,SAFE,6,,Situation maîtrisée
68.90,94.4,14.8,WATCH,6,feu_rouge_devant,Ralentissez de 7 km/h  (15 -> 8 km/h)
68.95,94.6,14.7,DANGER,6,suivi_vehicule_arrete,Ralentissez de 9 km/h  (15 -> 5 km/h)
69.00,94.8,14.2,DANGER,6,feu_rouge_devant,Ralentissez de 9 km/h  (14 -> 5 km/h)
69.05,95.0,13.7,DANGER,5,feu_rouge_devant,Ralentissez de 9 km/h  (14 -> 5 km/h)
69.10,95.2,13.0,DANGER,5,feu_rouge_devant,Ralentissez de 8 km/h  (13 -> 5 km/h)
69.15,95.3,12.3,DANGER,5,feu_rouge_devant,Ralentissez de 7 km/h  (12 -> 5 km/h)
69.20,95.5,11.6,DANGER,6,feu_rouge_devant,Ralentissez de 7 km/h  (12 -> 5 km/h)
69.25,95.6,10.8,DANGER,6,feu_rouge_devant,Ralentissez de 6 km/h  (11 -> 5 km/h)
69.30,95.8,9.9,DANGER,6,feu_rouge_devant,Ralentissez de 5 km/h  (10 -> 5 km/h)
69.35,95.9,9.1,WATCH,6,feu_rouge_devant,Ralentissez de 4 km/h  (9 -> 5 km/h)
69.40,96.0,8.2,WATCH,6,suivi_vehicule_arrete,Ralentissez de 8 km/h  (8 -> 0 km/h)
69.45,96.1,5.4,WATCH,6,suivi_vehicule_arrete,Ralentissez de 5 km/h  (5 -> 0 km/h)
69.50,96.2,0.8,SAFE,6,suivi_vehicule_arrete,Situation maîtrisée
69.55,96.2,0.0,SAFE,6,suivi_vehicule_arrete,Situation maîtrisée
69.60,96.2,0.0,SAFE,6,suivi_vehicule_arrete,Situation maîtrisée
69.65,96.2,0.0,SAFE,6,suivi_vehicule_arrete,Situation maîtrisée
69.70,96.2,0.0,SAFE,6,suivi_vehicule_arrete,Situation maîtrisée
69.75,96.2,0.0,SAFE,6,suivi_vehicule_arrete,Situation maîtrisée
69.80,96.2,0.0,SAFE,6,suivi_vehicule_arrete,Situation maîtrisée
69.85,96.2,0.0,SAFE,6,suivi_vehicule_arrete,Situation maîtrisée
69.90,96.2,0.0,SAFE,6,anti_chattering,Situation maîtrisée
69.95,96.2,0.0,SAFE,6,anti_chattering,Situation maîtrisée
70.00,96.2,0.0,SAFE,6,anti_chattering,Situation maîtrisée
70.05,96.2,0.0,SAFE,6,anti_chattering,Situation maîtrisée
70.10,96.2,0.0,SAFE,6,anti_chattering,Situation maîtrisée
70.15,96.2,0.0,SAFE,6,,Situation maîtrisée
70.20,96.2,0.0,SAFE,6,,Situation maîtrisée
70.25,96.2,0.0,SAFE,6,,Situation maîtrisée
70.30,96.2,0.4,SAFE,6,,Situation maîtrisée
70.35,96.2,0.8,SAFE,6,,Situation maîtrisée
70.40,96.2,1.3,SAFE,6,,Situation maîtrisée
70.45,96.2,2.1,SAFE,6,,Situation maîtrisée
70.50,96.3,2.9,SAFE,6,,Situation maîtrisée
70.55,96.3,3.5,SAFE,6,,Situation maîtrisée
70.60,96.4,4.4,SAFE,6,,Situation maîtrisée
70.65,96.4,5.3,SAFE,6,,Situation maîtrisée
70.70,96.5,6.1,SAFE,6,,Situation maîtrisée
70.75,96.6,6.9,SAFE,6,,Situation maîtrisée
70.80,96.7,7.7,SAFE,6,,Situation maîtrisée
70.85,96.8,8.6,SAFE,6,,Situation maîtrisée
70.90,96.9,9.4,SAFE,6,,Situation maîtrisée
70.95,97.1,10.3,SAFE,6,,Situation maîtrisée
71.00,97.2,10.9,SAFE,6,,Situation maîtrisée
71.05,97.4,11.4,SAFE,6,,Situation maîtrisée
71.10,97.5,11.9,SAFE,6,,Situation maîtrisée
71.15,97.7,12.4,SAFE,5,,Situation maîtrisée
71.20,97.9,12.9,SAFE,5,,Situation maîtrisée
71.25,98.1,13.3,SAFE,5,,Situation maîtrisée
71.30,98.3,13.8,SAFE,5,,Situation maîtrisée
71.35,98.4,14.0,SAFE,5,,Situation maîtrisée
71.40,98.6,14.3,SAFE,5,,Situation maîtrisée
71.45,98.8,14.6,SAFE,5,,Situation maîtrisée
71.50,99.0,14.9,SAFE,5,,Situation maîtrisée
71.55,99.3,15.2,SAFE,5,,Situation maîtrisée
71.60,99.5,15.5,SAFE,5,,Situation maîtrisée
71.65,99.7,15.7,SAFE,5,,Situation maîtrisée
71.70,99.9,15.9,SAFE,5,,Situation maîtrisée
71.75,100.1,16.1,SAFE,5,,Situation maîtrisée
71.80,100.3,16.3,SAFE,5,,Situation maîtrisée
71.85,100.6,16.6,SAFE,5,,Situation maîtrisée
71.90,100.8,16.8,SAFE,5,,Situation maîtrisée
71.95,101.0,16.9,WATCH,5,moteur:proportionnel,Ralentissez de 17 km/h  (17 -> 0 km/h)
72.00,101.3,17.0,WATCH,5,moteur:proportionnel,Ralentissez de 16 km/h  (17 -> 1 km/h)
72.05,101.5,16.7,WATCH,5,moteur:proportionnel,Ralentissez de 15 km/h  (17 -> 2 km/h)
72.10,101.7,16.4,WATCH,5,moteur:proportionnel,Ralentissez de 13 km/h  (16 -> 3 km/h)
72.15,102.0,16.0,WATCH,5,moteur:proportionnel,Ralentissez de 12 km/h  (16 -> 4 km/h)
72.20,102.2,15.6,DANGER,6,moteur:proportionnel,Ralentissez de 11 km/h  (16 -> 5 km/h)
72.25,102.4,15.1,DANGER,6,moteur:proportionnel,Ralentissez de 10 km/h  (15 -> 5 km/h)
72.30,102.6,14.4,DANGER,6,moteur:proportionnel,Ralentissez de 9 km/h  (14 -> 5 km/h)
72.35,102.8,13.6,CRITICAL,6,moteur:proportionnel,FREINEZ de 8 km/h  (14 -> 6 km/h)
72.40,103.0,12.7,CRITICAL,6,moteur:proportionnel,FREINEZ de 7 km/h  (13 -> 6 km/h)
72.45,103.1,11.9,CRITICAL,6,moteur:proportionnel,FREINEZ de 7 km/h  (12 -> 4 km/h)
72.50,103.3,11.1,CRITICAL,6,moteur:proportionnel,FREINEZ de 8 km/h  (11 -> 3 km/h)
72.55,103.4,10.3,SAFE,5,anti_chattering,Situation maîtrisée
72.60,103.6,9.5,SAFE,5,anti_chattering,Situation maîtrisée
72.65,103.7,8.7,SAFE,5,anti_chattering,Situation maîtrisée
72.70,103.8,7.9,SAFE,5,anti_chattering,Situation maîtrisée
72.75,103.9,5.1,SAFE,5,anti_chattering,Situation maîtrisée
72.80,103.9,0.7,SAFE,5,anti_chattering,Situation maîtrisée
72.85,103.9,0.0,SAFE,5,anti_chattering,Situation maîtrisée
72.90,103.9,0.0,SAFE,5,anti_chattering,Situation maîtrisée
72.95,103.9,0.0,SAFE,5,anti_chattering,Situation maîtrisée
73.00,103.9,0.0,SAFE,5,anti_chattering,Situation maîtrisée
73.05,103.9,0.0,SAFE,5,anti_chattering,Situation maîtrisée
73.10,103.9,0.0,SAFE,5,anti_chattering,Situation maîtrisée
73.15,103.9,0.0,SAFE,5,anti_chattering,Situation maîtrisée
73.20,103.9,0.0,SAFE,5,anti_chattering,Situation maîtrisée
73.25,103.9,0.0,SAFE,5,anti_chattering,Situation maîtrisée
73.30,103.9,0.0,SAFE,5,anti_chattering,Situation maîtrisée
73.35,103.9,0.0,SAFE,5,,Situation maîtrisée
73.40,103.9,0.0,SAFE,5,,Situation maîtrisée
73.45,103.9,0.0,SAFE,5,,Situation maîtrisée
73.50,103.9,0.3,SAFE,5,,Situation maîtrisée
73.55,104.0,0.7,SAFE,5,,Situation maîtrisée
73.60,104.0,1.5,SAFE,5,,Situation maîtrisée
73.65,104.0,2.0,SAFE,5,,Situation maîtrisée
73.70,104.0,2.9,SAFE,5,,Situation maîtrisée
73.75,104.1,3.6,SAFE,5,,Situation maîtrisée
73.80,104.1,4.3,SAFE,5,,Situation maîtrisée
73.85,104.2,5.2,SAFE,5,,Situation maîtrisée
73.90,104.3,5.9,SAFE,5,,Situation maîtrisée
73.95,104.4,6.8,SAFE,5,,Situation maîtrisée
74.00,104.5,7.6,SAFE,5,,Situation maîtrisée
74.05,104.6,8.4,SAFE,5,,Situation maîtrisée
74.10,104.7,9.3,SAFE,5,,Situation maîtrisée
74.15,104.8,10.1,SAFE,5,,Situation maîtrisée
74.20,105.0,10.9,SAFE,5,,Situation maîtrisée
74.25,105.1,11.7,SAFE,5,,Situation maîtrisée
74.30,105.3,12.4,SAFE,5,,Situation maîtrisée
74.35,105.5,13.1,SAFE,5,,Situation maîtrisée
74.40,105.7,13.7,SAFE,5,,Situation maîtrisée
74.45,105.9,14.3,SAFE,5,,Situation maîtrisée
74.50,106.1,14.8,SAFE,4,,Situation maîtrisée
74.55,106.3,15.2,SAFE,4,,Situation maîtrisée
74.60,106.5,15.7,SAFE,4,,Situation maîtrisée
74.65,106.7,16.1,SAFE,4,,Situation maîtrisée
74.70,106.9,16.4,SAFE,4,,Situation maîtrisée
74.75,107.2,16.8,SAFE,4,,Situation maîtrisée
74.80,107.4,17.1,SAFE,3,,Situation maîtrisée
74.85,107.7,17.4,SAFE,3,,Situation maîtrisée
74.90,107.9,17.6,SAFE,3,,Situation maîtrisée
74.95,108.1,17.9,SAFE,3,,Situation maîtrisée
75.00,108.4,18.1,SAFE,3,,Situation maîtrisée
75.05,108.6,18.3,SAFE,3,,Situation maîtrisée
75.10,108.9,17.9,SAFE,3,,Situation maîtrisée
75.15,109.2,18.2,SAFE,3,,Situation maîtrisée
75.20,109.4,18.2,SAFE,3,,Situation maîtrisée
75.25,109.7,18.2,SAFE,3,,Situation maîtrisée
75.30,109.9,18.1,SAFE,3,,Situation maîtrisée
75.35,110.2,18.3,SAFE,3,,Situation maîtrisée
75.40,110.4,18.6,SAFE,3,,Situation maîtrisée
75.45,110.7,18.4,SAFE,3,,Situation maîtrisée
75.50,110.9,18.7,SAFE,3,,Situation maîtrisée
75.55,111.2,18.4,SAFE,3,,Situation maîtrisée
75.60,111.4,18.8,SAFE,3,,Situation maîtrisée
75.65,111.7,18.6,SAFE,3,,Situation maîtrisée
75.70,112.0,19.0,SAFE,3,,Situation maîtrisée
75.75,112.2,18.7,SAFE,3,,Situation maîtrisée
75.80,112.5,19.2,SAFE,3,,Situation maîtrisée
75.85,112.8,19.0,SAFE,3,,Situation maîtrisée
75.90,113.0,19.3,SAFE,3,,Situation maîtrisée
75.95,113.3,19.0,SAFE,3,,Situation maîtrisée
76.00,113.6,19.5,SAFE,3,,Situation maîtrisée
76.05,113.8,19.2,SAFE,3,,Situation maîtrisée
76.10,114.1,19.6,SAFE,3,,Situation maîtrisée
76.15,114.4,19.3,SAFE,3,,Situation maîtrisée
76.20,114.6,19.9,SAFE,3,,Situation maîtrisée
76.25,114.9,19.7,SAFE,2,,Situation maîtrisée
76.30,115.2,20.0,SAFE,2,,Situation maîtrisée
76.35,115.5,19.6,SAFE,2,,Situation maîtrisée
76.40,115.7,20.1,SAFE,2,,Situation maîtrisée
76.45,116.0,19.9,SAFE,2,,Situation maîtrisée
76.50,116.3,20.1,SAFE,2,,Situation maîtrisée
76.55,116.6,19.8,SAFE,2,,Situation maîtrisée
76.60,116.9,20.2,SAFE,2,,Situation maîtrisée
76.65,117.1,20.0,SAFE,2,,Situation maîtrisée
76.70,117.4,20.3,SAFE,2,,Situation maîtrisée
76.75,117.7,19.9,SAFE,2,,Situation maîtrisée
76.80,118.0,20.3,SAFE,2,,Situation maîtrisée
76.85,118.2,20.1,SAFE,2,,Situation maîtrisée
76.90,118.5,20.3,SAFE,2,,Situation maîtrisée
76.95,118.8,20.0,SAFE,2,,Situation maîtrisée
77.00,119.1,20.4,SAFE,2,,Situation maîtrisée
77.05,119.4,20.1,SAFE,2,,Situation maîtrisée
77.10,119.7,20.4,SAFE,2,,Situation maîtrisée
77.15,119.9,20.0,SAFE,1,,Situation maîtrisée
77.20,120.2,20.4,SAFE,1,,Situation maîtrisée
77.25,120.5,20.2,SAFE,1,,Situation maîtrisée
77.30,120.8,20.4,SAFE,1,,Situation maîtrisée
77.35,121.1,20.1,SAFE,1,,Situation maîtrisée
77.40,121.3,20.5,SAFE,1,,Situation maîtrisée
77.45,121.6,20.2,SAFE,1,,Situation maîtrisée
77.50,121.9,20.4,SAFE,1,,Situation maîtrisée
77.55,122.2,20.1,SAFE,1,,Situation maîtrisée
77.60,122.5,20.5,SAFE,1,,Situation maîtrisée
77.65,122.7,20.1,SAFE,1,,Situation maîtrisée
77.70,123.0,20.4,SAFE,1,,Situation maîtrisée
77.75,123.3,20.0,SAFE,1,,Situation maîtrisée
77.80,123.6,20.4,SAFE,1,,Situation maîtrisée
77.85,123.9,20.1,SAFE,1,,Situation maîtrisée
77.90,124.2,20.3,SAFE,0,,Voie libre
77.95,124.4,19.9,SAFE,0,,Voie libre
78.00,124.7,20.3,SAFE,0,,Voie libre
78.05,125.0,19.9,SAFE,0,,Voie libre
78.10,125.3,20.2,SAFE,0,,Voie libre
78.15,125.5,19.7,SAFE,0,,Voie libre
78.20,125.8,20.1,SAFE,0,,Voie libre
78.25,126.1,19.8,SAFE,0,,Voie libre
78.30,126.4,20.0,SAFE,0,,Voie libre
78.35,126.6,19.6,SAFE,0,,Voie libre
78.40,126.9,20.0,SAFE,0,,Voie libre
78.45,127.2,19.7,SAFE,0,,Voie libre
78.50,127.5,19.9,SAFE,0,,Voie libre
78.55,127.7,19.5,SAFE,0,,Voie libre
78.60,128.0,19.8,SAFE,0,,Voie libre
78.65,128.3,19.5,SAFE,0,,Voie libre
78.70,128.6,19.7,SAFE,0,,Voie libre
78.75,128.8,19.3,SAFE,0,,Voie libre
78.80,129.1,19.7,SAFE,0,,Voie libre
78.85,129.4,19.3,SAFE,0,,Voie libre
78.90,129.6,19.5,SAFE,0,,Voie libre
78.95,129.9,19.1,SAFE,0,,Voie libre
79.00,130.2,19.5,SAFE,0,,Voie libre
79.05,130.5,19.2,SAFE,0,,Voie libre
79.10,130.7,19.4,SAFE,0,,Voie libre
79.15,131.0,19.0,SAFE,0,,Voie libre
79.20,131.3,19.4,SAFE,0,,Voie libre
79.25,131.5,19.1,SAFE,0,,Voie libre
79.30,131.8,19.3,SAFE,0,,Voie libre
79.35,132.0,18.8,SAFE,0,,Voie libre
79.40,132.3,19.3,SAFE,0,,Voie libre
79.45,132.6,18.9,SAFE,0,,Voie libre
79.50,132.8,19.1,SAFE,0,,Voie libre
79.55,133.1,18.7,SAFE,0,,Voie libre
79.60,133.4,19.1,SAFE,0,,Voie libre
79.65,133.6,18.7,SAFE,0,,Voie libre
79.70,133.9,19.0,SAFE,0,,Voie libre
79.75,134.2,18.5,SAFE,0,,Voie libre
79.80,134.4,19.0,SAFE,0,,Voie libre
79.85,134.7,18.7,SAFE,0,,Voie libre
79.90,134.9,18.9,SAFE,0,,Voie libre
79.95,135.2,18.4,SAFE,0,,Voie libre
80.00,135.5,18.9,SAFE,0,,Voie libre
80.05,135.7,18.5,SAFE,0,,Voie libre
80.10,136.0,18.8,SAFE,0,,Voie libre
80.15,136.2,18.4,SAFE,0,,Voie libre
80.20,136.5,18.6,SAFE,0,,Voie libre
80.25,136.7,18.2,SAFE,0,,Voie libre
80.30,137.0,18.5,SAFE,0,,Voie libre
80.35,137.2,18.1,SAFE,0,,Voie libre
80.40,137.5,18.5,SAFE,0,,Voie libre
80.45,137.8,18.1,SAFE,0,,Voie libre
80.50,138.0,18.4,SAFE,0,,Voie libre
80.55,138.3,18.5,SAFE,0,,Voie libre
80.60,138.5,18.2,SAFE,0,,Voie libre
80.65,138.8,18.4,SAFE,0,,Voie libre
80.70,139.0,18.5,SAFE,0,,Voie libre
80.75,139.3,18.2,SAFE,0,,Voie libre
80.80,139.5,18.0,SAFE,0,,Voie libre
80.85,139.8,18.4,SAFE,0,,Voie libre
80.90,140.0,18.0,SAFE,0,,Voie libre
80.95,140.3,18.3,SAFE,0,,Voie libre
81.00,140.5,18.1,SAFE,0,,Voie libre
81.05,140.8,18.3,SAFE,0,,Voie libre
81.10,141.1,18.1,SAFE,0,,Voie libre
81.15,141.3,18.2,SAFE,0,,Voie libre
81.20,141.6,18.1,SAFE,0,,Voie libre
81.25,141.8,18.2,SAFE,0,,Voie libre
81.30,142.1,18.1,SAFE,0,,Voie libre
81.35,142.3,18.2,SAFE,0,,Voie libre
81.40,142.6,18.1,SAFE,0,,Voie libre
81.45,142.8,18.3,SAFE,0,,Voie libre
81.50,143.1,18.1,SAFE,0,,Voie libre
81.55,143.3,18.3,SAFE,0,,Voie libre
81.60,143.6,18.0,SAFE,0,,Voie libre
81.65,143.8,18.2,SAFE,0,,Voie libre
81.70,144.1,18.2,SAFE,0,,Voie libre
81.75,144.3,18.1,SAFE,0,,Voie libre
81.80,144.6,18.3,SAFE,0,,Voie libre
81.85,144.8,18.0,SAFE,0,,Voie libre
81.90,145.1,18.2,SAFE,0,,Voie libre
81.95,145.3,18.2,SAFE,0,,Voie libre
82.00,145.6,18.1,SAFE,0,,Voie libre
82.05,145.8,18.3,SAFE,0,,Voie libre
82.10,146.1,18.0,SAFE,0,,Voie libre
82.15,146.3,18.1,SAFE,0,,Voie libre
82.20,146.6,18.2,SAFE,0,,Voie libre
82.25,146.8,18.0,SAFE,0,,Voie libre
82.30,147.1,18.2,SAFE,0,,Voie libre
82.35,147.3,18.1,SAFE,0,,Voie libre
82.40,147.6,18.1,SAFE,0,,Voie libre
82.45,147.9,18.3,SAFE,0,,Voie libre
82.50,148.1,18.2,SAFE,0,,Voie libre
82.55,148.4,18.1,SAFE,0,,Voie libre
82.60,148.6,18.3,SAFE,0,,Voie libre
82.65,148.9,18.0,SAFE,0,,Voie libre
82.70,149.1,18.2,SAFE,0,,Voie libre
82.75,149.4,18.2,SAFE,0,,Voie libre
82.80,149.6,18.1,SAFE,0,,Voie libre
82.85,149.9,18.3,SAFE,0,,Voie libre
82.90,150.1,18.0,SAFE,0,,Voie libre
82.95,150.4,18.2,SAFE,0,,Voie libre
83.00,150.6,18.1,SAFE,0,,Voie libre
83.05,150.9,18.1,SAFE,0,,Voie libre
83.10,151.1,18.2,SAFE,0,,Voie libre
83.15,151.4,18.1,SAFE,0,,Voie libre
83.20,151.6,18.3,SAFE,0,,Voie libre
83.25,151.9,18.0,SAFE,0,,Voie libre
83.30,152.1,18.2,SAFE,0,,Voie libre
83.35,152.4,18.0,SAFE,0,,Voie libre
83.40,152.6,18.2,SAFE,0,,Voie libre
83.45,152.9,18.2,SAFE,0,,Voie libre
83.50,153.1,18.2,SAFE,0,,Voie libre
83.55,153.4,18.2,SAFE,0,,Voie libre
83.60,153.7,18.1,SAFE,0,,Voie libre
83.65,153.9,18.2,SAFE,0,,Voie libre
83.70,154.2,18.1,SAFE,0,,Voie libre
83.75,154.4,18.2,SAFE,0,,Voie libre
83.80,154.7,18.2,SAFE,0,,Voie libre
83.85,154.9,18.2,SAFE,0,,Voie libre
83.90,155.2,18.3,SAFE,0,,Voie libre
83.95,155.4,18.1,SAFE,0,,Voie libre
84.00,155.7,18.4,SAFE,1,,Situation maîtrisée
84.05,155.9,18.1,SAFE,1,,Situation maîtrisée
84.10,156.2,18.2,SAFE,1,,Situation maîtrisée
84.15,156.4,18.3,SAFE,1,,Situation maîtrisée
84.20,156.7,18.1,SAFE,1,,Situation maîtrisée
84.25,156.9,18.3,SAFE,0,,Voie libre
84.30,157.2,18.3,SAFE,0,,Voie libre
84.35,157.4,18.0,SAFE,0,,Voie libre
84.40,157.7,18.3,SAFE,0,,Voie libre
84.45,157.9,18.4,SAFE,0,,Voie libre
84.50,158.2,18.0,SAFE,0,,Voie libre
84.55,158.5,18.3,SAFE,0,,Voie libre
84.60,158.7,18.2,SAFE,0,,Voie libre
84.65,159.0,18.0,SAFE,0,,Voie libre
84.70,159.2,18.4,SAFE,0,,Voie libre
84.75,159.5,18.5,SAFE,0,,Voie libre
84.80,159.7,18.0,SAFE,1,,Situation maîtrisée
84.85,160.0,18.3,SAFE,1,,Situation maîtrisée
84.90,160.2,18.5,SAFE,1,,Situation maîtrisée
84.95,160.5,18.3,SAFE,1,,Situation maîtrisée
85.00,160.7,18.1,SAFE,1,,Situation maîtrisée
85.05,161.0,18.0,SAFE,1,,Situation maîtrisée
85.10,161.2,18.4,SAFE,1,,Situation maîtrisée
85.15,161.5,18.3,SAFE,1,,Situation maîtrisée
85.20,161.7,18.1,SAFE,1,,Situation maîtrisée
85.25,162.0,18.0,SAFE,1,,Situation maîtrisée
85.30,162.3,18.5,SAFE,1,,Situation maîtrisée
85.35,162.5,18.5,SAFE,1,,Situation maîtrisée
85.40,162.8,18.3,SAFE,1,,Situation maîtrisée
85.45,163.0,18.2,SAFE,1,,Situation maîtrisée
85.50,163.3,18.2,SAFE,1,,Situation maîtrisée
85.55,163.5,18.1,SAFE,1,,Situation maîtrisée
85.60,163.8,18.1,SAFE,1,,Situation maîtrisée
85.65,164.0,18.0,SAFE,1,,Situation maîtrisée
85.70,164.3,18.0,SAFE,1,,Situation maîtrisée
85.75,164.5,18.0,SAFE,1,,Situation maîtrisée
85.80,164.8,18.1,SAFE,1,,Situation maîtrisée
85.85,165.0,18.1,SAFE,2,,Situation maîtrisée
85.90,165.3,18.1,SAFE,2,,Situation maîtrisée
85.95,165.5,18.2,SAFE,2,,Situation maîtrisée
86.00,165.8,18.2,SAFE,2,,Situation maîtrisée
86.05,166.0,18.2,SAFE,2,,Situation maîtrisée
86.10,166.3,18.3,SAFE,2,,Situation maîtrisée
86.15,166.5,18.3,SAFE,2,,Situation maîtrisée
86.20,166.8,18.4,SAFE,2,,Situation maîtrisée
86.25,167.1,18.4,SAFE,2,,Situation maîtrisée
86.30,167.3,18.4,SAFE,2,,Situation maîtrisée
86.35,167.6,18.5,SAFE,2,,Situation maîtrisée
86.40,167.8,18.5,SAFE,2,,Situation maîtrisée
86.45,168.1,18.6,SAFE,2,,Situation maîtrisée
86.50,168.3,18.6,SAFE,2,,Situation maîtrisée
86.55,168.6,18.7,SAFE,2,,Situation maîtrisée
86.60,168.9,18.7,SAFE,2,,Situation maîtrisée
86.65,169.1,18.7,SAFE,2,,Situation maîtrisée
86.70,169.4,18.8,SAFE,2,,Situation maîtrisée
86.75,169.6,18.8,SAFE,2,,Situation maîtrisée
86.80,169.9,18.8,SAFE,2,,Situation maîtrisée
86.85,170.2,18.9,SAFE,2,,Situation maîtrisée
86.90,170.4,18.9,SAFE,2,,Situation maîtrisée
86.95,170.7,18.9,SAFE,2,,Situation maîtrisée
87.00,170.9,19.0,SAFE,2,,Situation maîtrisée
87.05,171.2,19.0,SAFE,2,,Situation maîtrisée
87.10,171.5,19.0,SAFE,2,,Situation maîtrisée
87.15,171.7,19.1,SAFE,2,,Situation maîtrisée
87.20,172.0,19.1,SAFE,2,,Situation maîtrisée
87.25,172.3,19.1,SAFE,2,,Situation maîtrisée
87.30,172.5,19.1,SAFE,2,,Situation maîtrisée
87.35,172.8,19.2,SAFE,2,,Situation maîtrisée
87.40,173.1,19.2,SAFE,2,,Situation maîtrisée
87.45,173.3,19.2,SAFE,2,,Situation maîtrisée
87.50,173.6,19.2,SAFE,3,,Situation maîtrisée
87.55,173.9,19.3,SAFE,3,,Situation maîtrisée
87.60,174.1,19.3,SAFE,3,,Situation maîtrisée
87.65,174.4,19.3,SAFE,3,,Situation maîtrisée
87.70,174.7,19.3,SAFE,3,,Situation maîtrisée
87.75,174.9,19.3,SAFE,3,,Situation maîtrisée
87.80,175.2,19.4,SAFE,3,,Situation maîtrisée
87.85,175.5,19.4,SAFE,3,,Situation maîtrisée
87.90,175.7,19.4,SAFE,3,,Situation maîtrisée
87.95,176.0,19.4,SAFE,3,,Situation maîtrisée
88.00,176.3,19.4,SAFE,4,,Situation maîtrisée
88.05,176.6,19.4,SAFE,4,,Situation maîtrisée
88.10,176.8,19.4,SAFE,4,,Situation maîtrisée
88.15,177.1,19.5,SAFE,4,,Situation maîtrisée
88.20,177.4,19.5,SAFE,4,,Situation maîtrisée
88.25,177.6,19.5,SAFE,4,,Situation maîtrisée
88.30,177.9,19.5,SAFE,4,,Situation maîtrisée
88.35,178.2,19.5,SAFE,4,,Situation maîtrisée
88.40,178.5,19.5,SAFE,4,,Situation maîtrisée
88.45,178.7,19.5,SAFE,4,,Situation maîtrisée
88.50,179.0,19.5,SAFE,4,,Situation maîtrisée
88.55,179.3,19.6,SAFE,4,,Situation maîtrisée
88.60,179.5,19.6,SAFE,4,,Situation maîtrisée
88.65,179.8,19.6,SAFE,4,moteur:physique,Situation maîtrisée
88.70,180.1,19.6,SAFE,4,moteur:physique,Situation maîtrisée
88.75,180.4,19.6,SAFE,4,moteur:physique,Situation maîtrisée
88.80,180.6,19.6,CRITICAL,4,moteur:physique,Vigilance — situation à la limite
88.85,180.9,19.5,CRITICAL,4,moteur:physique,FREINEZ de 2 km/h  (20 -> 17 km/h)
88.90,181.2,19.2,CRITICAL,4,moteur:physique,FREINEZ de 11 km/h  (19 -> 8 km/h)
88.95,181.4,18.4,CRITICAL,4,moteur:physique,FREINEZ de 10 km/h  (18 -> 8 km/h)
89.00,181.7,14.1,CRITICAL,4,moteur:physique,FREINEZ de 6 km/h  (14 -> 8 km/h)
89.05,181.8,9.3,WATCH,4,moteur:proportionnel,Vigilance — situation à la limite
89.10,181.9,4.4,SAFE,4,anti_chattering,Situation maîtrisée
89.15,181.9,0.0,SAFE,4,anti_chattering,Situation maîtrisée
89.20,181.9,0.0,SAFE,4,anti_chattering,Situation maîtrisée
89.25,181.9,0.0,SAFE,4,anti_chattering,Situation maîtrisée
89.30,181.9,0.0,SAFE,4,anti_chattering,Situation maîtrisée
89.35,181.9,0.0,SAFE,4,anti_chattering,Situation maîtrisée
89.40,181.9,0.0,SAFE,4,anti_chattering,Situation maîtrisée
89.45,181.9,0.0,SAFE,4,anti_chattering,Situation maîtrisée
89.50,181.9,0.0,SAFE,4,anti_chattering,Situation maîtrisée
89.55,181.9,0.0,SAFE,4,anti_chattering,Situation maîtrisée
89.60,181.9,0.0,SAFE,4,anti_chattering,Situation maîtrisée
89.65,181.9,0.0,SAFE,4,anti_chattering,Situation maîtrisée
89.70,181.9,0.0,SAFE,4,anti_chattering,Situation maîtrisée
89.75,181.9,0.0,SAFE,4,anti_chattering,Situation maîtrisée
89.80,181.9,0.0,SAFE,4,anti_chattering,Situation maîtrisée
89.85,181.9,0.0,SAFE,4,,Situation maîtrisée
89.90,181.9,0.0,SAFE,4,,Situation maîtrisée
89.95,181.9,0.0,SAFE,4,,Situation maîtrisée
90.00,181.9,0.3,SAFE,4,,Situation maîtrisée
90.05,181.9,0.7,SAFE,4,,Situation maîtrisée
90.10,181.9,1.3,SAFE,4,,Situation maîtrisée
90.15,182.0,2.2,SAFE,4,,Situation maîtrisée
90.20,182.0,2.8,SAFE,4,,Situation maîtrisée
90.25,182.1,3.6,SAFE,4,,Situation maîtrisée
90.30,182.1,4.3,SAFE,4,,Situation maîtrisée
90.35,182.2,5.3,SAFE,4,,Situation maîtrisée
90.40,182.3,6.1,SAFE,4,,Situation maîtrisée
90.45,182.3,6.9,SAFE,4,,Situation maîtrisée
90.50,182.5,7.8,SAFE,4,,Situation maîtrisée
90.55,182.6,8.6,SAFE,4,,Situation maîtrisée
90.60,182.7,9.5,SAFE,4,,Situation maîtrisée
90.65,182.8,10.2,SAFE,4,,Situation maîtrisée
90.70,183.0,11.1,SAFE,4,,Situation maîtrisée
90.75,183.1,11.8,SAFE,4,,Situation maîtrisée
90.80,183.3,12.6,SAFE,4,,Situation maîtrisée
90.85,183.5,13.2,WATCH,3,moteur:proportionnel,Vigilance — situation à la limite
90.90,183.7,13.7,WATCH,3,moteur:proportionnel,Vigilance — situation à la limite
90.95,183.9,13.8,WATCH,3,moteur:proportionnel,Vigilance — situation à la limite
91.00,184.1,13.6,WATCH,3,moteur:proportionnel,Vigilance — situation à la limite
91.05,184.2,13.4,WATCH,3,moteur:proportionnel,Ralentissez de 1 km/h  (13 -> 12 km/h)
91.10,184.4,13.1,WATCH,3,moteur:proportionnel,Vigilance — situation à la limite
91.15,184.6,12.7,WATCH,3,moteur:proportionnel,Vigilance — situation à la limite
91.20,184.8,12.3,WATCH,3,moteur:proportionnel,Vigilance — situation à la limite
91.25,185.0,11.9,SAFE,3,,Situation maîtrisée
91.30,185.1,11.7,SAFE,3,,Situation maîtrisée
91.35,185.3,11.7,SAFE,3,,Situation maîtrisée
91.40,185.4,11.9,WATCH,3,moteur:proportionnel,Ralentissez de 9 km/h  (12 -> 3 km/h)
91.45,185.6,12.1,WATCH,3,moteur:proportionnel,Ralentissez de 9 km/h  (12 -> 3 km/h)
91.50,185.8,12.1,WATCH,3,moteur:proportionnel,Ralentissez de 10 km/h  (12 -> 2 km/h)
91.55,185.9,11.9,WATCH,3,moteur:proportionnel,Ralentissez de 10 km/h  (12 -> 1 km/h)
91.60,186.1,11.7,WATCH,3,moteur:proportionnel,Ralentissez de 11 km/h  (12 -> 1 km/h)
91.65,186.3,11.3,WATCH,3,moteur:proportionnel,Ralentissez de 11 km/h  (11 -> 0 km/h)
91.70,186.4,11.0,WATCH,3,moteur:proportionnel,FREINEZ — conflit non évitable par la seule vitesse
91.75,186.6,10.7,WATCH,3,moteur:proportionnel,FREINEZ — conflit non évitable par la seule vitesse
91.80,186.7,10.3,WATCH,3,moteur:proportionnel,FREINEZ — conflit non évitable par la seule vitesse
91.85,186.9,9.9,WATCH,3,moteur:proportionnel,FREINEZ — conflit non évitable par la seule vitesse
91.90,187.0,9.6,WATCH,3,moteur:proportionnel,FREINEZ — conflit non évitable par la seule vitesse
91.95,187.1,9.2,WATCH,3,moteur:proportionnel,FREINEZ — conflit non évitable par la seule vitesse
92.00,187.2,8.9,WATCH,3,moteur:proportionnel,FREINEZ — conflit non évitable par la seule vitesse
92.05,187.4,8.5,WATCH,3,moteur:proportionnel,FREINEZ — conflit non évitable par la seule vitesse
92.10,187.5,8.2,WATCH,3,moteur:proportionnel,FREINEZ — conflit non évitable par la seule vitesse
92.15,187.6,7.8,WATCH,3,moteur:proportionnel,Ralentissez de 6 km/h  (8 -> 2 km/h)
92.20,187.7,7.5,DANGER,3,moteur:proportionnel,Ralentissez de 2 km/h  (8 -> 5 km/h)
92.25,187.8,7.1,SAFE,3,anti_chattering,Situation maîtrisée
92.30,187.9,4.8,SAFE,3,anti_chattering,Situation maîtrisée
92.35,187.9,0.7,SAFE,3,anti_chattering,Situation maîtrisée
92.40,187.9,0.0,SAFE,3,anti_chattering,Situation maîtrisée
92.45,187.9,0.0,SAFE,3,anti_chattering,Situation maîtrisée
92.50,187.9,0.0,SAFE,3,anti_chattering,Situation maîtrisée
92.55,187.9,0.0,SAFE,3,anti_chattering,Situation maîtrisée
92.60,187.9,0.0,SAFE,3,anti_chattering,Situation maîtrisée
92.65,187.9,0.0,SAFE,3,anti_chattering,Situation maîtrisée
92.70,187.9,0.0,SAFE,3,anti_chattering,Situation maîtrisée
92.75,187.9,0.0,SAFE,3,anti_chattering,Situation maîtrisée
92.80,187.9,0.0,SAFE,3,anti_chattering,Situation maîtrisée
92.85,187.9,0.0,SAFE,3,anti_chattering,Situation maîtrisée
92.90,187.9,0.0,SAFE,3,anti_chattering,Situation maîtrisée
92.95,187.9,0.0,SAFE,3,anti_chattering,Situation maîtrisée
93.00,187.9,0.0,SAFE,3,anti_chattering,Situation maîtrisée
93.05,187.9,0.0,SAFE,3,,Situation maîtrisée
93.10,187.9,0.0,SAFE,3,,Situation maîtrisée
93.15,187.9,0.0,SAFE,3,,Situation maîtrisée
93.20,187.9,0.3,SAFE,3,,Situation maîtrisée
93.25,187.9,0.6,SAFE,3,,Situation maîtrisée
93.30,187.9,1.1,SAFE,3,,Situation maîtrisée
93.35,188.0,2.1,SAFE,3,,Situation maîtrisée
93.40,188.0,2.7,SAFE,3,,Situation maîtrisée
93.45,188.0,3.5,SAFE,3,,Situation maîtrisée
93.50,188.1,4.4,SAFE,3,,Situation maîtrisée
93.55,188.2,5.1,SAFE,3,,Situation maîtrisée
93.60,188.3,6.0,SAFE,3,,Situation maîtrisée
93.65,188.3,6.9,SAFE,3,,Situation maîtrisée
93.70,188.4,7.8,SAFE,3,,Situation maîtrisée
93.75,188.6,8.6,SAFE,3,,Situation maîtrisée
93.80,188.7,9.5,SAFE,3,,Situation maîtrisée
93.85,188.8,10.3,SAFE,3,,Situation maîtrisée
93.90,189.0,11.1,SAFE,3,,Situation maîtrisée
93.95,189.1,11.8,SAFE,3,,Situation maîtrisée
94.00,189.3,12.5,SAFE,4,,Situation maîtrisée
94.05,189.5,13.2,SAFE,4,,Situation maîtrisée
94.10,189.7,13.8,SAFE,3,,Situation maîtrisée
94.15,189.9,14.4,SAFE,3,,Situation maîtrisée
94.20,190.1,15.0,SAFE,3,,Situation maîtrisée
94.25,190.3,15.5,SAFE,3,,Situation maîtrisée
94.30,190.5,15.9,SAFE,3,,Situation maîtrisée
94.35,190.7,16.3,SAFE,3,,Situation maîtrisée
94.40,191.0,16.7,SAFE,3,,Situation maîtrisée
94.45,191.2,17.1,SAFE,3,,Situation maîtrisée
94.50,191.4,17.4,SAFE,3,,Situation maîtrisée
94.55,191.7,17.7,SAFE,3,,Situation maîtrisée
94.60,191.9,18.0,SAFE,3,,Situation maîtrisée
94.65,192.2,18.2,SAFE,3,,Situation maîtrisée
94.70,192.4,18.3,SAFE,3,,Situation maîtrisée
94.75,192.7,18.1,SAFE,3,,Situation maîtrisée
94.80,192.9,18.3,SAFE,3,,Situation maîtrisée
94.85,193.2,18.1,SAFE,3,,Situation maîtrisée
94.90,193.4,18.3,SAFE,3,,Situation maîtrisée
94.95,193.7,18.4,SAFE,4,,Situation maîtrisée
95.00,194.0,18.2,SAFE,4,,Situation maîtrisée
95.05,194.2,18.2,SAFE,4,,Situation maîtrisée
95.10,194.5,18.1,SAFE,4,,Situation maîtrisée
95.15,194.7,18.1,SAFE,4,,Situation maîtrisée
95.20,195.0,18.1,SAFE,4,,Situation maîtrisée
95.25,195.2,18.2,SAFE,4,,Situation maîtrisée
95.30,195.5,18.2,SAFE,3,,Situation maîtrisée
95.35,195.7,18.3,SAFE,3,,Situation maîtrisée
95.40,196.0,18.3,SAFE,3,,Situation maîtrisée
95.45,196.2,18.5,SAFE,3,,Situation maîtrisée
95.50,196.5,18.5,SAFE,3,,Situation maîtrisée
95.55,196.7,18.7,SAFE,3,,Situation maîtrisée
95.60,197.0,18.7,SAFE,3,,Situation maîtrisée
95.65,197.3,18.8,SAFE,3,,Situation maîtrisée
95.70,197.5,18.8,SAFE,3,,Situation maîtrisée
95.75,197.8,19.0,SAFE,3,,Situation maîtrisée
95.80,198.0,18.9,SAFE,3,,Situation maîtrisée
95.85,198.3,19.1,SAFE,3,,Situation maîtrisée
95.90,198.6,19.1,SAFE,3,,Situation maîtrisée
95.95,198.8,19.2,SAFE,4,,Situation maîtrisée
96.00,199.1,19.2,SAFE,4,,Situation maîtrisée
96.05,199.4,19.3,SAFE,4,,Situation maîtrisée
96.10,199.6,19.3,SAFE,4,,Situation maîtrisée
96.15,199.9,19.4,SAFE,4,,Situation maîtrisée
96.20,200.2,19.3,SAFE,4,,Situation maîtrisée
96.25,200.5,19.5,SAFE,4,,Situation maîtrisée
96.30,200.7,19.4,SAFE,4,,Situation maîtrisée
96.35,201.0,19.5,SAFE,4,,Situation maîtrisée
96.40,201.3,19.5,SAFE,4,,Situation maîtrisée
96.45,201.5,19.6,SAFE,4,,Situation maîtrisée
96.50,201.8,19.5,SAFE,4,,Situation maîtrisée
96.55,202.1,19.6,SAFE,4,,Situation maîtrisée
96.60,202.4,19.6,SAFE,4,,Situation maîtrisée
96.65,202.6,19.6,SAFE,4,,Situation maîtrisée
96.70,202.9,19.6,SAFE,4,,Situation maîtrisée
96.75,203.2,19.7,SAFE,4,,Situation maîtrisée
96.80,203.4,19.6,SAFE,4,,Situation maîtrisée
96.85,203.7,19.7,SAFE,4,,Situation maîtrisée
96.90,204.0,19.6,WATCH,4,moteur:proportionnel,Ralentissez de 20 km/h  (20 -> 0 km/h)
96.95,204.3,19.6,SAFE,4,,Situation maîtrisée
97.00,204.5,19.4,WATCH,4,moteur:proportionnel,Ralentissez de 19 km/h  (19 -> 0 km/h)
97.05,204.8,19.3,WATCH,4,moteur:proportionnel,Ralentissez de 19 km/h  (19 -> 0 km/h)
97.10,205.1,18.9,WATCH,4,moteur:proportionnel,Ralentissez de 19 km/h  (19 -> 0 km/h)
97.15,205.3,18.6,WATCH,4,moteur:proportionnel,Ralentissez de 19 km/h  (19 -> 0 km/h)
97.20,205.6,18.1,WATCH,4,moteur:proportionnel,Ralentissez de 18 km/h  (18 -> 0 km/h)
97.25,205.8,17.9,WATCH,4,moteur:proportionnel,Ralentissez de 18 km/h  (18 -> 0 km/h)
97.30,206.1,17.6,WATCH,4,moteur:proportionnel,Ralentissez de 18 km/h  (18 -> 0 km/h)
97.35,206.3,17.3,WATCH,4,moteur:proportionnel,Ralentissez de 17 km/h  (17 -> 0 km/h)
97.40,206.6,16.9,WATCH,4,moteur:proportionnel,Ralentissez de 17 km/h  (17 -> 0 km/h)
97.45,206.8,16.4,SAFE,4,,Situation maîtrisée
97.50,207.0,16.1,SAFE,4,,Situation maîtrisée
97.55,207.2,16.0,SAFE,4,,Situation maîtrisée
97.60,207.5,16.2,SAFE,4,,Situation maîtrisée
97.65,207.7,16.4,SAFE,4,,Situation maîtrisée
97.70,207.9,16.6,SAFE,4,,Situation maîtrisée
97.75,208.1,16.9,SAFE,4,,Situation maîtrisée
97.80,208.4,17.2,SAFE,4,,Situation maîtrisée
97.85,208.6,17.5,SAFE,4,,Situation maîtrisée
97.90,208.9,17.8,SAFE,4,,Situation maîtrisée
97.95,209.1,18.0,SAFE,4,,Situation maîtrisée
98.00,209.4,18.3,SAFE,4,,Situation maîtrisée
98.05,209.6,18.4,SAFE,4,,Situation maîtrisée
98.10,209.9,18.0,SAFE,4,,Situation maîtrisée
98.15,210.1,18.4,SAFE,4,,Situation maîtrisée
98.20,210.4,18.1,SAFE,4,,Situation maîtrisée
98.25,210.6,18.2,SAFE,4,,Situation maîtrisée
98.30,210.9,18.4,SAFE,4,,Situation maîtrisée
98.35,211.1,18.3,SAFE,4,,Situation maîtrisée
98.40,211.4,18.1,SAFE,4,,Situation maîtrisée
98.45,211.7,18.2,SAFE,4,moteur:physique,Situation maîtrisée
98.50,211.9,18.1,SAFE,4,moteur:physique,Situation maîtrisée
98.55,212.2,18.2,SAFE,4,moteur:physique,Situation maîtrisée
98.60,212.4,18.2,SAFE,4,moteur:physique,Situation maîtrisée
98.65,212.7,18.3,SAFE,4,moteur:physique,Situation maîtrisée
98.70,212.9,18.3,SAFE,4,moteur:physique,Situation maîtrisée
98.75,213.2,18.4,SAFE,4,moteur:physique,Situation maîtrisée
98.80,213.4,18.4,SAFE,4,moteur:physique,Situation maîtrisée
98.85,213.7,18.6,SAFE,4,moteur:physique,Situation maîtrisée
98.90,213.9,18.6,SAFE,4,moteur:physique,Situation maîtrisée
98.95,214.2,18.8,SAFE,4,moteur:physique,Situation maîtrisée
99.00,214.5,18.7,SAFE,4,moteur:physique,Situation maîtrisée
99.05,214.7,18.9,SAFE,4,moteur:physique,Situation maîtrisée
99.10,215.0,18.9,SAFE,4,moteur:physique,Situation maîtrisée
99.15,215.2,19.0,SAFE,4,moteur:physique,Situation maîtrisée
99.20,215.5,19.0,SAFE,4,moteur:physique,Situation maîtrisée
99.25,215.8,19.2,SAFE,4,moteur:physique,Situation maîtrisée
99.30,216.0,19.1,SAFE,5,moteur:physique,Situation maîtrisée
99.35,216.3,19.3,SAFE,5,,Situation maîtrisée
99.40,216.6,19.2,SAFE,5,,Situation maîtrisée
99.45,216.8,19.4,SAFE,5,,Situation maîtrisée
99.50,217.1,19.3,SAFE,4,,Situation maîtrisée
99.55,217.4,19.4,SAFE,4,,Situation maîtrisée
99.60,217.7,19.4,SAFE,4,,Situation maîtrisée
99.65,217.9,19.5,SAFE,4,,Situation maîtrisée
99.70,218.2,19.4,SAFE,4,,Situation maîtrisée
99.75,218.5,19.6,SAFE,4,,Situation maîtrisée
99.80,218.7,19.5,SAFE,4,,Situation maîtrisée
99.85,219.0,19.6,SAFE,4,,Situation maîtrisée
99.90,219.3,19.5,SAFE,5,,Situation maîtrisée
99.95,219.6,19.6,SAFE,5,,Situation maîtrisée
100.00,219.8,19.6,SAFE,5,,Situation maîtrisée
100.05,220.1,19.7,SAFE,5,,Situation maîtrisée
100.10,220.4,19.6,SAFE,5,,Situation maîtrisée
100.15,220.6,19.7,SAFE,5,,Situation maîtrisée
100.20,220.9,19.6,SAFE,5,,Situation maîtrisée
100.25,221.2,19.7,SAFE,5,,Situation maîtrisée
100.30,221.5,19.6,SAFE,5,,Situation maîtrisée
100.35,221.7,19.7,SAFE,5,,Situation maîtrisée
100.40,222.0,19.7,CRITICAL,5,moteur:proportionnel,FREINEZ de 20 km/h  (20 -> 0 km/h)
100.45,222.3,19.7,CRITICAL,5,moteur:proportionnel,FREINEZ de 20 km/h  (20 -> 0 km/h)
100.50,222.6,19.3,CRITICAL,5,moteur:proportionnel,FREINEZ de 19 km/h  (19 -> 0 km/h)
100.55,222.8,19.0,SAFE,5,anti_chattering,Situation maîtrisée
100.60,223.0,14.1,SAFE,5,anti_chattering,Situation maîtrisée
100.65,223.2,9.3,SAFE,5,anti_chattering,Situation maîtrisée
100.70,223.3,4.5,SAFE,5,anti_chattering,Situation maîtrisée
100.75,223.3,0.0,SAFE,5,anti_chattering,Situation maîtrisée
100.80,223.3,0.0,SAFE,5,anti_chattering,Situation maîtrisée
100.85,223.3,0.0,SAFE,5,anti_chattering,Situation maîtrisée
100.90,223.3,0.0,SAFE,5,anti_chattering,Situation maîtrisée
100.95,223.3,0.0,SAFE,5,anti_chattering,Situation maîtrisée
101.00,223.3,0.0,SAFE,5,anti_chattering,Situation maîtrisée
101.05,223.3,0.0,SAFE,5,anti_chattering,Situation maîtrisée
101.10,223.3,0.0,SAFE,5,anti_chattering,Situation maîtrisée
101.15,223.3,0.0,SAFE,5,anti_chattering,Situation maîtrisée
101.20,223.3,0.0,SAFE,5,anti_chattering,Situation maîtrisée
101.25,223.3,0.0,SAFE,5,anti_chattering,Situation maîtrisée
101.30,223.3,0.0,SAFE,5,anti_chattering,Situation maîtrisée
101.35,223.3,0.0,SAFE,5,,Situation maîtrisée
101.40,223.3,0.0,SAFE,5,,Situation maîtrisée
101.45,223.3,0.0,SAFE,5,,Situation maîtrisée
101.50,223.3,0.3,SAFE,5,,Situation maîtrisée
101.55,223.3,0.6,SAFE,5,,Situation maîtrisée
101.60,223.3,1.2,SAFE,5,,Situation maîtrisée
101.65,223.4,2.1,SAFE,5,,Situation maîtrisée
101.70,223.4,2.8,SAFE,5,,Situation maîtrisée
101.75,223.4,3.5,SAFE,5,,Situation maîtrisée
101.80,223.5,4.4,SAFE,5,,Situation maîtrisée
101.85,223.6,5.1,SAFE,5,,Situation maîtrisée
101.90,223.6,6.0,SAFE,5,,Situation maîtrisée
101.95,223.7,6.8,SAFE,6,,Situation maîtrisée
102.00,223.8,7.6,SAFE,6,,Situation maîtrisée
102.05,223.9,8.5,SAFE,6,,Situation maîtrisée
102.10,224.1,9.3,SAFE,6,,Situation maîtrisée
102.15,224.2,10.1,SAFE,6,,Situation maîtrisée
102.20,224.4,10.9,SAFE,6,,Situation maîtrisée
102.25,224.5,11.7,SAFE,6,,Situation maîtrisée
102.30,224.7,12.5,SAFE,7,,Situation maîtrisée
102.35,224.9,13.2,SAFE,7,,Situation maîtrisée
102.40,225.0,13.9,SAFE,7,,Situation maîtrisée
102.45,225.2,14.4,SAFE,7,,Situation maîtrisée
102.50,225.5,15.0,SAFE,7,,Situation maîtrisée
102.55,225.7,15.5,SAFE,7,,Situation maîtrisée
102.60,225.9,15.9,SAFE,7,,Situation maîtrisée
102.65,226.1,16.3,SAFE,7,,Situation maîtrisée
102.70,226.3,16.7,SAFE,7,,Situation maîtrisée
102.75,226.6,17.1,SAFE,7,,Situation maîtrisée
102.80,226.8,17.4,CRITICAL,7,moteur:proportionnel,FREINEZ de 17 km/h  (17 -> 0 km/h)
102.85,227.1,17.5,SAFE,7,anti_chattering,Situation maîtrisée
102.90,227.3,17.2,SAFE,7,anti_chattering,Situation maîtrisée
102.95,227.5,16.6,CRITICAL,7,moteur:proportionnel,FREINEZ de 17 km/h  (17 -> 0 km/h)
103.00,227.8,15.8,CRITICAL,7,moteur:proportionnel,FREINEZ de 16 km/h  (16 -> 0 km/h)
103.05,228.0,15.0,SAFE,7,anti_chattering,Situation maîtrisée
103.10,228.2,14.1,SAFE,7,anti_chattering,Situation maîtrisée
103.15,228.4,13.3,SAFE,7,anti_chattering,Situation maîtrisée
103.20,228.5,12.4,SAFE,7,anti_chattering,Situation maîtrisée
103.25,228.7,11.6,SAFE,8,anti_chattering,Situation maîtrisée
103.30,228.9,10.8,SAFE,8,anti_chattering,Situation maîtrisée
103.35,229.0,10.0,SAFE,8,anti_chattering,Situation maîtrisée
103.40,229.1,9.2,SAFE,8,anti_chattering,Situation maîtrisée
103.45,229.3,8.5,SAFE,8,anti_chattering,Situation maîtrisée
103.50,229.4,7.7,SAFE,8,anti_chattering,Situation maîtrisée
103.55,229.4,4.0,SAFE,8,anti_chattering,Situation maîtrisée
103.60,229.5,0.0,SAFE,8,anti_chattering,Situation maîtrisée
103.65,229.5,0.0,SAFE,8,anti_chattering,Situation maîtrisée
103.70,229.5,0.0,SAFE,8,anti_chattering,Situation maîtrisée
103.75,229.5,0.0,SAFE,8,anti_chattering,Situation maîtrisée
103.80,229.5,0.0,SAFE,8,anti_chattering,Situation maîtrisée
103.85,229.5,0.0,SAFE,8,,Situation maîtrisée
103.90,229.5,0.0,SAFE,8,,Situation maîtrisée
103.95,229.5,0.0,SAFE,8,,Situation maîtrisée
104.00,229.5,0.3,SAFE,8,,Situation maîtrisée
104.05,229.5,1.1,SAFE,8,,Situation maîtrisée
104.10,229.5,1.6,SAFE,8,,Situation maîtrisée
104.15,229.5,2.1,SAFE,8,,Situation maîtrisée
104.20,229.6,3.0,SAFE,8,,Situation maîtrisée
104.25,229.6,3.7,SAFE,8,,Situation maîtrisée
104.30,229.7,4.6,SAFE,8,,Situation maîtrisée
104.35,229.7,5.3,SAFE,8,,Situation maîtrisée
104.40,229.8,6.1,SAFE,8,,Situation maîtrisée
104.45,229.9,7.0,SAFE,8,,Situation maîtrisée
104.50,230.0,7.8,SAFE,8,,Situation maîtrisée
104.55,230.1,8.6,SAFE,8,,Situation maîtrisée
104.60,230.2,9.4,SAFE,8,,Situation maîtrisée
104.65,230.4,10.2,SAFE,8,,Situation maîtrisée
104.70,230.5,11.0,SAFE,9,,Situation maîtrisée
104.75,230.7,11.8,SAFE,9,,Situation maîtrisée
104.80,230.9,12.6,SAFE,9,,Situation maîtrisée
104.85,231.0,13.3,SAFE,9,,Situation maîtrisée
104.90,231.2,13.9,SAFE,9,,Situation maîtrisée
104.95,231.4,14.5,SAFE,9,,Situation maîtrisée
105.00,231.6,15.0,SAFE,9,,Situation maîtrisée
105.05,231.9,15.5,SAFE,9,,Situation maîtrisée
105.10,232.1,16.0,WATCH,9,moteur:proportionnel,Ralentissez de 16 km/h  (16 -> 0 km/h)
105.15,232.3,16.2,WATCH,9,moteur:proportionnel,Ralentissez de 16 km/h  (16 -> 0 km/h)
105.20,232.5,16.1,WATCH,9,moteur:proportionnel,Ralentissez de 16 km/h  (16 -> 0 km/h)
105.25,232.7,15.9,WATCH,9,moteur:proportionnel,Ralentissez de 15 km/h  (16 -> 0 km/h)
105.30,233.0,15.6,WATCH,9,moteur:proportionnel,Ralentissez de 16 km/h  (16 -> 0 km/h)
105.35,233.2,15.2,CRITICAL,9,moteur:proportionnel,FREINEZ de 15 km/h  (15 -> 0 km/h)
105.40,233.4,14.7,WATCH,9,moteur:proportionnel,Vigilance — situation à la limite
105.45,233.6,14.0,SAFE,9,anti_chattering,Situation maîtrisée
105.50,233.8,13.2,CRITICAL,9,moteur:proportionnel,FREINEZ de 13 km/h  (13 -> 0 km/h)
105.55,233.9,12.3,CRITICAL,9,moteur:proportionnel,FREINEZ de 12 km/h  (12 -> 0 km/h)
105.60,234.1,11.5,CRITICAL,9,moteur:proportionnel,FREINEZ de 12 km/h  (12 -> 0 km/h)
105.65,234.3,10.7,SAFE,9,anti_chattering,Situation maîtrisée
105.70,234.4,9.9,SAFE,9,anti_chattering,Situation maîtrisée
105.75,234.5,9.1,SAFE,9,anti_chattering,Situation maîtrisée
105.80,234.6,8.3,SAFE,9,anti_chattering,Situation maîtrisée
105.85,234.8,6.9,SAFE,9,anti_chattering,Situation maîtrisée
105.90,234.8,2.3,CRITICAL,9,moteur:proportionnel,FREINEZ de 2 km/h  (2 -> 0 km/h)
105.95,234.8,0.0,SAFE,9,anti_chattering,Situation maîtrisée
106.00,234.8,0.0,SAFE,9,anti_chattering,Situation maîtrisée
106.05,234.8,0.0,CRITICAL,9,moteur:proportionnel,Vigilance — situation à la limite
106.10,234.8,0.0,CRITICAL,9,moteur:proportionnel,Vigilance — situation à la limite
106.15,234.8,0.0,CRITICAL,9,moteur:proportionnel,Vigilance — situation à la limite
106.20,234.8,0.0,SAFE,9,anti_chattering,Situation maîtrisée
106.25,234.8,0.0,SAFE,9,anti_chattering,Situation maîtrisée
106.30,234.8,0.0,SAFE,9,anti_chattering,Situation maîtrisée
106.35,234.8,0.0,SAFE,9,anti_chattering,Situation maîtrisée
106.40,234.8,0.0,SAFE,9,anti_chattering,Situation maîtrisée
106.45,234.8,0.0,SAFE,9,anti_chattering,Situation maîtrisée
106.50,234.8,0.0,SAFE,9,anti_chattering,Situation maîtrisée
106.55,234.8,0.0,SAFE,9,anti_chattering,Situation maîtrisée
106.60,234.8,0.0,SAFE,9,anti_chattering,Situation maîtrisée
106.65,234.8,0.0,SAFE,9,anti_chattering,Situation maîtrisée
106.70,234.8,0.0,SAFE,9,anti_chattering,Situation maîtrisée
106.75,234.8,0.0,SAFE,9,anti_chattering,Situation maîtrisée
106.80,234.8,0.0,SAFE,9,anti_chattering,Situation maîtrisée
106.85,234.8,0.0,SAFE,9,anti_chattering,Situation maîtrisée
106.90,234.8,0.0,SAFE,9,anti_chattering,Situation maîtrisée
106.95,234.8,0.0,SAFE,9,anti_chattering,Situation maîtrisée
107.00,234.8,0.0,SAFE,9,,Situation maîtrisée
107.05,234.8,0.0,SAFE,9,,Situation maîtrisée
107.10,234.8,0.0,SAFE,9,,Situation maîtrisée
107.15,234.8,0.3,SAFE,9,,Situation maîtrisée
107.20,234.8,0.6,SAFE,9,,Situation maîtrisée
107.25,234.8,1.4,SAFE,9,,Situation maîtrisée
107.30,234.9,2.0,SAFE,9,,Situation maîtrisée
107.35,234.9,2.8,SAFE,9,,Situation maîtrisée
107.40,235.0,3.5,CRITICAL,9,moteur:proportionnel,FREINEZ de 4 km/h  (4 -> 0 km/h)
107.45,235.0,0.7,CRITICAL,9,moteur:proportionnel,Vigilance — situation à la limite
107.50,235.0,0.0,CRITICAL,9,moteur:proportionnel,Vigilance — situation à la limite
107.55,235.0,0.0,SAFE,9,anti_chattering,Situation maîtrisée
107.60,235.0,0.0,CRITICAL,9,moteur:proportionnel,Vigilance — situation à la limite
107.65,235.0,0.0,CRITICAL,9,moteur:proportionnel,Vigilance — situation à la limite
107.70,235.0,0.0,CRITICAL,9,moteur:proportionnel,Vigilance — situation à la limite
107.75,235.0,0.0,CRITICAL,9,moteur:proportionnel,Vigilance — situation à la limite
107.80,235.0,0.0,SAFE,9,anti_chattering,Situation maîtrisée
107.85,235.0,0.0,SAFE,9,anti_chattering,Situation maîtrisée
107.90,235.0,0.0,CRITICAL,9,moteur:proportionnel,Vigilance — situation à la limite
107.95,235.0,0.0,CRITICAL,9,moteur:proportionnel,Vigilance — situation à la limite
108.00,235.0,0.0,SAFE,9,anti_chattering,Situation maîtrisée
108.05,235.0,0.0,SAFE,9,anti_chattering,Situation maîtrisée
108.10,235.0,0.0,SAFE,9,anti_chattering,Situation maîtrisée
108.15,235.0,0.0,SAFE,9,anti_chattering,Situation maîtrisée
108.20,235.0,0.0,SAFE,9,anti_chattering,Situation maîtrisée
108.25,235.0,0.0,SAFE,9,anti_chattering,Situation maîtrisée
108.30,235.0,0.0,SAFE,9,anti_chattering,Situation maîtrisée
108.35,235.0,0.0,SAFE,9,anti_chattering,Situation maîtrisée
108.40,235.0,0.0,SAFE,9,anti_chattering,Situation maîtrisée
108.45,235.0,0.0,SAFE,9,anti_chattering,Situation maîtrisée
108.50,235.0,0.0,SAFE,9,anti_chattering,Situation maîtrisée
108.55,235.0,0.0,SAFE,9,anti_chattering,Situation maîtrisée
108.60,235.0,0.0,SAFE,9,anti_chattering,Situation maîtrisée
108.65,235.0,0.0,SAFE,9,anti_chattering,Situation maîtrisée
108.70,235.0,0.0,SAFE,9,anti_chattering,Situation maîtrisée
108.75,235.0,0.0,SAFE,9,anti_chattering,Situation maîtrisée
108.80,235.0,0.0,SAFE,9,,Situation maîtrisée
108.85,235.0,0.0,SAFE,9,,Situation maîtrisée
108.90,235.0,0.0,SAFE,9,,Situation maîtrisée
108.95,235.0,0.3,CRITICAL,9,moteur:proportionnel,Vigilance — situation à la limite
109.00,235.0,0.0,CRITICAL,9,moteur:proportionnel,Vigilance — situation à la limite
109.05,235.0,0.0,SAFE,9,anti_chattering,Situation maîtrisée
109.10,235.0,0.0,SAFE,9,anti_chattering,Situation maîtrisée
109.15,235.0,0.0,SAFE,9,anti_chattering,Situation maîtrisée
109.20,235.0,0.0,SAFE,9,anti_chattering,Situation maîtrisée
109.25,235.0,0.0,SAFE,9,anti_chattering,Situation maîtrisée
109.30,235.0,0.0,SAFE,9,anti_chattering,Situation maîtrisée
109.35,235.0,0.0,SAFE,9,anti_chattering,Situation maîtrisée
109.40,235.0,0.0,SAFE,9,anti_chattering,Situation maîtrisée
109.45,235.0,0.0,SAFE,9,anti_chattering,Situation maîtrisée
109.50,235.0,0.0,SAFE,9,anti_chattering,Situation maîtrisée
109.55,235.0,0.0,SAFE,9,anti_chattering,Situation maîtrisée
109.60,235.0,0.0,SAFE,9,anti_chattering,Situation maîtrisée
109.65,235.0,0.0,SAFE,9,anti_chattering,Situation maîtrisée
109.70,235.0,0.0,SAFE,9,anti_chattering,Situation maîtrisée
109.75,235.0,0.0,SAFE,9,anti_chattering,Situation maîtrisée
109.80,235.0,0.0,SAFE,9,anti_chattering,Situation maîtrisée
109.85,235.0,0.0,SAFE,9,,Situation maîtrisée
109.90,235.0,0.0,SAFE,9,,Situation maîtrisée
109.95,235.0,0.0,SAFE,9,,Situation maîtrisée
110.00,235.0,0.3,SAFE,10,,Situation maîtrisée
110.05,235.0,0.6,SAFE,10,,Situation maîtrisée
110.10,235.0,1.5,SAFE,10,,Situation maîtrisée
110.15,235.0,2.0,SAFE,10,,Situation maîtrisée
110.20,235.1,2.9,CRITICAL,10,moteur:proportionnel,FREINEZ de 3 km/h  (3 -> 0 km/h)
110.25,235.1,0.0,CRITICAL,10,moteur:proportionnel,Vigilance — situation à la limite
110.30,235.1,0.0,CRITICAL,10,moteur:proportionnel,Vigilance — situation à la limite
110.35,235.1,0.0,SAFE,10,anti_chattering,Situation maîtrisée
110.40,235.1,0.0,CRITICAL,10,moteur:proportionnel,Vigilance — situation à la limite
110.45,235.1,0.0,CRITICAL,10,moteur:proportionnel,Vigilance — situation à la limite
110.50,235.1,0.0,CRITICAL,10,moteur:proportionnel,Vigilance — situation à la limite
110.55,235.1,0.0,CRITICAL,10,moteur:proportionnel,Vigilance — situation à la limite
110.60,235.1,0.0,SAFE,10,anti_chattering,Situation maîtrisée
110.65,235.1,0.0,SAFE,10,anti_chattering,Situation maîtrisée
110.70,235.1,0.0,SAFE,10,anti_chattering,Situation maîtrisée
110.75,235.1,0.0,CRITICAL,10,moteur:proportionnel,Vigilance — situation à la limite
110.80,235.1,0.0,SAFE,10,anti_chattering,Situation maîtrisée
110.85,235.1,0.0,SAFE,10,anti_chattering,Situation maîtrisée
110.90,235.1,0.0,SAFE,10,anti_chattering,Situation maîtrisée
110.95,235.1,0.0,SAFE,10,anti_chattering,Situation maîtrisée
111.00,235.1,0.0,SAFE,10,anti_chattering,Situation maîtrisée
111.05,235.1,0.0,SAFE,10,anti_chattering,Situation maîtrisée
111.10,235.1,0.0,SAFE,10,anti_chattering,Situation maîtrisée
111.15,235.1,0.0,SAFE,10,anti_chattering,Situation maîtrisée
111.20,235.1,0.0,SAFE,10,anti_chattering,Situation maîtrisée
111.25,235.1,0.0,SAFE,10,anti_chattering,Situation maîtrisée
111.30,235.1,0.0,SAFE,10,anti_chattering,Situation maîtrisée
111.35,235.1,0.0,SAFE,10,anti_chattering,Situation maîtrisée
111.40,235.1,0.0,SAFE,10,anti_chattering,Situation maîtrisée
111.45,235.1,0.0,SAFE,10,anti_chattering,Situation maîtrisée
111.50,235.1,0.0,SAFE,10,anti_chattering,Situation maîtrisée
111.55,235.1,0.0,SAFE,10,anti_chattering,Situation maîtrisée
111.60,235.1,0.0,SAFE,10,,Situation maîtrisée
111.65,235.1,0.0,SAFE,10,,Situation maîtrisée
111.70,235.1,0.0,SAFE,10,,Situation maîtrisée
111.75,235.1,0.3,SAFE,10,,Situation maîtrisée
111.80,235.1,0.6,CRITICAL,10,moteur:proportionnel,Vigilance — situation à la limite
111.85,235.1,0.0,CRITICAL,10,moteur:proportionnel,Vigilance — situation à la limite
111.90,235.1,0.0,CRITICAL,10,moteur:proportionnel,Vigilance — situation à la limite
111.95,235.1,0.0,SAFE,10,anti_chattering,Situation maîtrisée
112.00,235.1,0.0,SAFE,10,moteur:physique,Situation maîtrisée
112.05,235.1,0.0,SAFE,10,moteur:physique,Situation maîtrisée
112.10,235.1,0.0,SAFE,10,moteur:physique,Situation maîtrisée
112.15,235.1,0.0,SAFE,10,moteur:physique,Situation maîtrisée
112.20,235.1,0.0,SAFE,10,moteur:physique,Situation maîtrisée
112.25,235.1,0.0,SAFE,10,moteur:physique,Situation maîtrisée
112.30,235.1,0.0,SAFE,10,moteur:physique,Situation maîtrisée
112.35,235.1,0.0,SAFE,10,moteur:physique,Situation maîtrisée
112.40,235.1,0.0,SAFE,10,moteur:physique,Situation maîtrisée
112.45,235.1,0.0,SAFE,10,moteur:physique,Situation maîtrisée
112.50,235.1,0.0,SAFE,10,moteur:physique,Situation maîtrisée
112.55,235.1,0.0,SAFE,10,moteur:physique,Situation maîtrisée
112.60,235.1,0.0,SAFE,10,moteur:physique,Situation maîtrisée
112.65,235.1,0.0,SAFE,10,anti_chattering,Situation maîtrisée
112.70,235.1,0.0,SAFE,10,anti_chattering,Situation maîtrisée
112.75,235.1,0.0,SAFE,10,,Situation maîtrisée
112.80,235.1,0.0,SAFE,9,,Situation maîtrisée
112.85,235.1,0.0,SAFE,9,,Situation maîtrisée
112.90,235.1,0.3,CRITICAL,9,moteur:proportionnel,Vigilance — situation à la limite
112.95,235.1,0.0,CRITICAL,9,moteur:proportionnel,Vigilance — situation à la limite
113.00,235.1,0.0,SAFE,9,anti_chattering,Situation maîtrisée
113.05,235.1,0.0,SAFE,9,anti_chattering,Situation maîtrisée
113.10,235.1,0.0,SAFE,9,anti_chattering,Situation maîtrisée
113.15,235.1,0.0,SAFE,9,anti_chattering,Situation maîtrisée
113.20,235.1,0.0,SAFE,9,anti_chattering,Situation maîtrisée
113.25,235.1,0.0,SAFE,9,anti_chattering,Situation maîtrisée
113.30,235.1,0.0,SAFE,9,anti_chattering,Situation maîtrisée
113.35,235.1,0.0,SAFE,9,anti_chattering,Situation maîtrisée
113.40,235.1,0.0,SAFE,9,anti_chattering,Situation maîtrisée
113.45,235.1,0.0,SAFE,9,anti_chattering,Situation maîtrisée
113.50,235.1,0.0,SAFE,9,anti_chattering,Situation maîtrisée
113.55,235.1,0.0,SAFE,9,anti_chattering,Situation maîtrisée
113.60,235.1,0.0,SAFE,9,anti_chattering,Situation maîtrisée
113.65,235.1,0.0,SAFE,9,anti_chattering,Situation maîtrisée
113.70,235.1,0.0,SAFE,9,anti_chattering,Situation maîtrisée
113.75,235.1,0.0,SAFE,9,anti_chattering,Situation maîtrisée
113.80,235.1,0.0,SAFE,9,,Situation maîtrisée
113.85,235.1,0.0,SAFE,9,,Situation maîtrisée
113.90,235.1,0.0,SAFE,9,,Situation maîtrisée
113.95,235.1,0.3,SAFE,9,,Situation maîtrisée
114.00,235.1,0.6,SAFE,9,,Situation maîtrisée
114.05,235.1,1.4,SAFE,9,,Situation maîtrisée
114.10,235.2,2.2,SAFE,9,,Situation maîtrisée
114.15,235.2,2.8,SAFE,9,,Situation maîtrisée
114.20,235.2,3.6,SAFE,9,,Situation maîtrisée
114.25,235.3,4.4,SAFE,9,,Situation maîtrisée
114.30,235.4,5.1,SAFE,9,,Situation maîtrisée
114.35,235.4,5.9,SAFE,9,,Situation maîtrisée
114.40,235.5,6.9,SAFE,8,,Situation maîtrisée
114.45,235.6,7.7,SAFE,8,,Situation maîtrisée
114.50,235.7,8.6,SAFE,8,,Situation maîtrisée
114.55,235.9,9.3,SAFE,7,,Situation maîtrisée
114.60,236.0,10.3,SAFE,7,,Situation maîtrisée
114.65,236.2,11.0,SAFE,7,,Situation maîtrisée
114.70,236.3,11.9,WATCH,7,moteur:proportionnel,Ralentissez de 12 km/h  (12 -> 0 km/h)
114.75,236.5,12.4,WATCH,7,moteur:proportionnel,Ralentissez de 12 km/h  (12 -> 0 km/h)
114.80,236.7,12.6,WATCH,7,moteur:proportionnel,Ralentissez de 13 km/h  (13 -> 0 km/h)
114.85,236.8,12.5,WATCH,7,moteur:proportionnel,Ralentissez de 12 km/h  (12 -> 0 km/h)
114.90,237.0,12.3,WATCH,7,moteur:proportionnel,Ralentissez de 12 km/h  (12 -> 0 km/h)
114.95,237.2,12.0,WATCH,7,moteur:proportionnel,Ralentissez de 12 km/h  (12 -> 0 km/h)
115.00,237.3,11.6,WATCH,7,feu_rouge_devant,Ralentissez de 12 km/h  (12 -> 0 km/h)
115.05,237.5,11.3,WATCH,7,feu_rouge_devant,Ralentissez de 11 km/h  (11 -> 0 km/h)
115.10,237.6,10.9,WATCH,7,feu_rouge_devant,Ralentissez de 11 km/h  (11 -> 0 km/h)
115.15,237.8,10.5,WATCH,7,feu_rouge_devant,Ralentissez de 11 km/h  (11 -> 0 km/h)
115.20,237.9,10.2,WATCH,7,feu_rouge_devant,Ralentissez de 10 km/h  (10 -> 0 km/h)
115.25,238.1,9.8,SAFE,7,feu_rouge_devant,Situation maîtrisée
115.30,238.2,9.4,SAFE,7,feu_rouge_devant,Situation maîtrisée
115.35,238.3,8.8,SAFE,7,feu_rouge_devant,Situation maîtrisée
115.40,238.4,8.2,SAFE,7,feu_rouge_devant,Situation maîtrisée
115.45,238.6,7.5,SAFE,7,feu_rouge_devant,Situation maîtrisée
115.50,238.6,3.9,SAFE,7,feu_rouge_devant,Situation maîtrisée
115.55,238.7,0.0,SAFE,7,feu_rouge_devant,Situation maîtrisée
115.60,238.7,0.0,SAFE,7,feu_rouge_devant,Situation maîtrisée
115.65,238.7,0.0,SAFE,7,feu_rouge_devant,Situation maîtrisée
115.70,238.7,0.0,SAFE,7,feu_rouge_devant,Situation maîtrisée
115.75,238.7,0.0,SAFE,7,feu_rouge_devant,Situation maîtrisée
115.80,238.7,0.0,SAFE,7,feu_rouge_devant,Situation maîtrisée
115.85,238.7,0.0,SAFE,7,feu_rouge_devant,Situation maîtrisée
115.90,238.7,0.0,SAFE,7,feu_rouge_devant,Situation maîtrisée
115.95,238.7,0.0,SAFE,7,feu_rouge_devant,Situation maîtrisée
116.00,238.7,0.0,SAFE,7,feu_rouge_devant,Situation maîtrisée
116.05,238.7,0.0,SAFE,7,feu_rouge_devant,Situation maîtrisée
116.10,238.7,0.0,SAFE,7,feu_rouge_devant,Situation maîtrisée
116.15,238.7,0.0,SAFE,7,feu_rouge_devant,Situation maîtrisée
116.20,238.7,0.0,SAFE,7,feu_rouge_devant,Situation maîtrisée
116.25,238.7,0.0,SAFE,7,feu_rouge_devant,Situation maîtrisée
116.30,238.7,0.0,SAFE,7,feu_rouge_devant,Situation maîtrisée
116.35,238.7,0.0,SAFE,7,feu_rouge_devant,Situation maîtrisée
116.40,238.7,0.0,SAFE,7,feu_rouge_devant,Situation maîtrisée
116.45,238.7,0.0,SAFE,7,feu_rouge_devant,Situation maîtrisée
116.50,238.7,0.0,SAFE,7,feu_rouge_devant,Situation maîtrisée
116.55,238.7,0.0,SAFE,7,feu_rouge_devant,Situation maîtrisée
116.60,238.7,0.0,SAFE,7,feu_rouge_devant,Situation maîtrisée
116.65,238.7,0.0,SAFE,7,feu_rouge_devant,Situation maîtrisée
116.70,238.7,0.0,SAFE,7,feu_rouge_devant,Situation maîtrisée
116.75,238.7,0.0,SAFE,7,feu_rouge_devant,Situation maîtrisée
116.80,238.7,0.0,SAFE,7,feu_rouge_devant,Situation maîtrisée
116.85,238.7,0.0,SAFE,7,feu_rouge_devant,Situation maîtrisée
116.90,238.7,0.0,SAFE,7,feu_rouge_devant,Situation maîtrisée
116.95,238.7,0.0,SAFE,7,feu_rouge_devant,Situation maîtrisée
117.00,238.7,0.0,SAFE,7,feu_rouge_devant,Situation maîtrisée
117.05,238.7,0.0,SAFE,7,feu_rouge_devant,Situation maîtrisée
117.10,238.7,0.0,SAFE,7,feu_rouge_devant,Situation maîtrisée
117.15,238.7,0.0,SAFE,7,feu_rouge_devant,Situation maîtrisée
117.20,238.7,0.0,SAFE,7,feu_rouge_devant,Situation maîtrisée
117.25,238.7,0.0,SAFE,7,feu_rouge_devant,Situation maîtrisée
117.30,238.7,0.0,SAFE,7,feu_rouge_devant,Situation maîtrisée
117.35,238.7,0.0,SAFE,7,feu_rouge_devant,Situation maîtrisée
117.40,238.7,0.0,SAFE,7,feu_rouge_devant,Situation maîtrisée
117.45,238.7,0.0,SAFE,6,feu_rouge_devant,Situation maîtrisée
117.50,238.7,0.0,SAFE,6,feu_rouge_devant,Situation maîtrisée
117.55,238.7,0.0,SAFE,6,feu_rouge_devant,Situation maîtrisée
117.60,238.7,0.0,SAFE,6,feu_rouge_devant,Situation maîtrisée
117.65,238.7,0.0,SAFE,6,feu_rouge_devant,Situation maîtrisée
117.70,238.7,0.0,SAFE,6,feu_rouge_devant,Situation maîtrisée
117.75,238.7,0.0,SAFE,6,feu_rouge_devant,Situation maîtrisée
117.80,238.7,0.0,SAFE,6,feu_rouge_devant,Situation maîtrisée
117.85,238.7,0.0,SAFE,6,feu_rouge_devant,Situation maîtrisée
117.90,238.7,0.0,SAFE,6,feu_rouge_devant,Situation maîtrisée
117.95,238.7,0.0,SAFE,6,feu_rouge_devant,Situation maîtrisée
118.00,238.7,0.0,SAFE,6,feu_rouge_devant,Situation maîtrisée
118.05,238.7,0.0,SAFE,6,feu_rouge_devant,Situation maîtrisée
118.10,238.7,0.0,SAFE,6,feu_rouge_devant,Situation maîtrisée
118.15,238.7,0.0,SAFE,6,feu_rouge_devant,Situation maîtrisée
118.20,238.7,0.0,SAFE,6,feu_rouge_devant,Situation maîtrisée
118.25,238.7,0.0,SAFE,6,feu_rouge_devant,Situation maîtrisée
118.30,238.7,0.0,SAFE,6,feu_rouge_devant,Situation maîtrisée
118.35,238.7,0.0,SAFE,6,feu_rouge_devant,Situation maîtrisée
118.40,238.7,0.0,SAFE,6,feu_rouge_devant,Situation maîtrisée
118.45,238.7,0.0,SAFE,6,feu_rouge_devant,Situation maîtrisée
118.50,238.7,0.0,SAFE,6,feu_rouge_devant,Situation maîtrisée
118.55,238.7,0.0,SAFE,6,feu_rouge_devant,Situation maîtrisée
118.60,238.7,0.0,SAFE,6,feu_rouge_devant,Situation maîtrisée
118.65,238.7,0.0,SAFE,6,feu_rouge_devant,Situation maîtrisée
118.70,238.7,0.0,SAFE,6,feu_rouge_devant,Situation maîtrisée
118.75,238.7,0.0,SAFE,6,feu_rouge_devant,Situation maîtrisée
118.80,238.7,0.0,SAFE,6,feu_rouge_devant,Situation maîtrisée
118.85,238.7,0.0,SAFE,6,feu_rouge_devant,Situation maîtrisée
118.90,238.7,0.0,SAFE,6,feu_rouge_devant,Situation maîtrisée
118.95,238.7,0.0,SAFE,6,feu_rouge_devant,Situation maîtrisée
119.00,238.7,0.0,SAFE,6,feu_rouge_devant,Situation maîtrisée
119.05,238.7,0.0,SAFE,6,feu_rouge_devant,Situation maîtrisée
119.10,238.7,0.0,SAFE,6,feu_rouge_devant,Situation maîtrisée
119.15,238.7,0.0,SAFE,6,feu_rouge_devant,Situation maîtrisée
119.20,238.7,0.0,SAFE,6,feu_rouge_devant,Situation maîtrisée
119.25,238.7,0.0,SAFE,6,feu_rouge_devant,Situation maîtrisée
119.30,238.7,0.0,SAFE,6,feu_rouge_devant,Situation maîtrisée
119.35,238.7,0.0,SAFE,6,feu_rouge_devant,Situation maîtrisée
119.40,238.7,0.0,SAFE,6,feu_rouge_devant,Situation maîtrisée
119.45,238.7,0.0,SAFE,6,feu_rouge_devant,Situation maîtrisée
119.50,238.7,0.0,SAFE,6,feu_rouge_devant,Situation maîtrisée
119.55,238.7,0.0,SAFE,6,feu_rouge_devant,Situation maîtrisée
119.60,238.7,0.0,SAFE,6,feu_rouge_devant,Situation maîtrisée
119.65,238.7,0.0,SAFE,6,feu_rouge_devant,Situation maîtrisée
119.70,238.7,0.0,SAFE,6,feu_rouge_devant,Situation maîtrisée
119.75,238.7,0.0,SAFE,6,feu_rouge_devant,Situation maîtrisée
119.80,238.7,0.0,SAFE,6,feu_rouge_devant,Situation maîtrisée
119.85,238.7,0.0,SAFE,6,feu_rouge_devant,Situation maîtrisée
119.90,238.7,0.0,SAFE,6,feu_rouge_devant,Situation maîtrisée
119.95,238.7,0.0,SAFE,6,feu_rouge_devant,Situation maîtrisée
120.00,238.7,0.0,SAFE,6,feu_rouge_devant,Situation maîtrisée
120.05,238.7,0.0,SAFE,6,feu_rouge_devant,Situation maîtrisée
120.10,238.7,0.0,SAFE,6,feu_rouge_devant,Situation maîtrisée
120.15,238.7,0.0,SAFE,6,feu_rouge_devant,Situation maîtrisée
120.20,238.7,0.0,SAFE,6,feu_rouge_devant,Situation maîtrisée
120.25,238.7,0.0,SAFE,6,feu_rouge_devant,Situation maîtrisée
120.30,238.7,0.0,SAFE,5,feu_rouge_devant,Situation maîtrisée
120.35,238.7,0.0,SAFE,5,feu_rouge_devant,Situation maîtrisée
120.40,238.7,0.0,SAFE,5,feu_rouge_devant,Situation maîtrisée
120.45,238.7,0.0,SAFE,5,feu_rouge_devant,Situation maîtrisée
120.50,238.7,0.0,SAFE,5,feu_rouge_devant,Situation maîtrisée
120.55,238.7,0.0,SAFE,5,feu_rouge_devant,Situation maîtrisée
120.60,238.7,0.0,SAFE,5,feu_rouge_devant,Situation maîtrisée
120.65,238.7,0.0,SAFE,5,feu_rouge_devant,Situation maîtrisée
120.70,238.7,0.0,SAFE,5,feu_rouge_devant,Situation maîtrisée
120.75,238.7,0.0,SAFE,5,feu_rouge_devant,Situation maîtrisée
120.80,238.7,0.0,SAFE,5,feu_rouge_devant,Situation maîtrisée
120.85,238.7,0.0,SAFE,5,feu_rouge_devant,Situation maîtrisée
120.90,238.7,0.0,SAFE,5,feu_rouge_devant,Situation maîtrisée
120.95,238.7,0.0,SAFE,5,feu_rouge_devant,Situation maîtrisée
121.00,238.7,0.0,SAFE,5,feu_rouge_devant,Situation maîtrisée
121.05,238.7,0.0,SAFE,5,feu_rouge_devant,Situation maîtrisée
121.10,238.7,0.0,SAFE,5,feu_rouge_devant,Situation maîtrisée
121.15,238.7,0.0,SAFE,5,feu_rouge_devant,Situation maîtrisée
121.20,238.7,0.0,SAFE,5,feu_rouge_devant,Situation maîtrisée
121.25,238.7,0.0,SAFE,5,feu_rouge_devant,Situation maîtrisée
121.30,238.7,0.0,SAFE,5,feu_rouge_devant,Situation maîtrisée
121.35,238.7,0.0,SAFE,5,feu_rouge_devant,Situation maîtrisée
121.40,238.7,0.0,SAFE,5,feu_rouge_devant,Situation maîtrisée
121.45,238.7,0.0,SAFE,5,feu_rouge_devant,Situation maîtrisée
121.50,238.7,0.0,SAFE,5,feu_rouge_devant,Situation maîtrisée
121.55,238.7,0.0,SAFE,5,feu_rouge_devant,Situation maîtrisée
121.60,238.7,0.0,SAFE,5,feu_rouge_devant,Situation maîtrisée
121.65,238.7,0.0,SAFE,5,feu_rouge_devant,Situation maîtrisée
121.70,238.7,0.0,SAFE,5,feu_rouge_devant,Situation maîtrisée
121.75,238.7,0.0,SAFE,5,feu_rouge_devant,Situation maîtrisée
121.80,238.7,0.0,SAFE,5,feu_rouge_devant,Situation maîtrisée
121.85,238.7,0.0,SAFE,5,feu_rouge_devant,Situation maîtrisée
121.90,238.7,0.0,SAFE,5,feu_rouge_devant,Situation maîtrisée
121.95,238.7,0.0,SAFE,5,feu_rouge_devant,Situation maîtrisée
122.00,238.7,0.0,SAFE,5,feu_rouge_devant,Situation maîtrisée
122.05,238.7,0.0,SAFE,5,feu_rouge_devant,Situation maîtrisée
122.10,238.7,0.0,SAFE,5,feu_rouge_devant,Situation maîtrisée
122.15,238.7,0.0,SAFE,5,feu_rouge_devant,Situation maîtrisée
122.20,238.7,0.0,SAFE,5,feu_rouge_devant,Situation maîtrisée
122.25,238.7,0.0,SAFE,5,feu_rouge_devant,Situation maîtrisée
122.30,238.7,0.0,SAFE,5,feu_rouge_devant,Situation maîtrisée
122.35,238.7,0.0,SAFE,5,feu_rouge_devant,Situation maîtrisée
122.40,238.7,0.0,SAFE,5,feu_rouge_devant,Situation maîtrisée
122.45,238.7,0.0,SAFE,5,feu_rouge_devant,Situation maîtrisée
122.50,238.7,0.0,SAFE,5,feu_rouge_devant,Situation maîtrisée
122.55,238.7,0.0,SAFE,5,feu_rouge_devant,Situation maîtrisée
122.60,238.7,0.0,SAFE,5,feu_rouge_devant,Situation maîtrisée
122.65,238.7,0.0,SAFE,5,feu_rouge_devant,Situation maîtrisée
122.70,238.7,0.0,SAFE,5,feu_rouge_devant,Situation maîtrisée
122.75,238.7,0.0,SAFE,5,feu_rouge_devant,Situation maîtrisée
122.80,238.7,0.0,SAFE,5,feu_rouge_devant,Situation maîtrisée
122.85,238.7,0.0,SAFE,5,feu_rouge_devant,Situation maîtrisée
122.90,238.7,0.0,SAFE,5,feu_rouge_devant,Situation maîtrisée
122.95,238.7,0.0,SAFE,5,feu_rouge_devant,Situation maîtrisée
123.00,238.7,0.0,SAFE,5,feu_rouge_devant,Situation maîtrisée
123.05,238.7,0.0,SAFE,5,feu_rouge_devant,Situation maîtrisée
123.10,238.7,0.0,SAFE,4,feu_rouge_devant,Situation maîtrisée
123.15,238.7,0.0,SAFE,4,feu_rouge_devant,Situation maîtrisée
123.20,238.7,0.0,SAFE,4,feu_rouge_devant,Situation maîtrisée
123.25,238.7,0.0,SAFE,4,feu_rouge_devant,Situation maîtrisée
123.30,238.7,0.0,SAFE,4,feu_rouge_devant,Situation maîtrisée
123.35,238.7,0.0,SAFE,4,feu_rouge_devant,Situation maîtrisée
123.40,238.7,0.0,SAFE,4,feu_rouge_devant,Situation maîtrisée
123.45,238.7,0.0,SAFE,4,feu_rouge_devant,Situation maîtrisée
123.50,238.7,0.0,SAFE,4,feu_rouge_devant,Situation maîtrisée
123.55,238.7,0.0,SAFE,4,feu_rouge_devant,Situation maîtrisée
123.60,238.7,0.0,SAFE,4,feu_rouge_devant,Situation maîtrisée
123.65,238.7,0.0,SAFE,5,feu_rouge_devant,Situation maîtrisée
123.70,238.7,0.0,SAFE,5,feu_rouge_devant,Situation maîtrisée
123.75,238.7,0.0,SAFE,5,feu_rouge_devant,Situation maîtrisée
123.80,238.7,0.0,SAFE,5,feu_rouge_devant,Situation maîtrisée
123.85,238.7,0.0,SAFE,5,feu_rouge_devant,Situation maîtrisée
123.90,238.7,0.0,SAFE,5,feu_rouge_devant,Situation maîtrisée
123.95,238.7,0.0,SAFE,5,feu_rouge_devant,Situation maîtrisée
124.00,238.7,0.0,SAFE,5,feu_rouge_devant,Situation maîtrisée
124.05,238.7,0.0,SAFE,5,feu_rouge_devant,Situation maîtrisée
124.10,238.7,0.0,SAFE,5,feu_rouge_devant,Situation maîtrisée
124.15,238.7,0.0,SAFE,5,feu_rouge_devant,Situation maîtrisée
124.20,238.7,0.0,SAFE,5,feu_rouge_devant,Situation maîtrisée
124.25,238.7,0.0,SAFE,5,feu_rouge_devant,Situation maîtrisée
124.30,238.7,0.0,SAFE,5,feu_rouge_devant,Situation maîtrisée
124.35,238.7,0.0,SAFE,5,feu_rouge_devant,Situation maîtrisée
124.40,238.7,0.0,SAFE,5,feu_rouge_devant,Situation maîtrisée
124.45,238.7,0.0,SAFE,5,feu_rouge_devant,Situation maîtrisée
124.50,238.7,0.0,SAFE,5,feu_rouge_devant,Situation maîtrisée
124.55,238.7,0.0,SAFE,5,feu_rouge_devant,Situation maîtrisée
124.60,238.7,0.0,SAFE,5,feu_rouge_devant,Situation maîtrisée
124.65,238.7,0.0,SAFE,5,feu_rouge_devant,Situation maîtrisée
124.70,238.7,0.0,SAFE,5,feu_rouge_devant,Situation maîtrisée
124.75,238.7,0.0,SAFE,5,feu_rouge_devant,Situation maîtrisée
124.80,238.7,0.0,SAFE,5,feu_rouge_devant,Situation maîtrisée
124.85,238.7,0.0,SAFE,5,feu_rouge_devant,Situation maîtrisée
124.90,238.7,0.0,SAFE,5,feu_rouge_devant,Situation maîtrisée
124.95,238.7,0.0,SAFE,5,feu_rouge_devant,Situation maîtrisée
125.00,238.7,0.0,SAFE,5,feu_rouge_devant,Situation maîtrisée
125.05,238.7,0.0,SAFE,5,feu_rouge_devant,Situation maîtrisée
125.10,238.7,0.0,SAFE,5,feu_rouge_devant,Situation maîtrisée
125.15,238.7,0.0,SAFE,5,feu_rouge_devant,Situation maîtrisée
125.20,238.7,0.0,SAFE,5,feu_rouge_devant,Situation maîtrisée
125.25,238.7,0.0,SAFE,5,feu_rouge_devant,Situation maîtrisée
125.30,238.7,0.0,SAFE,5,feu_rouge_devant,Situation maîtrisée
125.35,238.7,0.0,SAFE,5,feu_rouge_devant,Situation maîtrisée
125.40,238.7,0.0,SAFE,5,feu_rouge_devant,Situation maîtrisée
125.45,238.7,0.0,SAFE,5,feu_rouge_devant,Situation maîtrisée
125.50,238.7,0.0,SAFE,5,feu_rouge_devant,Situation maîtrisée
125.55,238.7,0.0,SAFE,5,feu_rouge_devant,Situation maîtrisée
125.60,238.7,0.0,SAFE,5,feu_rouge_devant,Situation maîtrisée
125.65,238.7,0.0,SAFE,5,feu_rouge_devant,Situation maîtrisée
125.70,238.7,0.0,SAFE,5,feu_rouge_devant,Situation maîtrisée
125.75,238.7,0.0,SAFE,5,feu_rouge_devant,Situation maîtrisée
125.80,238.7,0.0,SAFE,5,feu_rouge_devant,Situation maîtrisée
125.85,238.7,0.0,SAFE,5,feu_rouge_devant,Situation maîtrisée
125.90,238.7,0.0,SAFE,5,feu_rouge_devant,Situation maîtrisée
125.95,238.7,0.0,SAFE,5,feu_rouge_devant,Situation maîtrisée
126.00,238.7,0.0,SAFE,5,feu_rouge_devant,Situation maîtrisée
126.05,238.7,0.0,SAFE,5,feu_rouge_devant,Situation maîtrisée
126.10,238.7,0.0,SAFE,5,feu_rouge_devant,Situation maîtrisée
126.15,238.7,0.0,SAFE,5,feu_rouge_devant,Situation maîtrisée
126.20,238.7,0.0,SAFE,5,feu_rouge_devant,Situation maîtrisée
126.25,238.7,0.0,SAFE,5,feu_rouge_devant,Situation maîtrisée
126.30,238.7,0.0,SAFE,5,feu_rouge_devant,Situation maîtrisée
126.35,238.7,0.0,SAFE,5,feu_rouge_devant,Situation maîtrisée
126.40,238.7,0.0,SAFE,5,feu_rouge_devant,Situation maîtrisée
126.45,238.7,0.0,SAFE,5,feu_rouge_devant,Situation maîtrisée
126.50,238.7,0.0,SAFE,5,feu_rouge_devant,Situation maîtrisée
126.55,238.7,0.0,SAFE,5,feu_rouge_devant,Situation maîtrisée
126.60,238.7,0.0,SAFE,5,feu_rouge_devant,Situation maîtrisée
126.65,238.7,0.0,SAFE,5,feu_rouge_devant,Situation maîtrisée
126.70,238.7,0.0,SAFE,5,feu_rouge_devant,Situation maîtrisée
126.75,238.7,0.0,SAFE,5,feu_rouge_devant,Situation maîtrisée
126.80,238.7,0.0,SAFE,5,feu_rouge_devant,Situation maîtrisée
126.85,238.7,0.0,SAFE,5,feu_rouge_devant,Situation maîtrisée
126.90,238.7,0.0,SAFE,5,feu_rouge_devant,Situation maîtrisée
126.95,238.7,0.0,SAFE,5,feu_rouge_devant,Situation maîtrisée
127.00,238.7,0.0,SAFE,5,feu_rouge_devant,Situation maîtrisée
127.05,238.7,0.0,SAFE,5,feu_rouge_devant,Situation maîtrisée
127.10,238.7,0.0,SAFE,5,feu_rouge_devant,Situation maîtrisée
127.15,238.7,0.0,SAFE,5,feu_rouge_devant,Situation maîtrisée
127.20,238.7,0.0,SAFE,5,feu_rouge_devant,Situation maîtrisée
127.25,238.7,0.0,SAFE,5,feu_rouge_devant,Situation maîtrisée
127.30,238.7,0.0,SAFE,5,feu_rouge_devant,Situation maîtrisée
127.35,238.7,0.0,SAFE,5,feu_rouge_devant,Situation maîtrisée
127.40,238.7,0.0,SAFE,5,feu_rouge_devant,Situation maîtrisée
127.45,238.7,0.0,SAFE,5,feu_rouge_devant,Situation maîtrisée
127.50,238.7,0.0,SAFE,5,feu_rouge_devant,Situation maîtrisée
127.55,238.7,0.0,SAFE,5,feu_rouge_devant,Situation maîtrisée
127.60,238.7,0.0,SAFE,5,feu_rouge_devant,Situation maîtrisée
127.65,238.7,0.0,SAFE,5,feu_rouge_devant,Situation maîtrisée
127.70,238.7,0.0,SAFE,5,feu_rouge_devant,Situation maîtrisée
127.75,238.7,0.0,SAFE,5,feu_rouge_devant,Situation maîtrisée
127.80,238.7,0.0,SAFE,5,feu_rouge_devant,Situation maîtrisée
127.85,238.7,0.0,SAFE,5,feu_rouge_devant,Situation maîtrisée
127.90,238.7,0.0,SAFE,5,feu_rouge_devant,Situation maîtrisée
127.95,238.7,0.0,SAFE,5,feu_rouge_devant,Situation maîtrisée
128.00,238.7,0.0,SAFE,5,feu_rouge_devant,Situation maîtrisée
128.05,238.7,0.0,SAFE,5,feu_rouge_devant,Situation maîtrisée
128.10,238.7,0.0,SAFE,5,feu_rouge_devant,Situation maîtrisée
128.15,238.7,0.0,SAFE,5,feu_rouge_devant,Situation maîtrisée
128.20,238.7,0.0,SAFE,5,feu_rouge_devant,Situation maîtrisée
128.25,238.7,0.0,SAFE,5,feu_rouge_devant,Situation maîtrisée
128.30,238.7,0.0,SAFE,5,feu_rouge_devant,Situation maîtrisée
128.35,238.7,0.0,SAFE,5,feu_rouge_devant,Situation maîtrisée
128.40,238.7,0.0,SAFE,5,feu_rouge_devant,Situation maîtrisée
128.45,238.7,0.0,SAFE,5,feu_rouge_devant,Situation maîtrisée
128.50,238.7,0.0,SAFE,5,feu_rouge_devant,Situation maîtrisée
128.55,238.7,0.0,SAFE,5,feu_rouge_devant,Situation maîtrisée
128.60,238.7,0.0,SAFE,5,feu_rouge_devant,Situation maîtrisée
128.65,238.7,0.0,SAFE,5,feu_rouge_devant,Situation maîtrisée
128.70,238.7,0.0,SAFE,5,feu_rouge_devant,Situation maîtrisée
128.75,238.7,0.0,SAFE,5,suivi_vehicule_arrete,Situation maîtrisée
128.80,238.7,0.0,SAFE,5,suivi_vehicule_arrete,Situation maîtrisée
128.85,238.7,0.0,SAFE,5,suivi_vehicule_arrete,Situation maîtrisée
128.90,238.7,0.0,SAFE,5,suivi_vehicule_arrete,Situation maîtrisée
128.95,238.7,0.0,SAFE,5,suivi_vehicule_arrete,Situation maîtrisée
129.00,238.7,0.0,SAFE,5,suivi_vehicule_arrete,Situation maîtrisée
129.05,238.7,0.0,SAFE,5,suivi_vehicule_arrete,Situation maîtrisée
129.10,238.7,0.0,SAFE,5,suivi_vehicule_arrete,Situation maîtrisée
129.15,238.7,0.0,SAFE,5,suivi_vehicule_arrete,Situation maîtrisée
129.20,238.7,0.0,SAFE,5,suivi_vehicule_arrete,Situation maîtrisée
129.25,238.7,0.0,SAFE,5,suivi_vehicule_arrete,Situation maîtrisée
129.30,238.7,0.0,SAFE,5,suivi_vehicule_arrete,Situation maîtrisée
129.35,238.7,0.0,SAFE,5,suivi_vehicule_arrete,Situation maîtrisée
129.40,238.7,0.0,SAFE,5,suivi_vehicule_arrete,Situation maîtrisée
129.45,238.7,0.0,SAFE,5,suivi_vehicule_arrete,Situation maîtrisée
129.50,238.7,0.0,SAFE,5,suivi_vehicule_arrete,Situation maîtrisée
129.55,238.7,0.0,SAFE,5,suivi_vehicule_arrete,Situation maîtrisée
129.60,238.7,0.0,SAFE,5,suivi_vehicule_arrete,Situation maîtrisée
129.65,238.7,0.0,SAFE,5,suivi_vehicule_arrete,Situation maîtrisée
129.70,238.7,0.0,SAFE,5,suivi_vehicule_arrete,Situation maîtrisée
129.75,238.7,0.0,SAFE,5,suivi_vehicule_arrete,Situation maîtrisée
129.80,238.7,0.0,SAFE,5,suivi_vehicule_arrete,Situation maîtrisée
129.85,238.7,0.0,SAFE,5,suivi_vehicule_arrete,Situation maîtrisée
129.90,238.7,0.0,SAFE,5,suivi_vehicule_arrete,Situation maîtrisée
129.95,238.7,0.0,SAFE,5,suivi_vehicule_arrete,Situation maîtrisée
130.00,238.7,0.0,SAFE,5,suivi_vehicule_arrete,Situation maîtrisée
130.05,238.7,0.0,SAFE,5,suivi_vehicule_arrete,Situation maîtrisée
130.10,238.7,0.0,SAFE,5,suivi_vehicule_arrete,Situation maîtrisée
130.15,238.7,0.0,SAFE,5,suivi_vehicule_arrete,Situation maîtrisée
130.20,238.7,0.0,SAFE,5,suivi_vehicule_arrete,Situation maîtrisée
130.25,238.7,0.0,SAFE,5,suivi_vehicule_arrete,Situation maîtrisée
130.30,238.7,0.0,SAFE,5,suivi_vehicule_arrete,Situation maîtrisée
130.35,238.7,0.0,SAFE,4,suivi_vehicule_arrete,Situation maîtrisée
130.40,238.7,0.0,SAFE,4,suivi_vehicule_arrete,Situation maîtrisée
130.45,238.7,0.0,SAFE,4,suivi_vehicule_arrete,Situation maîtrisée
130.50,238.7,0.0,SAFE,5,suivi_vehicule_arrete,Situation maîtrisée
130.55,238.7,0.0,SAFE,5,suivi_vehicule_arrete,Situation maîtrisée
130.60,238.7,0.0,SAFE,5,suivi_vehicule_arrete,Situation maîtrisée
130.65,238.7,0.0,SAFE,5,suivi_vehicule_arrete,Situation maîtrisée
130.70,238.7,0.0,SAFE,5,suivi_vehicule_arrete,Situation maîtrisée
130.75,238.7,0.0,SAFE,5,suivi_vehicule_arrete,Situation maîtrisée
130.80,238.7,0.0,SAFE,5,suivi_vehicule_arrete,Situation maîtrisée
130.85,238.7,0.0,SAFE,5,suivi_vehicule_arrete,Situation maîtrisée
130.90,238.7,0.0,SAFE,5,suivi_vehicule_arrete,Situation maîtrisée
130.95,238.7,0.0,SAFE,5,suivi_vehicule_arrete,Situation maîtrisée
131.00,238.7,0.0,SAFE,5,suivi_vehicule_arrete,Situation maîtrisée
131.05,238.7,0.0,SAFE,5,suivi_vehicule_arrete,Situation maîtrisée
131.10,238.7,0.0,SAFE,5,suivi_vehicule_arrete,Situation maîtrisée
131.15,238.7,0.0,SAFE,5,suivi_vehicule_arrete,Situation maîtrisée
131.20,238.7,0.0,SAFE,4,suivi_vehicule_arrete,Situation maîtrisée
131.25,238.7,0.0,SAFE,4,suivi_vehicule_arrete,Situation maîtrisée
131.30,238.7,0.0,SAFE,4,suivi_vehicule_arrete,Situation maîtrisée
131.35,238.7,0.0,SAFE,4,suivi_vehicule_arrete,Situation maîtrisée
131.40,238.7,0.0,SAFE,4,suivi_vehicule_arrete,Situation maîtrisée
131.45,238.7,0.0,SAFE,4,suivi_vehicule_arrete,Situation maîtrisée
131.50,238.7,0.0,SAFE,4,suivi_vehicule_arrete,Situation maîtrisée
131.55,238.7,0.2,CRITICAL,4,moteur:proportionnel,Vigilance — situation à la limite
131.60,238.7,0.0,SAFE,4,anti_chattering,Situation maîtrisée
131.65,238.7,0.0,SAFE,4,anti_chattering,Situation maîtrisée
131.70,238.7,0.0,SAFE,4,anti_chattering,Situation maîtrisée
131.75,238.7,0.0,SAFE,4,anti_chattering,Situation maîtrisée
131.80,238.7,0.0,SAFE,4,anti_chattering,Situation maîtrisée
131.85,238.7,0.0,SAFE,4,anti_chattering,Situation maîtrisée
131.90,238.7,0.0,SAFE,4,anti_chattering,Situation maîtrisée
131.95,238.7,0.0,SAFE,4,anti_chattering,Situation maîtrisée
132.00,238.7,0.0,SAFE,4,anti_chattering,Situation maîtrisée
132.05,238.7,0.0,SAFE,4,anti_chattering,Situation maîtrisée
132.10,238.7,0.0,SAFE,4,anti_chattering,Situation maîtrisée
132.15,238.7,0.0,SAFE,4,anti_chattering,Situation maîtrisée
132.20,238.7,0.0,SAFE,4,anti_chattering,Situation maîtrisée
132.25,238.7,0.0,SAFE,4,anti_chattering,Situation maîtrisée
132.30,238.7,0.0,SAFE,4,anti_chattering,Situation maîtrisée
132.35,238.7,0.0,SAFE,4,,Situation maîtrisée
132.40,238.7,0.0,SAFE,4,,Situation maîtrisée
132.45,238.7,0.0,SAFE,4,,Situation maîtrisée
132.50,238.7,0.3,CRITICAL,4,moteur:proportionnel,Vigilance — situation à la limite
132.55,238.7,0.0,SAFE,4,anti_chattering,Situation maîtrisée
132.60,238.7,0.0,SAFE,4,anti_chattering,Situation maîtrisée
132.65,238.7,0.0,SAFE,4,anti_chattering,Situation maîtrisée
132.70,238.7,0.0,SAFE,4,anti_chattering,Situation maîtrisée
132.75,238.7,0.0,SAFE,4,anti_chattering,Situation maîtrisée
132.80,238.7,0.0,SAFE,4,anti_chattering,Situation maîtrisée
132.85,238.7,0.0,SAFE,4,anti_chattering,Situation maîtrisée
132.90,238.7,0.0,SAFE,4,anti_chattering,Situation maîtrisée
132.95,238.7,0.0,SAFE,4,anti_chattering,Situation maîtrisée
133.00,238.7,0.0,SAFE,4,anti_chattering,Situation maîtrisée
133.05,238.7,0.0,SAFE,4,anti_chattering,Situation maîtrisée
133.10,238.7,0.0,SAFE,4,anti_chattering,Situation maîtrisée
133.15,238.7,0.0,SAFE,4,anti_chattering,Situation maîtrisée
133.20,238.7,0.0,SAFE,4,anti_chattering,Situation maîtrisée
133.25,238.7,0.0,SAFE,4,anti_chattering,Situation maîtrisée
133.30,238.7,0.0,SAFE,4,,Situation maîtrisée
133.35,238.7,0.0,SAFE,4,,Situation maîtrisée
133.40,238.7,0.0,SAFE,4,,Situation maîtrisée
133.45,238.7,0.3,SAFE,4,,Situation maîtrisée
133.50,238.7,0.6,SAFE,4,,Situation maîtrisée
133.55,238.7,1.3,SAFE,4,,Situation maîtrisée
133.60,238.7,2.0,SAFE,4,,Situation maîtrisée
133.65,238.7,2.7,SAFE,4,,Situation maîtrisée
133.70,238.8,3.6,SAFE,4,,Situation maîtrisée
133.75,238.8,4.4,SAFE,4,,Situation maîtrisée
133.80,238.9,5.2,SAFE,4,,Situation maîtrisée
133.85,239.0,6.0,SAFE,4,,Situation maîtrisée
133.90,239.1,6.8,SAFE,4,,Situation maîtrisée
133.95,239.2,7.6,SAFE,4,,Situation maîtrisée
134.00,239.3,8.4,SAFE,4,,Situation maîtrisée
134.05,239.4,9.3,SAFE,4,,Situation maîtrisée
134.10,239.6,10.1,SAFE,4,,Situation maîtrisée
134.15,239.7,10.9,SAFE,4,,Situation maîtrisée
134.20,239.9,11.7,SAFE,4,,Situation maîtrisée
134.25,240.0,12.5,SAFE,4,,Situation maîtrisée
134.30,240.2,13.2,CRITICAL,4,moteur:proportionnel,FREINEZ de 13 km/h  (13 -> 0 km/h)
134.35,240.4,13.6,CRITICAL,4,moteur:proportionnel,FREINEZ de 14 km/h  (14 -> 0 km/h)
134.40,240.6,13.6,CRITICAL,4,moteur:proportionnel,FREINEZ de 14 km/h  (14 -> 0 km/h)
134.45,240.8,13.2,CRITICAL,4,moteur:proportionnel,FREINEZ de 13 km/h  (13 -> 0 km/h)
134.50,240.9,12.5,CRITICAL,4,moteur:proportionnel,FREINEZ de 13 km/h  (13 -> 0 km/h)
134.55,241.1,11.8,SAFE,4,anti_chattering,Situation maîtrisée
134.60,241.3,11.0,SAFE,4,anti_chattering,Situation maîtrisée
134.65,241.4,10.2,SAFE,4,anti_chattering,Situation maîtrisée
134.70,241.6,9.5,SAFE,4,anti_chattering,Situation maîtrisée
134.75,241.7,8.7,SAFE,4,anti_chattering,Situation maîtrisée
134.80,241.8,7.9,SAFE,4,anti_chattering,Situation maîtrisée
134.85,241.9,4.3,SAFE,4,anti_chattering,Situation maîtrisée
134.90,241.9,0.0,SAFE,4,anti_chattering,Situation maîtrisée
134.95,241.9,0.0,SAFE,4,anti_chattering,Situation maîtrisée
135.00,241.9,0.0,SAFE,4,anti_chattering,Situation maîtrisée
135.05,241.9,0.0,SAFE,5,anti_chattering,Situation maîtrisée
135.10,241.9,0.0,SAFE,5,anti_chattering,Situation maîtrisée
135.15,241.9,0.0,SAFE,5,anti_chattering,Situation maîtrisée
135.20,241.9,0.0,SAFE,5,anti_chattering,Situation maîtrisée
135.25,241.9,0.0,SAFE,5,anti_chattering,Situation maîtrisée
135.30,241.9,0.0,SAFE,5,,Situation maîtrisée
135.35,241.9,0.0,SAFE,5,,Situation maîtrisée
135.40,241.9,0.0,SAFE,5,,Situation maîtrisée
135.45,241.9,0.3,SAFE,5,,Situation maîtrisée
135.50,241.9,0.9,SAFE,5,,Situation maîtrisée
135.55,241.9,1.5,SAFE,5,,Situation maîtrisée
135.60,242.0,2.1,SAFE,5,,Situation maîtrisée
135.65,242.0,2.9,SAFE,5,,Situation maîtrisée
135.70,242.0,3.6,SAFE,5,,Situation maîtrisée
135.75,242.1,4.4,SAFE,5,,Situation maîtrisée
135.80,242.2,5.3,SAFE,5,,Situation maîtrisée
135.85,242.2,6.0,SAFE,5,,Situation maîtrisée
135.90,242.3,6.9,SAFE,5,,Situation maîtrisée
135.95,242.4,7.7,SAFE,5,,Situation maîtrisée
136.00,242.5,8.5,SAFE,5,,Situation maîtrisée
136.05,242.7,9.3,SAFE,5,,Situation maîtrisée
136.10,242.8,10.2,SAFE,5,,Situation maîtrisée
136.15,243.0,11.0,SAFE,5,,Situation maîtrisée
136.20,243.1,11.8,SAFE,5,,Situation maîtrisée
136.25,243.3,12.5,SAFE,5,,Situation maîtrisée
136.30,243.5,13.2,WATCH,5,moteur:proportionnel,Ralentissez de 13 km/h  (13 -> 0 km/h)
136.35,243.7,13.7,WATCH,5,moteur:proportionnel,Ralentissez de 14 km/h  (14 -> 0 km/h)
136.40,243.8,13.8,WATCH,5,moteur:proportionnel,Ralentissez de 14 km/h  (14 -> 0 km/h)
136.45,244.0,13.7,CRITICAL,5,moteur:proportionnel,FREINEZ de 14 km/h  (14 -> 0 km/h)
136.50,244.2,13.3,WATCH,5,moteur:proportionnel,Ralentissez de 13 km/h  (13 -> 0 km/h)
136.55,244.4,12.7,WATCH,5,moteur:proportionnel,Ralentissez de 13 km/h  (13 -> 0 km/h)
136.60,244.6,12.0,WATCH,5,moteur:proportionnel,Ralentissez de 12 km/h  (12 -> 0 km/h)
136.65,244.7,11.2,SAFE,5,anti_chattering,Situation maîtrisée
136.70,244.9,10.4,SAFE,5,anti_chattering,Situation maîtrisée
136.75,245.0,9.6,SAFE,5,anti_chattering,Situation maîtrisée
136.80,245.1,8.8,SAFE,5,anti_chattering,Situation maîtrisée
136.85,245.3,8.1,SAFE,5,anti_chattering,Situation maîtrisée
136.90,245.4,6.0,CRITICAL,5,moteur:proportionnel,FREINEZ de 6 km/h  (6 -> 0 km/h)
136.95,245.4,1.3,SAFE,5,anti_chattering,Situation maîtrisée
137.00,245.4,0.0,SAFE,5,anti_chattering,Situation maîtrisée
137.05,245.4,0.0,SAFE,5,anti_chattering,Situation maîtrisée
137.10,245.4,0.0,SAFE,5,anti_chattering,Situation maîtrisée
137.15,245.4,0.0,SAFE,5,anti_chattering,Situation maîtrisée
137.20,245.4,0.0,SAFE,5,anti_chattering,Situation maîtrisée
137.25,245.4,0.0,SAFE,5,anti_chattering,Situation maîtrisée
137.30,245.4,0.0,SAFE,5,anti_chattering,Situation maîtrisée
137.35,245.4,0.0,SAFE,5,anti_chattering,Situation maîtrisée
137.40,245.4,0.0,SAFE,4,anti_chattering,Situation maîtrisée
137.45,245.4,0.0,SAFE,4,anti_chattering,Situation maîtrisée
137.50,245.4,0.0,SAFE,4,anti_chattering,Situation maîtrisée
137.55,245.4,0.0,SAFE,4,anti_chattering,Situation maîtrisée
137.60,245.4,0.0,SAFE,4,anti_chattering,Situation maîtrisée
137.65,245.4,0.0,SAFE,4,moteur:physique,Situation maîtrisée
137.70,245.4,0.0,SAFE,4,moteur:physique,Situation maîtrisée
137.75,245.4,0.0,SAFE,4,moteur:physique,Situation maîtrisée
137.80,245.4,0.0,SAFE,4,moteur:physique,Situation maîtrisée
137.85,245.4,0.3,SAFE,4,moteur:physique,Situation maîtrisée
137.90,245.4,0.6,SAFE,4,moteur:physique,Situation maîtrisée
137.95,245.4,1.3,SAFE,4,moteur:physique,Situation maîtrisée
138.00,245.5,2.2,SAFE,4,moteur:physique,Situation maîtrisée
138.05,245.5,2.9,SAFE,4,moteur:physique,Situation maîtrisée
138.10,245.5,3.6,SAFE,4,moteur:physique,Situation maîtrisée
138.15,245.6,4.3,SAFE,4,moteur:physique,Situation maîtrisée
138.20,245.7,5.2,SAFE,4,moteur:physique,Situation maîtrisée
138.25,245.7,6.0,SAFE,4,feu_rouge_devant,Situation maîtrisée
138.30,245.8,6.8,SAFE,4,feu_rouge_devant,Situation maîtrisée
138.35,245.9,6.8,SAFE,4,feu_rouge_devant,Situation maîtrisée
138.40,246.0,6.5,SAFE,4,feu_rouge_devant,Situation maîtrisée
138.45,246.1,2.5,SAFE,4,feu_rouge_devant,Situation maîtrisée
138.50,246.1,0.0,SAFE,4,feu_rouge_devant,Situation maîtrisée
138.55,246.1,0.0,SAFE,4,feu_rouge_devant,Situation maîtrisée
138.60,246.1,0.0,SAFE,3,feu_rouge_devant,Situation maîtrisée
138.65,246.1,0.0,SAFE,3,feu_rouge_devant,Situation maîtrisée
138.70,246.1,0.0,SAFE,3,feu_rouge_devant,Situation maîtrisée
138.75,246.1,0.0,SAFE,3,feu_rouge_devant,Situation maîtrisée
138.80,246.1,0.0,SAFE,3,feu_rouge_devant,Situation maîtrisée
138.85,246.1,0.0,SAFE,3,feu_rouge_devant,Situation maîtrisée
138.90,246.1,0.0,SAFE,3,feu_rouge_devant,Situation maîtrisée
138.95,246.1,0.0,SAFE,3,feu_rouge_devant,Situation maîtrisée
139.00,246.1,0.0,SAFE,3,feu_rouge_devant,Situation maîtrisée
139.05,246.1,0.0,SAFE,3,feu_rouge_devant,Situation maîtrisée
139.10,246.1,0.0,SAFE,3,feu_rouge_devant,Situation maîtrisée
139.15,246.1,0.0,SAFE,3,feu_rouge_devant,Situation maîtrisée
139.20,246.1,0.0,SAFE,3,feu_rouge_devant,Situation maîtrisée
139.25,246.1,0.0,SAFE,3,feu_rouge_devant,Situation maîtrisée
139.30,246.1,0.0,SAFE,3,feu_rouge_devant,Situation maîtrisée
139.35,246.1,0.0,SAFE,3,feu_rouge_devant,Situation maîtrisée
139.40,246.1,0.0,SAFE,3,feu_rouge_devant,Situation maîtrisée
139.45,246.1,0.0,SAFE,3,feu_rouge_devant,Situation maîtrisée
139.50,246.1,0.0,SAFE,3,feu_rouge_devant,Situation maîtrisée
139.55,246.1,0.0,SAFE,3,feu_rouge_devant,Situation maîtrisée
139.60,246.1,0.0,SAFE,3,feu_rouge_devant,Situation maîtrisée
139.65,246.1,0.0,SAFE,3,feu_rouge_devant,Situation maîtrisée
139.70,246.1,0.0,SAFE,3,feu_rouge_devant,Situation maîtrisée
139.75,246.1,0.0,SAFE,3,feu_rouge_devant,Situation maîtrisée
139.80,246.1,0.0,SAFE,3,feu_rouge_devant,Situation maîtrisée
139.85,246.1,0.0,SAFE,3,feu_rouge_devant,Situation maîtrisée
139.90,246.1,0.0,SAFE,3,feu_rouge_devant,Situation maîtrisée
139.95,246.1,0.0,SAFE,3,feu_rouge_devant,Situation maîtrisée
140.00,246.1,0.0,SAFE,3,feu_rouge_devant,Situation maîtrisée
140.05,246.1,0.0,SAFE,3,feu_rouge_devant,Situation maîtrisée
140.10,246.1,0.0,SAFE,3,feu_rouge_devant,Situation maîtrisée
140.15,246.1,0.0,SAFE,3,feu_rouge_devant,Situation maîtrisée
140.20,246.1,0.0,SAFE,3,feu_rouge_devant,Situation maîtrisée
140.25,246.1,0.0,SAFE,3,feu_rouge_devant,Situation maîtrisée
140.30,246.1,0.0,SAFE,3,feu_rouge_devant,Situation maîtrisée
140.35,246.1,0.0,SAFE,3,feu_rouge_devant,Situation maîtrisée
140.40,246.1,0.0,SAFE,3,feu_rouge_devant,Situation maîtrisée
140.45,246.1,0.0,SAFE,3,feu_rouge_devant,Situation maîtrisée
140.50,246.1,0.0,SAFE,3,feu_rouge_devant,Situation maîtrisée
140.55,246.1,0.0,SAFE,3,feu_rouge_devant,Situation maîtrisée
140.60,246.1,0.0,SAFE,2,feu_rouge_devant,Situation maîtrisée
140.65,246.1,0.0,SAFE,2,feu_rouge_devant,Situation maîtrisée
140.70,246.1,0.0,SAFE,2,feu_rouge_devant,Situation maîtrisée
140.75,246.1,0.0,SAFE,2,feu_rouge_devant,Situation maîtrisée
140.80,246.1,0.0,SAFE,2,feu_rouge_devant,Situation maîtrisée
140.85,246.1,0.0,SAFE,2,feu_rouge_devant,Situation maîtrisée
140.90,246.1,0.0,SAFE,2,feu_rouge_devant,Situation maîtrisée
140.95,246.1,0.0,SAFE,2,feu_rouge_devant,Situation maîtrisée
141.00,246.1,0.0,SAFE,2,feu_rouge_devant,Situation maîtrisée
141.05,246.1,0.0,SAFE,2,feu_rouge_devant,Situation maîtrisée
141.10,246.1,0.0,SAFE,2,feu_rouge_devant,Situation maîtrisée
141.15,246.1,0.0,SAFE,2,feu_rouge_devant,Situation maîtrisée
141.20,246.1,0.0,SAFE,2,feu_rouge_devant,Situation maîtrisée
141.25,246.1,0.0,SAFE,2,feu_rouge_devant,Situation maîtrisée
141.30,246.1,0.0,SAFE,2,feu_rouge_devant,Situation maîtrisée
141.35,246.1,0.0,SAFE,2,feu_rouge_devant,Situation maîtrisée
141.40,246.1,0.0,SAFE,2,feu_rouge_devant,Situation maîtrisée
141.45,246.1,0.0,SAFE,2,feu_rouge_devant,Situation maîtrisée
141.50,246.1,0.0,SAFE,2,feu_rouge_devant,Situation maîtrisée
141.55,246.1,0.0,SAFE,2,feu_rouge_devant,Situation maîtrisée
141.60,246.1,0.0,SAFE,2,feu_rouge_devant,Situation maîtrisée
141.65,246.1,0.0,SAFE,2,feu_rouge_devant,Situation maîtrisée
141.70,246.1,0.0,SAFE,2,feu_rouge_devant,Situation maîtrisée
141.75,246.1,0.0,SAFE,2,feu_rouge_devant,Situation maîtrisée
141.80,246.1,0.0,SAFE,2,feu_rouge_devant,Situation maîtrisée
141.85,246.1,0.0,SAFE,2,feu_rouge_devant,Situation maîtrisée
141.90,246.1,0.0,SAFE,2,feu_rouge_devant,Situation maîtrisée
141.95,246.1,0.0,SAFE,2,feu_rouge_devant,Situation maîtrisée
142.00,246.1,0.0,SAFE,2,feu_rouge_devant,Situation maîtrisée
142.05,246.1,0.0,SAFE,2,feu_rouge_devant,Situation maîtrisée
142.10,246.1,0.0,SAFE,2,feu_rouge_devant,Situation maîtrisée
142.15,246.1,0.0,SAFE,2,feu_rouge_devant,Situation maîtrisée
142.20,246.1,0.0,SAFE,2,feu_rouge_devant,Situation maîtrisée
142.25,246.1,0.0,SAFE,2,feu_rouge_devant,Situation maîtrisée
142.30,246.1,0.0,SAFE,2,feu_rouge_devant,Situation maîtrisée
142.35,246.1,0.0,SAFE,2,feu_rouge_devant,Situation maîtrisée
142.40,246.1,0.0,SAFE,2,feu_rouge_devant,Situation maîtrisée
142.45,246.1,0.0,SAFE,2,feu_rouge_devant,Situation maîtrisée
142.50,246.1,0.0,SAFE,2,feu_rouge_devant,Situation maîtrisée
142.55,246.1,0.0,SAFE,2,feu_rouge_devant,Situation maîtrisée
142.60,246.1,0.0,SAFE,2,feu_rouge_devant,Situation maîtrisée
142.65,246.1,0.0,SAFE,2,feu_rouge_devant,Situation maîtrisée
142.70,246.1,0.0,SAFE,2,feu_rouge_devant,Situation maîtrisée
142.75,246.1,0.0,SAFE,2,feu_rouge_devant,Situation maîtrisée
142.80,246.1,0.0,SAFE,2,feu_rouge_devant,Situation maîtrisée
142.85,246.1,0.0,SAFE,2,feu_rouge_devant,Situation maîtrisée
142.90,246.1,0.0,SAFE,2,feu_rouge_devant,Situation maîtrisée
142.95,246.1,0.0,SAFE,2,feu_rouge_devant,Situation maîtrisée
143.00,246.1,0.0,SAFE,2,feu_rouge_devant,Situation maîtrisée
143.05,246.1,0.0,SAFE,2,feu_rouge_devant,Situation maîtrisée
143.10,246.1,0.0,SAFE,2,feu_rouge_devant,Situation maîtrisée
143.15,246.1,0.0,SAFE,2,feu_rouge_devant,Situation maîtrisée
143.20,246.1,0.0,SAFE,2,feu_rouge_devant,Situation maîtrisée
143.25,246.1,0.0,SAFE,2,feu_rouge_devant,Situation maîtrisée
143.30,246.1,0.0,SAFE,2,feu_rouge_devant,Situation maîtrisée
143.35,246.1,0.0,SAFE,2,feu_rouge_devant,Situation maîtrisée
143.40,246.1,0.0,SAFE,2,feu_rouge_devant,Situation maîtrisée
143.45,246.1,0.0,SAFE,2,feu_rouge_devant,Situation maîtrisée
143.50,246.1,0.0,SAFE,2,feu_rouge_devant,Situation maîtrisée
143.55,246.1,0.0,SAFE,2,feu_rouge_devant,Situation maîtrisée
143.60,246.1,0.0,SAFE,2,feu_rouge_devant,Situation maîtrisée
143.65,246.1,0.0,SAFE,2,feu_rouge_devant,Situation maîtrisée
143.70,246.1,0.0,SAFE,2,feu_rouge_devant,Situation maîtrisée
143.75,246.1,0.0,SAFE,2,feu_rouge_devant,Situation maîtrisée
143.80,246.1,0.0,SAFE,2,feu_rouge_devant,Situation maîtrisée
143.85,246.1,0.0,SAFE,2,feu_rouge_devant,Situation maîtrisée
143.90,246.1,0.0,SAFE,2,feu_rouge_devant,Situation maîtrisée
143.95,246.1,0.0,SAFE,2,feu_rouge_devant,Situation maîtrisée
144.00,246.1,0.0,SAFE,2,feu_rouge_devant,Situation maîtrisée
144.05,246.1,0.0,SAFE,2,feu_rouge_devant,Situation maîtrisée
144.10,246.1,0.0,SAFE,2,feu_rouge_devant,Situation maîtrisée
144.15,246.1,0.0,SAFE,2,feu_rouge_devant,Situation maîtrisée
144.20,246.1,0.0,SAFE,2,feu_rouge_devant,Situation maîtrisée
144.25,246.1,0.0,SAFE,2,feu_rouge_devant,Situation maîtrisée
144.30,246.1,0.0,SAFE,2,feu_rouge_devant,Situation maîtrisée
144.35,246.1,0.0,SAFE,2,feu_rouge_devant,Situation maîtrisée
144.40,246.1,0.0,SAFE,2,feu_rouge_devant,Situation maîtrisée
144.45,246.1,0.0,SAFE,2,feu_rouge_devant,Situation maîtrisée
144.50,246.1,0.0,SAFE,2,feu_rouge_devant,Situation maîtrisée
144.55,246.1,0.0,SAFE,2,feu_rouge_devant,Situation maîtrisée
144.60,246.1,0.0,SAFE,2,feu_rouge_devant,Situation maîtrisée
144.65,246.1,0.0,SAFE,2,feu_rouge_devant,Situation maîtrisée
144.70,246.1,0.0,SAFE,2,feu_rouge_devant,Situation maîtrisée
144.75,246.1,0.0,SAFE,2,feu_rouge_devant,Situation maîtrisée
144.80,246.1,0.0,SAFE,2,feu_rouge_devant,Situation maîtrisée
144.85,246.1,0.0,SAFE,2,feu_rouge_devant,Situation maîtrisée
144.90,246.1,0.0,SAFE,2,feu_rouge_devant,Situation maîtrisée
144.95,246.1,0.0,SAFE,2,feu_rouge_devant,Situation maîtrisée
145.00,246.1,0.0,SAFE,2,feu_rouge_devant,Situation maîtrisée
145.05,246.1,0.0,SAFE,2,feu_rouge_devant,Situation maîtrisée
145.10,246.1,0.0,SAFE,2,feu_rouge_devant,Situation maîtrisée
145.15,246.1,0.0,SAFE,2,feu_rouge_devant,Situation maîtrisée
145.20,246.1,0.0,SAFE,2,feu_rouge_devant,Situation maîtrisée
145.25,246.1,0.0,SAFE,2,feu_rouge_devant,Situation maîtrisée
145.30,246.1,0.0,SAFE,2,feu_rouge_devant,Situation maîtrisée
145.35,246.1,0.0,SAFE,2,feu_rouge_devant,Situation maîtrisée
145.40,246.1,0.0,SAFE,2,feu_rouge_devant,Situation maîtrisée
145.45,246.1,0.0,SAFE,2,feu_rouge_devant,Situation maîtrisée
145.50,246.1,0.0,SAFE,2,feu_rouge_devant,Situation maîtrisée
145.55,246.1,0.0,SAFE,2,feu_rouge_devant,Situation maîtrisée
145.60,246.1,0.0,SAFE,2,feu_rouge_devant,Situation maîtrisée
145.65,246.1,0.0,SAFE,2,feu_rouge_devant,Situation maîtrisée
145.70,246.1,0.0,SAFE,2,feu_rouge_devant,Situation maîtrisée
145.75,246.1,0.0,SAFE,2,feu_rouge_devant,Situation maîtrisée
145.80,246.1,0.0,SAFE,2,feu_rouge_devant,Situation maîtrisée
145.85,246.1,0.0,SAFE,2,feu_rouge_devant,Situation maîtrisée
145.90,246.1,0.0,SAFE,2,feu_rouge_devant,Situation maîtrisée
145.95,246.1,0.0,SAFE,2,feu_rouge_devant,Situation maîtrisée
146.00,246.1,0.0,SAFE,2,feu_rouge_devant,Situation maîtrisée
146.05,246.1,0.0,SAFE,2,feu_rouge_devant,Situation maîtrisée
146.10,246.1,0.0,SAFE,2,feu_rouge_devant,Situation maîtrisée
146.15,246.1,0.0,SAFE,2,feu_rouge_devant,Situation maîtrisée
146.20,246.1,0.0,SAFE,2,feu_rouge_devant,Situation maîtrisée
146.25,246.1,0.0,SAFE,2,feu_rouge_devant,Situation maîtrisée
146.30,246.1,0.0,SAFE,2,feu_rouge_devant,Situation maîtrisée
146.35,246.1,0.0,SAFE,2,feu_rouge_devant,Situation maîtrisée
146.40,246.1,0.0,SAFE,2,feu_rouge_devant,Situation maîtrisée
146.45,246.1,0.0,SAFE,2,feu_rouge_devant,Situation maîtrisée
146.50,246.1,0.0,SAFE,2,feu_rouge_devant,Situation maîtrisée
146.55,246.1,0.0,SAFE,2,feu_rouge_devant,Situation maîtrisée
146.60,246.1,0.0,SAFE,2,feu_rouge_devant,Situation maîtrisée
146.65,246.1,0.0,SAFE,2,feu_rouge_devant,Situation maîtrisée
146.70,246.1,0.0,SAFE,4,feu_rouge_devant,Situation maîtrisée
146.75,246.1,0.0,SAFE,4,feu_rouge_devant,Situation maîtrisée
146.80,246.1,0.0,SAFE,4,feu_rouge_devant,Situation maîtrisée
146.85,246.1,0.0,SAFE,4,feu_rouge_devant,Situation maîtrisée
146.90,246.1,0.0,SAFE,4,feu_rouge_devant,Situation maîtrisée
146.95,246.1,0.0,SAFE,4,feu_rouge_devant,Situation maîtrisée
147.00,246.1,0.0,SAFE,4,feu_rouge_devant,Situation maîtrisée
147.05,246.1,0.0,SAFE,4,feu_rouge_devant,Situation maîtrisée
147.10,246.1,0.0,SAFE,4,feu_rouge_devant,Situation maîtrisée
147.15,246.1,0.0,SAFE,4,feu_rouge_devant,Situation maîtrisée
147.20,246.1,0.0,SAFE,4,feu_rouge_devant,Situation maîtrisée
147.25,246.1,0.0,SAFE,4,feu_rouge_devant,Situation maîtrisée
147.30,246.1,0.0,SAFE,4,feu_rouge_devant,Situation maîtrisée
147.35,246.1,0.0,SAFE,4,feu_rouge_devant,Situation maîtrisée
147.40,246.1,0.0,SAFE,4,feu_rouge_devant,Situation maîtrisée
147.45,246.1,0.0,SAFE,4,feu_rouge_devant,Situation maîtrisée
147.50,246.1,0.0,SAFE,4,feu_rouge_devant,Situation maîtrisée
147.55,246.1,0.0,SAFE,4,feu_rouge_devant,Situation maîtrisée
147.60,246.1,0.0,SAFE,4,feu_rouge_devant,Situation maîtrisée
147.65,246.1,0.0,SAFE,4,feu_rouge_devant,Situation maîtrisée
147.70,246.1,0.0,SAFE,4,feu_rouge_devant,Situation maîtrisée
147.75,246.1,0.0,SAFE,4,feu_rouge_devant,Situation maîtrisée
147.80,246.1,0.0,SAFE,4,feu_rouge_devant,Situation maîtrisée
147.85,246.1,0.0,SAFE,4,feu_rouge_devant,Situation maîtrisée
147.90,246.1,0.0,SAFE,4,feu_rouge_devant,Situation maîtrisée
147.95,246.1,0.0,SAFE,4,feu_rouge_devant,Situation maîtrisée
148.00,246.1,0.0,SAFE,4,feu_rouge_devant,Situation maîtrisée
148.05,246.1,0.0,SAFE,4,feu_rouge_devant,Situation maîtrisée
148.10,246.1,0.0,SAFE,4,feu_rouge_devant,Situation maîtrisée
148.15,246.1,0.0,SAFE,4,feu_rouge_devant,Situation maîtrisée
148.20,246.1,0.0,SAFE,4,feu_rouge_devant,Situation maîtrisée
148.25,246.1,0.0,SAFE,4,feu_rouge_devant,Situation maîtrisée
148.30,246.1,0.0,SAFE,4,feu_rouge_devant,Situation maîtrisée
148.35,246.1,0.0,SAFE,4,feu_rouge_devant,Situation maîtrisée
148.40,246.1,0.0,SAFE,4,feu_rouge_devant,Situation maîtrisée
148.45,246.1,0.0,SAFE,4,feu_rouge_devant,Situation maîtrisée
148.50,246.1,0.0,SAFE,4,feu_rouge_devant,Situation maîtrisée
148.55,246.1,0.0,SAFE,4,feu_rouge_devant,Situation maîtrisée
148.60,246.1,0.0,SAFE,4,feu_rouge_devant,Situation maîtrisée
148.65,246.1,0.0,SAFE,4,feu_rouge_devant,Situation maîtrisée
148.70,246.1,0.0,SAFE,4,feu_rouge_devant,Situation maîtrisée
148.75,246.1,0.0,SAFE,4,feu_rouge_devant,Situation maîtrisée
148.80,246.1,0.0,SAFE,4,feu_rouge_devant,Situation maîtrisée
148.85,246.1,0.0,SAFE,4,feu_rouge_devant,Situation maîtrisée
148.90,246.1,0.0,SAFE,4,feu_rouge_devant,Situation maîtrisée
148.95,246.1,0.0,SAFE,4,feu_rouge_devant,Situation maîtrisée
149.00,246.1,0.0,SAFE,4,feu_rouge_devant,Situation maîtrisée
149.05,246.1,0.0,SAFE,4,feu_rouge_devant,Situation maîtrisée
149.10,246.1,0.0,SAFE,4,feu_rouge_devant,Situation maîtrisée
149.15,246.1,0.0,SAFE,4,feu_rouge_devant,Situation maîtrisée
149.20,246.1,0.0,SAFE,4,feu_rouge_devant,Situation maîtrisée
149.25,246.1,0.0,SAFE,4,feu_rouge_devant,Situation maîtrisée
149.30,246.1,0.0,SAFE,4,feu_rouge_devant,Situation maîtrisée
149.35,246.1,0.0,SAFE,4,feu_rouge_devant,Situation maîtrisée
149.40,246.1,0.0,SAFE,4,feu_rouge_devant,Situation maîtrisée
149.45,246.1,0.0,SAFE,4,feu_rouge_devant,Situation maîtrisée
149.50,246.1,0.0,SAFE,4,feu_rouge_devant,Situation maîtrisée
149.55,246.1,0.0,SAFE,4,feu_rouge_devant,Situation maîtrisée
149.60,246.1,0.0,SAFE,4,feu_rouge_devant,Situation maîtrisée
149.65,246.1,0.0,SAFE,4,feu_rouge_devant,Situation maîtrisée
149.70,246.1,0.0,SAFE,4,feu_rouge_devant,Situation maîtrisée
149.75,246.1,0.0,SAFE,4,feu_rouge_devant,Situation maîtrisée
149.80,246.1,0.0,SAFE,4,feu_rouge_devant,Situation maîtrisée
149.85,246.1,0.0,SAFE,4,feu_rouge_devant,Situation maîtrisée
149.90,246.1,0.0,SAFE,4,feu_rouge_devant,Situation maîtrisée
149.95,246.1,0.0,SAFE,4,feu_rouge_devant,Situation maîtrisée
150.00,246.1,0.0,SAFE,4,feu_rouge_devant,Situation maîtrisée
150.05,246.1,0.0,SAFE,4,feu_rouge_devant,Situation maîtrisée
150.10,246.1,0.0,SAFE,4,feu_rouge_devant,Situation maîtrisée
150.15,246.1,0.0,SAFE,4,feu_rouge_devant,Situation maîtrisée
150.20,246.1,0.0,SAFE,4,feu_rouge_devant,Situation maîtrisée
150.25,246.1,0.0,SAFE,4,feu_rouge_devant,Situation maîtrisée
150.30,246.1,0.0,SAFE,4,feu_rouge_devant,Situation maîtrisée
150.35,246.1,0.0,SAFE,4,feu_rouge_devant,Situation maîtrisée
150.40,246.1,0.0,SAFE,4,feu_rouge_devant,Situation maîtrisée
150.45,246.1,0.0,SAFE,4,feu_rouge_devant,Situation maîtrisée
150.50,246.1,0.0,SAFE,4,feu_rouge_devant,Situation maîtrisée
150.55,246.1,0.0,SAFE,4,feu_rouge_devant,Situation maîtrisée
150.60,246.1,0.0,SAFE,4,feu_rouge_devant,Situation maîtrisée
150.65,246.1,0.0,SAFE,4,feu_rouge_devant,Situation maîtrisée
150.70,246.1,0.0,SAFE,4,feu_rouge_devant,Situation maîtrisée
150.75,246.1,0.0,SAFE,4,feu_rouge_devant,Situation maîtrisée
150.80,246.1,0.0,SAFE,4,feu_rouge_devant,Situation maîtrisée
150.85,246.1,0.0,SAFE,4,feu_rouge_devant,Situation maîtrisée
150.90,246.1,0.0,SAFE,4,feu_rouge_devant,Situation maîtrisée
150.95,246.1,0.0,SAFE,4,feu_rouge_devant,Situation maîtrisée
151.00,246.1,0.0,SAFE,4,feu_rouge_devant,Situation maîtrisée
151.05,246.1,0.0,SAFE,4,feu_rouge_devant,Situation maîtrisée
151.10,246.1,0.0,SAFE,4,feu_rouge_devant,Situation maîtrisée
151.15,246.1,0.0,SAFE,4,feu_rouge_devant,Situation maîtrisée
151.20,246.1,0.0,SAFE,4,feu_rouge_devant,Situation maîtrisée
151.25,246.1,0.0,SAFE,4,feu_rouge_devant,Situation maîtrisée
151.30,246.1,0.0,SAFE,4,feu_rouge_devant,Situation maîtrisée
151.35,246.1,0.0,SAFE,4,feu_rouge_devant,Situation maîtrisée
151.40,246.1,0.0,SAFE,4,feu_rouge_devant,Situation maîtrisée
151.45,246.1,0.0,SAFE,4,feu_rouge_devant,Situation maîtrisée
151.50,246.1,0.0,SAFE,4,feu_rouge_devant,Situation maîtrisée
151.55,246.1,0.0,SAFE,4,feu_rouge_devant,Situation maîtrisée
151.60,246.1,0.0,SAFE,4,feu_rouge_devant,Situation maîtrisée
151.65,246.1,0.0,SAFE,4,feu_rouge_devant,Situation maîtrisée
151.70,246.1,0.0,SAFE,4,feu_rouge_devant,Situation maîtrisée
151.75,246.1,0.0,SAFE,4,feu_rouge_devant,Situation maîtrisée
151.80,246.1,0.0,SAFE,4,feu_rouge_devant,Situation maîtrisée
151.85,246.1,0.0,SAFE,4,feu_rouge_devant,Situation maîtrisée
151.90,246.1,0.0,SAFE,4,feu_rouge_devant,Situation maîtrisée
151.95,246.1,0.0,SAFE,4,feu_rouge_devant,Situation maîtrisée
152.00,246.1,0.0,SAFE,4,feu_rouge_devant,Situation maîtrisée
152.05,246.1,0.0,SAFE,4,feu_rouge_devant,Situation maîtrisée
152.10,246.1,0.0,SAFE,4,feu_rouge_devant,Situation maîtrisée
152.15,246.1,0.0,SAFE,4,feu_rouge_devant,Situation maîtrisée
152.20,246.1,0.0,SAFE,4,feu_rouge_devant,Situation maîtrisée
152.25,246.1,0.0,SAFE,4,feu_rouge_devant,Situation maîtrisée
152.30,246.1,0.0,SAFE,4,feu_rouge_devant,Situation maîtrisée
152.35,246.1,0.0,SAFE,4,feu_rouge_devant,Situation maîtrisée
152.40,246.1,0.0,SAFE,4,feu_rouge_devant,Situation maîtrisée
152.45,246.1,0.0,SAFE,4,feu_rouge_devant,Situation maîtrisée
152.50,246.1,0.0,SAFE,4,feu_rouge_devant,Situation maîtrisée
152.55,246.1,0.0,SAFE,4,feu_rouge_devant,Situation maîtrisée
152.60,246.1,0.0,SAFE,4,feu_rouge_devant,Situation maîtrisée
152.65,246.1,0.0,SAFE,5,feu_rouge_devant,Situation maîtrisée
152.70,246.1,0.0,SAFE,5,feu_rouge_devant,Situation maîtrisée
152.75,246.1,0.0,SAFE,5,feu_rouge_devant,Situation maîtrisée
152.80,246.1,0.0,SAFE,5,feu_rouge_devant,Situation maîtrisée
152.85,246.1,0.0,SAFE,5,feu_rouge_devant,Situation maîtrisée
152.90,246.1,0.0,SAFE,5,feu_rouge_devant,Situation maîtrisée
152.95,246.1,0.0,SAFE,5,feu_rouge_devant,Situation maîtrisée
153.00,246.1,0.0,SAFE,5,feu_rouge_devant,Situation maîtrisée
153.05,246.1,0.0,SAFE,5,feu_rouge_devant,Situation maîtrisée
153.10,246.1,0.0,SAFE,5,feu_rouge_devant,Situation maîtrisée
153.15,246.1,0.0,SAFE,5,feu_rouge_devant,Situation maîtrisée
153.20,246.1,0.0,SAFE,5,feu_rouge_devant,Situation maîtrisée
153.25,246.1,0.0,SAFE,5,feu_rouge_devant,Situation maîtrisée
153.30,246.1,0.0,SAFE,5,feu_rouge_devant,Situation maîtrisée
153.35,246.1,0.0,SAFE,5,feu_rouge_devant,Situation maîtrisée
153.40,246.1,0.0,SAFE,5,feu_rouge_devant,Situation maîtrisée
153.45,246.1,0.0,SAFE,5,feu_rouge_devant,Situation maîtrisée
153.50,246.1,0.0,SAFE,5,feu_rouge_devant,Situation maîtrisée
153.55,246.1,0.0,SAFE,5,feu_rouge_devant,Situation maîtrisée
153.60,246.1,0.0,SAFE,5,feu_rouge_devant,Situation maîtrisée
153.65,246.1,0.0,SAFE,5,feu_rouge_devant,Situation maîtrisée
153.70,246.1,0.0,SAFE,5,feu_rouge_devant,Situation maîtrisée
153.75,246.1,0.0,SAFE,5,feu_rouge_devant,Situation maîtrisée
153.80,246.1,0.0,SAFE,5,feu_rouge_devant,Situation maîtrisée
153.85,246.1,0.0,SAFE,5,feu_rouge_devant,Situation maîtrisée
153.90,246.1,0.0,SAFE,5,feu_rouge_devant,Situation maîtrisée
153.95,246.1,0.0,SAFE,5,feu_rouge_devant,Situation maîtrisée
154.00,246.1,0.0,SAFE,5,feu_rouge_devant,Situation maîtrisée
154.05,246.1,0.0,SAFE,5,feu_rouge_devant,Situation maîtrisée
154.10,246.1,0.0,SAFE,5,feu_rouge_devant,Situation maîtrisée
154.15,246.1,0.0,SAFE,5,feu_rouge_devant,Situation maîtrisée
154.20,246.1,0.0,SAFE,5,feu_rouge_devant,Situation maîtrisée
154.25,246.1,0.0,SAFE,5,feu_rouge_devant,Situation maîtrisée
154.30,246.1,0.0,SAFE,5,feu_rouge_devant,Situation maîtrisée
154.35,246.1,0.0,SAFE,5,feu_rouge_devant,Situation maîtrisée
154.40,246.1,0.0,SAFE,5,feu_rouge_devant,Situation maîtrisée
154.45,246.1,0.0,SAFE,5,feu_rouge_devant,Situation maîtrisée
154.50,246.1,0.0,SAFE,5,feu_rouge_devant,Situation maîtrisée
154.55,246.1,0.0,SAFE,5,feu_rouge_devant,Situation maîtrisée
154.60,246.1,0.0,SAFE,5,feu_rouge_devant,Situation maîtrisée
154.65,246.1,0.0,SAFE,5,feu_rouge_devant,Situation maîtrisée
154.70,246.1,0.0,SAFE,5,feu_rouge_devant,Situation maîtrisée
154.75,246.1,0.0,SAFE,5,feu_rouge_devant,Situation maîtrisée
154.80,246.1,0.0,SAFE,5,feu_rouge_devant,Situation maîtrisée
154.85,246.1,0.0,SAFE,5,feu_rouge_devant,Situation maîtrisée
154.90,246.1,0.0,SAFE,5,feu_rouge_devant,Situation maîtrisée
154.95,246.1,0.0,SAFE,5,feu_rouge_devant,Situation maîtrisée
155.00,246.1,0.0,SAFE,5,feu_rouge_devant,Situation maîtrisée
155.05,246.1,0.0,SAFE,5,feu_rouge_devant,Situation maîtrisée
155.10,246.1,0.0,SAFE,5,feu_rouge_devant,Situation maîtrisée
155.15,246.1,0.0,SAFE,5,feu_rouge_devant,Situation maîtrisée
155.20,246.1,0.0,SAFE,5,feu_rouge_devant,Situation maîtrisée
155.25,246.1,0.0,SAFE,5,feu_rouge_devant,Situation maîtrisée
155.30,246.1,0.0,SAFE,5,feu_rouge_devant,Situation maîtrisée
155.35,246.1,0.0,SAFE,5,feu_rouge_devant,Situation maîtrisée
155.40,246.1,0.0,SAFE,5,feu_rouge_devant,Situation maîtrisée
155.45,246.1,0.0,SAFE,5,feu_rouge_devant,Situation maîtrisée
155.50,246.1,0.0,SAFE,5,feu_rouge_devant,Situation maîtrisée
155.55,246.1,0.0,SAFE,5,feu_rouge_devant,Situation maîtrisée
155.60,246.1,0.0,SAFE,5,feu_rouge_devant,Situation maîtrisée
155.65,246.1,0.0,SAFE,5,feu_rouge_devant,Situation maîtrisée
155.70,246.1,0.0,SAFE,5,feu_rouge_devant,Situation maîtrisée
155.75,246.1,0.0,SAFE,5,feu_rouge_devant,Situation maîtrisée
155.80,246.1,0.0,SAFE,5,feu_rouge_devant,Situation maîtrisée
155.85,246.1,0.0,SAFE,5,feu_rouge_devant,Situation maîtrisée
155.90,246.1,0.0,SAFE,5,feu_rouge_devant,Situation maîtrisée
155.95,246.1,0.0,SAFE,5,feu_rouge_devant,Situation maîtrisée
156.00,246.1,0.0,SAFE,5,feu_rouge_devant,Situation maîtrisée
156.05,246.1,0.0,SAFE,5,feu_rouge_devant,Situation maîtrisée
156.10,246.1,0.0,SAFE,5,feu_rouge_devant,Situation maîtrisée
156.15,246.1,0.0,SAFE,5,feu_rouge_devant,Situation maîtrisée
156.20,246.1,0.0,SAFE,5,feu_rouge_devant,Situation maîtrisée
156.25,246.1,0.0,SAFE,5,feu_rouge_devant,Situation maîtrisée
156.30,246.1,0.0,SAFE,5,feu_rouge_devant,Situation maîtrisée
156.35,246.1,0.0,SAFE,5,feu_rouge_devant,Situation maîtrisée
156.40,246.1,0.0,SAFE,5,feu_rouge_devant,Situation maîtrisée
156.45,246.1,0.0,SAFE,5,feu_rouge_devant,Situation maîtrisée
156.50,246.1,0.0,SAFE,5,feu_rouge_devant,Situation maîtrisée
156.55,246.1,0.0,SAFE,5,feu_rouge_devant,Situation maîtrisée
156.60,246.1,0.0,SAFE,5,feu_rouge_devant,Situation maîtrisée
156.65,246.1,0.0,SAFE,5,feu_rouge_devant,Situation maîtrisée
156.70,246.1,0.0,SAFE,5,feu_rouge_devant,Situation maîtrisée
156.75,246.1,0.0,SAFE,5,feu_rouge_devant,Situation maîtrisée
156.80,246.1,0.0,SAFE,5,feu_rouge_devant,Situation maîtrisée
156.85,246.1,0.0,SAFE,5,feu_rouge_devant,Situation maîtrisée
156.90,246.1,0.0,SAFE,5,feu_rouge_devant,Situation maîtrisée
156.95,246.1,0.0,SAFE,5,feu_rouge_devant,Situation maîtrisée
157.00,246.1,0.0,SAFE,5,feu_rouge_devant,Situation maîtrisée
157.05,246.1,0.0,SAFE,5,feu_rouge_devant,Situation maîtrisée
157.10,246.1,0.0,SAFE,5,feu_rouge_devant,Situation maîtrisée
157.15,246.1,0.0,SAFE,5,feu_rouge_devant,Situation maîtrisée
157.20,246.1,0.0,SAFE,5,feu_rouge_devant,Situation maîtrisée
157.25,246.1,0.0,SAFE,5,feu_rouge_devant,Situation maîtrisée
157.30,246.1,0.0,SAFE,5,feu_rouge_devant,Situation maîtrisée
157.35,246.1,0.0,SAFE,5,feu_rouge_devant,Situation maîtrisée
157.40,246.1,0.0,SAFE,5,feu_rouge_devant,Situation maîtrisée
157.45,246.1,0.0,SAFE,5,feu_rouge_devant,Situation maîtrisée
157.50,246.1,0.0,SAFE,5,feu_rouge_devant,Situation maîtrisée
157.55,246.1,0.0,SAFE,5,feu_rouge_devant,Situation maîtrisée
157.60,246.1,0.0,SAFE,5,feu_rouge_devant,Situation maîtrisée
157.65,246.1,0.0,SAFE,5,feu_rouge_devant,Situation maîtrisée
157.70,246.1,0.0,SAFE,5,feu_rouge_devant,Situation maîtrisée
157.75,246.1,0.0,SAFE,5,feu_rouge_devant,Situation maîtrisée
157.80,246.1,0.0,SAFE,5,feu_rouge_devant,Situation maîtrisée
157.85,246.1,0.0,SAFE,5,feu_rouge_devant,Situation maîtrisée
157.90,246.1,0.0,SAFE,5,feu_rouge_devant,Situation maîtrisée
157.95,246.1,0.0,SAFE,5,feu_rouge_devant,Situation maîtrisée
158.00,246.1,0.0,SAFE,5,feu_rouge_devant,Situation maîtrisée
158.05,246.1,0.0,SAFE,5,feu_rouge_devant,Situation maîtrisée
158.10,246.1,0.0,SAFE,5,feu_rouge_devant,Situation maîtrisée
158.15,246.1,0.0,SAFE,5,feu_rouge_devant,Situation maîtrisée
158.20,246.1,0.0,SAFE,5,feu_rouge_devant,Situation maîtrisée
158.25,246.1,0.0,SAFE,5,feu_rouge_devant,Situation maîtrisée
158.30,246.1,0.0,SAFE,5,feu_rouge_devant,Situation maîtrisée
158.35,246.1,0.0,SAFE,5,feu_rouge_devant,Situation maîtrisée
158.40,246.1,0.0,SAFE,5,feu_rouge_devant,Situation maîtrisée
158.45,246.1,0.0,SAFE,5,feu_rouge_devant,Situation maîtrisée
158.50,246.1,0.0,SAFE,5,feu_rouge_devant,Situation maîtrisée
158.55,246.1,0.0,SAFE,5,feu_rouge_devant,Situation maîtrisée
158.60,246.1,0.0,SAFE,5,feu_rouge_devant,Situation maîtrisée
158.65,246.1,0.0,SAFE,5,feu_rouge_devant,Situation maîtrisée
158.70,246.1,0.0,SAFE,5,feu_rouge_devant,Situation maîtrisée
158.75,246.1,0.0,SAFE,5,feu_rouge_devant,Situation maîtrisée
158.80,246.1,0.0,SAFE,5,feu_rouge_devant,Situation maîtrisée
158.85,246.1,0.0,SAFE,5,feu_rouge_devant,Situation maîtrisée
158.90,246.1,0.0,SAFE,5,feu_rouge_devant,Situation maîtrisée
158.95,246.1,0.0,SAFE,5,feu_rouge_devant,Situation maîtrisée
159.00,246.1,0.0,SAFE,5,feu_rouge_devant,Situation maîtrisée
159.05,246.1,0.0,SAFE,5,feu_rouge_devant,Situation maîtrisée
159.10,246.1,0.0,SAFE,5,feu_rouge_devant,Situation maîtrisée
159.15,246.1,0.0,SAFE,5,feu_rouge_devant,Situation maîtrisée
159.20,246.1,0.0,SAFE,5,feu_rouge_devant,Situation maîtrisée
159.25,246.1,0.0,SAFE,5,feu_rouge_devant,Situation maîtrisée
159.30,246.1,0.0,SAFE,5,feu_rouge_devant,Situation maîtrisée
159.35,246.1,0.0,SAFE,5,feu_rouge_devant,Situation maîtrisée
159.40,246.1,0.0,SAFE,5,feu_rouge_devant,Situation maîtrisée
159.45,246.1,0.0,SAFE,5,feu_rouge_devant,Situation maîtrisée
159.50,246.1,0.0,SAFE,5,feu_rouge_devant,Situation maîtrisée
159.55,246.1,0.0,SAFE,5,feu_rouge_devant,Situation maîtrisée
159.60,246.1,0.0,SAFE,5,feu_rouge_devant,Situation maîtrisée
159.65,246.1,0.0,SAFE,5,feu_rouge_devant,Situation maîtrisée
159.70,246.1,0.0,SAFE,5,feu_rouge_devant,Situation maîtrisée
159.75,246.1,0.0,SAFE,5,feu_rouge_devant,Situation maîtrisée
159.80,246.1,0.0,SAFE,5,feu_rouge_devant,Situation maîtrisée
159.85,246.1,0.0,SAFE,5,feu_rouge_devant,Situation maîtrisée
159.90,246.1,0.0,SAFE,5,feu_rouge_devant,Situation maîtrisée
159.95,246.1,0.0,SAFE,5,feu_rouge_devant,Situation maîtrisée
160.00,246.1,0.0,SAFE,5,feu_rouge_devant,Situation maîtrisée
160.05,246.1,0.0,SAFE,5,feu_rouge_devant,Situation maîtrisée
160.10,246.1,0.0,SAFE,5,feu_rouge_devant,Situation maîtrisée
160.15,246.1,0.0,SAFE,5,feu_rouge_devant,Situation maîtrisée
160.20,246.1,0.0,SAFE,5,feu_rouge_devant,Situation maîtrisée
160.25,246.1,0.0,SAFE,5,feu_rouge_devant,Situation maîtrisée
160.30,246.1,0.0,SAFE,5,feu_rouge_devant,Situation maîtrisée
160.35,246.1,0.0,SAFE,5,feu_rouge_devant,Situation maîtrisée
160.40,246.1,0.0,SAFE,5,feu_rouge_devant,Situation maîtrisée
160.45,246.1,0.0,SAFE,5,feu_rouge_devant,Situation maîtrisée
160.50,246.1,0.0,SAFE,5,feu_rouge_devant,Situation maîtrisée
160.55,246.1,0.0,SAFE,5,feu_rouge_devant,Situation maîtrisée
160.60,246.1,0.0,SAFE,5,feu_rouge_devant,Situation maîtrisée
160.65,246.1,0.0,SAFE,5,feu_rouge_devant,Situation maîtrisée
160.70,246.1,0.0,SAFE,5,feu_rouge_devant,Situation maîtrisée
160.75,246.1,0.0,SAFE,5,feu_rouge_devant,Situation maîtrisée
160.80,246.1,0.0,SAFE,5,feu_rouge_devant,Situation maîtrisée
160.85,246.1,0.0,SAFE,5,feu_rouge_devant,Situation maîtrisée
160.90,246.1,0.0,SAFE,5,feu_rouge_devant,Situation maîtrisée
160.95,246.1,0.0,SAFE,5,feu_rouge_devant,Situation maîtrisée
161.00,246.1,0.0,SAFE,5,feu_rouge_devant,Situation maîtrisée
161.05,246.1,0.0,SAFE,5,feu_rouge_devant,Situation maîtrisée
161.10,246.1,0.0,SAFE,5,feu_rouge_devant,Situation maîtrisée
161.15,246.1,0.0,SAFE,5,feu_rouge_devant,Situation maîtrisée
161.20,246.1,0.0,SAFE,5,feu_rouge_devant,Situation maîtrisée
161.25,246.1,0.0,SAFE,5,feu_rouge_devant,Situation maîtrisée
161.30,246.1,0.0,SAFE,5,feu_rouge_devant,Situation maîtrisée
161.35,246.1,0.0,SAFE,5,feu_rouge_devant,Situation maîtrisée
161.40,246.1,0.0,SAFE,5,feu_rouge_devant,Situation maîtrisée
161.45,246.1,0.0,SAFE,5,feu_rouge_devant,Situation maîtrisée
161.50,246.1,0.0,SAFE,5,feu_rouge_devant,Situation maîtrisée
161.55,246.1,0.0,SAFE,5,feu_rouge_devant,Situation maîtrisée
161.60,246.1,0.0,SAFE,5,feu_rouge_devant,Situation maîtrisée
161.65,246.1,0.0,SAFE,5,feu_rouge_devant,Situation maîtrisée
161.70,246.1,0.0,SAFE,5,feu_rouge_devant,Situation maîtrisée
161.75,246.1,0.0,SAFE,5,feu_rouge_devant,Situation maîtrisée
161.80,246.1,0.2,CRITICAL,5,moteur:physique,Vigilance — situation à la limite
161.85,246.1,0.0,SAFE,5,moteur:physique,Situation maîtrisée
161.90,246.1,0.0,SAFE,5,moteur:physique,Situation maîtrisée
161.95,246.1,0.0,SAFE,5,moteur:physique,Situation maîtrisée
162.00,246.1,0.0,SAFE,5,moteur:physique,Situation maîtrisée
162.05,246.1,0.0,SAFE,5,moteur:physique,Situation maîtrisée
162.10,246.1,0.0,SAFE,5,moteur:physique,Situation maîtrisée
162.15,246.1,0.0,SAFE,5,moteur:physique,Situation maîtrisée
162.20,246.1,0.0,SAFE,5,moteur:physique,Situation maîtrisée
162.25,246.1,0.0,SAFE,5,moteur:physique,Situation maîtrisée
162.30,246.1,0.0,SAFE,5,moteur:physique,Situation maîtrisée
162.35,246.1,0.0,SAFE,5,moteur:physique,Situation maîtrisée
162.40,246.1,0.0,SAFE,5,moteur:physique,Situation maîtrisée
162.45,246.1,0.0,SAFE,5,moteur:physique,Situation maîtrisée
162.50,246.1,0.0,SAFE,5,moteur:physique,Situation maîtrisée
162.55,246.1,0.0,SAFE,5,moteur:physique,Situation maîtrisée
162.60,246.1,0.0,SAFE,5,moteur:physique,Situation maîtrisée
162.65,246.1,0.0,SAFE,5,,Situation maîtrisée
162.70,246.1,0.0,SAFE,5,moteur:physique,Situation maîtrisée
162.75,246.1,0.3,CRITICAL,5,moteur:physique,Vigilance — situation à la limite
162.80,246.1,0.0,SAFE,5,moteur:physique,Situation maîtrisée
162.85,246.1,0.0,SAFE,5,moteur:physique,Situation maîtrisée
162.90,246.1,0.0,SAFE,5,moteur:physique,Situation maîtrisée
162.95,246.1,0.0,SAFE,5,moteur:physique,Situation maîtrisée
163.00,246.1,0.0,SAFE,5,moteur:physique,Situation maîtrisée
163.05,246.1,0.0,SAFE,5,moteur:physique,Situation maîtrisée
163.10,246.1,0.0,SAFE,5,moteur:physique,Situation maîtrisée
163.15,246.1,0.0,SAFE,5,moteur:physique,Situation maîtrisée
163.20,246.1,0.0,SAFE,5,moteur:physique,Situation maîtrisée
163.25,246.1,0.0,SAFE,5,moteur:physique,Situation maîtrisée
163.30,246.1,0.0,SAFE,5,moteur:physique,Situation maîtrisée
163.35,246.1,0.0,SAFE,5,moteur:physique,Situation maîtrisée
163.40,246.1,0.0,SAFE,5,moteur:physique,Situation maîtrisée
163.45,246.1,0.0,SAFE,5,moteur:physique,Situation maîtrisée
163.50,246.1,0.0,SAFE,5,moteur:physique,Situation maîtrisée
163.55,246.1,0.0,SAFE,5,moteur:physique,Situation maîtrisée
163.60,246.1,0.0,SAFE,5,,Situation maîtrisée
163.65,246.1,0.0,SAFE,5,moteur:physique,Situation maîtrisée
163.70,246.1,0.3,SAFE,5,moteur:physique,Situation maîtrisée
163.75,246.1,0.7,SAFE,5,moteur:physique,Situation maîtrisée
163.80,246.1,1.4,SAFE,5,moteur:physique,Situation maîtrisée
163.85,246.1,2.1,SAFE,5,moteur:physique,Situation maîtrisée
163.90,246.2,2.7,SAFE,5,moteur:physique,Situation maîtrisée
163.95,246.2,3.6,SAFE,5,moteur:physique,Situation maîtrisée
164.00,246.3,4.4,SAFE,5,moteur:physique,Situation maîtrisée
164.05,246.4,5.2,SAFE,5,moteur:physique,Situation maîtrisée
164.10,246.4,6.0,SAFE,5,moteur:physique,Situation maîtrisée
164.15,246.5,7.0,SAFE,5,moteur:physique,Situation maîtrisée
164.20,246.6,7.7,SAFE,5,moteur:physique,Situation maîtrisée
164.25,246.7,8.6,SAFE,5,moteur:physique,Situation maîtrisée
164.30,246.9,9.4,SAFE,5,moteur:physique,Situation maîtrisée
164.35,247.0,10.3,SAFE,5,moteur:physique,Situation maîtrisée
164.40,247.2,11.1,SAFE,5,moteur:physique,Situation maîtrisée
164.45,247.3,11.8,SAFE,5,moteur:physique,Situation maîtrisée
164.50,247.5,12.5,SAFE,5,moteur:physique,Situation maîtrisée
164.55,247.7,13.2,SAFE,5,moteur:physique,Situation maîtrisée
164.60,247.9,13.9,SAFE,5,moteur:physique,Situation maîtrisée
164.65,248.0,14.4,SAFE,5,,Situation maîtrisée
164.70,248.3,15.0,SAFE,5,,Situation maîtrisée
164.75,248.5,15.5,SAFE,5,,Situation maîtrisée
164.80,248.7,15.9,SAFE,5,,Situation maîtrisée
164.85,248.9,16.3,SAFE,5,,Situation maîtrisée
164.90,249.1,16.7,SAFE,5,,Situation maîtrisée
164.95,249.4,17.1,SAFE,5,,Situation maîtrisée
165.00,249.6,17.4,SAFE,5,,Situation maîtrisée
165.05,249.9,17.7,SAFE,5,,Situation maîtrisée
165.10,250.1,18.0,SAFE,5,,Situation maîtrisée
165.15,250.4,18.2,SAFE,5,,Situation maîtrisée
165.20,250.6,18.3,SAFE,5,,Situation maîtrisée
165.25,250.9,18.1,SAFE,5,,Situation maîtrisée
165.30,251.1,18.3,SAFE,5,,Situation maîtrisée
165.35,251.4,18.1,SAFE,5,,Situation maîtrisée
165.40,251.6,18.3,SAFE,5,,Situation maîtrisée
165.45,251.9,18.4,SAFE,5,,Situation maîtrisée
165.50,252.1,18.2,SAFE,5,,Situation maîtrisée
165.55,252.4,18.2,SAFE,5,,Situation maîtrisée
165.60,252.6,18.1,SAFE,5,,Situation maîtrisée
165.65,252.9,18.1,SAFE,5,,Situation maîtrisée
165.70,253.1,18.1,SAFE,5,,Situation maîtrisée
165.75,253.4,18.2,SAFE,5,,Situation maîtrisée
165.80,253.6,18.2,SAFE,5,,Situation maîtrisée
165.85,253.9,18.3,SAFE,5,,Situation maîtrisée
165.90,254.2,18.3,SAFE,5,,Situation maîtrisée
165.95,254.4,18.5,SAFE,5,,Situation maîtrisée
166.00,254.7,18.5,SAFE,5,,Situation maîtrisée
166.05,254.9,18.7,SAFE,5,,Situation maîtrisée
166.10,255.2,18.7,SAFE,5,,Situation maîtrisée
166.15,255.4,18.8,SAFE,5,,Situation maîtrisée
166.20,255.7,18.8,DANGER,5,moteur:proportionnel,Ralentissez de 19 km/h  (19 -> 0 km/h)
166.25,256.0,18.9,DANGER,5,moteur:proportionnel,Ralentissez de 19 km/h  (19 -> 0 km/h)
166.30,256.2,18.5,DANGER,5,moteur:proportionnel,Ralentissez de 19 km/h  (19 -> 0 km/h)
166.35,256.5,18.3,DANGER,5,moteur:proportionnel,Ralentissez de 18 km/h  (18 -> 0 km/h)
166.40,256.7,13.4,SAFE,5,anti_chattering,Situation maîtrisée
166.45,256.8,8.6,SAFE,5,anti_chattering,Situation maîtrisée
166.50,256.9,3.8,SAFE,5,anti_chattering,Situation maîtrisée
166.55,256.9,0.0,SAFE,5,anti_chattering,Situation maîtrisée
166.60,256.9,0.0,SAFE,5,anti_chattering,Situation maîtrisée
166.65,256.9,0.0,SAFE,5,anti_chattering,Situation maîtrisée
166.70,256.9,0.0,SAFE,5,anti_chattering,Situation maîtrisée
166.75,256.9,0.0,SAFE,5,anti_chattering,Situation maîtrisée
166.80,256.9,0.0,SAFE,5,anti_chattering,Situation maîtrisée
166.85,256.9,0.0,SAFE,5,anti_chattering,Situation maîtrisée
166.90,256.9,0.0,SAFE,5,anti_chattering,Situation maîtrisée
166.95,256.9,0.0,SAFE,5,anti_chattering,Situation maîtrisée
167.00,256.9,0.0,SAFE,5,anti_chattering,Situation maîtrisée
167.05,256.9,0.0,SAFE,5,anti_chattering,Situation maîtrisée
167.10,256.9,0.0,SAFE,5,anti_chattering,Situation maîtrisée
167.15,256.9,0.0,SAFE,5,,Situation maîtrisée
167.20,256.9,0.0,SAFE,5,,Situation maîtrisée
167.25,256.9,0.0,SAFE,5,,Situation maîtrisée
167.30,256.9,0.3,SAFE,5,,Situation maîtrisée
167.35,256.9,0.6,SAFE,5,,Situation maîtrisée
167.40,257.0,1.5,SAFE,5,,Situation maîtrisée
167.45,257.0,2.1,SAFE,5,,Situation maîtrisée
167.50,257.0,2.9,SAFE,5,,Situation maîtrisée
167.55,257.1,3.6,SAFE,5,,Situation maîtrisée
167.60,257.1,4.3,SAFE,5,,Situation maîtrisée
167.65,257.2,5.2,SAFE,5,,Situation maîtrisée
167.70,257.3,6.1,SAFE,5,,Situation maîtrisée
167.75,257.4,6.9,SAFE,5,,Situation maîtrisée
167.80,257.5,7.7,SAFE,5,,Situation maîtrisée
167.85,257.6,8.5,SAFE,5,,Situation maîtrisée
167.90,257.7,9.3,SAFE,5,,Situation maîtrisée
167.95,257.8,10.1,SAFE,5,,Situation maîtrisée
168.00,258.0,11.0,SAFE,5,,Situation maîtrisée
168.05,258.1,11.8,SAFE,5,,Situation maîtrisée
168.10,258.3,12.5,SAFE,5,,Situation maîtrisée
168.15,258.5,13.2,SAFE,5,,Situation maîtrisée
168.20,258.7,13.9,SAFE,5,,Situation maîtrisée
168.25,258.9,14.5,SAFE,5,,Situation maîtrisée
168.30,259.1,15.0,SAFE,5,,Situation maîtrisée
168.35,259.3,15.5,SAFE,5,,Situation maîtrisée
168.40,259.5,15.9,SAFE,5,,Situation maîtrisée
168.45,259.7,16.3,SAFE,5,,Situation maîtrisée
168.50,260.0,16.7,SAFE,5,,Situation maîtrisée
168.55,260.2,17.1,SAFE,5,,Situation maîtrisée
168.60,260.4,17.4,SAFE,5,,Situation maîtrisée
168.65,260.7,17.7,SAFE,5,,Situation maîtrisée
168.70,260.9,17.9,SAFE,5,,Situation maîtrisée
168.75,261.2,18.1,SAFE,5,,Situation maîtrisée
168.80,261.4,18.3,SAFE,5,,Situation maîtrisée
168.85,261.7,18.1,SAFE,5,,Situation maîtrisée
168.90,261.9,18.1,SAFE,5,,Situation maîtrisée
168.95,262.2,18.1,SAFE,5,,Situation maîtrisée
169.00,262.5,18.3,SAFE,5,,Situation maîtrisée
169.05,262.7,18.2,SAFE,5,,Situation maîtrisée
169.10,263.0,18.0,SAFE,5,,Situation maîtrisée
169.15,263.2,18.1,SAFE,5,,Situation maîtrisée
169.20,263.5,18.1,SAFE,5,,Situation maîtrisée
169.25,263.7,18.1,SAFE,5,,Situation maîtrisée
169.30,264.0,17.9,SAFE,5,,Situation maîtrisée
169.35,264.2,17.8,SAFE,5,,Situation maîtrisée
169.40,264.5,17.5,SAFE,5,,Situation maîtrisée
169.45,264.7,17.4,SAFE,5,,Situation maîtrisée
169.50,264.9,17.3,SAFE,5,,Situation maîtrisée
169.55,265.2,17.3,SAFE,5,,Situation maîtrisée
169.60,265.4,17.1,SAFE,5,,Situation maîtrisée
169.65,265.6,16.8,SAFE,5,,Situation maîtrisée
169.70,265.9,16.8,SAFE,5,,Situation maîtrisée
169.75,266.1,16.7,SAFE,5,,Situation maîtrisée
169.80,266.3,16.8,SAFE,5,,Situation maîtrisée
169.85,266.6,16.8,SAFE,5,,Situation maîtrisée
169.90,266.8,16.9,SAFE,5,,Situation maîtrisée
169.95,267.0,16.8,SAFE,5,,Situation maîtrisée
170.00,267.3,16.6,SAFE,5,,Situation maîtrisée
170.05,267.5,16.6,SAFE,5,,Situation maîtrisée
170.10,267.7,16.7,SAFE,5,,Situation maîtrisée
170.15,267.9,16.8,SAFE,5,,Situation maîtrisée
170.20,268.2,16.9,SAFE,5,,Situation maîtrisée
170.25,268.4,16.8,SAFE,5,,Situation maîtrisée
170.30,268.6,16.6,SAFE,5,,Situation maîtrisée
170.35,268.9,16.6,SAFE,5,,Situation maîtrisée
170.40,269.1,16.7,SAFE,5,,Situation maîtrisée
170.45,269.3,16.8,SAFE,6,,Situation maîtrisée
170.50,269.6,16.9,SAFE,6,,Situation maîtrisée
170.55,269.8,16.8,SAFE,6,,Situation maîtrisée
170.60,270.0,16.7,SAFE,6,,Situation maîtrisée
170.65,270.3,16.8,SAFE,7,,Situation maîtrisée
170.70,270.5,16.9,SAFE,7,,Situation maîtrisée
170.75,270.7,17.0,SAFE,7,,Situation maîtrisée
170.80,271.0,17.1,SAFE,7,,Situation maîtrisée
170.85,271.2,17.2,SAFE,7,,Situation maîtrisée
170.90,271.4,17.2,SAFE,7,,Situation maîtrisée
170.95,271.7,17.2,SAFE,7,,Situation maîtrisée
171.00,271.9,17.3,SAFE,7,,Situation maîtrisée
171.05,272.2,17.4,SAFE,7,,Situation maîtrisée
171.10,272.4,17.6,SAFE,7,moteur:physique,Situation maîtrisée
171.15,272.6,17.7,SAFE,7,moteur:physique,Situation maîtrisée
171.20,272.9,17.8,SAFE,7,moteur:physique,Situation maîtrisée
171.25,273.1,17.8,SAFE,7,moteur:physique,Situation maîtrisée
171.30,273.4,17.9,SAFE,7,moteur:physique,Situation maîtrisée
171.35,273.6,18.0,SAFE,7,moteur:physique,Situation maîtrisée
171.40,273.9,18.1,SAFE,7,moteur:physique,Situation maîtrisée
171.45,274.1,18.0,SAFE,7,moteur:physique,Situation maîtrisée
171.50,274.4,18.1,SAFE,7,moteur:physique,Situation maîtrisée
171.55,274.6,18.1,SAFE,7,moteur:physique,Situation maîtrisée
171.60,274.9,18.0,SAFE,7,moteur:physique,Situation maîtrisée
171.65,275.1,18.1,SAFE,7,moteur:physique,Situation maîtrisée
171.70,275.4,18.0,SAFE,7,moteur:physique,Situation maîtrisée
171.75,275.6,18.0,SAFE,7,moteur:physique,Situation maîtrisée
171.80,275.9,18.1,SAFE,7,moteur:physique,Situation maîtrisée
171.85,276.1,18.3,SAFE,7,moteur:physique,Situation maîtrisée
171.90,276.4,18.0,SAFE,7,moteur:physique,Situation maîtrisée
171.95,276.6,18.3,SAFE,7,moteur:physique,Situation maîtrisée
172.00,276.9,18.1,SAFE,7,moteur:physique,Situation maîtrisée
172.05,277.2,18.4,SAFE,7,moteur:physique,Situation maîtrisée
172.10,277.4,18.2,SAFE,7,moteur:physique,Situation maîtrisée
172.15,277.7,18.0,SAFE,6,moteur:physique,Situation maîtrisée
172.20,277.9,18.5,SAFE,6,moteur:physique,Situation maîtrisée
172.25,278.2,18.1,SAFE,6,moteur:physique,Situation maîtrisée
172.30,278.4,18.3,SAFE,6,moteur:physique,Situation maîtrisée
172.35,278.7,18.5,SAFE,5,moteur:physique,Situation maîtrisée
172.40,278.9,18.3,SAFE,5,moteur:physique,Situation maîtrisée
172.45,279.2,18.1,SAFE,4,moteur:physique,Situation maîtrisée
172.50,279.4,18.0,SAFE,4,moteur:physique,Situation maîtrisée
172.55,279.7,18.5,SAFE,4,moteur:physique,Situation maîtrisée
172.60,279.9,18.7,SAFE,4,moteur:physique,Situation maîtrisée
172.65,280.2,18.4,SAFE,4,moteur:physique,Situation maîtrisée
172.70,280.5,18.7,SAFE,4,moteur:physique,Situation maîtrisée
172.75,280.7,18.4,SAFE,4,moteur:physique,Situation maîtrisée
172.80,281.0,18.7,SAFE,4,moteur:physique,Situation maîtrisée
172.85,281.2,18.5,SAFE,4,moteur:physique,Situation maîtrisée
172.90,281.5,18.8,SAFE,4,moteur:physique,Situation maîtrisée
172.95,281.7,18.5,SAFE,4,moteur:physique,Situation maîtrisée
173.00,282.0,18.8,SAFE,4,moteur:physique,Situation maîtrisée
173.05,282.3,18.6,SAFE,4,moteur:physique,Situation maîtrisée
173.10,282.5,18.9,SAFE,4,moteur:physique,Situation maîtrisée
173.15,282.8,18.6,SAFE,4,moteur:physique,Situation maîtrisée
173.20,283.1,19.0,SAFE,4,moteur:physique,Situation maîtrisée
173.25,283.3,18.7,SAFE,4,moteur:physique,Situation maîtrisée
173.30,283.6,19.0,SAFE,4,moteur:physique,Situation maîtrisée
173.35,283.8,18.7,SAFE,4,moteur:physique,Situation maîtrisée
173.40,284.1,19.1,SAFE,4,moteur:physique,Situation maîtrisée
173.45,284.4,18.8,SAFE,4,moteur:physique,Situation maîtrisée
173.50,284.6,19.2,SAFE,4,moteur:physique,Situation maîtrisée
173.55,284.9,18.9,SAFE,4,moteur:physique,Situation maîtrisée
173.60,285.2,19.2,SAFE,4,moteur:physique,Situation maîtrisée
173.65,285.4,18.9,SAFE,4,moteur:physique,Situation maîtrisée
173.70,285.7,19.3,SAFE,4,moteur:physique,Situation maîtrisée
173.75,285.9,19.0,SAFE,3,moteur:physique,Situation maîtrisée
173.80,286.2,19.3,SAFE,3,moteur:physique,Situation maîtrisée
173.85,286.5,19.0,SAFE,3,moteur:physique,Situation maîtrisée
173.90,286.7,19.4,SAFE,3,moteur:physique,Situation maîtrisée
173.95,287.0,19.1,SAFE,3,moteur:physique,Situation maîtrisée
174.00,287.3,19.4,SAFE,3,moteur:physique,Situation maîtrisée
174.05,287.5,19.1,SAFE,3,moteur:physique,Situation maîtrisée
174.10,287.8,19.5,SAFE,3,moteur:physique,Situation maîtrisée
174.15,288.1,19.2,SAFE,3,moteur:physique,Situation maîtrisée
174.20,288.4,19.5,CRITICAL,3,moteur:physique,FREINEZ de 19 km/h  (19 -> 0 km/h)
174.25,288.6,19.1,CRITICAL,3,moteur:physique,FREINEZ de 19 km/h  (19 -> 0 km/h)
174.30,288.9,19.1,CRITICAL,3,moteur:physique,FREINEZ de 19 km/h  (19 -> 0 km/h)
174.35,289.1,17.7,CRITICAL,3,moteur:physique,FREINEZ de 18 km/h  (18 -> 0 km/h)
174.40,289.3,12.9,SAFE,3,moteur:physique,Situation maîtrisée
174.45,289.5,8.0,SAFE,3,moteur:physique,Situation maîtrisée
174.50,289.6,3.2,SAFE,2,moteur:physique,Situation maîtrisée
174.55,289.6,0.0,SAFE,2,moteur:physique,Situation maîtrisée
174.60,289.6,0.0,SAFE,2,moteur:physique,Situation maîtrisée
174.65,289.6,0.0,SAFE,2,moteur:physique,Situation maîtrisée
174.70,289.6,0.0,SAFE,2,moteur:physique,Situation maîtrisée
174.75,289.6,0.0,SAFE,2,moteur:physique,Situation maîtrisée
174.80,289.6,0.0,SAFE,2,anti_chattering,Situation maîtrisée
174.85,289.6,0.0,SAFE,2,moteur:physique,Situation maîtrisée
174.90,289.6,0.0,SAFE,2,moteur:physique,Situation maîtrisée
174.95,289.6,0.0,SAFE,2,moteur:physique,Situation maîtrisée
175.00,289.6,0.0,SAFE,2,moteur:physique,Situation maîtrisée
175.05,289.6,0.0,SAFE,2,moteur:physique,Situation maîtrisée
175.10,289.6,0.0,SAFE,2,moteur:physique,Situation maîtrisée
175.15,289.6,0.0,SAFE,2,,Situation maîtrisée
175.20,289.6,0.0,SAFE,2,,Situation maîtrisée
175.25,289.6,0.0,SAFE,2,,Situation maîtrisée
175.30,289.6,0.3,SAFE,2,,Situation maîtrisée
175.35,289.6,0.8,SAFE,2,moteur:physique,Situation maîtrisée
175.40,289.6,1.3,SAFE,2,moteur:physique,Situation maîtrisée
175.45,289.6,2.2,SAFE,2,moteur:physique,Situation maîtrisée
175.50,289.7,2.9,SAFE,2,moteur:physique,Situation maîtrisée
175.55,289.7,3.6,SAFE,2,moteur:physique,Situation maîtrisée
175.60,289.8,4.5,SAFE,2,moteur:physique,Situation maîtrisée
175.65,289.8,5.3,SAFE,2,moteur:physique,Situation maîtrisée
175.70,289.9,6.0,SAFE,2,moteur:physique,Situation maîtrisée
175.75,290.0,6.8,SAFE,2,moteur:physique,Situation maîtrisée
175.80,290.1,7.7,SAFE,2,moteur:physique,Situation maîtrisée
175.85,290.2,8.5,SAFE,2,moteur:physique,Situation maîtrisée
175.90,290.3,9.3,SAFE,2,moteur:physique,Situation maîtrisée
175.95,290.5,10.1,SAFE,2,moteur:physique,Situation maîtrisée
176.00,290.6,10.9,SAFE,2,moteur:physique,Situation maîtrisée
176.05,290.8,11.7,SAFE,2,moteur:physique,Situation maîtrisée
176.10,291.0,12.5,SAFE,2,moteur:physique,Situation maîtrisée
176.15,291.1,13.2,SAFE,2,moteur:physique,Situation maîtrisée
176.20,291.3,13.8,SAFE,2,moteur:physique,Situation maîtrisée
176.25,291.5,14.4,SAFE,2,moteur:physique,Situation maîtrisée
176.30,291.7,14.9,SAFE,2,moteur:physique,Situation maîtrisée
176.35,291.9,15.4,SAFE,2,moteur:physique,Situation maîtrisée
176.40,292.1,15.9,SAFE,3,moteur:physique,Situation maîtrisée
176.45,292.4,16.3,SAFE,3,moteur:physique,Situation maîtrisée
176.50,292.6,16.6,WATCH,3,moteur:physique,Vigilance — situation à la limite
176.55,292.8,16.9,WATCH,3,moteur:physique,Vigilance — situation à la limite
176.60,293.1,16.8,WATCH,3,moteur:physique,Vigilance — situation à la limite
176.65,293.3,16.6,WATCH,3,moteur:physique,Vigilance — situation à la limite
176.70,293.5,16.3,WATCH,3,moteur:physique,Vigilance — situation à la limite
176.75,293.8,16.0,WATCH,3,moteur:physique,Vigilance — situation à la limite
176.80,294.0,15.6,CRITICAL,3,moteur:physique,FREINEZ de 16 km/h  (16 -> 0 km/h)
176.85,294.2,15.2,CRITICAL,3,moteur:physique,FREINEZ de 15 km/h  (15 -> 0 km/h)
176.90,294.4,14.5,CRITICAL,3,moteur:physique,FREINEZ de 15 km/h  (15 -> 0 km/h)
176.95,294.6,13.7,CRITICAL,3,moteur:physique,FREINEZ de 14 km/h  (14 -> 0 km/h)
177.00,294.8,12.9,CRITICAL,3,moteur:physique,FREINEZ de 13 km/h  (13 -> 0 km/h)
177.05,294.9,12.1,SAFE,3,moteur:physique,Situation maîtrisée
177.10,295.1,11.2,SAFE,4,moteur:physique,Situation maîtrisée
177.15,295.2,10.4,SAFE,4,moteur:physique,Situation maîtrisée
177.20,295.4,9.6,SAFE,4,moteur:physique,Situation maîtrisée
177.25,295.5,8.8,SAFE,4,moteur:physique,Situation maîtrisée
177.30,295.6,8.1,SAFE,4,moteur:physique,Situation maîtrisée
177.35,295.7,5.2,SAFE,4,moteur:physique,Situation maîtrisée
177.40,295.8,0.5,SAFE,4,anti_chattering,Situation maîtrisée
177.45,295.8,0.0,SAFE,4,anti_chattering,Situation maîtrisée
177.50,295.8,0.0,SAFE,4,anti_chattering,Situation maîtrisée
177.55,295.8,0.0,SAFE,4,anti_chattering,Situation maîtrisée
177.60,295.8,0.0,SAFE,4,anti_chattering,Situation maîtrisée
177.65,295.8,0.0,SAFE,4,anti_chattering,Situation maîtrisée
177.70,295.8,0.0,SAFE,4,anti_chattering,Situation maîtrisée
177.75,295.8,0.0,SAFE,4,anti_chattering,Situation maîtrisée
177.80,295.8,0.0,SAFE,4,,Situation maîtrisée
177.85,295.8,0.0,SAFE,4,,Situation maîtrisée
177.90,295.8,0.0,SAFE,4,,Situation maîtrisée
177.95,295.8,0.3,SAFE,4,,Situation maîtrisée
178.00,295.8,0.9,SAFE,4,,Situation maîtrisée
178.05,295.8,1.4,SAFE,4,,Situation maîtrisée
178.10,295.8,2.3,SAFE,4,,Situation maîtrisée
178.15,295.9,2.9,SAFE,4,,Situation maîtrisée
178.20,295.9,3.6,SAFE,4,,Situation maîtrisée
178.25,296.0,4.5,SAFE,4,,Situation maîtrisée
178.30,296.0,5.3,SAFE,4,,Situation maîtrisée
178.35,296.1,6.2,SAFE,4,,Situation maîtrisée
178.40,296.2,6.9,SAFE,4,,Situation maîtrisée
178.45,296.3,7.7,SAFE,4,,Situation maîtrisée
178.50,296.4,8.5,SAFE,4,,Situation maîtrisée
178.55,296.5,9.3,SAFE,4,,Situation maîtrisée
178.60,296.7,10.2,SAFE,4,,Situation maîtrisée
178.65,296.8,11.0,SAFE,4,,Situation maîtrisée
178.70,297.0,11.8,SAFE,4,,Situation maîtrisée
178.75,297.2,12.5,SAFE,4,,Situation maîtrisée
178.80,297.3,13.2,SAFE,4,,Situation maîtrisée
178.85,297.5,13.9,SAFE,4,,Situation maîtrisée
178.90,297.7,14.5,SAFE,4,,Situation maîtrisée
178.95,297.9,15.0,SAFE,4,,Situation maîtrisée
179.00,298.1,15.5,SAFE,4,,Situation maîtrisée
179.05,298.4,15.9,SAFE,5,,Situation maîtrisée
179.10,298.6,16.4,SAFE,5,,Situation maîtrisée
179.15,298.8,16.7,SAFE,5,moteur:physique,Situation maîtrisée
179.20,299.0,17.1,SAFE,6,moteur:physique,Situation maîtrisée
179.25,299.3,17.4,SAFE,6,moteur:physique,Situation maîtrisée
179.30,299.5,17.7,SAFE,6,moteur:physique,Situation maîtrisée
179.35,299.8,18.0,SAFE,6,,Situation maîtrisée
179.40,300.0,18.2,SAFE,6,,Situation maîtrisée
179.45,300.3,18.3,SAFE,6,,Situation maîtrisée
179.50,300.5,18.1,SAFE,6,,Situation maîtrisée
179.55,300.8,18.3,SAFE,6,,Situation maîtrisée
179.60,301.0,18.1,SAFE,6,,Situation maîtrisée
179.65,301.3,18.3,SAFE,6,,Situation maîtrisée
179.70,301.6,18.4,SAFE,6,,Situation maîtrisée
179.75,301.8,18.2,SAFE,6,,Situation maîtrisée
179.80,302.1,18.2,SAFE,6,,Situation maîtrisée
179.85,302.3,18.1,SAFE,6,,Situation maîtrisée
179.90,302.6,18.1,SAFE,6,,Situation maîtrisée
179.95,302.8,18.1,SAFE,6,,Situation maîtrisée
180.00,303.1,18.2,SAFE,6,,Situation maîtrisée
180.05,303.3,18.2,SAFE,6,,Situation maîtrisée
180.10,303.6,18.3,SAFE,6,,Situation maîtrisée
180.15,303.8,18.3,SAFE,6,,Situation maîtrisée
180.20,304.1,18.5,SAFE,6,,Situation maîtrisée
180.25,304.3,18.5,SAFE,6,,Situation maîtrisée
180.30,304.6,18.6,SAFE,6,,Situation maîtrisée
180.35,304.9,18.6,SAFE,6,,Situation maîtrisée
180.40,305.1,18.8,SAFE,6,,Situation maîtrisée
180.45,305.4,18.8,SAFE,6,,Situation maîtrisée
180.50,305.6,19.0,SAFE,7,,Situation maîtrisée
180.55,305.9,18.9,SAFE,7,,Situation maîtrisée
180.60,306.2,19.1,SAFE,7,,Situation maîtrisée
180.65,306.4,19.1,SAFE,7,,Situation maîtrisée
180.70,306.7,19.2,SAFE,7,,Situation maîtrisée
180.75,307.0,19.2,SAFE,7,,Situation maîtrisée
180.80,307.2,19.3,SAFE,7,,Situation maîtrisée
180.85,307.5,19.3,SAFE,7,,Situation maîtrisée
180.90,307.8,19.4,SAFE,7,,Situation maîtrisée
180.95,308.0,19.3,SAFE,7,,Situation maîtrisée
181.00,308.3,19.5,SAFE,7,,Situation maîtrisée
181.05,308.6,19.4,SAFE,7,,Situation maîtrisée
181.10,308.8,19.5,SAFE,7,,Situation maîtrisée
181.15,309.1,19.4,SAFE,7,,Situation maîtrisée
181.20,309.4,19.5,SAFE,7,,Situation maîtrisée
181.25,309.7,19.5,SAFE,7,,Situation maîtrisée
181.30,309.9,19.5,SAFE,7,,Situation maîtrisée
181.35,310.2,19.4,SAFE,7,,Situation maîtrisée
181.40,310.5,19.5,SAFE,7,,Situation maîtrisée
181.45,310.7,19.4,SAFE,7,,Situation maîtrisée
181.50,311.0,19.4,SAFE,7,,Situation maîtrisée
181.55,311.3,19.3,SAFE,7,,Situation maîtrisée
181.60,311.5,19.3,SAFE,7,,Situation maîtrisée
181.65,311.8,19.2,SAFE,7,,Situation maîtrisée
181.70,312.1,19.2,SAFE,7,,Situation maîtrisée
181.75,312.3,19.0,SAFE,7,,Situation maîtrisée
181.80,312.6,19.0,SAFE,7,,Situation maîtrisée
181.85,312.9,18.8,SAFE,7,,Situation maîtrisée
181.90,313.1,18.7,SAFE,7,,Situation maîtrisée
181.95,313.4,18.5,SAFE,7,,Situation maîtrisée
182.00,313.6,18.5,SAFE,7,,Situation maîtrisée
182.05,313.9,18.3,SAFE,7,,Situation maîtrisée
182.10,314.1,18.2,SAFE,7,,Situation maîtrisée
