t,distance_parcourue_m,vitesse_kmh,niveau,n_agents_percus,raison_arret,recommandation
0.05,0.1,5.3,SAFE,0,,Voie libre
0.10,0.2,7.1,SAFE,0,,Voie libre
0.15,0.3,8.8,SAFE,0,,Voie libre
0.20,0.4,10.6,SAFE,0,,Voie libre
0.25,0.6,12.3,SAFE,0,,Voie libre
0.30,0.7,14.1,SAFE,0,,Voie libre
0.35,1.0,15.9,SAFE,0,,Voie libre
0.40,1.2,17.6,SAFE,0,,Voie libre
0.45,1.5,19.4,SAFE,0,,Voie libre
0.50,1.7,21.2,SAFE,0,,Voie libre
0.55,2.0,22.9,SAFE,0,,Voie libre
0.60,2.3,16.0,SAFE,0,,Voie libre
0.65,2.4,3.1,SAFE,0,,Voie libre
0.70,2.4,5.3,SAFE,0,,Voie libre
0.75,2.5,7.0,SAFE,0,,Voie libre
0.80,2.6,8.2,SAFE,0,,Voie libre
0.85,2.8,9.3,SAFE,0,,Voie libre
0.90,2.9,10.2,SAFE,0,,Voie libre
0.95,3.0,11.0,SAFE,0,,Voie libre
1.00,3.2,11.9,SAFE,0,,Voie libre
1.05,3.4,12.7,SAFE,0,,Voie libre
1.10,3.6,13.5,SAFE,0,,Voie libre
1.15,3.8,14.3,SAFE,0,,Voie libre
1.20,4.0,15.0,SAFE,0,,Voie libre
1.25,4.2,15.8,SAFE,0,,Voie libre
1.30,4.4,16.5,SAFE,0,,Voie libre
1.35,4.6,17.2,SAFE,0,,Voie libre
1.40,4.9,17.9,SAFE,0,,Voie libre
1.45,5.1,18.5,SAFE,0,,Voie libre
1.50,5.4,19.0,SAFE,0,,Voie libre
1.55,5.7,18.9,SAFE,0,,Voie libre
1.60,5.9,19.1,SAFE,0,,Voie libre
1.65,6.2,19.2,SAFE,0,,Voie libre
1.70,6.5,19.7,SAFE,0,,Voie libre
1.75,6.7,20.1,SAFE,0,,Voie libre
1.80,7.0,20.7,SAFE,0,,Voie libre
1.85,7.3,21.1,SAFE,0,,Voie libre
1.90,7.6,21.8,SAFE,0,,Voie libre
1.95,7.9,22.3,SAFE,0,,Voie libre
2.00,8.2,23.0,SAFE,0,,Voie libre
2.05,8.6,23.6,SAFE,0,,Voie libre
2.10,8.9,24.3,SAFE,0,,Voie libre
2.15,9.2,24.8,SAFE,0,,Voie libre
2.20,9.6,25.4,SAFE,0,,Voie libre
2.25,9.9,25.8,SAFE,0,,Voie libre
2.30,10.3,26.2,SAFE,0,,Voie libre
2.35,10.7,26.4,SAFE,0,,Voie libre
2.40,11.0,26.7,SAFE,0,,Voie libre
2.45,11.4,26.8,SAFE,0,,Voie libre
2.50,11.8,26.9,SAFE,0,,Voie libre
2.55,12.2,26.9,SAFE,0,,Voie libre
2.60,12.5,26.9,SAFE,0,,Voie libre
2.65,12.9,26.8,SAFE,0,,Voie libre
2.70,13.3,26.8,SAFE,0,,Voie libre
2.75,13.6,26.7,SAFE,0,,Voie libre
2.80,14.0,26.7,SAFE,0,,Voie libre
2.85,14.4,26.6,SAFE,0,,Voie libre
2.90,14.8,26.6,SAFE,0,,Voie libre
2.95,15.1,26.4,SAFE,0,,Voie libre
3.00,15.5,26.5,SAFE,0,,Voie libre
3.05,15.9,26.4,SAFE,0,,Voie libre
3.10,16.2,26.4,SAFE,0,,Voie libre
3.15,16.6,26.3,SAFE,0,,Voie libre
3.20,17.0,26.4,SAFE,0,,Voie libre
3.25,17.3,26.3,SAFE,0,,Voie libre
3.30,17.7,26.4,SAFE,0,,Voie libre
3.35,18.1,26.3,SAFE,0,,Voie libre
3.40,18.4,26.4,SAFE,0,,Voie libre
3.45,18.8,26.4,SAFE,0,,Voie libre
3.50,19.1,26.4,SAFE,0,,Voie libre
3.55,19.5,26.4,SAFE,0,,Voie libre
3.60,19.9,26.5,SAFE,0,,Voie libre
3.65,20.2,26.4,SAFE,0,,Voie libre
3.70,20.6,26.5,SAFE,0,,Voie libre
3.75,21.0,26.4,SAFE,0,,Voie libre
3.80,21.4,26.5,SAFE,0,,Voie libre
3.85,21.7,26.5,SAFE,0,,Voie libre
3.90,22.1,26.5,SAFE,0,,Voie libre
3.95,22.5,26.5,SAFE,0,,Voie libre
4.00,22.8,26.5,SAFE,0,,Voie libre
4.05,23.2,26.5,SAFE,0,,Voie libre
4.10,23.6,26.5,SAFE,0,,Voie libre
4.15,23.9,26.5,SAFE,0,,Voie libre
4.20,24.3,26.6,SAFE,0,,Voie libre
4.25,24.7,26.5,SAFE,0,,Voie libre
4.30,25.0,26.6,SAFE,0,,Voie libre
4.35,25.4,26.5,SAFE,0,,Voie libre
4.40,25.8,26.6,SAFE,0,,Voie libre
4.45,26.1,26.5,SAFE,0,,Voie libre
4.50,26.5,26.6,SAFE,0,,Voie libre
4.55,26.9,26.5,SAFE,0,,Voie libre
4.60,27.2,26.6,SAFE,0,,Voie libre
4.65,27.6,26.5,SAFE,0,,Voie libre
4.70,28.0,26.6,SAFE,0,,Voie libre
4.75,28.3,26.5,SAFE,0,,Voie libre
4.80,28.7,26.6,SAFE,0,,Voie libre
4.85,29.1,26.6,SAFE,0,,Voie libre
4.90,29.5,26.6,SAFE,0,,Voie libre
4.95,29.8,26.6,SAFE,0,,Voie libre
5.00,30.2,26.6,SAFE,0,,Voie libre
5.05,30.6,26.6,SAFE,0,,Voie libre
5.10,30.9,26.6,SAFE,0,,Voie libre
5.15,31.3,26.6,SAFE,0,,Voie libre
5.20,31.7,26.6,SAFE,0,,Voie libre
5.25,32.0,26.6,SAFE,0,,Voie libre
5.30,32.4,26.7,SAFE,0,,Voie libre
5.35,32.8,26.6,SAFE,0,,Voie libre
5.40,33.1,26.7,SAFE,0,,Voie libre
5.45,33.5,26.6,SAFE,0,,Voie libre
5.50,33.9,26.7,SAFE,0,,Voie libre
5.55,34.3,26.6,SAFE,0,,Voie libre
5.60,34.6,26.7,SAFE,0,,Voie libre
5.65,35.0,26.6,SAFE,0,,Voie libre
5.70,35.4,26.7,SAFE,0,,Voie libre
5.75,35.7,26.6,SAFE,0,,Voie libre
5.80,36.1,26.7,SAFE,0,,Voie libre
5.85,36.5,26.6,SAFE,0,,Voie libre
5.90,36.8,26.7,SAFE,0,,Voie libre
5.95,37.2,26.7,SAFE,0,,Voie libre
6.00,37.6,26.7,SAFE,0,,Voie libre
6.05,38.0,26.7,SAFE,0,,Voie libre
6.10,38.3,26.7,SAFE,0,,Voie libre
6.15,38.7,26.6,SAFE,0,,Voie libre
6.20,39.1,26.7,SAFE,0,,Voie libre
6.25,39.4,26.7,SAFE,0,,Voie libre
6.30,39.8,26.7,SAFE,0,,Voie libre
6.35,40.2,26.7,SAFE,0,,Voie libre
6.40,40.6,26.8,SAFE,0,,Voie libre
6.45,40.9,26.7,SAFE,0,,Voie libre
6.50,41.3,26.8,SAFE,0,,Voie libre
6.55,41.7,26.7,SAFE,0,,Voie libre
6.60,42.0,26.8,SAFE,0,,Voie libre
6.65,42.4,26.7,SAFE,0,,Voie libre
6.70,42.8,26.8,SAFE,0,,Voie libre
6.75,43.2,26.7,SAFE,0,,Voie libre
6.80,43.5,26.8,SAFE,0,,Voie libre
6.85,43.9,26.7,SAFE,0,,Voie libre
6.90,44.3,26.8,SAFE,0,,Voie libre
6.95,44.6,26.7,SAFE,0,,Voie libre
7.00,45.0,26.8,SAFE,0,,Voie libre
7.05,45.4,26.7,SAFE,0,,Voie libre
7.10,45.8,26.8,SAFE,0,,Voie libre
7.15,46.1,26.7,SAFE,0,,Voie libre
7.20,46.5,26.8,SAFE,0,,Voie libre
7.25,46.9,26.7,SAFE,0,,Voie libre
7.30,47.2,26.8,SAFE,0,,Voie libre
7.35,47.6,26.7,SAFE,0,,Voie libre
7.40,48.0,26.8,SAFE,0,,Voie libre
7.45,48.4,26.7,SAFE,0,,Voie libre
7.50,48.7,26.8,SAFE,0,,Voie libre
7.55,49.1,26.7,SAFE,0,,Voie libre
7.60,49.5,26.8,SAFE,0,,Voie libre
7.65,49.8,26.7,SAFE,0,,Voie libre
7.70,50.2,26.8,SAFE,0,,Voie libre
7.75,50.6,26.7,SAFE,0,,Voie libre
7.80,51.0,26.8,SAFE,0,,Voie libre
7.85,51.3,26.7,SAFE,0,,Voie libre
7.90,51.7,26.8,SAFE,0,,Voie libre
7.95,52.1,26.7,SAFE,0,,Voie libre
8.00,52.4,26.8,SAFE,0,,Voie libre
8.05,52.8,26.7,SAFE,0,,Voie libre
8.10,53.2,26.8,SAFE,0,,Voie libre
8.15,53.6,26.7,SAFE,0,,Voie libre
8.20,53.9,26.8,SAFE,0,,Voie libre
8.25,54.3,26.7,SAFE,0,,Voie libre
8.30,54.7,26.8,SAFE,0,,Voie libre
8.35,55.0,26.7,SAFE,0,,Voie libre
8.40,55.4,26.8,SAFE,0,,Voie libre
8.45,55.8,26.7,SAFE,0,,Voie libre
8.50,56.2,26.8,SAFE,0,,Voie libre
8.55,56.5,26.7,SAFE,0,,Voie libre
8.60,56.9,26.8,SAFE,0,,Voie libre
8.65,57.3,26.7,SAFE,0,,Voie libre
8.70,57.6,26.8,SAFE,0,,Voie libre
8.75,58.0,26.7,SAFE,0,,Voie libre
8.80,58.4,26.8,SAFE,0,,Voie libre
8.85,58.8,26.7,SAFE,0,,Voie libre
8.90,59.1,26.8,SAFE,0,,Voie libre
8.95,59.5,26.7,SAFE,0,,Voie libre
9.00,59.9,26.8,SAFE,0,,Voie libre
9.05,60.2,26.7,SAFE,0,,Voie libre
9.10,60.6,26.8,SAFE,0,,Voie libre
9.15,61.0,26.7,SAFE,0,,Voie libre
9.20,61.4,26.8,SAFE,0,,Voie libre
9.25,61.7,26.7,SAFE,0,,Voie libre
9.30,62.1,26.8,SAFE,0,,Voie libre
9.35,62.5,26.7,SAFE,0,,Voie libre
9.40,62.9,26.8,SAFE,0,,Voie libre
9.45,63.2,26.7,SAFE,0,,Voie libre
9.50,63.6,26.8,SAFE,0,,Voie libre
9.55,64.0,26.8,SAFE,1,,Situation maîtrisée
9.60,64.3,26.8,SAFE,1,,Situation maîtrisée
9.65,64.7,26.8,SAFE,1,,Situation maîtrisée
9.70,65.1,26.8,SAFE,1,,Situation maîtrisée
9.75,65.5,26.7,SAFE,1,,Situation maîtrisée
9.80,65.8,26.8,SAFE,1,,Situation maîtrisée
9.85,66.2,26.7,SAFE,1,,Situation maîtrisée
9.90,66.6,26.9,SAFE,1,,Situation maîtrisée
9.95,66.9,26.6,SAFE,1,,Situation maîtrisée
10.00,67.3,27.1,SAFE,1,,Situation maîtrisée
10.05,67.7,26.9,SAFE,1,,Situation maîtrisée
10.10,68.1,27.0,SAFE,1,,Situation maîtrisée
10.15,68.4,26.9,SAFE,1,,Situation maîtrisée
10.20,68.8,26.9,SAFE,1,,Situation maîtrisée
10.25,69.2,26.7,SAFE,1,,Situation maîtrisée
10.30,69.6,26.8,SAFE,1,,Situation maîtrisée
10.35,69.9,26.7,SAFE,1,,Situation maîtrisée
10.40,70.3,26.7,SAFE,1,,Situation maîtrisée
10.45,70.7,26.6,SAFE,1,,Situation maîtrisée
10.50,71.0,26.7,SAFE,1,,Situation maîtrisée
10.55,71.4,26.6,SAFE,1,,Situation maîtrisée
10.60,71.8,26.7,SAFE,1,,Situation maîtrisée
10.65,72.1,26.6,SAFE,1,,Situation maîtrisée
10.70,72.5,26.7,SAFE,1,,Situation maîtrisée
10.75,72.9,26.6,SAFE,1,,Situation maîtrisée
10.80,73.3,26.7,SAFE,1,,Situation maîtrisée
10.85,73.6,26.7,SAFE,1,,Situation maîtrisée
10.90,74.0,26.7,SAFE,1,,Situation maîtrisée
10.95,74.4,26.7,SAFE,1,,Situation maîtrisée
11.00,74.7,26.8,SAFE,1,,Situation maîtrisée
11.05,75.1,26.7,SAFE,1,,Situation maîtrisée
11.10,75.5,26.8,SAFE,1,,Situation maîtrisée
11.15,75.9,26.7,SAFE,1,,Situation maîtrisée
11.20,76.2,26.8,SAFE,1,,Situation maîtrisée
11.25,76.6,26.7,SAFE,1,,Situation maîtrisée
11.30,77.0,26.8,SAFE,1,,Situation maîtrisée
11.35,77.3,26.7,SAFE,1,,Situation maîtrisée
11.40,77.7,26.8,SAFE,1,,Situation maîtrisée
11.45,78.1,26.7,SAFE,1,,Situation maîtrisée
11.50,78.5,26.8,SAFE,1,,Situation maîtrisée
11.55,78.8,26.7,SAFE,1,,Situation maîtrisée
11.60,79.2,26.8,SAFE,1,,Situation maîtrisée
11.65,79.6,26.7,SAFE,1,,Situation maîtrisée
11.70,79.9,26.7,SAFE,1,,Situation maîtrisée
11.75,80.3,26.6,SAFE,1,,Situation maîtrisée
11.80,80.7,26.6,SAFE,1,,Situation maîtrisée
11.85,81.1,26.5,SAFE,1,,Situation maîtrisée
11.90,81.4,26.4,SAFE,1,,Situation maîtrisée
11.95,81.8,26.2,SAFE,1,,Situation maîtrisée
12.00,82.1,26.1,SAFE,1,,Situation maîtrisée
12.05,82.5,25.6,SAFE,1,,Situation maîtrisée
12.10,82.9,25.2,SAFE,1,,Situation maîtrisée
12.15,83.2,24.5,SAFE,1,,Situation maîtrisée
12.20,83.5,24.0,SAFE,1,,Situation maîtrisée
12.25,83.9,23.3,SAFE,1,,Situation maîtrisée
12.30,84.2,22.7,SAFE,1,,Situation maîtrisée
12.35,84.5,22.0,SAFE,1,,Situation maîtrisée
12.40,84.8,21.5,SAFE,1,,Situation maîtrisée
12.45,85.1,20.7,SAFE,1,,Situation maîtrisée
12.50,85.4,20.3,SAFE,1,,Situation maîtrisée
12.55,85.6,19.8,SAFE,1,,Situation maîtrisée
12.60,85.9,19.6,SAFE,1,,Situation maîtrisée
12.65,86.2,19.5,SAFE,1,,Situation maîtrisée
12.70,86.5,19.7,SAFE,1,,Situation maîtrisée
12.75,86.7,19.9,SAFE,1,,Situation maîtrisée
12.80,87.0,20.3,SAFE,1,,Situation maîtrisée
12.85,87.3,20.7,SAFE,1,,Situation maîtrisée
12.90,87.6,21.3,SAFE,1,,Situation maîtrisée
12.95,87.9,21.7,SAFE,1,,Situation maîtrisée
13.00,88.2,22.1,SAFE,1,,Situation maîtrisée
13.05,88.5,22.3,SAFE,1,,Situation maîtrisée
13.10,88.8,22.5,SAFE,1,,Situation maîtrisée
13.15,89.1,22.3,SAFE,1,,Situation maîtrisée
13.20,89.4,22.2,SAFE,1,,Situation maîtrisée
13.25,89.7,21.9,SAFE,1,,Situation maîtrisée
13.30,90.0,21.7,SAFE,1,,Situation maîtrisée
13.35,90.3,21.1,SAFE,1,,Situation maîtrisée
13.40,90.6,20.8,SAFE,1,,Situation maîtrisée
13.45,90.9,20.3,SAFE,1,,Situation maîtrisée
13.50,91.2,19.9,SAFE,1,,Situation maîtrisée
13.55,91.5,19.4,SAFE,1,,Situation maîtrisée
13.60,91.7,19.2,SAFE,1,,Situation maîtrisée
13.65,92.0,18.9,SAFE,1,,Situation maîtrisée
13.70,92.3,18.8,SAFE,1,,Situation maîtrisée
13.75,92.5,18.6,SAFE,1,,Situation maîtrisée
13.80,92.8,18.6,SAFE,1,,Situation maîtrisée
13.85,93.0,18.4,SAFE,1,,Situation maîtrisée
13.90,93.3,18.3,SAFE,1,,Situation maîtrisée
13.95,93.5,18.5,SAFE,1,,Situation maîtrisée
14.00,93.8,18.2,SAFE,1,,Situation maîtrisée
14.05,94.0,18.4,SAFE,1,,Situation maîtrisée
14.10,94.3,18.1,SAFE,1,,Situation maîtrisée
14.15,94.5,18.2,SAFE,1,,Situation maîtrisée
14.20,94.8,18.1,SAFE,1,,Situation maîtrisée
14.25,95.0,17.9,SAFE,1,,Situation maîtrisée
14.30,95.3,17.5,SAFE,1,,Situation maîtrisée
14.35,95.5,17.2,SAFE,1,,Situation maîtrisée
14.40,95.8,17.2,SAFE,1,,Situation maîtrisée
14.45,96.0,17.4,SAFE,1,,Situation maîtrisée
14.50,96.2,17.5,SAFE,1,,Situation maîtrisée
14.55,96.5,17.7,SAFE,1,,Situation maîtrisée
14.60,96.7,18.0,SAFE,1,,Situation maîtrisée
14.65,97.0,18.3,SAFE,2,,Situation maîtrisée
14.70,97.2,18.8,SAFE,2,,Situation maîtrisée
14.75,97.5,18.3,SAFE,2,,Situation maîtrisée
14.80,97.8,18.9,SAFE,2,,Situation maîtrisée
14.85,98.0,18.5,SAFE,2,,Situation maîtrisée
14.90,98.3,19.4,SAFE,2,,Situation maîtrisée
14.95,98.6,19.3,SAFE,2,,Situation maîtrisée
15.00,98.8,19.9,SAFE,2,,Situation maîtrisée
15.05,99.1,19.7,SAFE,2,,Situation maîtrisée
15.10,99.4,20.3,SAFE,2,,Situation maîtrisée
15.15,99.7,20.2,SAFE,2,,Situation maîtrisée
15.20,99.9,20.7,SAFE,2,,Situation maîtrisée
15.25,100.2,20.3,SAFE,2,,Situation maîtrisée
15.30,100.5,21.1,SAFE,2,,Situation maîtrisée
15.35,100.8,20.8,SAFE,2,,Situation maîtrisée
15.40,101.1,21.2,SAFE,2,,Situation maîtrisée
15.45,101.4,20.8,SAFE,2,,Situation maîtrisée
15.50,101.7,21.4,SAFE,2,,Situation maîtrisée
15.55,102.0,21.2,SAFE,2,,Situation maîtrisée
15.60,102.3,21.6,SAFE,2,,Situation maîtrisée
15.65,102.6,21.3,SAFE,2,,Situation maîtrisée
15.70,102.9,21.9,SAFE,2,,Situation maîtrisée
15.75,103.2,21.7,SAFE,2,,Situation maîtrisée
15.80,103.5,22.1,SAFE,2,,Situation maîtrisée
15.85,103.8,21.8,SAFE,2,,Situation maîtrisée
15.90,104.1,22.4,SAFE,2,,Situation maîtrisée
15.95,104.4,22.3,SAFE,2,,Situation maîtrisée
16.00,104.7,22.7,SAFE,2,,Situation maîtrisée
16.05,105.0,22.4,SAFE,2,,Situation maîtrisée
16.10,105.3,23.0,SAFE,2,,Situation maîtrisée
16.15,105.7,22.8,SAFE,2,,Situation maîtrisée
16.20,106.0,23.2,SAFE,2,,Situation maîtrisée
16.25,106.3,22.9,SAFE,2,,Situation maîtrisée
16.30,106.6,23.5,SAFE,2,,Situation maîtrisée
16.35,106.9,23.3,SAFE,2,,Situation maîtrisée
16.40,107.3,23.8,SAFE,2,,Situation maîtrisée
16.45,107.6,23.5,SAFE,2,,Situation maîtrisée
16.50,107.9,24.1,SAFE,2,,Situation maîtrisée
16.55,108.3,23.9,SAFE,2,,Situation maîtrisée
16.60,108.6,24.3,SAFE,2,,Situation maîtrisée
16.65,108.9,24.0,SAFE,2,,Situation maîtrisée
16.70,109.3,24.6,SAFE,2,,Situation maîtrisée
16.75,109.6,24.4,SAFE,2,,Situation maîtrisée
16.80,110.0,24.8,SAFE,2,,Situation maîtrisée
16.85,110.3,24.5,SAFE,1,,Situation maîtrisée
16.90,110.6,25.0,SAFE,1,,Situation maîtrisée
16.95,111.0,24.8,SAFE,1,,Situation maîtrisée
17.00,111.3,25.2,SAFE,1,,Situation maîtrisée
17.05,111.7,24.9,SAFE,1,,Situation maîtrisée
17.10,112.0,25.4,SAFE,1,,Situation maîtrisée
17.15,112.4,25.1,SAFE,1,,Situation maîtrisée
17.20,112.7,25.5,SAFE,1,,Situation maîtrisée
17.25,113.1,25.2,SAFE,1,,Situation maîtrisée
17.30,113.4,25.7,SAFE,1,,Situation maîtrisée
17.35,113.8,25.4,SAFE,1,,Situation maîtrisée
17.40,114.2,25.8,SAFE,1,,Situation maîtrisée
17.45,114.5,25.5,SAFE,1,,Situation maîtrisée
17.50,114.9,25.9,SAFE,1,,Situation maîtrisée
17.55,115.2,25.6,SAFE,1,,Situation maîtrisée
17.60,115.6,26.0,SAFE,1,,Situation maîtrisée
17.65,115.9,25.7,SAFE,1,,Situation maîtrisée
17.70,116.3,26.1,SAFE,1,,Situation maîtrisée
17.75,116.7,25.8,SAFE,1,,Situation maîtrisée
17.80,117.0,26.1,SAFE,1,,Situation maîtrisée
17.85,117.4,25.8,SAFE,1,,Situation maîtrisée
17.90,117.7,26.1,SAFE,1,,Situation maîtrisée
17.95,118.1,25.8,SAFE,1,,Situation maîtrisée
18.00,118.5,26.1,SAFE,1,,Situation maîtrisée
18.05,118.8,25.7,SAFE,1,,Situation maîtrisée
18.10,119.2,26.0,SAFE,1,,Situation maîtrisée
18.15,119.5,25.6,SAFE,1,,Situation maîtrisée
18.20,119.9,25.9,SAFE,1,,Situation maîtrisée
18.25,120.3,25.5,SAFE,1,,Situation maîtrisée
18.30,120.6,25.7,SAFE,1,,Situation maîtrisée
18.35,121.0,25.3,SAFE,1,,Situation maîtrisée
18.40,121.3,25.5,SAFE,1,,Situation maîtrisée
18.45,121.7,25.1,SAFE,1,,Situation maîtrisée
18.50,122.0,25.4,SAFE,1,,Situation maîtrisée
18.55,122.4,25.0,SAFE,1,,Situation maîtrisée
18.60,122.7,25.2,SAFE,1,,Situation maîtrisée
18.65,123.1,24.8,SAFE,1,,Situation maîtrisée
18.70,123.4,25.0,SAFE,2,,Situation maîtrisée
18.75,123.7,24.6,SAFE,2,,Situation maîtrisée
18.80,124.1,24.9,SAFE,2,,Situation maîtrisée
18.85,124.4,24.5,SAFE,2,,Situation maîtrisée
18.90,124.8,24.7,SAFE,2,,Situation maîtrisée
18.95,125.1,24.3,SAFE,2,,Situation maîtrisée
19.00,125.5,24.6,SAFE,2,,Situation maîtrisée
19.05,125.8,24.1,SAFE,2,,Situation maîtrisée
19.10,126.1,24.4,SAFE,2,,Situation maîtrisée
19.15,126.5,24.0,SAFE,2,,Situation maîtrisée
19.20,126.8,24.3,SAFE,2,,Situation maîtrisée
19.25,127.1,23.8,SAFE,2,,Situation maîtrisée
19.30,127.5,24.1,SAFE,2,,Situation maîtrisée
19.35,127.8,23.7,SAFE,2,,Situation maîtrisée
19.40,128.1,24.0,SAFE,2,,Situation maîtrisée
19.45,128.5,23.6,SAFE,2,,Situation maîtrisée
19.50,128.8,23.8,SAFE,2,,Situation maîtrisée
19.55,129.1,23.4,SAFE,2,,Situation maîtrisée
19.60,129.4,23.7,SAFE,2,,Situation maîtrisée
19.65,129.8,23.2,SAFE,2,,Situation maîtrisée
19.70,130.1,23.6,SAFE,2,,Situation maîtrisée
19.75,130.4,23.1,SAFE,2,,Situation maîtrisée
19.80,130.7,23.4,SAFE,2,,Situation maîtrisée
19.85,131.1,22.9,SAFE,2,,Situation maîtrisée
19.90,131.4,23.2,SAFE,1,,Situation maîtrisée
19.95,131.7,22.8,SAFE,1,,Situation maîtrisée
20.00,132.0,23.1,SAFE,1,,Situation maîtrisée
20.05,132.3,22.7,SAFE,1,,Situation maîtrisée
20.10,132.7,23.0,SAFE,1,,Situation maîtrisée
20.15,133.0,22.6,SAFE,1,,Situation maîtrisée
20.20,133.3,22.9,SAFE,1,,Situation maîtrisée
20.25,133.6,22.4,SAFE,1,,Situation maîtrisée
20.30,133.9,22.8,SAFE,1,,Situation maîtrisée
20.35,134.2,22.4,SAFE,1,,Situation maîtrisée
20.40,134.5,22.7,SAFE,1,,Situation maîtrisée
20.45,134.9,22.2,SAFE,1,,Situation maîtrisée
20.50,135.2,22.6,SAFE,1,,Situation maîtrisée
20.55,135.5,22.2,SAFE,1,,Situation maîtrisée
20.60,135.8,22.5,SAFE,1,,Situation maîtrisée
20.65,136.1,22.0,SAFE,1,,Situation maîtrisée
20.70,136.4,22.3,SAFE,1,,Situation maîtrisée
20.75,136.7,21.8,SAFE,1,,Situation maîtrisée
20.80,137.0,22.1,SAFE,1,,Situation maîtrisée
20.85,137.3,21.7,SAFE,1,,Situation maîtrisée
20.90,137.6,22.2,SAFE,1,,Situation maîtrisée
20.95,137.9,21.9,SAFE,1,,Situation maîtrisée
21.00,138.2,22.2,SAFE,1,,Situation maîtrisée
21.05,138.5,21.8,SAFE,1,,Situation maîtrisée
21.10,138.8,22.2,SAFE,1,,Situation maîtrisée
21.15,139.2,21.9,SAFE,1,,Situation maîtrisée
21.20,139.5,22.2,SAFE,1,,Situation maîtrisée
21.25,139.8,21.8,SAFE,1,,Situation maîtrisée
21.30,140.1,22.2,SAFE,1,,Situation maîtrisée
21.35,140.4,21.8,SAFE,1,,Situation maîtrisée
21.40,140.7,22.1,SAFE,1,,Situation maîtrisée
21.45,141.0,21.7,SAFE,1,,Situation maîtrisée
21.50,141.3,22.2,SAFE,1,,Situation maîtrisée
21.55,141.6,21.9,SAFE,1,,Situation maîtrisée
21.60,141.9,22.2,SAFE,1,,Situation maîtrisée
21.65,142.2,21.7,SAFE,1,,Situation maîtrisée
21.70,142.5,22.1,SAFE,1,,Situation maîtrisée
21.75,142.8,21.8,SAFE,1,,Situation maîtrisée
21.80,143.1,22.1,SAFE,1,,Situation maîtrisée
21.85,143.4,21.7,SAFE,1,,Situation maîtrisée
21.90,143.7,22.2,SAFE,1,,Situation maîtrisée
21.95,144.0,21.8,SAFE,1,,Situation maîtrisée
22.00,144.3,22.1,SAFE,1,,Situation maîtrisée
22.05,144.6,21.7,SAFE,1,,Situation maîtrisée
22.10,144.9,22.2,SAFE,1,,Situation maîtrisée
22.15,145.2,21.9,SAFE,1,,Situation maîtrisée
22.20,145.6,22.2,SAFE,1,,Situation maîtrisée
22.25,145.9,21.7,SAFE,1,,Situation maîtrisée
22.30,146.2,22.2,SAFE,1,,Situation maîtrisée
22.35,146.5,21.9,SAFE,1,,Situation maîtrisée
22.40,146.8,22.2,SAFE,1,,Situation maîtrisée
22.45,147.1,21.7,SAFE,1,,Situation maîtrisée
22.50,147.4,22.1,SAFE,2,,Situation maîtrisée
22.55,147.7,21.7,SAFE,2,,Situation maîtrisée
22.60,148.0,22.1,SAFE,2,,Situation maîtrisée
22.65,148.3,21.7,SAFE,2,,Situation maîtrisée
22.70,148.6,22.3,SAFE,2,,Situation maîtrisée
22.75,148.9,22.0,SAFE,2,,Situation maîtrisée
22.80,149.2,22.4,SAFE,2,,Situation maîtrisée
22.85,149.5,21.9,SAFE,2,,Situation maîtrisée
22.90,149.8,22.4,SAFE,2,,Situation maîtrisée
22.95,150.1,22.1,SAFE,2,,Situation maîtrisée
23.00,150.4,22.4,SAFE,2,,Situation maîtrisée
23.05,150.8,22.0,SAFE,2,,Situation maîtrisée
23.10,151.1,22.4,SAFE,2,,Situation maîtrisée
23.15,151.4,22.0,SAFE,2,,Situation maîtrisée
23.20,151.7,22.3,SAFE,2,,Situation maîtrisée
23.25,152.0,21.9,SAFE,2,,Situation maîtrisée
23.30,152.3,22.4,SAFE,2,,Situation maîtrisée
23.35,152.6,22.1,SAFE,2,,Situation maîtrisée
23.40,152.9,22.4,SAFE,2,,Situation maîtrisée
23.45,153.2,21.9,SAFE,2,,Situation maîtrisée
23.50,153.5,22.4,SAFE,2,,Situation maîtrisée
23.55,153.8,22.1,SAFE,2,,Situation maîtrisée
23.60,154.1,22.4,SAFE,2,moteur:physique,Situation maîtrisée
23.65,154.5,21.9,SAFE,2,moteur:physique,Situation maîtrisée
23.70,154.8,22.4,SAFE,2,moteur:physique,Situation maîtrisée
23.75,155.1,22.1,SAFE,2,moteur:physique,Situation maîtrisée
23.80,155.4,22.4,SAFE,1,moteur:physique,Situation maîtrisée
23.85,155.7,22.1,SAFE,1,moteur:physique,Situation maîtrisée
23.90,156.0,22.7,SAFE,1,moteur:physique,Situation maîtrisée
23.95,156.3,22.4,SAFE,1,moteur:physique,Situation maîtrisée
24.00,156.6,22.7,SAFE,1,moteur:physique,Situation maîtrisée
24.05,156.9,22.3,SAFE,1,moteur:physique,Situation maîtrisée
24.10,157.2,22.9,SAFE,1,moteur:physique,Situation maîtrisée
24.15,157.6,22.6,SAFE,1,moteur:physique,Situation maîtrisée
24.20,157.9,22.9,SAFE,1,moteur:physique,Situation maîtrisée
24.25,158.2,22.5,SAFE,1,moteur:physique,Situation maîtrisée
24.30,158.5,23.0,SAFE,1,moteur:physique,Situation maîtrisée
24.35,158.8,22.8,SAFE,1,moteur:physique,Situation maîtrisée
24.40,159.2,23.2,SAFE,1,moteur:physique,Situation maîtrisée
24.45,159.5,22.9,SAFE,1,,Situation maîtrisée
24.50,159.8,23.4,SAFE,1,,Situation maîtrisée
24.55,160.1,23.2,SAFE,1,,Situation maîtrisée
24.60,160.4,23.6,SAFE,1,,Situation maîtrisée
24.65,160.8,23.2,SAFE,1,,Situation maîtrisée
24.70,161.1,23.8,SAFE,1,,Situation maîtrisée
24.75,161.4,23.6,SAFE,1,,Situation maîtrisée
24.80,161.8,24.0,SAFE,0,,Voie libre
24.85,162.1,23.7,SAFE,0,,Voie libre
24.90,162.4,24.2,SAFE,0,,Voie libre
24.95,162.7,24.0,SAFE,0,,Voie libre
25.00,163.1,24.3,SAFE,0,,Voie libre
25.05,163.4,24.0,SAFE,0,,Voie libre
25.10,163.8,24.5,SAFE,0,,Voie libre
25.15,164.1,24.3,SAFE,0,,Voie libre
25.20,164.4,24.7,SAFE,0,,Voie libre
25.25,164.8,24.4,SAFE,0,,Voie libre
25.30,165.1,24.8,SAFE,0,,Voie libre
25.35,165.5,24.6,SAFE,0,,Voie libre
25.40,165.8,25.0,SAFE,0,,Voie libre
25.45,166.2,24.7,SAFE,0,,Voie libre
25.50,166.5,25.1,SAFE,0,,Voie libre
25.55,166.8,24.9,SAFE,0,,Voie libre
25.60,167.2,25.3,SAFE,0,,Voie libre
25.65,167.5,25.0,SAFE,0,,Voie libre
25.70,167.9,25.4,SAFE,0,,Voie libre
25.75,168.2,25.2,SAFE,0,,Voie libre
25.80,168.6,25.5,SAFE,0,,Voie libre
25.85,168.9,25.3,SAFE,0,,Voie libre
25.90,169.3,25.7,SAFE,0,,Voie libre
25.95,169.7,25.4,SAFE,0,,Voie libre
26.00,170.0,25.8,SAFE,0,,Voie libre
26.05,170.4,25.5,SAFE,0,,Voie libre
26.10,170.7,25.9,SAFE,0,,Voie libre
26.15,171.1,25.6,SAFE,0,,Voie libre
26.20,171.4,25.9,SAFE,0,,Voie libre
26.25,171.8,25.7,SAFE,0,,Voie libre
26.30,172.2,26.0,SAFE,0,,Voie libre
26.35,172.5,25.7,SAFE,0,,Voie libre
26.40,172.9,26.1,SAFE,0,,Voie libre
26.45,173.2,25.8,SAFE,0,,Voie libre
26.50,173.6,26.1,SAFE,0,,Voie libre
26.55,174.0,25.9,SAFE,0,,Voie libre
26.60,174.3,26.2,SAFE,0,,Voie libre
26.65,174.7,25.9,SAFE,0,,Voie libre
26.70,175.0,26.2,SAFE,0,,Voie libre
26.75,175.4,25.9,SAFE,0,,Voie libre
26.80,175.8,26.3,SAFE,0,,Voie libre
26.85,176.1,26.0,SAFE,0,,Voie libre
26.90,176.5,26.3,SAFE,0,,Voie libre
26.95,176.9,26.0,SAFE,0,,Voie libre
27.00,177.2,26.4,SAFE,0,,Voie libre
27.05,177.6,26.0,SAFE,0,,Voie libre
27.10,178.0,26.4,SAFE,0,,Voie libre
27.15,178.3,26.1,SAFE,0,,Voie libre
27.20,178.7,26.4,SAFE,0,,Voie libre
27.25,179.0,26.1,SAFE,0,,Voie libre
27.30,179.4,26.4,SAFE,0,,Voie libre
27.35,179.8,26.1,SAFE,0,,Voie libre
27.40,180.1,26.4,SAFE,0,,Voie libre
27.45,180.5,26.1,SAFE,0,,Voie libre
27.50,180.9,26.5,SAFE,0,,Voie libre
27.55,181.2,26.2,SAFE,0,,Voie libre
27.60,181.6,26.5,SAFE,0,,Voie libre
27.65,182.0,26.2,SAFE,0,,Voie libre
27.70,182.3,26.5,SAFE,0,,Voie libre
27.75,182.7,26.2,SAFE,0,,Voie libre
27.80,183.1,26.5,SAFE,0,,Voie libre
27.85,183.4,26.2,SAFE,0,,Voie libre
27.90,183.8,26.5,SAFE,0,,Voie libre
27.95,184.2,26.2,SAFE,0,,Voie libre
28.00,184.5,26.5,SAFE,0,,Voie libre
28.05,184.9,26.2,SAFE,0,,Voie libre
28.10,185.3,26.5,SAFE,0,,Voie libre
28.15,185.6,26.2,SAFE,0,,Voie libre
28.20,186.0,26.5,SAFE,0,,Voie libre
28.25,186.4,26.2,SAFE,0,,Voie libre
28.30,186.7,26.5,SAFE,0,,Voie libre
28.35,187.1,26.2,SAFE,0,,Voie libre
28.40,187.5,26.6,SAFE,0,,Voie libre
28.45,187.8,26.2,SAFE,0,,Voie libre
28.50,188.2,26.6,SAFE,0,,Voie libre
28.55,188.6,26.2,SAFE,0,,Voie libre
28.60,188.9,26.6,SAFE,0,,Voie libre
28.65,189.3,26.3,SAFE,0,,Voie libre
28.70,189.7,26.6,SAFE,0,,Voie libre
28.75,190.0,26.3,SAFE,0,,Voie libre
28.80,190.4,26.6,SAFE,0,,Voie libre
28.85,190.8,26.3,SAFE,0,,Voie libre
28.90,191.1,26.6,SAFE,0,,Voie libre
28.95,191.5,26.3,SAFE,0,,Voie libre
29.00,191.9,26.6,SAFE,0,,Voie libre
29.05,192.2,26.3,SAFE,0,,Voie libre
29.10,192.6,26.6,SAFE,0,,Voie libre
29.15,193.0,26.3,SAFE,0,,Voie libre
29.20,193.3,26.6,SAFE,0,,Voie libre
29.25,193.7,26.3,SAFE,0,,Voie libre
29.30,194.1,26.6,SAFE,0,,Voie libre
29.35,194.4,26.3,SAFE,0,,Voie libre
29.40,194.8,26.6,SAFE,0,,Voie libre
29.45,195.2,26.3,SAFE,0,,Voie libre
29.50,195.5,26.6,SAFE,0,,Voie libre
29.55,195.9,26.3,SAFE,0,,Voie libre
29.60,196.3,26.6,SAFE,0,,Voie libre
29.65,196.6,26.3,SAFE,0,,Voie libre
29.70,197.0,26.6,SAFE,0,,Voie libre
29.75,197.4,26.3,SAFE,0,,Voie libre
29.80,197.7,26.6,SAFE,0,,Voie libre
29.85,198.1,26.3,SAFE,0,,Voie libre
29.90,198.5,26.6,SAFE,0,,Voie libre
29.95,198.8,26.3,SAFE,0,,Voie libre
30.00,199.2,26.6,SAFE,0,,Voie libre
30.05,199.6,26.3,SAFE,0,,Voie libre
30.10,199.9,26.6,SAFE,0,,Voie libre
30.15,200.3,26.3,SAFE,0,,Voie libre
30.20,200.7,26.6,SAFE,0,,Voie libre
30.25,201.0,26.3,SAFE,0,,Voie libre
30.30,201.4,26.6,SAFE,0,,Voie libre
30.35,201.8,26.3,SAFE,0,,Voie libre
30.40,202.1,26.6,SAFE,0,,Voie libre
30.45,202.5,26.3,SAFE,0,,Voie libre
30.50,202.9,26.6,SAFE,0,,Voie libre
30.55,203.2,26.3,SAFE,0,,Voie libre
30.60,203.6,26.6,SAFE,0,,Voie libre
30.65,204.0,26.3,SAFE,0,,Voie libre
30.70,204.3,26.6,SAFE,0,,Voie libre
30.75,204.7,26.3,SAFE,0,,Voie libre
30.80,205.1,26.6,SAFE,0,,Voie libre
30.85,205.4,26.3,SAFE,0,,Voie libre
30.90,205.8,26.6,SAFE,0,,Voie libre
30.95,206.2,26.3,SAFE,0,,Voie libre
31.00,206.5,26.6,SAFE,0,,Voie libre
31.05,206.9,26.3,SAFE,0,,Voie libre
31.10,207.3,26.6,SAFE,0,,Voie libre
31.15,207.7,26.3,SAFE,0,,Voie libre
31.20,208.0,26.6,SAFE,0,,Voie libre
31.25,208.4,26.3,SAFE,0,,Voie libre
31.30,208.8,26.6,SAFE,0,,Voie libre
31.35,209.1,26.3,SAFE,0,,Voie libre
31.40,209.5,26.6,SAFE,0,,Voie libre
31.45,209.9,26.3,SAFE,0,,Voie libre
31.50,210.2,26.6,SAFE,0,,Voie libre
31.55,210.6,26.3,SAFE,0,,Voie libre
31.60,211.0,26.6,SAFE,0,,Voie libre
31.65,211.3,26.3,SAFE,0,,Voie libre
31.70,211.7,26.6,SAFE,0,,Voie libre
31.75,212.1,26.3,SAFE,0,,Voie libre
31.80,212.4,26.6,SAFE,0,,Voie libre
31.85,212.8,26.3,SAFE,0,,Voie libre
31.90,213.2,26.6,SAFE,0,,Voie libre
31.95,213.5,26.3,SAFE,0,,Voie libre
32.00,213.9,26.6,SAFE,0,,Voie libre
32.05,214.3,26.3,SAFE,0,,Voie libre
32.10,214.6,26.6,SAFE,0,,Voie libre
32.15,215.0,26.3,SAFE,0,,Voie libre
32.20,215.4,26.6,SAFE,0,,Voie libre
32.25,215.7,26.3,SAFE,0,,Voie libre
32.30,216.1,26.6,SAFE,0,,Voie libre
32.35,216.5,26.3,SAFE,0,,Voie libre
32.40,216.8,26.6,SAFE,0,,Voie libre
32.45,217.2,26.3,SAFE,0,,Voie libre
32.50,217.6,26.6,SAFE,0,,Voie libre
32.55,217.9,26.3,SAFE,0,,Voie libre
32.60,218.3,26.6,SAFE,0,,Voie libre
32.65,218.7,26.3,SAFE,0,,Voie libre
32.70,219.0,26.6,SAFE,0,,Voie libre
32.75,219.4,26.3,SAFE,0,,Voie libre
32.80,219.8,26.6,SAFE,0,,Voie libre
32.85,220.1,26.3,SAFE,0,,Voie libre
32.90,220.5,26.6,SAFE,0,,Voie libre
32.95,220.9,26.3,SAFE,0,,Voie libre
33.00,221.2,26.6,SAFE,0,,Voie libre
33.05,221.6,26.3,SAFE,0,,Voie libre
33.10,222.0,26.6,SAFE,0,,Voie libre
33.15,222.3,26.3,SAFE,0,,Voie libre
33.20,222.7,26.6,SAFE,0,,Voie libre
33.25,223.1,26.3,SAFE,0,,Voie libre
33.30,223.4,26.6,SAFE,0,,Voie libre
33.35,223.8,26.3,SAFE,0,,Voie libre
33.40,224.2,26.6,SAFE,0,,Voie libre
33.45,224.5,26.3,SAFE,0,,Voie libre
33.50,224.9,26.6,SAFE,0,,Voie libre
33.55,225.3,26.3,SAFE,0,,Voie libre
33.60,225.6,26.6,SAFE,0,,Voie libre
33.65,226.0,26.3,SAFE,0,,Voie libre
33.70,226.4,26.6,SAFE,0,,Voie libre
33.75,226.7,26.3,SAFE,0,,Voie libre
33.80,227.1,26.6,SAFE,0,,Voie libre
33.85,227.5,26.3,SAFE,0,,Voie libre
33.90,227.9,26.6,SAFE,0,,Voie libre
33.95,228.2,26.3,SAFE,0,,Voie libre
34.00,228.6,26.6,SAFE,0,,Voie libre
34.05,229.0,26.3,SAFE,0,,Voie libre
34.10,229.3,26.6,SAFE,0,,Voie libre
34.15,229.7,26.3,SAFE,0,,Voie libre
34.20,230.1,26.6,SAFE,0,,Voie libre
34.25,230.4,26.3,SAFE,0,,Voie libre
34.30,230.8,26.6,SAFE,0,,Voie libre
34.35,231.2,26.3,SAFE,0,,Voie libre
34.40,231.5,26.6,SAFE,0,,Voie libre
34.45,231.9,26.3,SAFE,0,,Voie libre
34.50,232.3,26.6,SAFE,0,,Voie libre
34.55,232.6,26.3,SAFE,0,,Voie libre
34.60,233.0,26.6,SAFE,0,,Voie libre
34.65,233.4,26.3,SAFE,0,,Voie libre
34.70,233.7,26.6,SAFE,0,,Voie libre
34.75,234.1,26.3,SAFE,0,,Voie libre
34.80,234.5,26.6,SAFE,0,,Voie libre
34.85,234.8,26.3,SAFE,0,,Voie libre
34.90,235.2,26.6,SAFE,0,,Voie libre
34.95,235.6,26.3,SAFE,0,,Voie libre
35.00,235.9,26.6,SAFE,0,,Voie libre
35.05,236.3,26.3,SAFE,0,,Voie libre
35.10,236.7,26.6,SAFE,0,,Voie libre
35.15,237.0,26.3,SAFE,0,,Voie libre
35.20,237.4,26.6,SAFE,0,,Voie libre
35.25,237.8,26.3,SAFE,0,,Voie libre
35.30,238.1,26.6,SAFE,0,,Voie libre
35.35,238.5,26.3,SAFE,0,,Voie libre
35.40,238.9,26.6,SAFE,0,,Voie libre
35.45,239.2,26.3,SAFE,0,,Voie libre
35.50,239.6,26.6,SAFE,0,,Voie libre
35.55,240.0,26.3,SAFE,0,,Voie libre
35.60,240.3,26.6,SAFE,0,,Voie libre
35.65,240.7,26.3,SAFE,0,,Voie libre
35.70,241.1,26.6,SAFE,0,,Voie libre
35.75,241.4,26.3,SAFE,0,,Voie libre
35.80,241.8,26.6,SAFE,0,,Voie libre
35.85,242.2,26.3,SAFE,0,,Voie libre
35.90,242.5,26.6,SAFE,0,,Voie libre
35.95,242.9,26.4,SAFE,0,,Voie libre
36.00,243.3,26.4,SAFE,0,,Voie libre
36.05,243.6,26.4,SAFE,0,,Voie libre
36.10,244.0,26.3,SAFE,0,,Voie libre
36.15,244.4,26.3,SAFE,0,,Voie libre
36.20,244.7,26.3,SAFE,0,,Voie libre
36.25,245.1,26.3,SAFE,0,,Voie libre
36.30,245.5,26.3,SAFE,0,,Voie libre
36.35,245.8,26.3,SAFE,0,,Voie libre
36.40,246.2,26.4,SAFE,0,,Voie libre
36.45,246.6,26.4,SAFE,0,,Voie libre
36.50,246.9,26.4,SAFE,0,,Voie libre
36.55,247.3,26.4,SAFE,0,,Voie libre
36.60,247.7,26.5,SAFE,0,,Voie libre
36.65,248.0,26.5,SAFE,0,,Voie libre
36.70,248.4,26.5,SAFE,0,,Voie libre
36.75,248.8,26.5,SAFE,0,,Voie libre
36.80,249.1,26.6,SAFE,0,,Voie libre
36.85,249.5,26.6,SAFE,0,,Voie libre
36.90,249.9,26.6,SAFE,0,,Voie libre
36.95,250.2,26.6,SAFE,0,,Voie libre
37.00,250.6,26.6,SAFE,0,,Voie libre
37.05,251.0,26.6,SAFE,0,,Voie libre
37.10,251.4,26.6,SAFE,0,,Voie libre
37.15,251.7,26.6,SAFE,0,,Voie libre
37.20,252.1,26.6,SAFE,0,,Voie libre
37.25,252.5,26.6,SAFE,0,,Voie libre
37.30,252.8,26.6,SAFE,0,,Voie libre
37.35,253.2,26.6,SAFE,0,,Voie libre
37.40,253.6,26.6,SAFE,0,,Voie libre
37.45,253.9,26.6,SAFE,0,,Voie libre
37.50,254.3,26.6,SAFE,0,,Voie libre
37.55,254.7,26.6,SAFE,0,,Voie libre
37.60,255.1,26.6,SAFE,0,,Voie libre
37.65,255.4,26.6,SAFE,0,,Voie libre
37.70,255.8,26.6,SAFE,0,,Voie libre
37.75,256.2,26.5,SAFE,0,,Voie libre
37.80,256.5,26.4,SAFE,0,,Voie libre
37.85,256.9,26.3,SAFE,0,,Voie libre
37.90,257.3,26.2,SAFE,0,feu_rouge,SAFE : arret au feu rouge
37.95,257.6,25.9,SAFE,0,feu_rouge,SAFE : arret au feu rouge
38.00,258.0,25.4,SAFE,0,feu_rouge,SAFE : arret au feu rouge
38.05,258.3,24.7,SAFE,0,feu_rouge,SAFE : arret au feu rouge
38.10,258.7,24.0,SAFE,0,feu_rouge,SAFE : arret au feu rouge
38.15,259.0,23.2,SAFE,0,feu_rouge,SAFE : arret au feu rouge
38.20,259.3,22.4,SAFE,0,feu_rouge,SAFE : arret au feu rouge
38.25,259.6,21.6,SAFE,0,feu_rouge,SAFE : arret au feu rouge
38.30,259.9,17.9,SAFE,0,feu_rouge,SAFE : arret au feu rouge
38.35,260.1,13.1,SAFE,0,feu_rouge,SAFE : arret au feu rouge
38.40,260.2,8.2,SAFE,0,feu_rouge,SAFE : arret au feu rouge
38.45,260.3,3.4,SAFE,0,feu_rouge,SAFE : arret au feu rouge
38.50,260.3,0.0,SAFE,0,feu_rouge,SAFE : arret au feu rouge
38.55,260.3,0.0,SAFE,0,feu_rouge,SAFE : arret au feu rouge
38.60,260.3,0.0,SAFE,0,feu_rouge,SAFE : arret au feu rouge
38.65,260.3,0.3,SAFE,0,feu_rouge,SAFE : arret au feu rouge
38.70,260.3,0.6,SAFE,0,feu_rouge,SAFE : arret au feu rouge
38.75,260.3,0.7,SAFE,0,feu_rouge,SAFE : arret au feu rouge
38.80,260.4,0.7,SAFE,0,feu_rouge,SAFE : arret au feu rouge
38.85,260.4,0.8,SAFE,0,feu_rouge,SAFE : arret au feu rouge
38.90,260.4,0.8,SAFE,0,feu_rouge,SAFE : arret au feu rouge
38.95,260.4,0.8,SAFE,0,feu_rouge,SAFE : arret au feu rouge
39.00,260.4,0.8,SAFE,0,feu_rouge,SAFE : arret au feu rouge
39.05,260.4,0.7,SAFE,0,feu_rouge,SAFE : arret au feu rouge
39.10,260.4,0.7,SAFE,0,feu_rouge,SAFE : arret au feu rouge
39.15,260.4,0.7,SAFE,0,feu_rouge,SAFE : arret au feu rouge
39.20,260.4,0.7,SAFE,0,feu_rouge,SAFE : arret au feu rouge
39.25,260.4,0.7,SAFE,0,feu_rouge,SAFE : arret au feu rouge
39.30,260.5,0.7,SAFE,0,feu_rouge,SAFE : arret au feu rouge
39.35,260.5,0.7,SAFE,0,feu_rouge,SAFE : arret au feu rouge
39.40,260.5,0.7,SAFE,0,feu_rouge,SAFE : arret au feu rouge
39.45,260.5,0.6,SAFE,0,feu_rouge,SAFE : arret au feu rouge
39.50,260.5,0.6,SAFE,0,feu_rouge,SAFE : arret au feu rouge
39.55,260.5,0.6,SAFE,0,feu_rouge,SAFE : arret au feu rouge
39.60,260.5,0.6,SAFE,0,feu_rouge,SAFE : arret au feu rouge
39.65,260.5,0.6,SAFE,0,feu_rouge,SAFE : arret au feu rouge
39.70,260.5,0.6,SAFE,0,feu_rouge,SAFE : arret au feu rouge
39.75,260.5,0.6,SAFE,0,feu_rouge,SAFE : arret au feu rouge
39.80,260.5,0.6,SAFE,0,feu_rouge,SAFE : arret au feu rouge
39.85,260.5,0.5,SAFE,0,feu_rouge,SAFE : arret au feu rouge
39.90,260.6,0.5,SAFE,0,feu_rouge,SAFE : arret au feu rouge
39.95,260.6,0.5,SAFE,0,feu_rouge,SAFE : arret au feu rouge
40.00,260.6,0.5,SAFE,0,feu_rouge,SAFE : arret au feu rouge
40.05,260.6,0.5,SAFE,0,feu_rouge,SAFE : arret au feu rouge
40.10,260.6,0.5,SAFE,0,feu_rouge,SAFE : arret au feu rouge
40.15,260.6,0.5,SAFE,0,feu_rouge,SAFE : arret au feu rouge
40.20,260.6,0.5,SAFE,0,feu_rouge,SAFE : arret au feu rouge
40.25,260.6,0.5,SAFE,0,feu_rouge,SAFE : arret au feu rouge
40.30,260.6,0.5,SAFE,0,feu_rouge,SAFE : arret au feu rouge
40.35,260.6,0.4,SAFE,0,feu_rouge,SAFE : arret au feu rouge
40.40,260.6,0.4,SAFE,0,feu_rouge,SAFE : arret au feu rouge
40.45,260.6,0.4,SAFE,0,feu_rouge,SAFE : arret au feu rouge
40.50,260.6,0.4,SAFE,0,feu_rouge,SAFE : arret au feu rouge
40.55,260.6,0.4,SAFE,0,feu_rouge,SAFE : arret au feu rouge
40.60,260.6,0.4,SAFE,0,feu_rouge,SAFE : arret au feu rouge
40.65,260.7,0.4,SAFE,0,feu_rouge,SAFE : arret au feu rouge
40.70,260.7,0.4,SAFE,0,feu_rouge,SAFE : arret au feu rouge
40.75,260.7,0.4,SAFE,0,feu_rouge,SAFE : arret au feu rouge
40.80,260.7,0.4,SAFE,0,feu_rouge,SAFE : arret au feu rouge
40.85,260.7,0.3,SAFE,0,feu_rouge,SAFE : arret au feu rouge
40.90,260.7,0.4,SAFE,0,feu_rouge,SAFE : arret au feu rouge
40.95,260.7,0.3,SAFE,0,feu_rouge,SAFE : arret au feu rouge
41.00,260.7,0.3,SAFE,0,feu_rouge,SAFE : arret au feu rouge
41.05,260.7,0.3,SAFE,0,feu_rouge,SAFE : arret au feu rouge
41.10,260.7,0.3,SAFE,0,feu_rouge,SAFE : arret au feu rouge
41.15,260.7,0.3,SAFE,0,feu_rouge,SAFE : arret au feu rouge
41.20,260.7,0.3,SAFE,0,feu_rouge,SAFE : arret au feu rouge
41.25,260.7,0.3,SAFE,0,feu_rouge,SAFE : arret au feu rouge
41.30,260.7,0.3,SAFE,0,feu_rouge,SAFE : arret au feu rouge
41.35,260.7,0.3,SAFE,0,feu_rouge,SAFE : arret au feu rouge
41.40,260.7,0.3,SAFE,0,feu_rouge,SAFE : arret au feu rouge
41.45,260.7,0.3,SAFE,0,feu_rouge,SAFE : arret au feu rouge
41.50,260.7,0.3,SAFE,0,feu_rouge,SAFE : arret au feu rouge
41.55,260.7,0.3,SAFE,0,feu_rouge,SAFE : arret au feu rouge
41.60,260.7,0.3,SAFE,0,feu_rouge,SAFE : arret au feu rouge
41.65,260.7,0.2,SAFE,0,feu_rouge,SAFE : arret au feu rouge
41.70,260.7,0.3,SAFE,0,feu_rouge,SAFE : arret au feu rouge
41.75,260.7,0.2,SAFE,0,feu_rouge,SAFE : arret au feu rouge
41.80,260.8,0.3,SAFE,0,feu_rouge,SAFE : arret au feu rouge
41.85,260.8,0.2,SAFE,0,feu_rouge,SAFE : arret au feu rouge
41.90,260.8,0.2,SAFE,0,feu_rouge,SAFE : arret au feu rouge
41.95,260.8,0.2,SAFE,0,feu_rouge,SAFE : arret au feu rouge
42.00,260.8,0.2,SAFE,0,feu_rouge,SAFE : arret au feu rouge
42.05,260.8,0.2,SAFE,0,feu_rouge,SAFE : arret au feu rouge
42.10,260.8,0.2,SAFE,0,feu_rouge,SAFE : arret au feu rouge
42.15,260.8,0.2,SAFE,0,feu_rouge,SAFE : arret au feu rouge
42.20,260.8,0.2,SAFE,0,feu_rouge,SAFE : arret au feu rouge
42.25,260.8,0.2,SAFE,0,feu_rouge,SAFE : arret au feu rouge
42.30,260.8,0.2,SAFE,0,feu_rouge,SAFE : arret au feu rouge
42.35,260.8,0.2,SAFE,0,feu_rouge,SAFE : arret au feu rouge
42.40,260.8,0.2,SAFE,0,feu_rouge,SAFE : arret au feu rouge
42.45,260.8,0.2,SAFE,0,feu_rouge,SAFE : arret au feu rouge
42.50,260.8,0.2,SAFE,0,feu_rouge,SAFE : arret au feu rouge
42.55,260.8,0.2,SAFE,0,feu_rouge,SAFE : arret au feu rouge
42.60,260.8,0.2,SAFE,0,feu_rouge,SAFE : arret au feu rouge
42.65,260.8,0.2,SAFE,0,feu_rouge,SAFE : arret au feu rouge
42.70,260.8,0.2,SAFE,0,feu_rouge,SAFE : arret au feu rouge
42.75,260.8,0.2,SAFE,0,feu_rouge,SAFE : arret au feu rouge
42.80,260.8,0.2,SAFE,0,feu_rouge,SAFE : arret au feu rouge
42.85,260.8,0.1,SAFE,0,feu_rouge,SAFE : arret au feu rouge
42.90,260.8,0.2,SAFE,0,feu_rouge,SAFE : arret au feu rouge
42.95,260.8,0.1,SAFE,0,feu_rouge,SAFE : arret au feu rouge
43.00,260.8,0.2,SAFE,0,feu_rouge,SAFE : arret au feu rouge
43.05,260.8,0.1,SAFE,0,feu_rouge,SAFE : arret au feu rouge
43.10,260.8,0.2,SAFE,0,feu_rouge,SAFE : arret au feu rouge
43.15,260.8,0.1,SAFE,0,feu_rouge,SAFE : arret au feu rouge
43.20,260.8,0.1,SAFE,0,feu_rouge,SAFE : arret au feu rouge
43.25,260.8,0.1,SAFE,0,feu_rouge,SAFE : arret au feu rouge
43.30,260.8,0.1,SAFE,0,feu_rouge,SAFE : arret au feu rouge
43.35,260.8,0.1,SAFE,0,feu_rouge,SAFE : arret au feu rouge
43.40,260.8,0.1,SAFE,0,feu_rouge,SAFE : arret au feu rouge
43.45,260.8,0.1,SAFE,0,feu_rouge,SAFE : arret au feu rouge
43.50,260.8,0.1,SAFE,0,feu_rouge,SAFE : arret au feu rouge
43.55,260.8,0.1,SAFE,0,feu_rouge,SAFE : arret au feu rouge
43.60,260.8,0.1,SAFE,0,feu_rouge,SAFE : arret au feu rouge
43.65,260.8,0.1,SAFE,0,feu_rouge,SAFE : arret au feu rouge
43.70,260.8,0.1,SAFE,0,feu_rouge,SAFE : arret au feu rouge
43.75,260.8,0.1,SAFE,0,feu_rouge,SAFE : arret au feu rouge
43.80,260.8,0.1,SAFE,0,feu_rouge,SAFE : arret au feu rouge
43.85,260.8,0.1,SAFE,0,feu_rouge,SAFE : arret au feu rouge
43.90,260.8,0.1,SAFE,0,feu_rouge,SAFE : arret au feu rouge
43.95,260.8,0.1,SAFE,0,feu_rouge,SAFE : arret au feu rouge
44.00,260.8,0.1,SAFE,0,feu_rouge,SAFE : arret au feu rouge
44.05,260.8,0.1,SAFE,0,feu_rouge,SAFE : arret au feu rouge
44.10,260.9,0.1,SAFE,0,feu_rouge,SAFE : arret au feu rouge
44.15,260.9,0.1,SAFE,0,feu_rouge,SAFE : arret au feu rouge
44.20,260.9,0.1,SAFE,0,feu_rouge,SAFE : arret au feu rouge
44.25,260.9,0.1,SAFE,0,feu_rouge,SAFE : arret au feu rouge
44.30,260.9,0.1,SAFE,0,feu_rouge,SAFE : arret au feu rouge
44.35,260.9,0.1,SAFE,0,feu_rouge,SAFE : arret au feu rouge
44.40,260.9,0.1,SAFE,0,feu_rouge,SAFE : arret au feu rouge
44.45,260.9,0.1,SAFE,0,feu_rouge,SAFE : arret au feu rouge
44.50,260.9,0.1,SAFE,0,feu_rouge,SAFE : arret au feu rouge
44.55,260.9,0.1,SAFE,0,feu_rouge,SAFE : arret au feu rouge
44.60,260.9,0.1,SAFE,0,feu_rouge,SAFE : arret au feu rouge
44.65,260.9,0.1,SAFE,0,feu_rouge,SAFE : arret au feu rouge
44.70,260.9,0.1,SAFE,0,feu_rouge,SAFE : arret au feu rouge
44.75,260.9,0.1,SAFE,0,feu_rouge,SAFE : arret au feu rouge
44.80,260.9,0.1,SAFE,0,feu_rouge,SAFE : arret au feu rouge
44.85,260.9,0.1,SAFE,0,feu_rouge,SAFE : arret au feu rouge
44.90,260.9,0.1,SAFE,0,feu_rouge,SAFE : arret au feu rouge
44.95,260.9,0.1,SAFE,0,feu_rouge,SAFE : arret au feu rouge
45.00,260.9,0.1,SAFE,0,feu_rouge,SAFE : arret au feu rouge
45.05,260.9,0.1,SAFE,0,feu_rouge,SAFE : arret au feu rouge
45.10,260.9,0.1,SAFE,0,feu_rouge,SAFE : arret au feu rouge
45.15,260.9,0.1,SAFE,0,feu_rouge,SAFE : arret au feu rouge
45.20,260.9,0.1,SAFE,0,feu_rouge,SAFE : arret au feu rouge
45.25,260.9,0.0,SAFE,0,feu_rouge,SAFE : arret au feu rouge
45.30,260.9,0.1,SAFE,0,feu_rouge,SAFE : arret au feu rouge
45.35,260.9,0.0,SAFE,0,feu_rouge,SAFE : arret au feu rouge
45.40,260.9,0.1,SAFE,0,feu_rouge,SAFE : arret au feu rouge
45.45,260.9,0.0,SAFE,0,feu_rouge,SAFE : arret au feu rouge
45.50,260.9,0.1,SAFE,0,feu_rouge,SAFE : arret au feu rouge
45.55,260.9,0.0,SAFE,0,feu_rouge,SAFE : arret au feu rouge
45.60,260.9,0.1,SAFE,0,feu_rouge,SAFE : arret au feu rouge
45.65,260.9,0.0,SAFE,0,feu_rouge,SAFE : arret au feu rouge
45.70,260.9,0.1,SAFE,0,feu_rouge,SAFE : arret au feu rouge
45.75,260.9,0.0,SAFE,0,feu_rouge,SAFE : arret au feu rouge
45.80,260.9,0.1,SAFE,0,feu_rouge,SAFE : arret au feu rouge
45.85,260.9,0.0,SAFE,0,feu_rouge,SAFE : arret au feu rouge
45.90,260.9,0.1,SAFE,0,feu_rouge,SAFE : arret au feu rouge
45.95,260.9,0.0,SAFE,0,feu_rouge,SAFE : arret au feu rouge
46.00,260.9,0.1,SAFE,0,feu_rouge,SAFE : arret au feu rouge
46.05,260.9,0.0,SAFE,0,feu_rouge,SAFE : arret au feu rouge
46.10,260.9,0.1,SAFE,0,feu_rouge,SAFE : arret au feu rouge
46.15,260.9,0.0,SAFE,0,feu_rouge,SAFE : arret au feu rouge
46.20,260.9,0.0,SAFE,0,feu_rouge,SAFE : arret au feu rouge
46.25,260.9,0.0,SAFE,0,feu_rouge,SAFE : arret au feu rouge
46.30,260.9,0.0,SAFE,0,feu_rouge,SAFE : arret au feu rouge
46.35,260.9,0.0,SAFE,0,feu_rouge,SAFE : arret au feu rouge
46.40,260.9,0.0,SAFE,0,feu_rouge,SAFE : arret au feu rouge
46.45,260.9,0.0,SAFE,0,feu_rouge,SAFE : arret au feu rouge
46.50,260.9,0.0,SAFE,0,feu_rouge,SAFE : arret au feu rouge
46.55,260.9,0.0,SAFE,0,feu_rouge,SAFE : arret au feu rouge
46.60,260.9,0.0,SAFE,0,feu_rouge,SAFE : arret au feu rouge
46.65,260.9,0.0,SAFE,0,feu_rouge,SAFE : arret au feu rouge
46.70,260.9,0.0,SAFE,0,feu_rouge,SAFE : arret au feu rouge
46.75,260.9,0.0,SAFE,0,feu_rouge,SAFE : arret au feu rouge
46.80,260.9,0.0,SAFE,0,feu_rouge,SAFE : arret au feu rouge
46.85,260.9,0.0,SAFE,0,feu_rouge,SAFE : arret au feu rouge
46.90,260.9,0.0,SAFE,0,feu_rouge,SAFE : arret au feu rouge
46.95,260.9,0.0,SAFE,0,feu_rouge,SAFE : arret au feu rouge
47.00,260.9,0.0,SAFE,0,feu_rouge,SAFE : arret au feu rouge
47.05,260.9,0.0,SAFE,0,feu_rouge,SAFE : arret au feu rouge
47.10,260.9,0.0,SAFE,0,feu_rouge,SAFE : arret au feu rouge
47.15,260.9,0.0,SAFE,0,feu_rouge,SAFE : arret au feu rouge
47.20,260.9,0.0,SAFE,0,feu_rouge,SAFE : arret au feu rouge
47.25,260.9,0.0,SAFE,0,feu_rouge,SAFE : arret au feu rouge
47.30,260.9,0.0,SAFE,0,feu_rouge,SAFE : arret au feu rouge
47.35,260.9,0.0,SAFE,0,feu_rouge,SAFE : arret au feu rouge
47.40,260.9,0.0,SAFE,0,feu_rouge,SAFE : arret au feu rouge
47.45,260.9,0.0,SAFE,0,feu_rouge,SAFE : arret au feu rouge
47.50,260.9,0.0,SAFE,0,feu_rouge,SAFE : arret au feu rouge
47.55,260.9,0.0,SAFE,0,feu_rouge,SAFE : arret au feu rouge
47.60,260.9,0.0,SAFE,0,feu_rouge,SAFE : arret au feu rouge
47.65,260.9,0.0,SAFE,0,feu_rouge,SAFE : arret au feu rouge
47.70,260.9,0.0,SAFE,0,feu_rouge,SAFE : arret au feu rouge
47.75,260.9,0.0,SAFE,0,feu_rouge,SAFE : arret au feu rouge
47.80,260.9,0.0,SAFE,0,feu_rouge,SAFE : arret au feu rouge
47.85,260.9,0.0,SAFE,0,feu_rouge,SAFE : arret au feu rouge
47.90,260.9,0.0,SAFE,0,feu_rouge,SAFE : arret au feu rouge
47.95,260.9,0.0,SAFE,0,feu_rouge,SAFE : arret au feu rouge
48.00,260.9,0.0,SAFE,0,feu_rouge,SAFE : arret au feu rouge
48.05,260.9,0.0,SAFE,0,feu_rouge,SAFE : arret au feu rouge
48.10,260.9,0.0,SAFE,0,feu_rouge,SAFE : arret au feu rouge
48.15,260.9,0.0,SAFE,0,feu_rouge,SAFE : arret au feu rouge
48.20,260.9,0.0,SAFE,0,feu_rouge,SAFE : arret au feu rouge
48.25,260.9,0.0,SAFE,0,feu_rouge,SAFE : arret au feu rouge
48.30,260.9,0.0,SAFE,0,feu_rouge,SAFE : arret au feu rouge
48.35,260.9,0.0,SAFE,0,feu_rouge,SAFE : arret au feu rouge
48.40,260.9,0.0,SAFE,0,feu_rouge,SAFE : arret au feu rouge
48.45,260.9,0.0,SAFE,0,feu_rouge,SAFE : arret au feu rouge
48.50,260.9,0.0,SAFE,0,feu_rouge,SAFE : arret au feu rouge
48.55,260.9,0.0,SAFE,0,feu_rouge,SAFE : arret au feu rouge
48.60,260.9,0.0,SAFE,0,feu_rouge,SAFE : arret au feu rouge
48.65,260.9,0.0,SAFE,0,feu_rouge,SAFE : arret au feu rouge
48.70,260.9,0.0,SAFE,0,feu_rouge,SAFE : arret au feu rouge
48.75,260.9,0.0,SAFE,0,feu_rouge,SAFE : arret au feu rouge
48.80,260.9,0.0,SAFE,0,feu_rouge,SAFE : arret au feu rouge
48.85,260.9,0.0,SAFE,0,feu_rouge,SAFE : arret au feu rouge
48.90,260.9,0.0,SAFE,0,feu_rouge,SAFE : arret au feu rouge
48.95,260.9,0.0,SAFE,0,feu_rouge,SAFE : arret au feu rouge
49.00,260.9,0.0,SAFE,0,feu_rouge,SAFE : arret au feu rouge
49.05,260.9,0.0,SAFE,0,feu_rouge,SAFE : arret au feu rouge
49.10,260.9,0.0,SAFE,0,feu_rouge,SAFE : arret au feu rouge
49.15,260.9,0.0,SAFE,0,feu_rouge,SAFE : arret au feu rouge
49.20,260.9,0.0,SAFE,0,feu_rouge,SAFE : arret au feu rouge
49.25,260.9,0.0,SAFE,0,feu_rouge,SAFE : arret au feu rouge
49.30,260.9,0.0,SAFE,0,feu_rouge,SAFE : arret au feu rouge
49.35,260.9,0.0,SAFE,0,feu_rouge,SAFE : arret au feu rouge
49.40,260.9,0.0,SAFE,0,feu_rouge,SAFE : arret au feu rouge
49.45,260.9,0.0,SAFE,0,feu_rouge,SAFE : arret au feu rouge
49.50,260.9,0.0,SAFE,0,feu_rouge,SAFE : arret au feu rouge
49.55,260.9,0.0,SAFE,0,feu_rouge,SAFE : arret au feu rouge
49.60,260.9,0.0,SAFE,0,feu_rouge,SAFE : arret au feu rouge
49.65,260.9,0.0,SAFE,0,feu_rouge,SAFE : arret au feu rouge
49.70,260.9,0.0,SAFE,0,feu_rouge,SAFE : arret au feu rouge
49.75,260.9,0.0,SAFE,0,feu_rouge,SAFE : arret au feu rouge
49.80,260.9,0.0,SAFE,0,feu_rouge,SAFE : arret au feu rouge
49.85,260.9,0.0,SAFE,0,feu_rouge,SAFE : arret au feu rouge
49.90,260.9,0.0,SAFE,0,feu_rouge,SAFE : arret au feu rouge
49.95,260.9,0.0,SAFE,0,feu_rouge,SAFE : arret au feu rouge
50.00,260.9,0.0,SAFE,0,feu_rouge,SAFE : arret au feu rouge
50.05,260.9,0.0,SAFE,0,feu_rouge,SAFE : arret au feu rouge
50.10,260.9,0.0,SAFE,0,feu_rouge,SAFE : arret au feu rouge
50.15,260.9,0.0,SAFE,0,feu_rouge,SAFE : arret au feu rouge
50.20,260.9,0.0,SAFE,0,feu_rouge,SAFE : arret au feu rouge
50.25,260.9,0.0,SAFE,0,feu_rouge,SAFE : arret au feu rouge
50.30,260.9,0.0,SAFE,0,feu_rouge,SAFE : arret au feu rouge
50.35,260.9,0.0,SAFE,0,feu_rouge,SAFE : arret au feu rouge
50.40,260.9,0.0,SAFE,0,feu_rouge,SAFE : arret au feu rouge
50.45,260.9,0.0,SAFE,0,feu_rouge,SAFE : arret au feu rouge
50.50,260.9,0.0,SAFE,0,feu_rouge,SAFE : arret au feu rouge
50.55,260.9,0.0,SAFE,0,feu_rouge,SAFE : arret au feu rouge
50.60,260.9,0.0,SAFE,0,feu_rouge,SAFE : arret au feu rouge
50.65,260.9,0.0,SAFE,0,feu_rouge,SAFE : arret au feu rouge
50.70,260.9,0.0,SAFE,0,feu_rouge,SAFE : arret au feu rouge
50.75,260.9,0.0,SAFE,0,feu_rouge,SAFE : arret au feu rouge
50.80,260.9,0.0,SAFE,0,feu_rouge,SAFE : arret au feu rouge
50.85,260.9,0.0,SAFE,0,feu_rouge,SAFE : arret au feu rouge
50.90,260.9,0.0,SAFE,0,feu_rouge,SAFE : arret au feu rouge
50.95,260.9,0.0,SAFE,0,feu_rouge,SAFE : arret au feu rouge
51.00,260.9,0.0,SAFE,0,feu_rouge,SAFE : arret au feu rouge
51.05,260.9,0.0,SAFE,0,feu_rouge,SAFE : arret au feu rouge
51.10,260.9,0.0,SAFE,0,feu_rouge,SAFE : arret au feu rouge
51.15,260.9,0.0,SAFE,0,feu_rouge,SAFE : arret au feu rouge
51.20,260.9,0.0,SAFE,0,feu_rouge,SAFE : arret au feu rouge
51.25,260.9,0.0,SAFE,0,feu_rouge,SAFE : arret au feu rouge
51.30,260.9,0.0,SAFE,0,feu_rouge,SAFE : arret au feu rouge
51.35,260.9,0.0,SAFE,0,feu_rouge,SAFE : arret au feu rouge
51.40,260.9,0.0,SAFE,0,feu_rouge,SAFE : arret au feu rouge
51.45,260.9,0.0,SAFE,0,feu_rouge,SAFE : arret au feu rouge
51.50,260.9,0.0,SAFE,0,feu_rouge,SAFE : arret au feu rouge
51.55,260.9,0.0,SAFE,0,feu_rouge,SAFE : arret au feu rouge
51.60,260.9,0.0,SAFE,0,feu_rouge,SAFE : arret au feu rouge
51.65,260.9,0.0,SAFE,0,feu_rouge,SAFE : arret au feu rouge
51.70,260.9,0.0,SAFE,0,feu_rouge,SAFE : arret au feu rouge
51.75,260.9,0.0,SAFE,0,feu_rouge,SAFE : arret au feu rouge
51.80,260.9,0.0,SAFE,0,feu_rouge,SAFE : arret au feu rouge
51.85,260.9,0.0,SAFE,0,feu_rouge,SAFE : arret au feu rouge
51.90,260.9,0.0,SAFE,0,feu_rouge,SAFE : arret au feu rouge
51.95,260.9,0.0,SAFE,0,feu_rouge,SAFE : arret au feu rouge
52.00,260.9,0.0,SAFE,0,feu_rouge,SAFE : arret au feu rouge
52.05,260.9,0.0,SAFE,0,feu_rouge,SAFE : arret au feu rouge
52.10,260.9,0.0,SAFE,0,feu_rouge,SAFE : arret au feu rouge
52.15,260.9,0.0,SAFE,0,feu_rouge,SAFE : arret au feu rouge
52.20,260.9,0.0,SAFE,0,feu_rouge,SAFE : arret au feu rouge
52.25,260.9,0.0,SAFE,0,feu_rouge,SAFE : arret au feu rouge
52.30,260.9,0.0,SAFE,0,feu_rouge,SAFE : arret au feu rouge
52.35,260.9,0.0,SAFE,0,feu_rouge,SAFE : arret au feu rouge
52.40,260.9,0.0,SAFE,0,feu_rouge,SAFE : arret au feu rouge
52.45,260.9,0.0,SAFE,0,feu_rouge,SAFE : arret au feu rouge
52.50,260.9,0.0,SAFE,0,feu_rouge,SAFE : arret au feu rouge
52.55,260.9,0.0,SAFE,0,feu_rouge,SAFE : arret au feu rouge
52.60,260.9,0.0,SAFE,0,feu_rouge,SAFE : arret au feu rouge
52.65,260.9,0.0,SAFE,0,feu_rouge,SAFE : arret au feu rouge
52.70,260.9,0.0,SAFE,0,feu_rouge,SAFE : arret au feu rouge
52.75,260.9,0.0,SAFE,0,feu_rouge,SAFE : arret au feu rouge
52.80,260.9,0.0,SAFE,0,feu_rouge,SAFE : arret au feu rouge
52.85,260.9,0.0,SAFE,0,feu_rouge,SAFE : arret au feu rouge
52.90,260.9,0.0,SAFE,0,feu_rouge,SAFE : arret au feu rouge
52.95,260.9,0.0,SAFE,0,feu_rouge,SAFE : arret au feu rouge
53.00,260.9,0.0,SAFE,0,feu_rouge,SAFE : arret au feu rouge
53.05,260.9,0.0,SAFE,0,feu_rouge,SAFE : arret au feu rouge
53.10,260.9,0.0,SAFE,0,feu_rouge,SAFE : arret au feu rouge
53.15,260.9,0.0,SAFE,0,feu_rouge,SAFE : arret au feu rouge
53.20,260.9,0.0,SAFE,0,feu_rouge,SAFE : arret au feu rouge
53.25,260.9,0.0,SAFE,0,feu_rouge,SAFE : arret au feu rouge
53.30,260.9,0.0,SAFE,0,feu_rouge,SAFE : arret au feu rouge
53.35,260.9,0.0,SAFE,0,feu_rouge,SAFE : arret au feu rouge
53.40,260.9,0.0,SAFE,0,feu_rouge,SAFE : arret au feu rouge
53.45,260.9,0.0,SAFE,0,feu_rouge,SAFE : arret au feu rouge
53.50,260.9,0.0,SAFE,0,feu_rouge,SAFE : arret au feu rouge
53.55,260.9,0.0,SAFE,0,feu_rouge,SAFE : arret au feu rouge
53.60,260.9,0.0,SAFE,0,feu_rouge,SAFE : arret au feu rouge
53.65,260.9,0.0,SAFE,0,feu_rouge,SAFE : arret au feu rouge
53.70,260.9,0.0,SAFE,0,feu_rouge,SAFE : arret au feu rouge
53.75,260.9,0.0,SAFE,0,feu_rouge,SAFE : arret au feu rouge
53.80,260.9,0.0,SAFE,0,feu_rouge,SAFE : arret au feu rouge
53.85,260.9,0.0,SAFE,0,feu_rouge,SAFE : arret au feu rouge
53.90,260.9,0.0,SAFE,0,feu_rouge,SAFE : arret au feu rouge
53.95,260.9,0.0,SAFE,0,feu_rouge,SAFE : arret au feu rouge
54.00,260.9,0.0,SAFE,0,feu_rouge,SAFE : arret au feu rouge
54.05,260.9,0.0,SAFE,0,feu_rouge,SAFE : arret au feu rouge
54.10,260.9,0.0,SAFE,0,feu_rouge,SAFE : arret au feu rouge
54.15,260.9,0.0,SAFE,0,feu_rouge,SAFE : arret au feu rouge
54.20,260.9,0.0,SAFE,0,feu_rouge,SAFE : arret au feu rouge
54.25,260.9,0.0,SAFE,0,feu_rouge,SAFE : arret au feu rouge
54.30,260.9,0.0,SAFE,0,feu_rouge,SAFE : arret au feu rouge
54.35,260.9,0.0,SAFE,0,feu_rouge,SAFE : arret au feu rouge
54.40,260.9,0.0,SAFE,0,feu_rouge,SAFE : arret au feu rouge
54.45,260.9,0.0,SAFE,0,feu_rouge,SAFE : arret au feu rouge
54.50,260.9,0.0,SAFE,0,feu_rouge,SAFE : arret au feu rouge
54.55,260.9,0.0,SAFE,0,feu_rouge,SAFE : arret au feu rouge
54.60,260.9,0.0,SAFE,0,feu_rouge,SAFE : arret au feu rouge
54.65,260.9,0.0,SAFE,0,feu_rouge,SAFE : arret au feu rouge
54.70,260.9,0.0,SAFE,0,feu_rouge,SAFE : arret au feu rouge
54.75,260.9,0.0,SAFE,0,feu_rouge,SAFE : arret au feu rouge
54.80,260.9,0.0,SAFE,0,feu_rouge,SAFE : arret au feu rouge
54.85,260.9,0.0,SAFE,0,feu_rouge,SAFE : arret au feu rouge
54.90,260.9,0.0,SAFE,0,feu_rouge,SAFE : arret au feu rouge
54.95,260.9,0.0,SAFE,0,feu_rouge,SAFE : arret au feu rouge
55.00,260.9,0.0,SAFE,0,feu_rouge,SAFE : arret au feu rouge
55.05,260.9,0.0,SAFE,0,feu_rouge,SAFE : arret au feu rouge
55.10,260.9,0.0,SAFE,0,feu_rouge,SAFE : arret au feu rouge
55.15,260.9,0.0,SAFE,0,feu_rouge,SAFE : arret au feu rouge
55.20,260.9,0.0,SAFE,0,feu_rouge,SAFE : arret au feu rouge
55.25,260.9,0.0,SAFE,0,feu_rouge,SAFE : arret au feu rouge
55.30,260.9,0.0,SAFE,0,feu_rouge,SAFE : arret au feu rouge
55.35,260.9,0.0,SAFE,0,feu_rouge,SAFE : arret au feu rouge
55.40,260.9,0.0,SAFE,0,feu_rouge,SAFE : arret au feu rouge
55.45,260.9,0.0,SAFE,0,feu_rouge,SAFE : arret au feu rouge
55.50,260.9,0.0,SAFE,0,feu_rouge,SAFE : arret au feu rouge
55.55,260.9,0.0,SAFE,0,feu_rouge,SAFE : arret au feu rouge
55.60,260.9,0.0,SAFE,0,feu_rouge,SAFE : arret au feu rouge
55.65,260.9,0.0,SAFE,0,feu_rouge,SAFE : arret au feu rouge
55.70,260.9,0.0,SAFE,0,feu_rouge,SAFE : arret au feu rouge
55.75,260.9,0.0,SAFE,0,feu_rouge,SAFE : arret au feu rouge
55.80,260.9,0.0,SAFE,0,feu_rouge,SAFE : arret au feu rouge
55.85,260.9,0.0,SAFE,0,feu_rouge,SAFE : arret au feu rouge
55.90,260.9,0.0,SAFE,0,feu_rouge,SAFE : arret au feu rouge
55.95,260.9,0.0,SAFE,0,feu_rouge,SAFE : arret au feu rouge
56.00,260.9,0.0,SAFE,0,feu_rouge,SAFE : arret au feu rouge
56.05,260.9,0.0,SAFE,0,feu_rouge,SAFE : arret au feu rouge
56.10,260.9,0.0,SAFE,0,feu_rouge,SAFE : arret au feu rouge
56.15,260.9,0.0,SAFE,0,feu_rouge,SAFE : arret au feu rouge
56.20,260.9,0.0,SAFE,0,feu_rouge,SAFE : arret au feu rouge
56.25,260.9,0.0,SAFE,0,feu_rouge,SAFE : arret au feu rouge
56.30,260.9,0.0,SAFE,0,feu_rouge,SAFE : arret au feu rouge
56.35,260.9,0.0,SAFE,0,feu_rouge,SAFE : arret au feu rouge
56.40,260.9,0.0,SAFE,0,feu_rouge,SAFE : arret au feu rouge
56.45,260.9,0.0,SAFE,0,feu_rouge,SAFE : arret au feu rouge
56.50,260.9,0.0,SAFE,0,feu_rouge,SAFE : arret au feu rouge
56.55,260.9,0.0,SAFE,0,feu_rouge,SAFE : arret au feu rouge
56.60,260.9,0.0,SAFE,0,feu_rouge,SAFE : arret au feu rouge
56.65,260.9,0.0,SAFE,0,feu_rouge,SAFE : arret au feu rouge
56.70,260.9,0.0,SAFE,0,feu_rouge,SAFE : arret au feu rouge
56.75,260.9,0.0,SAFE,0,feu_rouge,SAFE : arret au feu rouge
56.80,260.9,0.0,SAFE,0,feu_rouge,SAFE : arret au feu rouge
56.85,260.9,0.0,SAFE,0,feu_rouge,SAFE : arret au feu rouge
56.90,260.9,0.0,SAFE,0,feu_rouge,SAFE : arret au feu rouge
56.95,260.9,0.0,SAFE,0,feu_rouge,SAFE : arret au feu rouge
57.00,260.9,0.0,SAFE,0,feu_rouge,SAFE : arret au feu rouge
57.05,260.9,0.0,SAFE,0,feu_rouge,SAFE : arret au feu rouge
57.10,260.9,0.0,SAFE,0,feu_rouge,SAFE : arret au feu rouge
57.15,260.9,0.0,SAFE,0,feu_rouge,SAFE : arret au feu rouge
57.20,260.9,0.0,SAFE,0,feu_rouge,SAFE : arret au feu rouge
57.25,260.9,0.0,SAFE,0,feu_rouge,SAFE : arret au feu rouge
57.30,260.9,0.0,SAFE,0,feu_rouge,SAFE : arret au feu rouge
57.35,260.9,0.0,SAFE,0,feu_rouge,SAFE : arret au feu rouge
57.40,260.9,0.0,SAFE,0,feu_rouge,SAFE : arret au feu rouge
57.45,260.9,0.0,SAFE,0,feu_rouge,SAFE : arret au feu rouge
57.50,260.9,0.0,SAFE,0,feu_rouge,SAFE : arret au feu rouge
57.55,260.9,0.0,SAFE,0,feu_rouge,SAFE : arret au feu rouge
57.60,260.9,0.0,SAFE,0,feu_rouge,SAFE : arret au feu rouge
57.65,260.9,0.0,SAFE,0,feu_rouge,SAFE : arret au feu rouge
57.70,260.9,0.0,SAFE,0,feu_rouge,SAFE : arret au feu rouge
57.75,260.9,0.0,SAFE,0,feu_rouge,SAFE : arret au feu rouge
57.80,260.9,0.0,SAFE,0,feu_rouge,SAFE : arret au feu rouge
57.85,260.9,0.0,SAFE,0,feu_rouge,SAFE : arret au feu rouge
57.90,260.9,0.0,SAFE,0,feu_rouge,SAFE : arret au feu rouge
57.95,260.9,0.0,SAFE,0,feu_rouge,SAFE : arret au feu rouge
58.00,260.9,0.0,SAFE,0,feu_rouge,SAFE : arret au feu rouge
58.05,260.9,0.0,SAFE,0,feu_rouge,SAFE : arret au feu rouge
58.10,260.9,0.0,SAFE,0,feu_rouge,SAFE : arret au feu rouge
58.15,260.9,0.0,SAFE,0,feu_rouge,SAFE : arret au feu rouge
58.20,260.9,0.0,SAFE,0,feu_rouge,SAFE : arret au feu rouge
58.25,260.9,0.0,SAFE,0,feu_rouge,SAFE : arret au feu rouge
58.30,260.9,0.0,SAFE,0,feu_rouge,SAFE : arret au feu rouge
58.35,260.9,0.0,SAFE,0,feu_rouge,SAFE : arret au feu rouge
58.40,260.9,0.0,SAFE,0,feu_rouge,SAFE : arret au feu rouge
58.45,260.9,0.0,SAFE,0,feu_rouge,SAFE : arret au feu rouge
58.50,260.9,0.0,SAFE,0,feu_rouge,SAFE : arret au feu rouge
58.55,260.9,0.0,SAFE,0,feu_rouge,SAFE : arret au feu rouge
58.60,260.9,0.0,SAFE,0,feu_rouge,SAFE : arret au feu rouge
58.65,260.9,0.0,SAFE,0,feu_rouge,SAFE : arret au feu rouge
58.70,260.9,0.0,SAFE,0,feu_rouge,SAFE : arret au feu rouge
58.75,260.9,0.0,SAFE,0,feu_rouge,SAFE : arret au feu rouge
58.80,260.9,0.0,SAFE,0,feu_rouge,SAFE : arret au feu rouge
58.85,260.9,0.0,SAFE,0,feu_rouge,SAFE : arret au feu rouge
58.90,260.9,0.0,SAFE,0,feu_rouge,SAFE : arret au feu rouge
58.95,260.9,0.0,SAFE,0,feu_rouge,SAFE : arret au feu rouge
59.00,260.9,0.0,SAFE,0,feu_rouge,SAFE : arret au feu rouge
59.05,260.9,0.0,SAFE,0,feu_rouge,SAFE : arret au feu rouge
59.10,260.9,0.0,SAFE,0,feu_rouge,SAFE : arret au feu rouge
59.15,260.9,0.0,SAFE,0,feu_rouge,SAFE : arret au feu rouge
59.20,260.9,0.0,SAFE,0,feu_rouge,SAFE : arret au feu rouge
59.25,260.9,0.0,SAFE,0,feu_rouge,SAFE : arret au feu rouge
59.30,260.9,0.0,SAFE,0,feu_rouge,SAFE : arret au feu rouge
59.35,260.9,0.0,SAFE,0,feu_rouge,SAFE : arret au feu rouge
59.40,260.9,0.0,SAFE,0,feu_rouge,SAFE : arret au feu rouge
59.45,260.9,0.0,SAFE,0,feu_rouge,SAFE : arret au feu rouge
59.50,260.9,0.0,SAFE,0,feu_rouge,SAFE : arret au feu rouge
59.55,260.9,0.0,SAFE,0,feu_rouge,SAFE : arret au feu rouge
59.60,260.9,0.0,SAFE,0,feu_rouge,SAFE : arret au feu rouge
59.65,260.9,0.0,SAFE,0,feu_rouge,SAFE : arret au feu rouge
59.70,260.9,0.0,SAFE,0,feu_rouge,SAFE : arret au feu rouge
59.75,260.9,0.0,SAFE,0,feu_rouge,SAFE : arret au feu rouge
59.80,260.9,0.0,SAFE,0,feu_rouge,SAFE : arret au feu rouge
59.85,260.9,0.0,SAFE,0,feu_rouge,SAFE : arret au feu rouge
59.90,260.9,0.0,SAFE,0,feu_rouge,SAFE : arret au feu rouge
59.95,260.9,0.0,SAFE,0,feu_rouge,SAFE : arret au feu rouge
60.00,260.9,0.0,SAFE,0,feu_rouge,SAFE : arret au feu rouge
60.05,260.9,0.0,SAFE,0,feu_rouge,SAFE : arret au feu rouge
60.10,260.9,0.0,SAFE,0,feu_rouge,SAFE : arret au feu rouge
60.15,260.9,0.0,SAFE,0,feu_rouge,SAFE : arret au feu rouge
60.20,260.9,0.0,SAFE,0,feu_rouge,SAFE : arret au feu rouge
60.25,260.9,0.0,SAFE,0,feu_rouge,SAFE : arret au feu rouge
60.30,260.9,0.0,SAFE,0,feu_rouge,SAFE : arret au feu rouge
60.35,260.9,0.0,SAFE,0,feu_rouge,SAFE : arret au feu rouge
60.40,260.9,0.0,SAFE,0,feu_rouge,SAFE : arret au feu rouge
60.45,260.9,0.0,SAFE,0,feu_rouge,SAFE : arret au feu rouge
60.50,260.9,0.0,SAFE,0,feu_rouge,SAFE : arret au feu rouge
60.55,260.9,0.0,SAFE,0,feu_rouge,SAFE : arret au feu rouge
60.60,260.9,0.0,SAFE,0,feu_rouge,SAFE : arret au feu rouge
60.65,260.9,0.0,SAFE,0,feu_rouge,SAFE : arret au feu rouge
60.70,260.9,0.0,SAFE,0,feu_rouge,SAFE : arret au feu rouge
60.75,260.9,0.0,SAFE,0,feu_rouge,SAFE : arret au feu rouge
60.80,260.9,0.0,SAFE,0,feu_rouge,SAFE : arret au feu rouge
60.85,260.9,0.0,SAFE,0,feu_rouge,SAFE : arret au feu rouge
60.90,260.9,0.0,SAFE,0,feu_rouge,SAFE : arret au feu rouge
60.95,260.9,0.0,SAFE,0,feu_rouge,SAFE : arret au feu rouge
61.00,260.9,0.0,SAFE,0,feu_rouge,SAFE : arret au feu rouge
61.05,260.9,0.0,SAFE,0,feu_rouge,SAFE : arret au feu rouge
61.10,260.9,0.0,SAFE,0,feu_rouge,SAFE : arret au feu rouge
61.15,260.9,0.0,SAFE,0,feu_rouge,SAFE : arret au feu rouge
61.20,260.9,0.0,SAFE,0,feu_rouge,SAFE : arret au feu rouge
61.25,260.9,0.0,SAFE,0,feu_rouge,SAFE : arret au feu rouge
61.30,260.9,0.0,SAFE,0,feu_rouge,SAFE : arret au feu rouge
61.35,260.9,0.0,SAFE,0,feu_rouge,SAFE : arret au feu rouge
61.40,260.9,0.0,SAFE,0,feu_rouge,SAFE : arret au feu rouge
61.45,260.9,0.0,SAFE,0,feu_rouge,SAFE : arret au feu rouge
61.50,260.9,0.0,SAFE,0,feu_rouge,SAFE : arret au feu rouge
61.55,260.9,0.0,SAFE,0,feu_rouge,SAFE : arret au feu rouge
61.60,260.9,0.0,SAFE,0,feu_rouge,SAFE : arret au feu rouge
61.65,260.9,0.0,SAFE,0,feu_rouge,SAFE : arret au feu rouge
61.70,260.9,0.0,SAFE,0,feu_rouge,SAFE : arret au feu rouge
61.75,260.9,0.0,SAFE,0,feu_rouge,SAFE : arret au feu rouge
61.80,260.9,0.0,SAFE,0,feu_rouge,SAFE : arret au feu rouge
61.85,260.9,0.0,SAFE,0,feu_rouge,SAFE : arret au feu rouge
61.90,260.9,0.0,SAFE,0,feu_rouge,SAFE : arret au feu rouge
61.95,260.9,0.0,SAFE,0,feu_rouge,SAFE : arret au feu rouge
62.00,260.9,0.0,SAFE,0,feu_rouge,SAFE : arret au feu rouge
62.05,260.9,0.0,SAFE,0,feu_rouge,SAFE : arret au feu rouge
62.10,260.9,0.0,SAFE,0,feu_rouge,SAFE : arret au feu rouge
62.15,260.9,0.0,SAFE,0,feu_rouge,SAFE : arret au feu rouge
62.20,260.9,0.0,SAFE,0,feu_rouge,SAFE : arret au feu rouge
62.25,260.9,0.0,SAFE,0,feu_rouge,SAFE : arret au feu rouge
62.30,260.9,0.0,SAFE,0,feu_rouge,SAFE : arret au feu rouge
62.35,260.9,0.0,SAFE,0,feu_rouge,SAFE : arret au feu rouge
62.40,260.9,0.0,SAFE,0,feu_rouge,SAFE : arret au feu rouge
62.45,260.9,0.0,SAFE,0,feu_rouge,SAFE : arret au feu rouge
62.50,260.9,0.0,SAFE,0,feu_rouge,SAFE : arret au feu rouge
62.55,260.9,0.0,SAFE,0,feu_rouge,SAFE : arret au feu rouge
62.60,260.9,0.0,SAFE,0,feu_rouge,SAFE : arret au feu rouge
62.65,260.9,0.0,SAFE,0,feu_rouge,SAFE : arret au feu rouge
62.70,260.9,0.0,SAFE,0,feu_rouge,SAFE : arret au feu rouge
62.75,260.9,0.0,SAFE,0,feu_rouge,SAFE : arret au feu rouge
62.80,260.9,0.0,SAFE,0,feu_rouge,SAFE : arret au feu rouge
62.85,260.9,0.0,SAFE,0,feu_rouge,SAFE : arret au feu rouge
62.90,260.9,0.0,SAFE,0,feu_rouge,SAFE : arret au feu rouge
62.95,260.9,0.0,SAFE,0,feu_rouge,SAFE : arret au feu rouge
63.00,260.9,0.0,SAFE,0,feu_rouge,SAFE : arret au feu rouge
63.05,260.9,0.0,SAFE,0,feu_rouge,SAFE : arret au feu rouge
63.10,260.9,0.0,SAFE,0,feu_rouge,SAFE : arret au feu rouge
63.15,260.9,0.0,SAFE,0,feu_rouge,SAFE : arret au feu rouge
63.20,260.9,0.0,SAFE,0,feu_rouge,SAFE : arret au feu rouge
63.25,260.9,0.0,SAFE,0,feu_rouge,SAFE : arret au feu rouge
63.30,260.9,0.0,SAFE,0,feu_rouge,SAFE : arret au feu rouge
63.35,260.9,0.0,SAFE,0,feu_rouge,SAFE : arret au feu rouge
63.40,260.9,0.0,SAFE,0,feu_rouge,SAFE : arret au feu rouge
63.45,260.9,0.0,SAFE,0,feu_rouge,SAFE : arret au feu rouge
63.50,260.9,0.0,SAFE,0,feu_rouge,SAFE : arret au feu rouge
63.55,260.9,0.0,SAFE,0,feu_rouge,SAFE : arret au feu rouge
63.60,260.9,0.0,SAFE,0,feu_rouge,SAFE : arret au feu rouge
63.65,260.9,0.0,SAFE,0,feu_rouge,SAFE : arret au feu rouge
63.70,260.9,0.0,SAFE,0,feu_rouge,SAFE : arret au feu rouge
63.75,260.9,0.0,SAFE,0,feu_rouge,SAFE : arret au feu rouge
63.80,260.9,0.0,SAFE,0,feu_rouge,SAFE : arret au feu rouge
63.85,260.9,0.0,SAFE,0,feu_rouge,SAFE : arret au feu rouge
63.90,260.9,0.0,SAFE,0,feu_rouge,SAFE : arret au feu rouge
63.95,260.9,0.0,SAFE,0,feu_rouge,SAFE : arret au feu rouge
64.00,260.9,0.0,SAFE,0,feu_rouge,SAFE : arret au feu rouge
64.05,260.9,0.0,SAFE,0,feu_rouge,SAFE : arret au feu rouge
64.10,260.9,0.0,SAFE,0,feu_rouge,SAFE : arret au feu rouge
64.15,260.9,0.0,SAFE,0,feu_rouge,SAFE : arret au feu rouge
64.20,260.9,0.0,SAFE,0,feu_rouge,SAFE : arret au feu rouge
64.25,260.9,0.0,SAFE,0,feu_rouge,SAFE : arret au feu rouge
64.30,260.9,0.0,SAFE,0,feu_rouge,SAFE : arret au feu rouge
64.35,260.9,0.0,SAFE,0,,Voie libre
64.40,260.9,0.0,SAFE,0,,Voie libre
64.45,260.9,0.0,SAFE,0,,Voie libre
64.50,260.9,0.3,SAFE,0,,Voie libre
64.55,260.9,0.8,SAFE,0,,Voie libre
64.60,261.0,1.4,SAFE,0,,Voie libre
64.65,261.0,2.2,SAFE,0,,Voie libre
64.70,261.0,2.9,SAFE,0,,Voie libre
64.75,261.1,3.6,SAFE,0,,Voie libre
64.80,261.1,4.6,SAFE,0,,Voie libre
64.85,261.2,5.3,SAFE,0,,Voie libre
64.90,261.3,6.1,SAFE,0,,Voie libre
64.95,261.4,7.0,SAFE,0,,Voie libre
65.00,261.5,7.9,SAFE,0,,Voie libre
65.05,261.6,8.7,SAFE,0,,Voie libre
65.10,261.7,9.6,SAFE,0,,Voie libre
65.15,261.9,10.4,SAFE,0,,Voie libre
65.20,262.0,11.2,SAFE,0,,Voie libre
65.25,262.2,12.0,SAFE,0,,Voie libre
65.30,262.3,12.8,SAFE,0,,Voie libre
65.35,262.5,13.6,SAFE,0,,Voie libre
65.40,262.7,14.4,SAFE,0,,Voie libre
65.45,262.9,15.1,SAFE,0,,Voie libre
65.50,263.1,15.7,SAFE,0,,Voie libre
65.55,263.4,16.3,SAFE,0,,Voie libre
65.60,263.6,16.8,SAFE,0,,Voie libre
65.65,263.8,16.9,SAFE,0,,Voie libre
65.70,264.1,17.1,SAFE,0,,Voie libre
65.75,264.3,17.4,SAFE,0,,Voie libre
65.80,264.5,17.4,SAFE,0,,Voie libre
65.85,264.8,17.2,SAFE,0,,Voie libre
65.90,265.0,17.1,SAFE,0,,Voie libre
65.95,265.2,17.1,SAFE,0,,Voie libre
66.00,265.5,17.3,SAFE,0,,Voie libre
66.05,265.7,17.6,SAFE,0,,Voie libre
66.10,266.0,17.8,SAFE,0,,Voie libre
66.15,266.2,17.9,SAFE,0,,Voie libre
66.20,266.5,18.0,SAFE,0,,Voie libre
66.25,266.7,18.3,SAFE,0,,Voie libre
66.30,267.0,18.1,SAFE,0,,Voie libre
66.35,267.2,18.1,SAFE,0,,Voie libre
66.40,267.5,18.1,SAFE,0,,Voie libre
66.45,267.7,18.2,SAFE,0,,Voie libre
66.50,268.0,18.1,SAFE,0,,Voie libre
66.55,268.2,18.1,SAFE,0,,Voie libre
66.60,268.5,18.1,SAFE,0,,Voie libre
66.65,268.7,18.1,SAFE,0,,Voie libre
66.70,269.0,17.9,SAFE,0,,Voie libre
66.75,269.2,17.6,SAFE,0,,Voie libre
66.80,269.4,17.4,SAFE,0,,Voie libre
66.85,269.7,17.5,SAFE,0,,Voie libre
66.90,269.9,17.7,SAFE,0,,Voie libre
66.95,270.2,18.1,SAFE,0,,Voie libre
67.00,270.4,18.6,SAFE,0,,Voie libre
67.05,270.7,18.3,SAFE,0,,Voie libre
67.10,270.9,18.8,SAFE,0,,Voie libre
67.15,271.2,18.4,SAFE,0,,Voie libre
67.20,271.5,19.0,SAFE,0,,Voie libre
67.25,271.7,18.7,SAFE,0,,Voie libre
67.30,272.0,19.4,SAFE,0,,Voie libre
67.35,272.3,19.3,SAFE,0,,Voie libre
67.40,272.5,19.7,SAFE,0,,Voie libre
67.45,272.8,19.4,SAFE,0,,Voie libre
67.50,273.1,20.2,SAFE,0,,Voie libre
67.55,273.4,20.0,SAFE,0,,Voie libre
67.60,273.6,20.4,SAFE,0,,Voie libre
67.65,273.9,20.1,SAFE,0,,Voie libre
67.70,274.2,20.7,SAFE,0,,Voie libre
67.75,274.5,20.5,SAFE,0,,Voie libre
67.80,274.8,21.0,SAFE,0,,Voie libre
67.85,275.1,20.6,SAFE,0,,Voie libre
67.90,275.4,21.3,SAFE,0,,Voie libre
67.95,275.6,21.1,SAFE,0,,Voie libre
68.00,275.9,21.5,SAFE,0,,Voie libre
68.05,276.2,21.2,SAFE,0,,Voie libre
68.10,276.5,21.9,SAFE,0,,Voie libre
68.15,276.8,21.7,SAFE,0,,Voie libre
68.20,277.1,22.2,SAFE,0,,Voie libre
68.25,277.5,21.9,SAFE,0,,Voie libre
68.30,277.8,22.5,SAFE,0,,Voie libre
68.35,278.1,22.4,SAFE,0,,Voie libre
68.40,278.4,22.8,SAFE,2,,Situation maîtrisée
68.45,278.7,22.5,SAFE,2,,Situation maîtrisée
68.50,279.0,23.1,SAFE,2,,Situation maîtrisée
68.55,279.3,23.0,SAFE,2,,Situation maîtrisée
68.60,279.7,23.4,SAFE,2,,Situation maîtrisée
68.65,280.0,23.1,SAFE,2,,Situation maîtrisée
68.70,280.3,23.7,SAFE,2,,Situation maîtrisée
68.75,280.6,23.6,SAFE,2,,Situation maîtrisée
68.80,281.0,24.0,SAFE,2,,Situation maîtrisée
68.85,281.3,23.7,SAFE,2,,Situation maîtrisée
68.90,281.6,24.3,SAFE,2,,Situation maîtrisée
68.95,282.0,24.1,SAFE,2,,Situation maîtrisée
69.00,282.3,24.5,SAFE,2,,Situation maîtrisée
69.05,282.6,24.3,SAFE,2,,Situation maîtrisée
69.10,283.0,24.8,SAFE,2,,Situation maîtrisée
69.15,283.3,24.6,SAFE,2,,Situation maîtrisée
69.20,283.7,25.0,SAFE,2,,Situation maîtrisée
69.25,284.0,24.7,SAFE,2,,Situation maîtrisée
69.30,284.4,25.2,SAFE,3,,Situation maîtrisée
69.35,284.7,25.0,SAFE,3,,Situation maîtrisée
69.40,285.1,25.4,SAFE,3,,Situation maîtrisée
69.45,285.4,25.1,SAFE,3,,Situation maîtrisée
69.50,285.8,25.5,SAFE,3,,Situation maîtrisée
69.55,286.1,25.3,SAFE,3,,Situation maîtrisée
69.60,286.5,25.7,SAFE,3,,Situation maîtrisée
69.65,286.8,25.4,SAFE,3,,Situation maîtrisée
69.70,287.2,25.8,SAFE,3,,Situation maîtrisée
69.75,287.5,25.6,SAFE,3,,Situation maîtrisée
69.80,287.9,25.9,SAFE,3,,Situation maîtrisée
69.85,288.3,25.7,SAFE,3,,Situation maîtrisée
69.90,288.6,26.0,SAFE,3,,Situation maîtrisée
69.95,289.0,25.8,SAFE,3,,Situation maîtrisée
70.00,289.3,26.1,SAFE,3,,Situation maîtrisée
70.05,289.7,25.9,SAFE,3,,Situation maîtrisée
70.10,290.1,26.2,SAFE,3,,Situation maîtrisée
70.15,290.4,25.9,SAFE,3,,Situation maîtrisée
70.20,290.8,26.3,SAFE,3,,Situation maîtrisée
70.25,291.2,26.0,SAFE,3,,Situation maîtrisée
70.30,291.5,26.3,SAFE,3,,Situation maîtrisée
70.35,291.9,26.0,SAFE,3,,Situation maîtrisée
70.40,292.2,26.4,SAFE,3,,Situation maîtrisée
70.45,292.6,26.1,SAFE,3,,Situation maîtrisée
70.50,293.0,26.4,SAFE,3,,Situation maîtrisée
70.55,293.3,26.1,SAFE,3,,Situation maîtrisée
70.60,293.7,26.4,SAFE,3,,Situation maîtrisée
70.65,294.1,26.1,SAFE,3,,Situation maîtrisée
70.70,294.4,26.5,SAFE,3,,Situation maîtrisée
70.75,294.8,26.2,SAFE,3,,Situation maîtrisée
70.80,295.2,26.5,SAFE,3,,Situation maîtrisée
70.85,295.5,26.2,SAFE,3,,Situation maîtrisée
70.90,295.9,26.5,SAFE,3,,Situation maîtrisée
70.95,296.3,26.2,SAFE,3,,Situation maîtrisée
71.00,296.6,26.5,SAFE,3,,Situation maîtrisée
71.05,297.0,26.2,SAFE,3,,Situation maîtrisée
71.10,297.4,26.5,SAFE,3,,Situation maîtrisée
71.15,297.7,26.2,SAFE,3,,Situation maîtrisée
71.20,298.1,26.5,SAFE,3,,Situation maîtrisée
71.25,298.5,26.2,SAFE,3,,Situation maîtrisée
71.30,298.8,26.6,SAFE,3,,Situation maîtrisée
71.35,299.2,26.2,SAFE,3,,Situation maîtrisée
71.40,299.6,26.6,SAFE,3,,Situation maîtrisée
71.45,299.9,26.3,SAFE,3,,Situation maîtrisée
71.50,300.3,26.6,SAFE,3,,Situation maîtrisée
71.55,300.7,26.3,SAFE,3,,Situation maîtrisée
71.60,301.0,26.6,SAFE,3,,Situation maîtrisée
71.65,301.4,26.3,SAFE,3,,Situation maîtrisée
71.70,301.8,26.6,SAFE,3,,Situation maîtrisée
71.75,302.1,26.3,SAFE,3,,Situation maîtrisée
71.80,302.5,26.6,SAFE,3,,Situation maîtrisée
71.85,302.9,26.3,SAFE,3,,Situation maîtrisée
71.90,303.2,26.6,SAFE,3,,Situation maîtrisée
71.95,303.6,26.3,SAFE,3,,Situation maîtrisée
72.00,304.0,26.6,SAFE,3,,Situation maîtrisée
72.05,304.3,26.3,SAFE,3,,Situation maîtrisée
72.10,304.7,26.6,SAFE,3,,Situation maîtrisée
72.15,305.1,26.2,SAFE,3,,Situation maîtrisée
72.20,305.4,26.5,SAFE,3,,Situation maîtrisée
72.25,305.8,26.2,SAFE,3,,Situation maîtrisée
72.30,306.2,26.5,SAFE,3,,Situation maîtrisée
72.35,306.5,26.1,SAFE,3,,Situation maîtrisée
72.40,306.9,26.3,SAFE,3,feu_rouge,SAFE : arret au feu rouge
72.45,307.3,25.7,SAFE,3,feu_rouge,SAFE : arret au feu rouge
72.50,307.6,25.6,SAFE,3,feu_rouge,SAFE : arret au feu rouge
72.55,308.0,24.5,SAFE,3,feu_rouge,SAFE : arret au feu rouge
72.60,308.3,24.1,SAFE,3,feu_rouge,SAFE : arret au feu rouge
72.65,308.6,22.9,SAFE,3,feu_rouge,SAFE : arret au feu rouge
72.70,308.9,22.5,SAFE,3,feu_rouge,SAFE : arret au feu rouge
72.75,309.2,21.2,SAFE,3,feu_rouge,SAFE : arret au feu rouge
72.80,309.5,20.7,SAFE,3,feu_rouge,SAFE : arret au feu rouge
72.85,309.8,19.5,SAFE,3,feu_rouge,SAFE : arret au feu rouge
72.90,310.1,17.1,SAFE,3,feu_rouge,SAFE : arret au feu rouge
72.95,310.3,12.3,SAFE,3,feu_rouge,SAFE : arret au feu rouge
73.00,310.4,7.5,SAFE,3,feu_rouge,SAFE : arret au feu rouge
73.05,310.5,2.7,SAFE,3,feu_rouge,SAFE : arret au feu rouge
73.10,310.5,0.0,SAFE,3,feu_rouge,SAFE : arret au feu rouge
73.15,310.5,0.0,SAFE,3,feu_rouge,SAFE : arret au feu rouge
73.20,310.5,0.0,SAFE,3,feu_rouge,SAFE : arret au feu rouge
73.25,310.5,0.3,SAFE,3,feu_rouge,SAFE : arret au feu rouge
73.30,310.5,0.5,SAFE,3,feu_rouge,SAFE : arret au feu rouge
73.35,310.5,0.6,SAFE,3,feu_rouge,SAFE : arret au feu rouge
73.40,310.5,0.7,SAFE,3,feu_rouge,SAFE : arret au feu rouge
73.45,310.5,0.7,SAFE,3,feu_rouge,SAFE : arret au feu rouge
73.50,310.5,0.7,SAFE,3,feu_rouge,SAFE : arret au feu rouge
73.55,310.5,0.7,SAFE,3,feu_rouge,SAFE : arret au feu rouge
73.60,310.5,0.7,SAFE,3,feu_rouge,SAFE : arret au feu rouge
73.65,310.5,0.7,SAFE,3,feu_rouge,SAFE : arret au feu rouge
73.70,310.5,0.7,SAFE,3,feu_rouge,SAFE : arret au feu rouge
73.75,310.6,0.7,SAFE,3,feu_rouge,SAFE : arret au feu rouge
73.80,310.6,0.7,SAFE,3,feu_rouge,SAFE : arret au feu rouge
73.85,310.6,0.6,SAFE,3,feu_rouge,SAFE : arret au feu rouge
73.90,310.6,0.6,SAFE,3,feu_rouge,SAFE : arret au feu rouge
73.95,310.6,0.6,SAFE,3,feu_rouge,SAFE : arret au feu rouge
74.00,310.6,0.6,SAFE,3,feu_rouge,SAFE : arret au feu rouge
74.05,310.6,0.6,SAFE,3,feu_rouge,SAFE : arret au feu rouge
74.10,310.6,0.6,SAFE,3,feu_rouge,SAFE : arret au feu rouge
74.15,310.6,0.6,SAFE,3,feu_rouge,SAFE : arret au feu rouge
74.20,310.6,0.6,SAFE,3,feu_rouge,SAFE : arret au feu rouge
74.25,310.6,0.5,SAFE,3,feu_rouge,SAFE : arret au feu rouge
74.30,310.6,0.5,SAFE,3,feu_rouge,SAFE : arret au feu rouge
74.35,310.7,0.5,SAFE,3,feu_rouge,SAFE : arret au feu rouge
74.40,310.7,0.5,SAFE,3,feu_rouge,SAFE : arret au feu rouge
74.45,310.7,0.5,SAFE,3,feu_rouge,SAFE : arret au feu rouge
74.50,310.7,0.5,SAFE,3,feu_rouge,SAFE : arret au feu rouge
74.55,310.7,0.5,SAFE,3,feu_rouge,SAFE : arret au feu rouge
74.60,310.7,0.5,SAFE,3,feu_rouge,SAFE : arret au feu rouge
74.65,310.7,0.5,SAFE,3,feu_rouge,SAFE : arret au feu rouge
74.70,310.7,0.5,SAFE,3,feu_rouge,SAFE : arret au feu rouge
74.75,310.7,0.4,SAFE,3,feu_rouge,SAFE : arret au feu rouge
74.80,310.7,0.4,SAFE,3,feu_rouge,SAFE : arret au feu rouge
74.85,310.7,0.4,SAFE,3,feu_rouge,SAFE : arret au feu rouge
74.90,310.7,0.4,SAFE,3,feu_rouge,SAFE : arret au feu rouge
74.95,310.7,0.4,SAFE,3,feu_rouge,SAFE : arret au feu rouge
75.00,310.7,0.4,SAFE,3,feu_rouge,SAFE : arret au feu rouge
75.05,310.7,0.4,SAFE,3,feu_rouge,SAFE : arret au feu rouge
75.10,310.8,0.4,SAFE,3,feu_rouge,SAFE : arret au feu rouge
75.15,310.8,0.4,SAFE,3,feu_rouge,SAFE : arret au feu rouge
75.20,310.8,0.4,SAFE,3,feu_rouge,SAFE : arret au feu rouge
75.25,310.8,0.4,SAFE,3,feu_rouge,SAFE : arret au feu rouge
75.30,310.8,0.4,SAFE,3,feu_rouge,SAFE : arret au feu rouge
75.35,310.8,0.3,SAFE,3,feu_rouge,SAFE : arret au feu rouge
75.40,310.8,0.4,SAFE,3,feu_rouge,SAFE : arret au feu rouge
75.45,310.8,0.3,SAFE,3,feu_rouge,SAFE : arret au feu rouge
75.50,310.8,0.3,SAFE,3,feu_rouge,SAFE : arret au feu rouge
75.55,310.8,0.3,SAFE,3,feu_rouge,SAFE : arret au feu rouge
75.60,310.8,0.3,SAFE,3,feu_rouge,SAFE : arret au feu rouge
75.65,310.8,0.3,SAFE,3,feu_rouge,SAFE : arret au feu rouge
75.70,310.8,0.3,SAFE,3,feu_rouge,SAFE : arret au feu rouge
75.75,310.8,0.3,SAFE,3,feu_rouge,SAFE : arret au feu rouge
75.80,310.8,0.3,SAFE,3,feu_rouge,SAFE : arret au feu rouge
75.85,310.8,0.3,SAFE,3,feu_rouge,SAFE : arret au feu rouge
75.90,310.8,0.3,SAFE,3,feu_rouge,SAFE : arret au feu rouge
75.95,310.8,0.3,SAFE,2,feu_rouge,SAFE : arret au feu rouge
76.00,310.8,0.3,SAFE,2,feu_rouge,SAFE : arret au feu rouge
76.05,310.8,0.3,SAFE,2,feu_rouge,SAFE : arret au feu rouge
76.10,310.8,0.3,SAFE,2,feu_rouge,SAFE : arret au feu rouge
76.15,310.8,0.2,SAFE,2,feu_rouge,SAFE : arret au feu rouge
76.20,310.8,0.3,SAFE,2,feu_rouge,SAFE : arret au feu rouge
76.25,310.8,0.2,SAFE,2,feu_rouge,SAFE : arret au feu rouge
76.30,310.9,0.2,SAFE,2,feu_rouge,SAFE : arret au feu rouge
76.35,310.9,0.2,SAFE,2,feu_rouge,SAFE : arret au feu rouge
76.40,310.9,0.2,SAFE,2,feu_rouge,SAFE : arret au feu rouge
76.45,310.9,0.2,SAFE,2,feu_rouge,SAFE : arret au feu rouge
76.50,310.9,0.2,SAFE,2,feu_rouge,SAFE : arret au feu rouge
76.55,310.9,0.2,SAFE,2,feu_rouge,SAFE : arret au feu rouge
76.60,310.9,0.2,SAFE,2,feu_rouge,SAFE : arret au feu rouge
76.65,310.9,0.2,SAFE,2,feu_rouge,SAFE : arret au feu rouge
76.70,310.9,0.2,SAFE,2,feu_rouge,SAFE : arret au feu rouge
76.75,310.9,0.2,SAFE,2,feu_rouge,SAFE : arret au feu rouge
76.80,310.9,0.2,SAFE,2,feu_rouge,SAFE : arret au feu rouge
76.85,310.9,0.2,SAFE,2,feu_rouge,SAFE : arret au feu rouge
76.90,310.9,0.2,SAFE,2,feu_rouge,SAFE : arret au feu rouge
76.95,310.9,0.2,SAFE,2,feu_rouge,SAFE : arret au feu rouge
77.00,310.9,0.2,SAFE,2,feu_rouge,SAFE : arret au feu rouge
77.05,310.9,0.2,SAFE,2,feu_rouge,SAFE : arret au feu rouge
77.10,310.9,0.2,SAFE,2,feu_rouge,SAFE : arret au feu rouge
77.15,310.9,0.2,SAFE,2,feu_rouge,SAFE : arret au feu rouge
77.20,310.9,0.2,SAFE,2,feu_rouge,SAFE : arret au feu rouge
77.25,310.9,0.1,SAFE,2,feu_rouge,SAFE : arret au feu rouge
77.30,310.9,0.2,SAFE,2,feu_rouge,SAFE : arret au feu rouge
77.35,310.9,0.1,SAFE,2,feu_rouge,SAFE : arret au feu rouge
77.40,310.9,0.2,SAFE,2,feu_rouge,SAFE : arret au feu rouge
77.45,310.9,0.1,SAFE,2,feu_rouge,SAFE : arret au feu rouge
77.50,310.9,0.2,SAFE,2,feu_rouge,SAFE : arret au feu rouge
77.55,310.9,0.1,SAFE,2,feu_rouge,SAFE : arret au feu rouge
77.60,310.9,0.1,SAFE,2,feu_rouge,SAFE : arret au feu rouge
77.65,310.9,0.1,SAFE,2,feu_rouge,SAFE : arret au feu rouge
77.70,310.9,0.1,SAFE,2,feu_rouge,SAFE : arret au feu rouge
77.75,310.9,0.1,SAFE,2,feu_rouge,SAFE : arret au feu rouge
77.80,310.9,0.1,SAFE,2,feu_rouge,SAFE : arret au feu rouge
77.85,310.9,0.1,SAFE,2,feu_rouge,SAFE : arret au feu rouge
77.90,310.9,0.1,SAFE,2,feu_rouge,SAFE : arret au feu rouge
77.95,310.9,0.1,SAFE,2,feu_rouge,SAFE : arret au feu rouge
78.00,310.9,0.1,SAFE,2,feu_rouge,SAFE : arret au feu rouge
78.05,310.9,0.1,SAFE,2,feu_rouge,SAFE : arret au feu rouge
78.10,310.9,0.1,SAFE,2,feu_rouge,SAFE : arret au feu rouge
78.15,310.9,0.1,SAFE,2,feu_rouge,SAFE : arret au feu rouge
78.20,310.9,0.1,SAFE,2,feu_rouge,SAFE : arret au feu rouge
78.25,310.9,0.1,SAFE,2,feu_rouge,SAFE : arret au feu rouge
78.30,310.9,0.1,SAFE,2,feu_rouge,SAFE : arret au feu rouge
78.35,310.9,0.1,SAFE,2,feu_rouge,SAFE : arret au feu rouge
78.40,310.9,0.1,SAFE,2,feu_rouge,SAFE : arret au feu rouge
78.45,310.9,0.1,SAFE,2,feu_rouge,SAFE : arret au feu rouge
78.50,310.9,0.1,SAFE,2,feu_rouge,SAFE : arret au feu rouge
78.55,310.9,0.1,SAFE,2,feu_rouge,SAFE : arret au feu rouge
78.60,310.9,0.1,SAFE,2,feu_rouge,SAFE : arret au feu rouge
78.65,310.9,0.1,SAFE,2,feu_rouge,SAFE : arret au feu rouge
78.70,311.0,0.1,SAFE,2,feu_rouge,SAFE : arret au feu rouge
78.75,311.0,0.1,SAFE,2,feu_rouge,SAFE : arret au feu rouge
78.80,311.0,0.1,SAFE,2,feu_rouge,SAFE : arret au feu rouge
78.85,311.0,0.1,SAFE,2,feu_rouge,SAFE : arret au feu rouge
78.90,311.0,0.1,SAFE,2,feu_rouge,SAFE : arret au feu rouge
78.95,311.0,0.1,SAFE,2,feu_rouge,SAFE : arret au feu rouge
79.00,311.0,0.1,SAFE,2,feu_rouge,SAFE : arret au feu rouge
79.05,311.0,0.1,SAFE,2,feu_rouge,SAFE : arret au feu rouge
79.10,311.0,0.1,SAFE,2,feu_rouge,SAFE : arret au feu rouge
79.15,311.0,0.1,SAFE,2,feu_rouge,SAFE : arret au feu rouge
79.20,311.0,0.1,SAFE,2,feu_rouge,SAFE : arret au feu rouge
79.25,311.0,0.1,SAFE,2,feu_rouge,SAFE : arret au feu rouge
79.30,311.0,0.1,SAFE,2,feu_rouge,SAFE : arret au feu rouge
79.35,311.0,0.1,SAFE,2,feu_rouge,SAFE : arret au feu rouge
79.40,311.0,0.1,SAFE,2,feu_rouge,SAFE : arret au feu rouge
79.45,311.0,0.1,SAFE,2,feu_rouge,SAFE : arret au feu rouge
79.50,311.0,0.1,SAFE,2,feu_rouge,SAFE : arret au feu rouge
79.55,311.0,0.1,SAFE,2,feu_rouge,SAFE : arret au feu rouge
79.60,311.0,0.1,SAFE,2,feu_rouge,SAFE : arret au feu rouge
79.65,311.0,0.0,SAFE,2,feu_rouge,SAFE : arret au feu rouge
79.70,311.0,0.1,SAFE,2,feu_rouge,SAFE : arret au feu rouge
79.75,311.0,0.0,SAFE,2,feu_rouge,SAFE : arret au feu rouge
79.80,311.0,0.1,SAFE,2,feu_rouge,SAFE : arret au feu rouge
79.85,311.0,0.0,SAFE,2,feu_rouge,SAFE : arret au feu rouge
79.90,311.0,0.1,SAFE,2,feu_rouge,SAFE : arret au feu rouge
79.95,311.0,0.0,SAFE,2,feu_rouge,SAFE : arret au feu rouge
80.00,311.0,0.1,SAFE,2,feu_rouge,SAFE : arret au feu rouge
80.05,311.0,0.0,SAFE,2,feu_rouge,SAFE : arret au feu rouge
80.10,311.0,0.1,SAFE,2,feu_rouge,SAFE : arret au feu rouge
80.15,311.0,0.0,SAFE,2,feu_rouge,SAFE : arret au feu rouge
80.20,311.0,0.1,SAFE,2,feu_rouge,SAFE : arret au feu rouge
80.25,311.0,0.0,SAFE,2,feu_rouge,SAFE : arret au feu rouge
80.30,311.0,0.1,SAFE,2,feu_rouge,SAFE : arret au feu rouge
80.35,311.0,0.0,SAFE,2,feu_rouge,SAFE : arret au feu rouge
80.40,311.0,0.1,SAFE,2,feu_rouge,SAFE : arret au feu rouge
80.45,311.0,0.0,SAFE,2,feu_rouge,SAFE : arret au feu rouge
80.50,311.0,0.1,SAFE,2,feu_rouge,SAFE : arret au feu rouge
80.55,311.0,0.0,SAFE,2,feu_rouge,SAFE : arret au feu rouge
80.60,311.0,0.0,SAFE,2,feu_rouge,SAFE : arret au feu rouge
80.65,311.0,0.0,SAFE,2,feu_rouge,SAFE : arret au feu rouge
80.70,311.0,0.0,SAFE,2,feu_rouge,SAFE : arret au feu rouge
80.75,311.0,0.0,SAFE,2,feu_rouge,SAFE : arret au feu rouge
80.80,311.0,0.0,SAFE,2,feu_rouge,SAFE : arret au feu rouge
80.85,311.0,0.0,SAFE,2,feu_rouge,SAFE : arret au feu rouge
80.90,311.0,0.0,SAFE,2,feu_rouge,SAFE : arret au feu rouge
80.95,311.0,0.0,SAFE,2,feu_rouge,SAFE : arret au feu rouge
81.00,311.0,0.0,SAFE,2,feu_rouge,SAFE : arret au feu rouge
81.05,311.0,0.0,SAFE,2,feu_rouge,SAFE : arret au feu rouge
81.10,311.0,0.0,SAFE,2,feu_rouge,SAFE : arret au feu rouge
81.15,311.0,0.0,SAFE,2,feu_rouge,SAFE : arret au feu rouge
81.20,311.0,0.0,SAFE,2,feu_rouge,SAFE : arret au feu rouge
81.25,311.0,0.0,SAFE,2,feu_rouge,SAFE : arret au feu rouge
81.30,311.0,0.0,SAFE,2,feu_rouge,SAFE : arret au feu rouge
81.35,311.0,0.0,SAFE,2,feu_rouge,SAFE : arret au feu rouge
81.40,311.0,0.0,SAFE,2,feu_rouge,SAFE : arret au feu rouge
81.45,311.0,0.0,SAFE,2,feu_rouge,SAFE : arret au feu rouge
81.50,311.0,0.0,SAFE,2,feu_rouge,SAFE : arret au feu rouge
81.55,311.0,0.0,SAFE,2,feu_rouge,SAFE : arret au feu rouge
81.60,311.0,0.0,SAFE,2,feu_rouge,SAFE : arret au feu rouge
81.65,311.0,0.0,SAFE,2,feu_rouge,SAFE : arret au feu rouge
81.70,311.0,0.0,SAFE,2,feu_rouge,SAFE : arret au feu rouge
81.75,311.0,0.0,SAFE,2,feu_rouge,SAFE : arret au feu rouge
81.80,311.0,0.0,SAFE,2,feu_rouge,SAFE : arret au feu rouge
81.85,311.0,0.0,SAFE,2,feu_rouge,SAFE : arret au feu rouge
81.90,311.0,0.0,SAFE,2,feu_rouge,SAFE : arret au feu rouge
81.95,311.0,0.0,SAFE,2,feu_rouge,SAFE : arret au feu rouge
82.00,311.0,0.0,SAFE,2,feu_rouge,SAFE : arret au feu rouge
82.05,311.0,0.0,SAFE,2,feu_rouge,SAFE : arret au feu rouge
82.10,311.0,0.0,SAFE,2,feu_rouge,SAFE : arret au feu rouge
82.15,311.0,0.0,SAFE,2,feu_rouge,SAFE : arret au feu rouge
82.20,311.0,0.0,SAFE,2,feu_rouge,SAFE : arret au feu rouge
82.25,311.0,0.0,SAFE,2,feu_rouge,SAFE : arret au feu rouge
82.30,311.0,0.0,SAFE,2,feu_rouge,SAFE : arret au feu rouge
82.35,311.0,0.0,SAFE,2,feu_rouge,SAFE : arret au feu rouge
82.40,311.0,0.0,SAFE,2,feu_rouge,SAFE : arret au feu rouge
82.45,311.0,0.0,SAFE,2,feu_rouge,SAFE : arret au feu rouge
82.50,311.0,0.0,SAFE,2,feu_rouge,SAFE : arret au feu rouge
82.55,311.0,0.0,SAFE,2,feu_rouge,SAFE : arret au feu rouge
82.60,311.0,0.0,SAFE,2,feu_rouge,SAFE : arret au feu rouge
82.65,311.0,0.0,SAFE,2,feu_rouge,SAFE : arret au feu rouge
82.70,311.0,0.0,SAFE,2,feu_rouge,SAFE : arret au feu rouge
82.75,311.0,0.0,SAFE,2,feu_rouge,SAFE : arret au feu rouge
82.80,311.0,0.0,SAFE,2,feu_rouge,SAFE : arret au feu rouge
82.85,311.0,0.0,SAFE,2,feu_rouge,SAFE : arret au feu rouge
82.90,311.0,0.0,SAFE,2,feu_rouge,SAFE : arret au feu rouge
82.95,311.0,0.0,SAFE,2,feu_rouge,SAFE : arret au feu rouge
83.00,311.0,0.0,SAFE,2,feu_rouge,SAFE : arret au feu rouge
83.05,311.0,0.0,SAFE,2,feu_rouge,SAFE : arret au feu rouge
83.10,311.0,0.0,SAFE,2,feu_rouge,SAFE : arret au feu rouge
83.15,311.0,0.0,SAFE,2,feu_rouge,SAFE : arret au feu rouge
83.20,311.0,0.0,SAFE,2,feu_rouge,SAFE : arret au feu rouge
83.25,311.0,0.0,SAFE,2,feu_rouge,SAFE : arret au feu rouge
83.30,311.0,0.0,SAFE,2,feu_rouge,SAFE : arret au feu rouge
83.35,311.0,0.0,SAFE,2,feu_rouge,SAFE : arret au feu rouge
83.40,311.0,0.0,SAFE,2,feu_rouge,SAFE : arret au feu rouge
83.45,311.0,0.0,SAFE,2,feu_rouge,SAFE : arret au feu rouge
83.50,311.0,0.0,SAFE,2,feu_rouge,SAFE : arret au feu rouge
83.55,311.0,0.0,SAFE,2,feu_rouge,SAFE : arret au feu rouge
83.60,311.0,0.0,SAFE,2,feu_rouge,SAFE : arret au feu rouge
83.65,311.0,0.0,SAFE,2,feu_rouge,SAFE : arret au feu rouge
83.70,311.0,0.0,SAFE,2,feu_rouge,SAFE : arret au feu rouge
83.75,311.0,0.0,SAFE,2,feu_rouge,SAFE : arret au feu rouge
83.80,311.0,0.0,SAFE,2,feu_rouge,SAFE : arret au feu rouge
83.85,311.0,0.0,SAFE,2,feu_rouge,SAFE : arret au feu rouge
83.90,311.0,0.0,SAFE,2,feu_rouge,SAFE : arret au feu rouge
83.95,311.0,0.0,SAFE,2,feu_rouge,SAFE : arret au feu rouge
84.00,311.0,0.0,SAFE,2,feu_rouge,SAFE : arret au feu rouge
84.05,311.0,0.0,SAFE,2,feu_rouge,SAFE : arret au feu rouge
84.10,311.0,0.0,SAFE,2,feu_rouge,SAFE : arret au feu rouge
84.15,311.0,0.0,SAFE,2,feu_rouge,SAFE : arret au feu rouge
84.20,311.0,0.0,SAFE,2,feu_rouge,SAFE : arret au feu rouge
84.25,311.0,0.0,SAFE,2,feu_rouge,SAFE : arret au feu rouge
84.30,311.0,0.0,SAFE,2,feu_rouge,SAFE : arret au feu rouge
84.35,311.0,0.0,SAFE,2,feu_rouge,SAFE : arret au feu rouge
84.40,311.0,0.0,SAFE,2,feu_rouge,SAFE : arret au feu rouge
84.45,311.0,0.0,SAFE,2,feu_rouge,SAFE : arret au feu rouge
84.50,311.0,0.0,SAFE,2,feu_rouge,SAFE : arret au feu rouge
84.55,311.0,0.0,SAFE,2,feu_rouge,SAFE : arret au feu rouge
84.60,311.0,0.0,SAFE,2,feu_rouge,SAFE : arret au feu rouge
84.65,311.0,0.0,SAFE,2,feu_rouge,SAFE : arret au feu rouge
84.70,311.0,0.0,SAFE,2,feu_rouge,SAFE : arret au feu rouge
84.75,311.0,0.0,SAFE,2,feu_rouge,SAFE : arret au feu rouge
84.80,311.0,0.0,SAFE,2,feu_rouge,SAFE : arret au feu rouge
84.85,311.0,0.0,SAFE,2,feu_rouge,SAFE : arret au feu rouge
84.90,311.0,0.0,SAFE,2,feu_rouge,SAFE : arret au feu rouge
84.95,311.0,0.0,SAFE,2,feu_rouge,SAFE : arret au feu rouge
85.00,311.0,0.0,SAFE,2,feu_rouge,SAFE : arret au feu rouge
85.05,311.0,0.0,SAFE,2,feu_rouge,SAFE : arret au feu rouge
85.10,311.0,0.0,SAFE,2,feu_rouge,SAFE : arret au feu rouge
85.15,311.0,0.0,SAFE,2,feu_rouge,SAFE : arret au feu rouge
85.20,311.0,0.0,SAFE,2,feu_rouge,SAFE : arret au feu rouge
85.25,311.0,0.0,SAFE,2,feu_rouge,SAFE : arret au feu rouge
85.30,311.0,0.0,SAFE,2,feu_rouge,SAFE : arret au feu rouge
85.35,311.0,0.0,SAFE,2,feu_rouge,SAFE : arret au feu rouge
85.40,311.0,0.0,SAFE,2,feu_rouge,SAFE : arret au feu rouge
85.45,311.0,0.0,SAFE,2,feu_rouge,SAFE : arret au feu rouge
85.50,311.0,0.0,SAFE,2,feu_rouge,SAFE : arret au feu rouge
85.55,311.0,0.0,SAFE,2,feu_rouge,SAFE : arret au feu rouge
85.60,311.0,0.0,SAFE,2,feu_rouge,SAFE : arret au feu rouge
85.65,311.0,0.0,SAFE,2,feu_rouge,SAFE : arret au feu rouge
85.70,311.0,0.0,SAFE,2,feu_rouge,SAFE : arret au feu rouge
85.75,311.0,0.0,SAFE,2,feu_rouge,SAFE : arret au feu rouge
85.80,311.0,0.0,SAFE,2,feu_rouge,SAFE : arret au feu rouge
85.85,311.0,0.0,SAFE,2,feu_rouge,SAFE : arret au feu rouge
85.90,311.0,0.0,SAFE,2,feu_rouge,SAFE : arret au feu rouge
85.95,311.0,0.0,SAFE,2,feu_rouge,SAFE : arret au feu rouge
86.00,311.0,0.0,SAFE,2,feu_rouge,SAFE : arret au feu rouge
86.05,311.0,0.0,SAFE,2,feu_rouge,SAFE : arret au feu rouge
86.10,311.0,0.0,SAFE,2,feu_rouge,SAFE : arret au feu rouge
86.15,311.0,0.0,SAFE,2,feu_rouge,SAFE : arret au feu rouge
86.20,311.0,0.0,SAFE,2,feu_rouge,SAFE : arret au feu rouge
86.25,311.0,0.0,SAFE,2,feu_rouge,SAFE : arret au feu rouge
86.30,311.0,0.0,SAFE,2,feu_rouge,SAFE : arret au feu rouge
86.35,311.0,0.0,SAFE,2,feu_rouge,SAFE : arret au feu rouge
86.40,311.0,0.0,SAFE,2,feu_rouge,SAFE : arret au feu rouge
86.45,311.0,0.0,SAFE,2,feu_rouge,SAFE : arret au feu rouge
86.50,311.0,0.0,SAFE,2,feu_rouge,SAFE : arret au feu rouge
86.55,311.0,0.0,SAFE,2,feu_rouge,SAFE : arret au feu rouge
86.60,311.0,0.0,SAFE,2,feu_rouge,SAFE : arret au feu rouge
86.65,311.0,0.0,SAFE,2,feu_rouge,SAFE : arret au feu rouge
86.70,311.0,0.0,SAFE,2,feu_rouge,SAFE : arret au feu rouge
86.75,311.0,0.0,SAFE,2,feu_rouge,SAFE : arret au feu rouge
86.80,311.0,0.0,SAFE,2,feu_rouge,SAFE : arret au feu rouge
86.85,311.0,0.0,SAFE,2,feu_rouge,SAFE : arret au feu rouge
86.90,311.0,0.0,SAFE,2,feu_rouge,SAFE : arret au feu rouge
86.95,311.0,0.0,SAFE,2,feu_rouge,SAFE : arret au feu rouge
87.00,311.0,0.0,SAFE,2,feu_rouge,SAFE : arret au feu rouge
87.05,311.0,0.0,SAFE,2,feu_rouge,SAFE : arret au feu rouge
87.10,311.0,0.0,SAFE,2,feu_rouge,SAFE : arret au feu rouge
87.15,311.0,0.0,SAFE,2,feu_rouge,SAFE : arret au feu rouge
87.20,311.0,0.0,SAFE,2,feu_rouge,SAFE : arret au feu rouge
87.25,311.0,0.0,SAFE,2,feu_rouge,SAFE : arret au feu rouge
87.30,311.0,0.0,SAFE,2,feu_rouge,SAFE : arret au feu rouge
87.35,311.0,0.0,SAFE,2,feu_rouge,SAFE : arret au feu rouge
87.40,311.0,0.0,SAFE,2,feu_rouge,SAFE : arret au feu rouge
87.45,311.0,0.0,SAFE,2,feu_rouge,SAFE : arret au feu rouge
87.50,311.0,0.0,SAFE,2,feu_rouge,SAFE : arret au feu rouge
87.55,311.0,0.0,SAFE,2,feu_rouge,SAFE : arret au feu rouge
87.60,311.0,0.0,SAFE,2,feu_rouge,SAFE : arret au feu rouge
87.65,311.0,0.0,SAFE,2,feu_rouge,SAFE : arret au feu rouge
87.70,311.0,0.0,SAFE,2,feu_rouge,SAFE : arret au feu rouge
87.75,311.0,0.0,SAFE,2,feu_rouge,SAFE : arret au feu rouge
87.80,311.0,0.0,SAFE,2,feu_rouge,SAFE : arret au feu rouge
87.85,311.0,0.0,SAFE,2,feu_rouge,SAFE : arret au feu rouge
87.90,311.0,0.0,SAFE,2,feu_rouge,SAFE : arret au feu rouge
87.95,311.0,0.0,SAFE,2,feu_rouge,SAFE : arret au feu rouge
88.00,311.0,0.0,SAFE,2,feu_rouge,SAFE : arret au feu rouge
88.05,311.0,0.0,SAFE,2,feu_rouge,SAFE : arret au feu rouge
88.10,311.0,0.0,SAFE,2,feu_rouge,SAFE : arret au feu rouge
88.15,311.0,0.0,SAFE,2,feu_rouge,SAFE : arret au feu rouge
88.20,311.0,0.0,SAFE,2,feu_rouge,SAFE : arret au feu rouge
88.25,311.0,0.0,SAFE,2,feu_rouge,SAFE : arret au feu rouge
88.30,311.0,0.0,SAFE,2,feu_rouge,SAFE : arret au feu rouge
88.35,311.0,0.0,SAFE,2,feu_rouge,SAFE : arret au feu rouge
88.40,311.0,0.0,SAFE,2,feu_rouge,SAFE : arret au feu rouge
88.45,311.0,0.0,SAFE,2,feu_rouge,SAFE : arret au feu rouge
88.50,311.0,0.0,SAFE,2,feu_rouge,SAFE : arret au feu rouge
88.55,311.0,0.0,SAFE,2,feu_rouge,SAFE : arret au feu rouge
88.60,311.0,0.0,SAFE,2,feu_rouge,SAFE : arret au feu rouge
88.65,311.0,0.0,SAFE,2,feu_rouge,SAFE : arret au feu rouge
88.70,311.0,0.0,SAFE,2,feu_rouge,SAFE : arret au feu rouge
88.75,311.0,0.0,SAFE,2,feu_rouge,SAFE : arret au feu rouge
88.80,311.0,0.0,SAFE,2,feu_rouge,SAFE : arret au feu rouge
88.85,311.0,0.0,SAFE,2,feu_rouge,SAFE : arret au feu rouge
88.90,311.0,0.0,SAFE,2,feu_rouge,SAFE : arret au feu rouge
88.95,311.0,0.0,SAFE,2,feu_rouge,SAFE : arret au feu rouge
89.00,311.0,0.0,SAFE,2,feu_rouge,SAFE : arret au feu rouge
89.05,311.0,0.0,SAFE,2,feu_rouge,SAFE : arret au feu rouge
89.10,311.0,0.0,SAFE,2,feu_rouge,SAFE : arret au feu rouge
89.15,311.0,0.0,SAFE,2,feu_rouge,SAFE : arret au feu rouge
89.20,311.0,0.0,SAFE,2,feu_rouge,SAFE : arret au feu rouge
89.25,311.0,0.0,SAFE,2,feu_rouge,SAFE : arret au feu rouge
89.30,311.0,0.0,SAFE,2,feu_rouge,SAFE : arret au feu rouge
89.35,311.0,0.0,SAFE,2,feu_rouge,SAFE : arret au feu rouge
89.40,311.0,0.0,SAFE,2,feu_rouge,SAFE : arret au feu rouge
89.45,311.0,0.0,SAFE,2,feu_rouge,SAFE : arret au feu rouge
89.50,311.0,0.0,SAFE,2,feu_rouge,SAFE : arret au feu rouge
89.55,311.0,0.0,SAFE,2,feu_rouge,SAFE : arret au feu rouge
89.60,311.0,0.0,SAFE,2,feu_rouge,SAFE : arret au feu rouge
89.65,311.0,0.0,SAFE,2,feu_rouge,SAFE : arret au feu rouge
89.70,311.0,0.0,SAFE,2,feu_rouge,SAFE : arret au feu rouge
89.75,311.0,0.0,SAFE,2,feu_rouge,SAFE : arret au feu rouge
89.80,311.0,0.0,SAFE,2,feu_rouge,SAFE : arret au feu rouge
89.85,311.0,0.0,SAFE,2,feu_rouge,SAFE : arret au feu rouge
89.90,311.0,0.0,SAFE,3,feu_rouge,SAFE : arret au feu rouge
89.95,311.0,0.0,SAFE,3,feu_rouge,SAFE : arret au feu rouge
90.00,311.0,0.0,SAFE,3,feu_rouge,SAFE : arret au feu rouge
90.05,311.0,0.0,SAFE,3,feu_rouge,SAFE : arret au feu rouge
90.10,311.0,0.0,SAFE,3,feu_rouge,SAFE : arret au feu rouge
90.15,311.0,0.0,SAFE,3,feu_rouge,SAFE : arret au feu rouge
90.20,311.0,0.0,SAFE,3,feu_rouge,SAFE : arret au feu rouge
90.25,311.0,0.0,SAFE,3,feu_rouge,SAFE : arret au feu rouge
90.30,311.0,0.0,SAFE,3,feu_rouge,SAFE : arret au feu rouge
90.35,311.0,0.0,SAFE,3,feu_rouge,SAFE : arret au feu rouge
90.40,311.0,0.0,SAFE,3,feu_rouge,SAFE : arret au feu rouge
90.45,311.0,0.0,SAFE,3,feu_rouge,SAFE : arret au feu rouge
90.50,311.0,0.0,SAFE,3,feu_rouge,SAFE : arret au feu rouge
90.55,311.0,0.0,SAFE,3,feu_rouge,SAFE : arret au feu rouge
90.60,311.0,0.0,SAFE,3,feu_rouge,SAFE : arret au feu rouge
90.65,311.0,0.0,SAFE,3,feu_rouge,SAFE : arret au feu rouge
90.70,311.0,0.0,SAFE,3,feu_rouge,SAFE : arret au feu rouge
90.75,311.0,0.0,SAFE,3,feu_rouge,SAFE : arret au feu rouge
90.80,311.0,0.0,SAFE,3,feu_rouge,SAFE : arret au feu rouge
90.85,311.0,0.0,SAFE,3,feu_rouge,SAFE : arret au feu rouge
90.90,311.0,0.0,SAFE,3,feu_rouge,SAFE : arret au feu rouge
90.95,311.0,0.0,SAFE,3,feu_rouge,SAFE : arret au feu rouge
91.00,311.0,0.0,SAFE,3,feu_rouge,SAFE : arret au feu rouge
91.05,311.0,0.0,SAFE,2,feu_rouge,SAFE : arret au feu rouge
91.10,311.0,0.0,SAFE,2,feu_rouge,SAFE : arret au feu rouge
91.15,311.0,0.0,SAFE,2,feu_rouge,SAFE : arret au feu rouge
91.20,311.0,0.0,SAFE,2,feu_rouge,SAFE : arret au feu rouge
91.25,311.0,0.0,SAFE,2,feu_rouge,SAFE : arret au feu rouge
91.30,311.0,0.0,SAFE,2,feu_rouge,SAFE : arret au feu rouge
91.35,311.0,0.0,SAFE,2,feu_rouge,SAFE : arret au feu rouge
91.40,311.0,0.0,SAFE,2,feu_rouge,SAFE : arret au feu rouge
91.45,311.0,0.0,SAFE,2,feu_rouge,SAFE : arret au feu rouge
91.50,311.0,0.0,SAFE,2,feu_rouge,SAFE : arret au feu rouge
91.55,311.0,0.0,SAFE,2,feu_rouge,SAFE : arret au feu rouge
91.60,311.0,0.0,SAFE,2,feu_rouge,SAFE : arret au feu rouge
91.65,311.0,0.0,SAFE,2,feu_rouge,SAFE : arret au feu rouge
91.70,311.0,0.0,SAFE,2,feu_rouge,SAFE : arret au feu rouge
91.75,311.0,0.0,SAFE,2,feu_rouge,SAFE : arret au feu rouge
91.80,311.0,0.0,SAFE,2,feu_rouge,SAFE : arret au feu rouge
91.85,311.0,0.0,SAFE,2,feu_rouge,SAFE : arret au feu rouge
91.90,311.0,0.0,SAFE,2,feu_rouge,SAFE : arret au feu rouge
91.95,311.0,0.0,SAFE,2,feu_rouge,SAFE : arret au feu rouge
92.00,311.0,0.0,SAFE,2,feu_rouge,SAFE : arret au feu rouge
92.05,311.0,0.0,SAFE,2,feu_rouge,SAFE : arret au feu rouge
92.10,311.0,0.0,SAFE,2,feu_rouge,SAFE : arret au feu rouge
92.15,311.0,0.0,SAFE,2,feu_rouge,SAFE : arret au feu rouge
92.20,311.0,0.0,SAFE,2,feu_rouge,SAFE : arret au feu rouge
92.25,311.0,0.0,SAFE,2,feu_rouge,SAFE : arret au feu rouge
92.30,311.0,0.0,SAFE,2,feu_rouge,SAFE : arret au feu rouge
92.35,311.0,0.0,SAFE,2,feu_rouge,SAFE : arret au feu rouge
92.40,311.0,0.0,SAFE,2,feu_rouge,SAFE : arret au feu rouge
92.45,311.0,0.0,SAFE,2,feu_rouge,SAFE : arret au feu rouge
92.50,311.0,0.0,SAFE,2,feu_rouge,SAFE : arret au feu rouge
92.55,311.0,0.0,SAFE,2,feu_rouge,SAFE : arret au feu rouge
92.60,311.0,0.0,SAFE,2,feu_rouge,SAFE : arret au feu rouge
92.65,311.0,0.0,SAFE,2,feu_rouge,SAFE : arret au feu rouge
92.70,311.0,0.0,SAFE,2,feu_rouge,SAFE : arret au feu rouge
92.75,311.0,0.0,SAFE,2,feu_rouge,SAFE : arret au feu rouge
92.80,311.0,0.0,SAFE,2,feu_rouge,SAFE : arret au feu rouge
92.85,311.0,0.0,SAFE,2,feu_rouge,SAFE : arret au feu rouge
92.90,311.0,0.0,SAFE,2,feu_rouge,SAFE : arret au feu rouge
92.95,311.0,0.0,SAFE,2,feu_rouge,SAFE : arret au feu rouge
93.00,311.0,0.0,SAFE,2,feu_rouge,SAFE : arret au feu rouge
93.05,311.0,0.0,SAFE,2,feu_rouge,SAFE : arret au feu rouge
93.10,311.0,0.0,SAFE,1,feu_rouge,SAFE : arret au feu rouge
93.15,311.0,0.0,SAFE,1,feu_rouge,SAFE : arret au feu rouge
93.20,311.0,0.0,SAFE,1,feu_rouge,SAFE : arret au feu rouge
93.25,311.0,0.0,SAFE,1,feu_rouge,SAFE : arret au feu rouge
93.30,311.0,0.0,SAFE,1,feu_rouge,SAFE : arret au feu rouge
93.35,311.0,0.0,SAFE,1,feu_rouge,SAFE : arret au feu rouge
93.40,311.0,0.0,SAFE,1,feu_rouge,SAFE : arret au feu rouge
93.45,311.0,0.0,SAFE,1,feu_rouge,SAFE : arret au feu rouge
93.50,311.0,0.0,SAFE,1,feu_rouge,SAFE : arret au feu rouge
93.55,311.0,0.0,SAFE,1,feu_rouge,SAFE : arret au feu rouge
93.60,311.0,0.0,SAFE,1,feu_rouge,SAFE : arret au feu rouge
93.65,311.0,0.0,SAFE,1,feu_rouge,SAFE : arret au feu rouge
93.70,311.0,0.0,SAFE,1,feu_rouge,SAFE : arret au feu rouge
93.75,311.0,0.0,SAFE,1,feu_rouge,SAFE : arret au feu rouge
93.80,311.0,0.0,SAFE,1,feu_rouge,SAFE : arret au feu rouge
93.85,311.0,0.0,SAFE,1,feu_rouge,SAFE : arret au feu rouge
93.90,311.0,0.0,SAFE,1,feu_rouge,SAFE : arret au feu rouge
93.95,311.0,0.0,SAFE,1,feu_rouge,SAFE : arret au feu rouge
94.00,311.0,0.0,SAFE,1,feu_rouge,SAFE : arret au feu rouge
94.05,311.0,0.0,SAFE,1,feu_rouge,SAFE : arret au feu rouge
94.10,311.0,0.0,SAFE,1,feu_rouge,SAFE : arret au feu rouge
94.15,311.0,0.0,SAFE,1,feu_rouge,SAFE : arret au feu rouge
94.20,311.0,0.0,SAFE,1,feu_rouge,SAFE : arret au feu rouge
94.25,311.0,0.0,SAFE,1,feu_rouge,SAFE : arret au feu rouge
94.30,311.0,0.0,SAFE,1,feu_rouge,SAFE : arret au feu rouge
94.35,311.0,0.0,SAFE,1,feu_rouge,SAFE : arret au feu rouge
94.40,311.0,0.0,SAFE,1,feu_rouge,SAFE : arret au feu rouge
94.45,311.0,0.0,SAFE,1,feu_rouge,SAFE : arret au feu rouge
94.50,311.0,0.0,SAFE,1,feu_rouge,SAFE : arret au feu rouge
94.55,311.0,0.0,SAFE,1,feu_rouge,SAFE : arret au feu rouge
94.60,311.0,0.0,SAFE,1,feu_rouge,SAFE : arret au feu rouge
94.65,311.0,0.0,SAFE,1,feu_rouge,SAFE : arret au feu rouge
94.70,311.0,0.0,SAFE,1,feu_rouge,SAFE : arret au feu rouge
94.75,311.0,0.0,SAFE,1,feu_rouge,SAFE : arret au feu rouge
94.80,311.0,0.0,SAFE,1,feu_rouge,SAFE : arret au feu rouge
94.85,311.0,0.0,SAFE,1,feu_rouge,SAFE : arret au feu rouge
94.90,311.0,0.0,SAFE,1,feu_rouge,SAFE : arret au feu rouge
94.95,311.0,0.0,SAFE,1,feu_rouge,SAFE : arret au feu rouge
95.00,311.0,0.0,SAFE,1,feu_rouge,SAFE : arret au feu rouge
95.05,311.0,0.0,SAFE,1,feu_rouge,SAFE : arret au feu rouge
95.10,311.0,0.0,SAFE,1,feu_rouge,SAFE : arret au feu rouge
95.15,311.0,0.0,SAFE,1,feu_rouge,SAFE : arret au feu rouge
95.20,311.0,0.0,SAFE,1,feu_rouge,SAFE : arret au feu rouge
95.25,311.0,0.0,SAFE,1,feu_rouge,SAFE : arret au feu rouge
95.30,311.0,0.0,SAFE,1,feu_rouge,SAFE : arret au feu rouge
95.35,311.0,0.0,SAFE,1,feu_rouge,SAFE : arret au feu rouge
95.40,311.0,0.0,SAFE,1,feu_rouge,SAFE : arret au feu rouge
95.45,311.0,0.0,SAFE,1,feu_rouge,SAFE : arret au feu rouge
95.50,311.0,0.0,SAFE,1,feu_rouge,SAFE : arret au feu rouge
95.55,311.0,0.0,SAFE,1,feu_rouge,SAFE : arret au feu rouge
95.60,311.0,0.0,SAFE,1,feu_rouge,SAFE : arret au feu rouge
95.65,311.0,0.0,SAFE,1,feu_rouge,SAFE : arret au feu rouge
95.70,311.0,0.0,SAFE,1,feu_rouge,SAFE : arret au feu rouge
95.75,311.0,0.0,SAFE,1,feu_rouge,SAFE : arret au feu rouge
95.80,311.0,0.0,SAFE,1,feu_rouge,SAFE : arret au feu rouge
95.85,311.0,0.0,SAFE,1,feu_rouge,SAFE : arret au feu rouge
95.90,311.0,0.0,SAFE,1,feu_rouge,SAFE : arret au feu rouge
95.95,311.0,0.0,SAFE,1,feu_rouge,SAFE : arret au feu rouge
96.00,311.0,0.0,SAFE,1,feu_rouge,SAFE : arret au feu rouge
96.05,311.0,0.0,SAFE,1,feu_rouge,SAFE : arret au feu rouge
96.10,311.0,0.0,SAFE,1,feu_rouge,SAFE : arret au feu rouge
96.15,311.0,0.0,SAFE,1,feu_rouge,SAFE : arret au feu rouge
96.20,311.0,0.0,SAFE,1,feu_rouge,SAFE : arret au feu rouge
96.25,311.0,0.0,SAFE,1,feu_rouge,SAFE : arret au feu rouge
96.30,311.0,0.0,SAFE,1,feu_rouge,SAFE : arret au feu rouge
96.35,311.0,0.0,SAFE,1,feu_rouge,SAFE : arret au feu rouge
96.40,311.0,0.0,SAFE,1,feu_rouge,SAFE : arret au feu rouge
96.45,311.0,0.0,SAFE,1,feu_rouge,SAFE : arret au feu rouge
96.50,311.0,0.0,SAFE,1,feu_rouge,SAFE : arret au feu rouge
96.55,311.0,0.0,SAFE,1,feu_rouge,SAFE : arret au feu rouge
96.60,311.0,0.0,SAFE,1,feu_rouge,SAFE : arret au feu rouge
96.65,311.0,0.0,SAFE,1,feu_rouge,SAFE : arret au feu rouge
96.70,311.0,0.0,SAFE,1,feu_rouge,SAFE : arret au feu rouge
96.75,311.0,0.0,SAFE,1,feu_rouge,SAFE : arret au feu rouge
96.80,311.0,0.0,SAFE,1,feu_rouge,SAFE : arret au feu rouge
96.85,311.0,0.0,SAFE,1,feu_rouge,SAFE : arret au feu rouge
96.90,311.0,0.0,SAFE,1,feu_rouge,SAFE : arret au feu rouge
96.95,311.0,0.0,SAFE,1,feu_rouge,SAFE : arret au feu rouge
97.00,311.0,0.0,SAFE,1,feu_rouge,SAFE : arret au feu rouge
97.05,311.0,0.0,SAFE,1,feu_rouge,SAFE : arret au feu rouge
97.10,311.0,0.0,SAFE,1,feu_rouge,SAFE : arret au feu rouge
97.15,311.0,0.0,SAFE,1,feu_rouge,SAFE : arret au feu rouge
97.20,311.0,0.0,SAFE,1,feu_rouge,SAFE : arret au feu rouge
97.25,311.0,0.0,SAFE,1,feu_rouge,SAFE : arret au feu rouge
97.30,311.0,0.0,SAFE,1,feu_rouge,SAFE : arret au feu rouge
97.35,311.0,0.0,SAFE,1,feu_rouge,SAFE : arret au feu rouge
97.40,311.0,0.0,SAFE,1,feu_rouge,SAFE : arret au feu rouge
97.45,311.0,0.0,SAFE,1,feu_rouge,SAFE : arret au feu rouge
97.50,311.0,0.0,SAFE,1,feu_rouge,SAFE : arret au feu rouge
97.55,311.0,0.0,SAFE,1,feu_rouge,SAFE : arret au feu rouge
97.60,311.0,0.0,SAFE,1,feu_rouge,SAFE : arret au feu rouge
97.65,311.0,0.0,SAFE,1,feu_rouge,SAFE : arret au feu rouge
97.70,311.0,0.0,SAFE,1,feu_rouge,SAFE : arret au feu rouge
97.75,311.0,0.0,SAFE,1,feu_rouge,SAFE : arret au feu rouge
97.80,311.0,0.0,SAFE,1,feu_rouge,SAFE : arret au feu rouge
97.85,311.0,0.0,SAFE,1,feu_rouge,SAFE : arret au feu rouge
97.90,311.0,0.0,SAFE,1,feu_rouge,SAFE : arret au feu rouge
97.95,311.0,0.0,SAFE,1,feu_rouge,SAFE : arret au feu rouge
98.00,311.0,0.0,SAFE,1,feu_rouge,SAFE : arret au feu rouge
98.05,311.0,0.0,SAFE,1,feu_rouge,SAFE : arret au feu rouge
98.10,311.0,0.0,SAFE,1,feu_rouge,SAFE : arret au feu rouge
98.15,311.0,0.0,SAFE,1,feu_rouge,SAFE : arret au feu rouge
98.20,311.0,0.0,SAFE,1,feu_rouge,SAFE : arret au feu rouge
98.25,311.0,0.0,SAFE,1,feu_rouge,SAFE : arret au feu rouge
98.30,311.0,0.0,SAFE,1,feu_rouge,SAFE : arret au feu rouge
98.35,311.0,0.0,SAFE,1,feu_rouge,SAFE : arret au feu rouge
98.40,311.0,0.0,SAFE,1,feu_rouge,SAFE : arret au feu rouge
98.45,311.0,0.0,SAFE,1,feu_rouge,SAFE : arret au feu rouge
98.50,311.0,0.0,SAFE,1,feu_rouge,SAFE : arret au feu rouge
98.55,311.0,0.0,SAFE,1,feu_rouge,SAFE : arret au feu rouge
98.60,311.0,0.0,SAFE,1,feu_rouge,SAFE : arret au feu rouge
98.65,311.0,0.0,SAFE,1,feu_rouge,SAFE : arret au feu rouge
98.70,311.0,0.0,SAFE,1,feu_rouge,SAFE : arret au feu rouge
98.75,311.0,0.0,SAFE,1,feu_rouge,SAFE : arret au feu rouge
98.80,311.0,0.0,SAFE,1,feu_rouge,SAFE : arret au feu rouge
98.85,311.0,0.0,SAFE,1,feu_rouge,SAFE : arret au feu rouge
98.90,311.0,0.0,SAFE,1,feu_rouge,SAFE : arret au feu rouge
98.95,311.0,0.0,SAFE,1,feu_rouge,SAFE : arret au feu rouge
99.00,311.0,0.0,SAFE,1,feu_rouge,SAFE : arret au feu rouge
99.05,311.0,0.0,SAFE,1,feu_rouge,SAFE : arret au feu rouge
99.10,311.0,0.0,SAFE,1,feu_rouge,SAFE : arret au feu rouge
99.15,311.0,0.0,SAFE,1,feu_rouge,SAFE : arret au feu rouge
99.20,311.0,0.0,SAFE,1,feu_rouge,SAFE : arret au feu rouge
99.25,311.0,0.0,SAFE,1,feu_rouge,SAFE : arret au feu rouge
99.30,311.0,0.0,SAFE,1,feu_rouge,SAFE : arret au feu rouge
99.35,311.0,0.0,SAFE,1,feu_rouge,SAFE : arret au feu rouge
99.40,311.0,0.0,SAFE,1,feu_rouge,SAFE : arret au feu rouge
99.45,311.0,0.0,SAFE,1,feu_rouge,SAFE : arret au feu rouge
99.50,311.0,0.0,SAFE,1,feu_rouge,SAFE : arret au feu rouge
99.55,311.0,0.0,SAFE,1,feu_rouge,SAFE : arret au feu rouge
99.60,311.0,0.0,SAFE,1,feu_rouge,SAFE : arret au feu rouge
99.65,311.0,0.0,SAFE,1,feu_rouge,SAFE : arret au feu rouge
99.70,311.0,0.0,SAFE,1,feu_rouge,SAFE : arret au feu rouge
99.75,311.0,0.0,SAFE,1,feu_rouge,SAFE : arret au feu rouge
99.80,311.0,0.0,SAFE,1,feu_rouge,SAFE : arret au feu rouge
99.85,311.0,0.0,SAFE,1,feu_rouge,SAFE : arret au feu rouge
99.90,311.0,0.0,SAFE,1,feu_rouge,SAFE : arret au feu rouge
99.95,311.0,0.0,SAFE,1,feu_rouge,SAFE : arret au feu rouge
100.00,311.0,0.0,SAFE,1,feu_rouge,SAFE : arret au feu rouge
100.05,311.0,0.0,SAFE,1,feu_rouge,SAFE : arret au feu rouge
100.10,311.0,0.0,SAFE,1,feu_rouge,SAFE : arret au feu rouge
100.15,311.0,0.0,SAFE,1,feu_rouge,SAFE : arret au feu rouge
100.20,311.0,0.0,SAFE,1,feu_rouge,SAFE : arret au feu rouge
100.25,311.0,0.0,SAFE,1,feu_rouge,SAFE : arret au feu rouge
100.30,311.0,0.0,SAFE,1,feu_rouge,SAFE : arret au feu rouge
100.35,311.0,0.0,SAFE,1,feu_rouge,SAFE : arret au feu rouge
100.40,311.0,0.0,SAFE,1,feu_rouge,SAFE : arret au feu rouge
100.45,311.0,0.0,SAFE,1,feu_rouge,SAFE : arret au feu rouge
100.50,311.0,0.0,SAFE,1,feu_rouge,SAFE : arret au feu rouge
100.55,311.0,0.0,SAFE,1,feu_rouge,SAFE : arret au feu rouge
100.60,311.0,0.0,SAFE,1,feu_rouge,SAFE : arret au feu rouge
100.65,311.0,0.0,SAFE,1,feu_rouge,SAFE : arret au feu rouge
100.70,311.0,0.0,SAFE,1,feu_rouge,SAFE : arret au feu rouge
100.75,311.0,0.0,SAFE,1,feu_rouge,SAFE : arret au feu rouge
100.80,311.0,0.0,SAFE,1,feu_rouge,SAFE : arret au feu rouge
100.85,311.0,0.0,SAFE,1,feu_rouge,SAFE : arret au feu rouge
100.90,311.0,0.0,SAFE,1,feu_rouge,SAFE : arret au feu rouge
100.95,311.0,0.0,SAFE,1,feu_rouge,SAFE : arret au feu rouge
101.00,311.0,0.0,SAFE,1,feu_rouge,SAFE : arret au feu rouge
101.05,311.0,0.0,SAFE,1,feu_rouge,SAFE : arret au feu rouge
101.10,311.0,0.0,SAFE,1,feu_rouge,SAFE : arret au feu rouge
101.15,311.0,0.0,SAFE,1,feu_rouge,SAFE : arret au feu rouge
101.20,311.0,0.0,SAFE,1,feu_rouge,SAFE : arret au feu rouge
101.25,311.0,0.0,SAFE,1,feu_rouge,SAFE : arret au feu rouge
101.30,311.0,0.0,SAFE,1,feu_rouge,SAFE : arret au feu rouge
101.35,311.0,0.0,SAFE,1,feu_rouge,SAFE : arret au feu rouge
101.40,311.0,0.0,SAFE,1,feu_rouge,SAFE : arret au feu rouge
101.45,311.0,0.0,SAFE,1,feu_rouge,SAFE : arret au feu rouge
101.50,311.0,0.0,SAFE,1,feu_rouge,SAFE : arret au feu rouge
101.55,311.0,0.0,SAFE,1,feu_rouge,SAFE : arret au feu rouge
101.60,311.0,0.0,SAFE,1,feu_rouge,SAFE : arret au feu rouge
101.65,311.0,0.0,SAFE,1,feu_rouge,SAFE : arret au feu rouge
101.70,311.0,0.0,SAFE,1,feu_rouge,SAFE : arret au feu rouge
101.75,311.0,0.0,SAFE,1,feu_rouge,SAFE : arret au feu rouge
101.80,311.0,0.0,SAFE,1,feu_rouge,SAFE : arret au feu rouge
101.85,311.0,0.0,SAFE,1,feu_rouge,SAFE : arret au feu rouge
101.90,311.0,0.0,SAFE,1,feu_rouge,SAFE : arret au feu rouge
101.95,311.0,0.0,SAFE,1,feu_rouge,SAFE : arret au feu rouge
102.00,311.0,0.0,SAFE,1,feu_rouge,SAFE : arret au feu rouge
102.05,311.0,0.0,SAFE,1,feu_rouge,SAFE : arret au feu rouge
102.10,311.0,0.0,SAFE,1,feu_rouge,SAFE : arret au feu rouge
102.15,311.0,0.0,SAFE,1,feu_rouge,SAFE : arret au feu rouge
102.20,311.0,0.0,SAFE,1,feu_rouge,SAFE : arret au feu rouge
102.25,311.0,0.0,SAFE,1,feu_rouge,SAFE : arret au feu rouge
102.30,311.0,0.0,SAFE,1,feu_rouge,SAFE : arret au feu rouge
102.35,311.0,0.0,SAFE,1,feu_rouge,SAFE : arret au feu rouge
102.40,311.0,0.0,SAFE,1,feu_rouge,SAFE : arret au feu rouge
102.45,311.0,0.0,SAFE,1,feu_rouge,SAFE : arret au feu rouge
102.50,311.0,0.0,SAFE,1,feu_rouge,SAFE : arret au feu rouge
102.55,311.0,0.0,SAFE,1,feu_rouge,SAFE : arret au feu rouge
102.60,311.0,0.0,SAFE,1,feu_rouge,SAFE : arret au feu rouge
102.65,311.0,0.0,SAFE,1,feu_rouge,SAFE : arret au feu rouge
102.70,311.0,0.0,SAFE,1,feu_rouge,SAFE : arret au feu rouge
102.75,311.0,0.0,SAFE,1,feu_rouge,SAFE : arret au feu rouge
102.80,311.0,0.0,SAFE,1,feu_rouge,SAFE : arret au feu rouge
102.85,311.0,0.0,SAFE,1,feu_rouge,SAFE : arret au feu rouge
102.90,311.0,0.0,SAFE,1,feu_rouge,SAFE : arret au feu rouge
102.95,311.0,0.0,SAFE,1,feu_rouge,SAFE : arret au feu rouge
103.00,311.0,0.0,SAFE,1,feu_rouge,SAFE : arret au feu rouge
103.05,311.0,0.0,SAFE,1,feu_rouge,SAFE : arret au feu rouge
103.10,311.0,0.0,SAFE,1,feu_rouge,SAFE : arret au feu rouge
103.15,311.0,0.0,SAFE,1,feu_rouge,SAFE : arret au feu rouge
103.20,311.0,0.0,SAFE,1,feu_rouge,SAFE : arret au feu rouge
103.25,311.0,0.0,SAFE,1,feu_rouge,SAFE : arret au feu rouge
103.30,311.0,0.0,SAFE,1,feu_rouge,SAFE : arret au feu rouge
103.35,311.0,0.0,SAFE,1,feu_rouge,SAFE : arret au feu rouge
103.40,311.0,0.0,SAFE,1,feu_rouge,SAFE : arret au feu rouge
103.45,311.0,0.0,SAFE,1,feu_rouge,SAFE : arret au feu rouge
103.50,311.0,0.0,SAFE,1,feu_rouge,SAFE : arret au feu rouge
103.55,311.0,0.0,SAFE,1,feu_rouge,SAFE : arret au feu rouge
103.60,311.0,0.0,SAFE,1,feu_rouge,SAFE : arret au feu rouge
103.65,311.0,0.0,SAFE,1,feu_rouge,SAFE : arret au feu rouge
103.70,311.0,0.0,SAFE,1,feu_rouge,SAFE : arret au feu rouge
103.75,311.0,0.0,SAFE,1,feu_rouge,SAFE : arret au feu rouge
103.80,311.0,0.0,SAFE,1,feu_rouge,SAFE : arret au feu rouge
103.85,311.0,0.0,SAFE,1,feu_rouge,SAFE : arret au feu rouge
103.90,311.0,0.0,SAFE,1,feu_rouge,SAFE : arret au feu rouge
103.95,311.0,0.0,SAFE,1,feu_rouge,SAFE : arret au feu rouge
104.00,311.0,0.0,SAFE,1,feu_rouge,SAFE : arret au feu rouge
104.05,311.0,0.0,SAFE,1,feu_rouge,SAFE : arret au feu rouge
104.10,311.0,0.0,SAFE,1,feu_rouge,SAFE : arret au feu rouge
104.15,311.0,0.0,SAFE,1,feu_rouge,SAFE : arret au feu rouge
104.20,311.0,0.0,SAFE,1,feu_rouge,SAFE : arret au feu rouge
104.25,311.0,0.0,SAFE,1,feu_rouge,SAFE : arret au feu rouge
104.30,311.0,0.0,SAFE,1,feu_rouge,SAFE : arret au feu rouge
104.35,311.0,0.0,SAFE,1,feu_rouge,SAFE : arret au feu rouge
104.40,311.0,0.0,SAFE,1,feu_rouge,SAFE : arret au feu rouge
104.45,311.0,0.0,SAFE,1,feu_rouge,SAFE : arret au feu rouge
104.50,311.0,0.0,SAFE,1,feu_rouge,SAFE : arret au feu rouge
104.55,311.0,0.0,SAFE,1,feu_rouge,SAFE : arret au feu rouge
104.60,311.0,0.0,SAFE,1,feu_rouge,SAFE : arret au feu rouge
104.65,311.0,0.0,SAFE,1,feu_rouge,SAFE : arret au feu rouge
104.70,311.0,0.0,SAFE,1,feu_rouge,SAFE : arret au feu rouge
104.75,311.0,0.0,SAFE,1,feu_rouge,SAFE : arret au feu rouge
104.80,311.0,0.0,SAFE,1,feu_rouge,SAFE : arret au feu rouge
104.85,311.0,0.0,SAFE,1,feu_rouge,SAFE : arret au feu rouge
104.90,311.0,0.0,SAFE,1,feu_rouge,SAFE : arret au feu rouge
104.95,311.0,0.0,SAFE,1,feu_rouge,SAFE : arret au feu rouge
105.00,311.0,0.0,SAFE,1,feu_rouge,SAFE : arret au feu rouge
105.05,311.0,0.0,SAFE,1,feu_rouge,SAFE : arret au feu rouge
105.10,311.0,0.0,SAFE,1,feu_rouge,SAFE : arret au feu rouge
105.15,311.0,0.0,SAFE,1,feu_rouge,SAFE : arret au feu rouge
105.20,311.0,0.0,SAFE,1,feu_rouge,SAFE : arret au feu rouge
105.25,311.0,0.0,SAFE,1,feu_rouge,SAFE : arret au feu rouge
105.30,311.0,0.0,SAFE,1,feu_rouge,SAFE : arret au feu rouge
105.35,311.0,0.0,SAFE,1,feu_rouge,SAFE : arret au feu rouge
105.40,311.0,0.0,SAFE,1,feu_rouge,SAFE : arret au feu rouge
105.45,311.0,0.0,SAFE,1,feu_rouge,SAFE : arret au feu rouge
105.50,311.0,0.0,SAFE,1,feu_rouge,SAFE : arret au feu rouge
105.55,311.0,0.0,SAFE,1,feu_rouge,SAFE : arret au feu rouge
105.60,311.0,0.0,SAFE,1,feu_rouge,SAFE : arret au feu rouge
105.65,311.0,0.0,SAFE,1,feu_rouge,SAFE : arret au feu rouge
105.70,311.0,0.0,SAFE,1,feu_rouge,SAFE : arret au feu rouge
105.75,311.0,0.0,SAFE,1,feu_rouge,SAFE : arret au feu rouge
105.80,311.0,0.0,SAFE,1,feu_rouge,SAFE : arret au feu rouge
105.85,311.0,0.0,SAFE,1,feu_rouge,SAFE : arret au feu rouge
105.90,311.0,0.0,SAFE,1,feu_rouge,SAFE : arret au feu rouge
105.95,311.0,0.0,SAFE,1,feu_rouge,SAFE : arret au feu rouge
106.00,311.0,0.0,SAFE,1,feu_rouge,SAFE : arret au feu rouge
106.05,311.0,0.0,SAFE,1,feu_rouge,SAFE : arret au feu rouge
106.10,311.0,0.0,SAFE,1,feu_rouge,SAFE : arret au feu rouge
106.15,311.0,0.0,SAFE,1,feu_rouge,SAFE : arret au feu rouge
106.20,311.0,0.0,SAFE,1,feu_rouge,SAFE : arret au feu rouge
106.25,311.0,0.0,SAFE,1,feu_rouge,SAFE : arret au feu rouge
106.30,311.0,0.0,SAFE,1,feu_rouge,SAFE : arret au feu rouge
106.35,311.0,0.0,SAFE,1,feu_rouge,SAFE : arret au feu rouge
106.40,311.0,0.0,SAFE,1,feu_rouge,SAFE : arret au feu rouge
106.45,311.0,0.0,SAFE,1,feu_rouge,SAFE : arret au feu rouge
106.50,311.0,0.0,SAFE,1,feu_rouge,SAFE : arret au feu rouge
106.55,311.0,0.0,SAFE,1,feu_rouge,SAFE : arret au feu rouge
106.60,311.0,0.0,SAFE,1,feu_rouge,SAFE : arret au feu rouge
106.65,311.0,0.0,SAFE,1,feu_rouge,SAFE : arret au feu rouge
106.70,311.0,0.0,SAFE,1,feu_rouge,SAFE : arret au feu rouge
106.75,311.0,0.0,SAFE,1,feu_rouge,SAFE : arret au feu rouge
106.80,311.0,0.0,SAFE,1,feu_rouge,SAFE : arret au feu rouge
106.85,311.0,0.0,SAFE,1,feu_rouge,SAFE : arret au feu rouge
106.90,311.0,0.0,SAFE,1,feu_rouge,SAFE : arret au feu rouge
106.95,311.0,0.0,SAFE,1,feu_rouge,SAFE : arret au feu rouge
107.00,311.0,0.0,SAFE,1,feu_rouge,SAFE : arret au feu rouge
107.05,311.0,0.0,SAFE,1,feu_rouge,SAFE : arret au feu rouge
107.10,311.0,0.0,SAFE,1,feu_rouge,SAFE : arret au feu rouge
107.15,311.0,0.0,SAFE,1,feu_rouge,SAFE : arret au feu rouge
107.20,311.0,0.0,SAFE,1,feu_rouge,SAFE : arret au feu rouge
107.25,311.0,0.0,SAFE,1,feu_rouge,SAFE : arret au feu rouge
107.30,311.0,0.0,SAFE,1,feu_rouge,SAFE : arret au feu rouge
107.35,311.0,0.0,SAFE,1,feu_rouge,SAFE : arret au feu rouge
107.40,311.0,0.0,SAFE,1,feu_rouge,SAFE : arret au feu rouge
107.45,311.0,0.0,SAFE,1,feu_rouge,SAFE : arret au feu rouge
107.50,311.0,0.0,SAFE,1,feu_rouge,SAFE : arret au feu rouge
107.55,311.0,0.0,SAFE,1,feu_rouge,SAFE : arret au feu rouge
107.60,311.0,0.0,SAFE,1,feu_rouge,SAFE : arret au feu rouge
107.65,311.0,0.0,SAFE,1,feu_rouge,SAFE : arret au feu rouge
107.70,311.0,0.0,SAFE,1,feu_rouge,SAFE : arret au feu rouge
107.75,311.0,0.0,SAFE,1,feu_rouge,SAFE : arret au feu rouge
107.80,311.0,0.0,SAFE,1,feu_rouge,SAFE : arret au feu rouge
107.85,311.0,0.0,SAFE,1,feu_rouge,SAFE : arret au feu rouge
107.90,311.0,0.0,SAFE,1,feu_rouge,SAFE : arret au feu rouge
107.95,311.0,0.0,SAFE,1,feu_rouge,SAFE : arret au feu rouge
108.00,311.0,0.0,SAFE,1,feu_rouge,SAFE : arret au feu rouge
108.05,311.0,0.0,SAFE,1,feu_rouge,SAFE : arret au feu rouge
108.10,311.0,0.0,SAFE,1,feu_rouge,SAFE : arret au feu rouge
108.15,311.0,0.0,SAFE,1,feu_rouge,SAFE : arret au feu rouge
108.20,311.0,0.0,SAFE,1,feu_rouge,SAFE : arret au feu rouge
108.25,311.0,0.0,SAFE,1,feu_rouge,SAFE : arret au feu rouge
108.30,311.0,0.0,SAFE,1,feu_rouge,SAFE : arret au feu rouge
108.35,311.0,0.0,SAFE,1,feu_rouge,SAFE : arret au feu rouge
108.40,311.0,0.0,SAFE,1,feu_rouge,SAFE : arret au feu rouge
108.45,311.0,0.0,SAFE,1,feu_rouge,SAFE : arret au feu rouge
108.50,311.0,0.0,SAFE,1,feu_rouge,SAFE : arret au feu rouge
108.55,311.0,0.0,SAFE,1,feu_rouge,SAFE : arret au feu rouge
108.60,311.0,0.0,SAFE,1,feu_rouge,SAFE : arret au feu rouge
108.65,311.0,0.0,SAFE,1,feu_rouge,SAFE : arret au feu rouge
108.70,311.0,0.0,SAFE,1,feu_rouge,SAFE : arret au feu rouge
108.75,311.0,0.0,SAFE,1,feu_rouge,SAFE : arret au feu rouge
108.80,311.0,0.0,SAFE,1,feu_rouge,SAFE : arret au feu rouge
108.85,311.0,0.0,SAFE,1,feu_rouge,SAFE : arret au feu rouge
108.90,311.0,0.0,SAFE,1,feu_rouge,SAFE : arret au feu rouge
108.95,311.0,0.0,SAFE,1,feu_rouge,SAFE : arret au feu rouge
109.00,311.0,0.0,SAFE,1,feu_rouge,SAFE : arret au feu rouge
109.05,311.0,0.0,SAFE,1,feu_rouge,SAFE : arret au feu rouge
109.10,311.0,0.0,SAFE,1,feu_rouge,SAFE : arret au feu rouge
109.15,311.0,0.0,SAFE,1,feu_rouge,SAFE : arret au feu rouge
109.20,311.0,0.0,SAFE,1,feu_rouge,SAFE : arret au feu rouge
109.25,311.0,0.0,SAFE,1,feu_rouge,SAFE : arret au feu rouge
109.30,311.0,0.0,SAFE,1,feu_rouge,SAFE : arret au feu rouge
109.35,311.0,0.0,SAFE,1,feu_rouge,SAFE : arret au feu rouge
