t,distance_parcourue_m,vitesse_kmh,niveau,n_agents_percus,raison_arret,recommandation
0.05,0.1,5.3,SAFE,7,,Situation maîtrisée
0.10,0.2,7.1,SAFE,7,,Situation maîtrisée
0.15,0.3,8.8,SAFE,7,,Situation maîtrisée
0.20,0.4,10.6,SAFE,7,,Situation maîtrisée
0.25,0.6,12.3,SAFE,7,,Situation maîtrisée
0.30,0.7,14.1,SAFE,7,,Situation maîtrisée
0.35,1.0,15.9,SAFE,7,,Situation maîtrisée
0.40,1.2,17.6,SAFE,7,,Situation maîtrisée
0.45,1.5,19.4,SAFE,7,,Situation maîtrisée
0.50,1.7,21.2,SAFE,7,,Situation maîtrisée
0.55,2.0,22.9,SAFE,7,,Situation maîtrisée
0.60,2.3,16.0,SAFE,7,,Situation maîtrisée
0.65,2.4,2.6,SAFE,7,,Situation maîtrisée
0.70,2.4,5.0,SAFE,7,,Situation maîtrisée
0.75,2.5,6.6,SAFE,7,,Situation maîtrisée
0.80,2.6,8.0,SAFE,7,,Situation maîtrisée
0.85,2.7,9.0,SAFE,7,,Situation maîtrisée
0.90,2.9,10.0,SAFE,7,,Situation maîtrisée
0.95,3.0,10.8,SAFE,7,,Situation maîtrisée
1.00,3.2,11.7,SAFE,7,,Situation maîtrisée
1.05,3.3,12.5,SAFE,7,,Situation maîtrisée
1.10,3.5,13.4,SAFE,7,,Situation maîtrisée
1.15,3.7,14.1,SAFE,7,,Situation maîtrisée
1.20,3.9,14.9,SAFE,7,,Situation maîtrisée
1.25,4.1,15.6,SAFE,7,moteur:physique,Situation maîtrisée
1.30,4.4,16.3,SAFE,7,moteur:physique,Situation maîtrisée
1.35,4.6,17.0,SAFE,7,moteur:physique,Situation maîtrisée
1.40,4.8,17.7,SAFE,7,moteur:physique,Situation maîtrisée
1.45,5.1,18.4,SAFE,8,moteur:physique,Situation maîtrisée
1.50,5.3,19.0,SAFE,8,moteur:physique,Situation maîtrisée
1.55,5.6,18.9,SAFE,8,moteur:physique,Situation maîtrisée
1.60,5.9,18.9,SAFE,8,moteur:physique,Situation maîtrisée
1.65,6.1,19.3,SAFE,8,moteur:physique,Situation maîtrisée
1.70,6.4,19.5,SAFE,8,moteur:physique,Situation maîtrisée
1.75,6.7,20.1,SAFE,8,moteur:physique,Situation maîtrisée
1.80,7.0,20.5,SAFE,8,,Situation maîtrisée
1.85,7.3,21.1,SAFE,8,,Situation maîtrisée
1.90,7.6,21.6,SAFE,8,,Situation maîtrisée
1.95,7.9,22.3,SAFE,8,,Situation maîtrisée
2.00,8.2,22.8,SAFE,8,,Situation maîtrisée
2.05,8.5,23.4,SAFE,8,,Situation maîtrisée
2.10,8.8,23.8,SAFE,8,,Situation maîtrisée
2.15,9.2,24.3,SAFE,8,,Situation maîtrisée
2.20,9.5,24.6,SAFE,7,,Situation maîtrisée
2.25,9.8,24.9,SAFE,7,,Situation maîtrisée
2.30,10.2,25.1,SAFE,7,,Situation maîtrisée
2.35,10.5,25.3,SAFE,7,,Situation maîtrisée
2.40,10.9,25.4,SAFE,7,,Situation maîtrisée
2.45,11.2,25.5,SAFE,7,,Situation maîtrisée
2.50,11.6,25.5,SAFE,7,,Situation maîtrisée
2.55,12.0,25.6,SAFE,7,,Situation maîtrisée
2.60,12.3,25.5,SAFE,7,,Situation maîtrisée
2.65,12.7,25.6,SAFE,7,,Situation maîtrisée
2.70,13.0,25.5,SAFE,7,,Situation maîtrisée
2.75,13.4,25.5,SAFE,7,,Situation maîtrisée
2.80,13.7,25.5,SAFE,7,,Situation maîtrisée
2.85,14.1,25.5,SAFE,7,,Situation maîtrisée
2.90,14.4,25.4,SAFE,7,,Situation maîtrisée
2.95,14.8,25.4,SAFE,7,,Situation maîtrisée
3.00,15.1,25.3,SAFE,7,,Situation maîtrisée
3.05,15.5,25.4,SAFE,7,,Situation maîtrisée
3.10,15.8,25.3,SAFE,7,,Situation maîtrisée
3.15,16.2,25.3,SAFE,7,,Situation maîtrisée
3.20,16.5,25.2,SAFE,7,,Situation maîtrisée
3.25,16.9,25.3,SAFE,7,,Situation maîtrisée
3.30,17.3,25.3,SAFE,7,moteur:physique,Situation maîtrisée
3.35,17.6,25.3,SAFE,7,moteur:physique,Situation maîtrisée
3.40,18.0,25.3,SAFE,7,moteur:physique,Situation maîtrisée
3.45,18.3,25.3,SAFE,7,moteur:physique,Situation maîtrisée
3.50,18.7,25.3,SAFE,7,moteur:physique,Situation maîtrisée
3.55,19.0,25.3,SAFE,7,moteur:physique,Situation maîtrisée
3.60,19.4,25.3,SAFE,7,moteur:physique,Situation maîtrisée
3.65,19.7,25.3,SAFE,7,moteur:physique,Situation maîtrisée
3.70,20.1,25.3,SAFE,7,moteur:physique,Situation maîtrisée
3.75,20.4,25.4,SAFE,7,moteur:physique,Situation maîtrisée
3.80,20.8,25.3,SAFE,7,moteur:physique,Situation maîtrisée
3.85,21.1,25.4,SAFE,7,moteur:physique,Situation maîtrisée
3.90,21.5,25.3,SAFE,7,moteur:physique,Situation maîtrisée
3.95,21.8,25.4,SAFE,7,moteur:physique,Situation maîtrisée
4.00,22.2,25.3,SAFE,7,moteur:physique,Situation maîtrisée
4.05,22.5,25.4,SAFE,6,moteur:physique,Situation maîtrisée
4.10,22.9,25.4,SAFE,6,moteur:physique,Situation maîtrisée
4.15,23.2,25.4,SAFE,6,moteur:physique,Situation maîtrisée
4.20,23.6,25.4,SAFE,6,moteur:physique,Situation maîtrisée
4.25,23.9,25.4,SAFE,6,moteur:physique,Situation maîtrisée
4.30,24.3,25.4,SAFE,5,moteur:physique,Situation maîtrisée
4.35,24.6,25.5,SAFE,5,moteur:physique,Situation maîtrisée
4.40,25.0,25.4,SAFE,5,moteur:physique,Situation maîtrisée
4.45,25.3,25.5,SAFE,4,,Situation maîtrisée
4.50,25.7,25.4,SAFE,4,,Situation maîtrisée
4.55,26.1,25.5,SAFE,4,,Situation maîtrisée
4.60,26.4,25.4,SAFE,4,,Situation maîtrisée
4.65,26.8,25.5,SAFE,4,,Situation maîtrisée
4.70,27.1,25.4,SAFE,4,,Situation maîtrisée
4.75,27.5,25.5,SAFE,4,,Situation maîtrisée
4.80,27.8,25.4,SAFE,4,,Situation maîtrisée
4.85,28.2,25.5,SAFE,4,,Situation maîtrisée
4.90,28.5,25.5,SAFE,4,,Situation maîtrisée
4.95,28.9,25.5,SAFE,4,,Situation maîtrisée
5.00,29.2,25.5,SAFE,4,,Situation maîtrisée
5.05,29.6,25.5,SAFE,4,,Situation maîtrisée
5.10,29.9,25.5,SAFE,4,,Situation maîtrisée
5.15,30.3,25.6,SAFE,4,moteur:physique,Situation maîtrisée
5.20,30.6,25.5,SAFE,4,moteur:physique,Situation maîtrisée
5.25,31.0,25.6,SAFE,4,moteur:physique,Situation maîtrisée
5.30,31.4,25.5,SAFE,4,moteur:physique,Situation maîtrisée
5.35,31.7,25.6,SAFE,4,moteur:physique,Situation maîtrisée
5.40,32.1,25.5,SAFE,4,moteur:physique,Situation maîtrisée
5.45,32.4,25.6,SAFE,4,,Situation maîtrisée
5.50,32.8,25.5,SAFE,4,,Situation maîtrisée
5.55,33.1,25.6,SAFE,4,,Situation maîtrisée
5.60,33.5,25.5,SAFE,4,,Situation maîtrisée
5.65,33.8,25.6,SAFE,3,,Situation maîtrisée
5.70,34.2,25.5,SAFE,3,,Situation maîtrisée
5.75,34.6,25.6,SAFE,2,,Situation maîtrisée
5.80,34.9,25.5,SAFE,2,,Situation maîtrisée
5.85,35.3,25.6,SAFE,2,,Situation maîtrisée
5.90,35.6,25.6,SAFE,2,,Situation maîtrisée
5.95,36.0,25.6,SAFE,2,,Situation maîtrisée
6.00,36.3,25.6,SAFE,2,,Situation maîtrisée
6.05,36.7,25.7,SAFE,2,,Situation maîtrisée
6.10,37.0,25.6,SAFE,2,,Situation maîtrisée
6.15,37.4,25.7,SAFE,2,,Situation maîtrisée
6.20,37.8,25.6,SAFE,2,,Situation maîtrisée
6.25,38.1,25.7,SAFE,2,,Situation maîtrisée
6.30,38.5,25.6,SAFE,2,,Situation maîtrisée
6.35,38.8,25.7,SAFE,2,,Situation maîtrisée
6.40,39.2,25.6,SAFE,2,,Situation maîtrisée
6.45,39.5,25.7,SAFE,2,,Situation maîtrisée
6.50,39.9,25.6,SAFE,1,,Situation maîtrisée
6.55,40.2,25.7,SAFE,1,,Situation maîtrisée
6.60,40.6,25.7,SAFE,1,,Situation maîtrisée
6.65,41.0,25.7,SAFE,1,,Situation maîtrisée
6.70,41.3,25.7,SAFE,1,,Situation maîtrisée
6.75,41.7,25.7,SAFE,1,,Situation maîtrisée
6.80,42.0,25.7,SAFE,1,,Situation maîtrisée
6.85,42.4,25.7,SAFE,2,,Situation maîtrisée
6.90,42.7,25.7,SAFE,2,,Situation maîtrisée
6.95,43.1,25.7,SAFE,2,,Situation maîtrisée
7.00,43.5,25.7,SAFE,3,,Situation maîtrisée
7.05,43.8,25.8,SAFE,3,,Situation maîtrisée
7.10,44.2,25.7,SAFE,3,,Situation maîtrisée
7.15,44.5,25.8,SAFE,3,,Situation maîtrisée
7.20,44.9,25.7,SAFE,3,,Situation maîtrisée
7.25,45.2,25.8,SAFE,5,,Situation maîtrisée
7.30,45.6,25.7,SAFE,5,,Situation maîtrisée
7.35,46.0,25.8,SAFE,5,,Situation maîtrisée
7.40,46.3,25.7,SAFE,5,,Situation maîtrisée
7.45,46.7,25.8,SAFE,6,,Situation maîtrisée
7.50,47.0,25.7,SAFE,6,,Situation maîtrisée
7.55,47.4,25.8,SAFE,6,,Situation maîtrisée
7.60,47.7,25.7,SAFE,6,,Situation maîtrisée
7.65,48.1,25.8,SAFE,6,,Situation maîtrisée
7.70,48.5,25.7,SAFE,6,,Situation maîtrisée
7.75,48.8,25.8,SAFE,6,,Situation maîtrisée
7.80,49.2,25.7,SAFE,6,,Situation maîtrisée
7.85,49.5,25.8,SAFE,6,,Situation maîtrisée
7.90,49.9,25.7,SAFE,6,,Situation maîtrisée
7.95,50.2,25.8,SAFE,6,,Situation maîtrisée
8.00,50.6,25.7,SAFE,6,,Situation maîtrisée
8.05,51.0,25.8,SAFE,6,,Situation maîtrisée
8.10,51.3,25.7,SAFE,6,,Situation maîtrisée
8.15,51.7,25.8,SAFE,6,,Situation maîtrisée
8.20,52.0,25.7,SAFE,7,,Situation maîtrisée
8.25,52.4,25.8,SAFE,7,,Situation maîtrisée
8.30,52.8,25.7,SAFE,7,,Situation maîtrisée
8.35,53.1,25.8,SAFE,7,,Situation maîtrisée
8.40,53.5,25.7,SAFE,7,,Situation maîtrisée
8.45,53.8,25.8,SAFE,7,,Situation maîtrisée
8.50,54.2,25.7,SAFE,7,,Situation maîtrisée
8.55,54.5,25.8,SAFE,7,,Situation maîtrisée
8.60,54.9,25.7,SAFE,7,,Situation maîtrisée
8.65,55.3,25.8,SAFE,7,,Situation maîtrisée
8.70,55.6,25.7,SAFE,7,,Situation maîtrisée
8.75,56.0,25.8,SAFE,7,,Situation maîtrisée
8.80,56.3,25.7,SAFE,7,,Situation maîtrisée
8.85,56.7,25.8,SAFE,7,,Situation maîtrisée
8.90,57.0,25.7,SAFE,7,,Situation maîtrisée
8.95,57.4,25.8,SAFE,8,,Situation maîtrisée
9.00,57.8,25.7,SAFE,8,,Situation maîtrisée
9.05,58.1,25.8,SAFE,8,,Situation maîtrisée
9.10,58.5,25.7,SAFE,8,,Situation maîtrisée
9.15,58.8,25.8,SAFE,8,,Situation maîtrisée
9.20,59.2,25.7,SAFE,8,,Situation maîtrisée
9.25,59.5,25.8,SAFE,8,,Situation maîtrisée
9.30,59.9,25.7,SAFE,8,,Situation maîtrisée
9.35,60.3,25.8,SAFE,8,,Situation maîtrisée
9.40,60.6,25.7,SAFE,8,,Situation maîtrisée
9.45,61.0,25.8,SAFE,8,,Situation maîtrisée
9.50,61.3,25.7,SAFE,8,,Situation maîtrisée
9.55,61.7,25.8,SAFE,8,,Situation maîtrisée
9.60,62.0,25.7,SAFE,8,,Situation maîtrisée
9.65,62.4,25.8,SAFE,9,,Situation maîtrisée
9.70,62.8,25.7,SAFE,9,,Situation maîtrisée
9.75,63.1,25.8,SAFE,9,,Situation maîtrisée
9.80,63.5,25.8,SAFE,9,,Situation maîtrisée
9.85,63.8,25.8,SAFE,9,,Situation maîtrisée
9.90,64.2,26.1,SAFE,9,,Situation maîtrisée
9.95,64.6,25.9,SAFE,9,,Situation maîtrisée
10.00,64.9,26.2,SAFE,9,,Situation maîtrisée
10.05,65.3,25.8,SAFE,9,,Situation maîtrisée
10.10,65.6,26.1,SAFE,9,,Situation maîtrisée
10.15,66.0,25.8,SAFE,9,,Situation maîtrisée
10.20,66.4,26.0,SAFE,9,,Situation maîtrisée
10.25,66.7,25.8,SAFE,9,,Situation maîtrisée
10.30,67.1,25.7,SAFE,9,,Situation maîtrisée
10.35,67.4,25.7,SAFE,9,,Situation maîtrisée
10.40,67.8,25.7,SAFE,9,,Situation maîtrisée
10.45,68.1,25.6,SAFE,9,,Situation maîtrisée
10.50,68.5,25.6,SAFE,10,,Situation maîtrisée
10.55,68.9,25.5,SAFE,10,,Situation maîtrisée
10.60,69.2,25.6,SAFE,10,,Situation maîtrisée
10.65,69.6,25.5,SAFE,10,,Situation maîtrisée
10.70,69.9,25.6,SAFE,10,,Situation maîtrisée
10.75,70.3,25.5,SAFE,10,,Situation maîtrisée
10.80,70.6,25.6,SAFE,10,,Situation maîtrisée
10.85,71.0,25.5,SAFE,10,,Situation maîtrisée
10.90,71.3,25.6,SAFE,10,,Situation maîtrisée
10.95,71.7,25.6,SAFE,10,,Situation maîtrisée
11.00,72.1,25.6,SAFE,10,,Situation maîtrisée
11.05,72.4,25.6,SAFE,10,,Situation maîtrisée
11.10,72.8,25.7,SAFE,10,,Situation maîtrisée
11.15,73.1,25.6,SAFE,10,,Situation maîtrisée
11.20,73.5,25.7,SAFE,10,,Situation maîtrisée
11.25,73.8,25.6,SAFE,10,,Situation maîtrisée
11.30,74.2,25.7,SAFE,10,,Situation maîtrisée
11.35,74.6,25.7,SAFE,11,,Situation maîtrisée
11.40,74.9,25.7,SAFE,11,,Situation maîtrisée
11.45,75.3,25.7,SAFE,11,,Situation maîtrisée
11.50,75.6,25.7,SAFE,10,,Situation maîtrisée
11.55,76.0,25.7,SAFE,10,,Situation maîtrisée
11.60,76.3,25.7,SAFE,10,,Situation maîtrisée
11.65,76.7,25.7,SAFE,10,,Situation maîtrisée
11.70,77.1,25.7,SAFE,10,,Situation maîtrisée
11.75,77.4,25.7,SAFE,10,,Situation maîtrisée
11.80,77.8,25.7,SAFE,10,,Situation maîtrisée
11.85,78.1,25.7,SAFE,10,,Situation maîtrisée
11.90,78.5,25.7,SAFE,10,,Situation maîtrisée
11.95,78.8,25.7,SAFE,10,,Situation maîtrisée
12.00,79.2,25.7,SAFE,10,,Situation maîtrisée
12.05,79.5,25.7,SAFE,10,,Situation maîtrisée
12.10,79.9,25.6,SAFE,10,,Situation maîtrisée
12.15,80.3,25.2,SAFE,10,,Situation maîtrisée
12.20,80.6,24.9,SAFE,10,,Situation maîtrisée
12.25,80.9,24.3,SAFE,10,,Situation maîtrisée
12.30,81.3,23.8,SAFE,10,,Situation maîtrisée
12.35,81.6,23.1,SAFE,10,,Situation maîtrisée
12.40,81.9,22.6,SAFE,10,,Situation maîtrisée
12.45,82.2,21.9,SAFE,10,,Situation maîtrisée
12.50,82.5,21.4,SAFE,10,,Situation maîtrisée
12.55,82.8,20.7,SAFE,10,,Situation maîtrisée
12.60,83.1,20.2,SAFE,10,,Situation maîtrisée
12.65,83.4,19.5,SAFE,10,,Situation maîtrisée
12.70,83.6,19.1,SAFE,10,,Situation maîtrisée
12.75,83.9,18.4,SAFE,10,,Situation maîtrisée
12.80,84.1,14.1,SAFE,10,moteur:physique,Situation maîtrisée
12.85,84.3,12.9,SAFE,10,moteur:physique,Situation maîtrisée
12.90,84.5,12.9,SAFE,10,moteur:physique,Situation maîtrisée
12.95,84.7,12.9,SAFE,10,moteur:physique,Situation maîtrisée
13.00,84.8,12.9,SAFE,10,moteur:physique,Situation maîtrisée
13.05,85.0,12.9,SAFE,10,moteur:physique,Situation maîtrisée
13.10,85.2,12.9,SAFE,10,moteur:physique,Situation maîtrisée
13.15,85.4,13.1,SAFE,10,moteur:physique,Situation maîtrisée
13.20,85.6,13.5,SAFE,10,moteur:physique,Situation maîtrisée
13.25,85.8,14.1,SAFE,10,,Situation maîtrisée
13.30,86.0,14.8,SAFE,10,,Situation maîtrisée
13.35,86.2,15.5,SAFE,10,,Situation maîtrisée
13.40,86.4,16.2,SAFE,10,,Situation maîtrisée
13.45,86.6,16.9,SAFE,10,,Situation maîtrisée
13.50,86.9,17.6,SAFE,9,,Situation maîtrisée
13.55,87.1,18.3,SAFE,9,,Situation maîtrisée
13.60,87.4,19.0,SAFE,9,,Situation maîtrisée
13.65,87.6,18.9,SAFE,9,,Situation maîtrisée
13.70,87.9,18.9,SAFE,9,,Situation maîtrisée
13.75,88.2,19.0,SAFE,9,,Situation maîtrisée
13.80,88.4,19.1,SAFE,9,,Situation maîtrisée
13.85,88.7,19.3,SAFE,9,,Situation maîtrisée
13.90,89.0,19.5,SAFE,9,,Situation maîtrisée
13.95,89.2,19.6,SAFE,9,,Situation maîtrisée
14.00,89.5,19.7,SAFE,9,,Situation maîtrisée
14.05,89.8,19.8,SAFE,9,,Situation maîtrisée
14.10,90.1,19.8,SAFE,9,,Situation maîtrisée
14.15,90.3,19.6,SAFE,9,,Situation maîtrisée
14.20,90.6,19.5,SAFE,9,,Situation maîtrisée
14.25,90.9,19.3,WATCH,9,moteur:proportionnel,Ralentissez de 16 km/h  (19 -> 4 km/h)
14.30,91.1,19.1,WATCH,9,moteur:proportionnel,Ralentissez de 16 km/h  (19 -> 3 km/h)
14.35,91.4,18.8,DANGER,9,moteur:proportionnel,Ralentissez de 16 km/h  (19 -> 3 km/h)
14.40,91.7,17.1,DANGER,9,moteur:proportionnel,Ralentissez de 14 km/h  (17 -> 3 km/h)
14.45,91.9,12.3,WATCH,9,moteur:proportionnel,Ralentissez de 10 km/h  (12 -> 3 km/h)
14.50,92.0,7.5,WATCH,9,moteur:proportionnel,Ralentissez de 6 km/h  (7 -> 2 km/h)
14.55,92.0,2.7,SAFE,9,,Situation maîtrisée
14.60,92.1,1.5,SAFE,10,,Situation maîtrisée
14.65,92.1,2.3,SAFE,10,,Situation maîtrisée
14.70,92.1,3.0,SAFE,10,,Situation maîtrisée
14.75,92.2,3.7,SAFE,10,,Situation maîtrisée
14.80,92.2,4.6,SAFE,10,,Situation maîtrisée
14.85,92.3,5.3,SAFE,10,,Situation maîtrisée
14.90,92.4,6.1,SAFE,10,feu_rouge_devant,Situation maîtrisée
14.95,92.5,7.0,SAFE,10,feu_rouge_devant,Situation maîtrisée
15.00,92.6,7.1,WATCH,10,feu_rouge_devant,Ralentissez de 1 km/h  (7 -> 6 km/h)
15.05,92.7,7.3,WATCH,10,feu_rouge_devant,Ralentissez de 2 km/h  (7 -> 5 km/h)
15.10,92.8,7.0,WATCH,10,feu_rouge_devant,Ralentissez de 2 km/h  (7 -> 5 km/h)
15.15,92.9,7.0,WATCH,10,feu_rouge_devant,Ralentissez de 3 km/h  (7 -> 4 km/h)
15.20,93.0,6.6,SAFE,10,feu_rouge_devant,Situation maîtrisée
15.25,93.1,6.5,SAFE,10,feu_rouge_devant,Situation maîtrisée
15.30,93.1,4.8,SAFE,10,feu_rouge_devant,Situation maîtrisée
15.35,93.2,0.7,SAFE,10,feu_rouge_devant,Situation maîtrisée
15.40,93.2,0.0,SAFE,10,feu_rouge_devant,Situation maîtrisée
15.45,93.2,0.0,SAFE,10,feu_rouge_devant,Situation maîtrisée
15.50,93.2,0.0,SAFE,10,feu_rouge_devant,Situation maîtrisée
15.55,93.2,0.0,SAFE,10,feu_rouge_devant,Situation maîtrisée
15.60,93.2,0.0,SAFE,10,feu_rouge_devant,Situation maîtrisée
15.65,93.2,0.0,SAFE,10,feu_rouge_devant,Situation maîtrisée
15.70,93.2,0.0,SAFE,10,feu_rouge_devant,Situation maîtrisée
15.75,93.2,0.0,SAFE,10,feu_rouge_devant,Situation maîtrisée
15.80,93.2,0.0,SAFE,10,feu_rouge_devant,Situation maîtrisée
15.85,93.2,0.0,SAFE,10,feu_rouge_devant,Situation maîtrisée
15.90,93.2,0.0,SAFE,10,feu_rouge_devant,Situation maîtrisée
15.95,93.2,0.0,SAFE,10,feu_rouge_devant,Situation maîtrisée
16.00,93.2,0.0,SAFE,10,feu_rouge_devant,Situation maîtrisée
16.05,93.2,0.0,SAFE,10,feu_rouge_devant,Situation maîtrisée
16.10,93.2,0.0,SAFE,10,feu_rouge_devant,Situation maîtrisée
16.15,93.2,0.0,SAFE,10,feu_rouge_devant,Situation maîtrisée
16.20,93.2,0.0,SAFE,10,feu_rouge_devant,Situation maîtrisée
16.25,93.2,0.0,SAFE,10,feu_rouge_devant,Situation maîtrisée
16.30,93.2,0.0,SAFE,10,feu_rouge_devant,Situation maîtrisée
16.35,93.2,0.0,SAFE,10,feu_rouge_devant,Situation maîtrisée
16.40,93.2,0.0,SAFE,10,feu_rouge_devant,Situation maîtrisée
16.45,93.2,0.0,SAFE,10,feu_rouge_devant,Situation maîtrisée
16.50,93.2,0.0,SAFE,10,feu_rouge_devant,Situation maîtrisée
16.55,93.2,0.0,SAFE,10,feu_rouge_devant,Situation maîtrisée
16.60,93.2,0.0,SAFE,10,feu_rouge_devant,Situation maîtrisée
16.65,93.2,0.0,SAFE,10,feu_rouge_devant,Situation maîtrisée
16.70,93.2,0.0,SAFE,9,,Situation maîtrisée
16.75,93.2,0.0,SAFE,9,,Situation maîtrisée
16.80,93.2,0.0,SAFE,9,,Situation maîtrisée
16.85,93.2,0.4,SAFE,9,,Situation maîtrisée
16.90,93.2,0.8,SAFE,9,,Situation maîtrisée
16.95,93.2,1.3,SAFE,9,,Situation maîtrisée
17.00,93.2,2.2,SAFE,9,,Situation maîtrisée
17.05,93.3,2.9,SAFE,9,,Situation maîtrisée
17.10,93.3,3.7,SAFE,9,,Situation maîtrisée
17.15,93.4,4.5,SAFE,9,,Situation maîtrisée
17.20,93.4,5.2,SAFE,9,,Situation maîtrisée
17.25,93.5,6.2,SAFE,9,,Situation maîtrisée
17.30,93.6,6.9,SAFE,9,,Situation maîtrisée
17.35,93.7,7.9,SAFE,9,,Situation maîtrisée
17.40,93.8,8.6,SAFE,9,,Situation maîtrisée
17.45,93.9,9.5,SAFE,9,,Situation maîtrisée
17.50,94.1,10.3,SAFE,9,,Situation maîtrisée
17.55,94.2,11.2,SAFE,9,,Situation maîtrisée
17.60,94.4,11.9,SAFE,8,,Situation maîtrisée
17.65,94.6,12.6,SAFE,8,,Situation maîtrisée
17.70,94.7,13.4,SAFE,8,,Situation maîtrisée
17.75,94.9,14.2,SAFE,8,,Situation maîtrisée
17.80,95.1,14.7,SAFE,8,,Situation maîtrisée
17.85,95.3,14.9,SAFE,7,,Situation maîtrisée
17.90,95.5,15.2,SAFE,6,,Situation maîtrisée
17.95,95.8,15.5,SAFE,6,,Situation maîtrisée
18.00,96.0,15.5,SAFE,6,,Situation maîtrisée
18.05,96.2,15.6,SAFE,6,,Situation maîtrisée
18.10,96.4,15.7,SAFE,6,,Situation maîtrisée
18.15,96.6,15.9,SAFE,6,,Situation maîtrisée
18.20,96.8,16.2,SAFE,6,,Situation maîtrisée
18.25,97.1,16.5,SAFE,6,,Situation maîtrisée
18.30,97.3,16.7,SAFE,6,,Situation maîtrisée
18.35,97.5,17.0,SAFE,6,,Situation maîtrisée
18.40,97.8,17.3,SAFE,6,,Situation maîtrisée
18.45,98.0,17.6,SAFE,6,,Situation maîtrisée
18.50,98.2,18.1,SAFE,6,,Situation maîtrisée
18.55,98.5,18.5,SAFE,6,,Situation maîtrisée
18.60,98.8,18.3,SAFE,6,,Situation maîtrisée
18.65,99.0,18.6,SAFE,6,,Situation maîtrisée
18.70,99.3,18.4,SAFE,6,,Situation maîtrisée
18.75,99.5,18.9,SAFE,5,,Situation maîtrisée
18.80,99.8,18.7,SAFE,5,,Situation maîtrisée
18.85,100.1,19.2,SAFE,5,,Situation maîtrisée
18.90,100.3,18.9,SAFE,5,,Situation maîtrisée
18.95,100.6,19.7,SAFE,5,,Situation maîtrisée
19.00,100.9,19.6,SAFE,5,,Situation maîtrisée
19.05,101.1,20.1,SAFE,5,,Situation maîtrisée
19.10,101.4,19.8,SAFE,5,,Situation maîtrisée
19.15,101.7,20.6,SAFE,4,,Situation maîtrisée
19.20,102.0,20.4,SAFE,4,,Situation maîtrisée
19.25,102.3,20.8,SAFE,4,,Situation maîtrisée
19.30,102.6,20.4,SAFE,4,,Situation maîtrisée
19.35,102.8,21.1,SAFE,4,,Situation maîtrisée
19.40,103.1,20.9,SAFE,4,,Situation maîtrisée
19.45,103.4,21.3,SAFE,4,,Situation maîtrisée
19.50,103.7,20.9,SAFE,4,,Situation maîtrisée
19.55,104.0,21.5,SAFE,4,,Situation maîtrisée
19.60,104.3,21.3,SAFE,4,,Situation maîtrisée
19.65,104.6,21.7,SAFE,4,,Situation maîtrisée
19.70,104.9,21.4,SAFE,4,,Situation maîtrisée
19.75,105.2,22.0,SAFE,4,,Situation maîtrisée
19.80,105.5,21.8,SAFE,4,,Situation maîtrisée
19.85,105.8,22.2,SAFE,4,,Situation maîtrisée
19.90,106.1,21.9,SAFE,4,,Situation maîtrisée
19.95,106.4,22.5,SAFE,4,,Situation maîtrisée
20.00,106.7,22.3,SAFE,4,,Situation maîtrisée
20.05,107.1,22.8,SAFE,4,,Situation maîtrisée
20.10,107.4,22.4,SAFE,4,,Situation maîtrisée
20.15,107.7,23.0,SAFE,4,,Situation maîtrisée
20.20,108.0,22.8,SAFE,4,,Situation maîtrisée
20.25,108.3,23.2,SAFE,5,,Situation maîtrisée
20.30,108.7,22.9,SAFE,5,,Situation maîtrisée
20.35,109.0,23.5,SAFE,5,,Situation maîtrisée
20.40,109.3,23.3,SAFE,5,,Situation maîtrisée
20.45,109.6,23.6,SAFE,5,,Situation maîtrisée
20.50,109.9,23.3,SAFE,5,,Situation maîtrisée
20.55,110.3,23.9,SAFE,5,,Situation maîtrisée
20.60,110.6,23.6,SAFE,5,,Situation maîtrisée
20.65,110.9,24.0,SAFE,4,,Situation maîtrisée
20.70,111.3,23.7,SAFE,4,,Situation maîtrisée
20.75,111.6,24.2,SAFE,4,,Situation maîtrisée
20.80,111.9,24.0,SAFE,4,,Situation maîtrisée
20.85,112.3,24.4,SAFE,4,,Situation maîtrisée
20.90,112.6,24.0,SAFE,4,,Situation maîtrisée
20.95,112.9,24.5,SAFE,4,,Situation maîtrisée
21.00,113.3,24.3,SAFE,4,,Situation maîtrisée
21.05,113.6,24.6,SAFE,4,,Situation maîtrisée
21.10,114.0,24.3,SAFE,4,,Situation maîtrisée
21.15,114.3,24.7,SAFE,4,,Situation maîtrisée
21.20,114.6,24.5,SAFE,4,,Situation maîtrisée
21.25,115.0,24.8,SAFE,3,,Situation maîtrisée
21.30,115.3,24.5,SAFE,3,,Situation maîtrisée
21.35,115.7,24.9,SAFE,3,,Situation maîtrisée
21.40,116.0,24.7,SAFE,3,,Situation maîtrisée
21.45,116.4,25.0,SAFE,3,,Situation maîtrisée
21.50,116.7,24.7,SAFE,3,,Situation maîtrisée
21.55,117.1,25.1,SAFE,3,,Situation maîtrisée
21.60,117.4,24.8,SAFE,3,,Situation maîtrisée
21.65,117.8,25.1,SAFE,3,,Situation maîtrisée
21.70,118.1,24.8,SAFE,3,,Situation maîtrisée
21.75,118.4,25.1,SAFE,3,,Situation maîtrisée
21.80,118.8,24.8,SAFE,3,,Situation maîtrisée
21.85,119.1,25.1,SAFE,3,,Situation maîtrisée
21.90,119.5,24.8,SAFE,2,,Situation maîtrisée
21.95,119.8,25.1,SAFE,2,,Situation maîtrisée
22.00,120.2,24.7,SAFE,2,,Situation maîtrisée
22.05,120.5,25.0,SAFE,2,,Situation maîtrisée
22.10,120.9,24.6,SAFE,2,,Situation maîtrisée
22.15,121.2,24.9,SAFE,2,,Situation maîtrisée
22.20,121.6,24.5,SAFE,2,,Situation maîtrisée
22.25,121.9,24.8,SAFE,2,,Situation maîtrisée
22.30,122.2,24.3,SAFE,2,,Situation maîtrisée
22.35,122.6,24.6,SAFE,2,,Situation maîtrisée
22.40,122.9,24.2,SAFE,2,,Situation maîtrisée
22.45,123.2,24.5,SAFE,2,,Situation maîtrisée
22.50,123.6,24.0,SAFE,2,,Situation maîtrisée
22.55,123.9,24.2,SAFE,2,,Situation maîtrisée
22.60,124.3,23.8,SAFE,2,,Situation maîtrisée
22.65,124.6,24.0,SAFE,2,,Situation maîtrisée
22.70,124.9,23.6,SAFE,2,,Situation maîtrisée
22.75,125.2,23.9,SAFE,2,,Situation maîtrisée
22.80,125.6,23.5,SAFE,2,,Situation maîtrisée
22.85,125.9,23.8,SAFE,2,,Situation maîtrisée
22.90,126.2,23.3,SAFE,2,,Situation maîtrisée
22.95,126.6,23.6,SAFE,2,,Situation maîtrisée
23.00,126.9,23.2,SAFE,2,,Situation maîtrisée
23.05,127.2,23.5,SAFE,2,,Situation maîtrisée
23.10,127.5,23.1,SAFE,2,,Situation maîtrisée
23.15,127.9,23.4,SAFE,2,,Situation maîtrisée
23.20,128.2,22.9,SAFE,2,,Situation maîtrisée
23.25,128.5,23.2,SAFE,1,,Situation maîtrisée
23.30,128.8,22.7,SAFE,1,,Situation maîtrisée
23.35,129.1,23.0,SAFE,1,,Situation maîtrisée
23.40,129.4,22.6,SAFE,1,,Situation maîtrisée
23.45,129.8,22.9,SAFE,1,,Situation maîtrisée
23.50,130.1,22.4,SAFE,1,,Situation maîtrisée
23.55,130.4,22.7,SAFE,1,,Situation maîtrisée
23.60,130.7,22.2,SAFE,1,,Situation maîtrisée
23.65,131.0,22.6,SAFE,1,,Situation maîtrisée
23.70,131.3,22.2,SAFE,1,,Situation maîtrisée
23.75,131.6,22.5,SAFE,1,,Situation maîtrisée
23.80,131.9,22.0,SAFE,1,,Situation maîtrisée
23.85,132.2,22.4,SAFE,1,,Situation maîtrisée
23.90,132.6,22.0,SAFE,1,,Situation maîtrisée
23.95,132.9,22.3,SAFE,1,,Situation maîtrisée
24.00,133.2,21.8,SAFE,1,,Situation maîtrisée
24.05,133.5,22.2,SAFE,1,,Situation maîtrisée
24.10,133.8,21.7,SAFE,2,,Situation maîtrisée
24.15,134.1,21.9,SAFE,2,,Situation maîtrisée
24.20,134.4,21.4,SAFE,2,,Situation maîtrisée
24.25,134.7,21.9,SAFE,2,,Situation maîtrisée
24.30,135.0,21.5,SAFE,2,,Situation maîtrisée
24.35,135.3,21.8,SAFE,2,,Situation maîtrisée
24.40,135.6,21.2,SAFE,2,,Situation maîtrisée
24.45,135.9,21.6,SAFE,2,,Situation maîtrisée
24.50,136.2,21.2,SAFE,2,,Situation maîtrisée
24.55,136.5,21.5,SAFE,2,,Situation maîtrisée
24.60,136.8,21.1,SAFE,2,,Situation maîtrisée
24.65,137.1,21.5,SAFE,2,,Situation maîtrisée
24.70,137.4,21.0,SAFE,2,,Situation maîtrisée
24.75,137.7,21.3,SAFE,2,,Situation maîtrisée
24.80,137.9,20.8,SAFE,2,,Situation maîtrisée
24.85,138.2,21.3,SAFE,2,,Situation maîtrisée
24.90,138.5,21.0,SAFE,2,,Situation maîtrisée
24.95,138.8,21.3,SAFE,2,,Situation maîtrisée
25.00,139.1,20.8,SAFE,2,,Situation maîtrisée
25.05,139.4,21.3,SAFE,2,,Situation maîtrisée
25.10,139.7,20.9,SAFE,2,,Situation maîtrisée
25.15,140.0,21.2,SAFE,3,,Situation maîtrisée
25.20,140.3,20.8,SAFE,3,,Situation maîtrisée
25.25,140.6,21.4,SAFE,3,,Situation maîtrisée
25.30,140.9,21.0,SAFE,3,,Situation maîtrisée
25.35,141.2,21.3,SAFE,3,,Situation maîtrisée
25.40,141.5,20.8,SAFE,3,,Situation maîtrisée
25.45,141.8,21.3,SAFE,3,,Situation maîtrisée
25.50,142.0,21.0,SAFE,3,,Situation maîtrisée
25.55,142.3,21.3,SAFE,3,,Situation maîtrisée
25.60,142.6,20.8,SAFE,3,,Situation maîtrisée
25.65,142.9,21.3,SAFE,3,,Situation maîtrisée
25.70,143.2,20.9,SAFE,2,,Situation maîtrisée
25.75,143.5,21.2,SAFE,2,,Situation maîtrisée
25.80,143.8,20.7,SAFE,2,,Situation maîtrisée
25.85,144.1,21.3,SAFE,2,,Situation maîtrisée
25.90,144.4,20.9,SAFE,2,,Situation maîtrisée
25.95,144.7,21.2,SAFE,2,,Situation maîtrisée
26.00,145.0,20.7,SAFE,2,,Situation maîtrisée
26.05,145.3,21.2,SAFE,2,,Situation maîtrisée
26.10,145.5,20.8,SAFE,2,,Situation maîtrisée
26.15,145.8,21.2,SAFE,2,,Situation maîtrisée
26.20,146.1,20.7,SAFE,2,,Situation maîtrisée
26.25,146.4,21.2,SAFE,2,,Situation maîtrisée
26.30,146.7,20.8,SAFE,2,,Situation maîtrisée
26.35,147.0,21.1,SAFE,2,,Situation maîtrisée
26.40,147.3,20.7,SAFE,2,,Situation maîtrisée
26.45,147.6,21.2,SAFE,2,,Situation maîtrisée
26.50,147.9,20.9,SAFE,2,,Situation maîtrisée
26.55,148.2,21.2,SAFE,2,,Situation maîtrisée
26.60,148.5,20.7,SAFE,2,,Situation maîtrisée
26.65,148.7,21.2,SAFE,2,,Situation maîtrisée
26.70,149.0,20.9,SAFE,2,,Situation maîtrisée
26.75,149.3,21.3,SAFE,3,,Situation maîtrisée
26.80,149.6,20.8,SAFE,3,,Situation maîtrisée
26.85,149.9,21.3,SAFE,3,,Situation maîtrisée
26.90,150.2,20.9,SAFE,3,,Situation maîtrisée
26.95,150.5,21.3,SAFE,3,,Situation maîtrisée
27.00,150.8,20.8,SAFE,3,,Situation maîtrisée
27.05,151.1,21.4,SAFE,3,,Situation maîtrisée
27.10,151.4,21.0,SAFE,3,,Situation maîtrisée
27.15,151.7,21.4,SAFE,3,,Situation maîtrisée
27.20,152.0,20.9,SAFE,3,,Situation maîtrisée
27.25,152.3,21.4,SAFE,3,,Situation maîtrisée
27.30,152.6,21.0,SAFE,3,,Situation maîtrisée
27.35,152.9,21.4,SAFE,3,moteur:physique,Situation maîtrisée
27.40,153.1,21.0,SAFE,3,moteur:physique,Situation maîtrisée
27.45,153.4,21.5,SAFE,3,moteur:physique,Situation maîtrisée
27.50,153.7,21.1,SAFE,3,moteur:physique,Situation maîtrisée
27.55,154.0,21.4,SAFE,3,moteur:physique,Situation maîtrisée
27.60,154.3,21.0,SAFE,3,moteur:physique,Situation maîtrisée
27.65,154.6,21.5,SAFE,3,moteur:physique,Situation maîtrisée
27.70,154.9,21.3,SAFE,3,moteur:physique,Situation maîtrisée
27.75,155.2,21.6,SAFE,3,moteur:physique,Situation maîtrisée
27.80,155.5,21.2,SAFE,3,moteur:physique,Situation maîtrisée
27.85,155.8,21.7,SAFE,3,moteur:physique,Situation maîtrisée
27.90,156.1,21.3,SAFE,3,moteur:physique,Situation maîtrisée
27.95,156.4,21.7,SAFE,3,moteur:physique,Situation maîtrisée
28.00,156.7,21.2,SAFE,3,moteur:physique,Situation maîtrisée
28.05,157.0,21.8,SAFE,3,moteur:physique,Situation maîtrisée
28.10,157.3,21.4,SAFE,3,moteur:physique,Situation maîtrisée
28.15,157.6,21.8,SAFE,3,moteur:physique,Situation maîtrisée
28.20,157.9,21.3,SAFE,3,moteur:physique,Situation maîtrisée
28.25,158.2,21.9,SAFE,3,,Situation maîtrisée
28.30,158.5,21.6,SAFE,3,,Situation maîtrisée
28.35,158.8,21.9,SAFE,3,,Situation maîtrisée
28.40,159.1,21.5,SAFE,3,,Situation maîtrisée
28.45,159.4,22.1,SAFE,3,,Situation maîtrisée
28.50,159.7,21.8,SAFE,3,,Situation maîtrisée
28.55,160.0,22.1,SAFE,3,,Situation maîtrisée
28.60,160.3,21.8,SAFE,3,,Situation maîtrisée
28.65,160.6,22.4,SAFE,3,,Situation maîtrisée
28.70,160.9,22.1,SAFE,3,moteur:physique,Situation maîtrisée
28.75,161.2,22.5,SAFE,3,moteur:physique,Situation maîtrisée
28.80,161.6,22.1,SAFE,3,moteur:physique,Situation maîtrisée
28.85,161.9,22.7,SAFE,3,moteur:physique,Situation maîtrisée
28.90,162.2,22.4,SAFE,3,moteur:physique,Situation maîtrisée
28.95,162.5,22.8,SAFE,3,moteur:physique,Situation maîtrisée
29.00,162.8,22.5,SAFE,4,moteur:physique,Situation maîtrisée
29.05,163.1,23.0,SAFE,4,moteur:physique,Situation maîtrisée
29.10,163.4,22.7,SAFE,4,moteur:physique,Situation maîtrisée
29.15,163.8,23.1,SAFE,4,moteur:physique,Situation maîtrisée
29.20,164.1,22.8,SAFE,4,moteur:physique,Situation maîtrisée
29.25,164.4,23.3,SAFE,4,moteur:physique,Situation maîtrisée
29.30,164.7,23.1,SAFE,4,moteur:physique,Situation maîtrisée
29.35,165.0,23.5,SAFE,4,moteur:physique,Situation maîtrisée
29.40,165.4,23.1,SAFE,4,moteur:physique,Situation maîtrisée
29.45,165.7,23.6,SAFE,4,moteur:physique,Situation maîtrisée
29.50,166.0,23.4,SAFE,4,,Situation maîtrisée
29.55,166.4,23.8,SAFE,3,,Situation maîtrisée
29.60,166.7,23.4,SAFE,3,,Situation maîtrisée
29.65,167.0,23.9,SAFE,3,,Situation maîtrisée
29.70,167.3,23.7,SAFE,3,,Situation maîtrisée
29.75,167.7,24.1,SAFE,3,,Situation maîtrisée
29.80,168.0,23.7,SAFE,3,,Situation maîtrisée
29.85,168.3,24.2,SAFE,3,,Situation maîtrisée
29.90,168.7,24.0,SAFE,3,,Situation maîtrisée
29.95,169.0,24.3,SAFE,3,,Situation maîtrisée
30.00,169.3,24.0,SAFE,3,,Situation maîtrisée
30.05,169.7,24.5,SAFE,3,,Situation maîtrisée
30.10,170.0,24.2,SAFE,3,,Situation maîtrisée
30.15,170.4,24.6,SAFE,3,,Situation maîtrisée
30.20,170.7,24.2,SAFE,3,,Situation maîtrisée
30.25,171.0,24.7,SAFE,3,,Situation maîtrisée
30.30,171.4,24.4,SAFE,3,,Situation maîtrisée
30.35,171.7,24.8,SAFE,3,,Situation maîtrisée
30.40,172.1,24.4,SAFE,3,,Situation maîtrisée
30.45,172.4,24.8,SAFE,3,,Situation maîtrisée
30.50,172.7,24.6,SAFE,3,,Situation maîtrisée
30.55,173.1,24.9,SAFE,2,,Situation maîtrisée
30.60,173.4,24.6,SAFE,2,,Situation maîtrisée
30.65,173.8,25.0,SAFE,2,,Situation maîtrisée
30.70,174.1,24.7,SAFE,3,,Situation maîtrisée
30.75,174.5,25.0,SAFE,3,,Situation maîtrisée
30.80,174.8,24.7,SAFE,3,,Situation maîtrisée
30.85,175.2,25.1,SAFE,3,,Situation maîtrisée
30.90,175.5,24.8,SAFE,3,,Situation maîtrisée
30.95,175.8,25.2,SAFE,3,,Situation maîtrisée
31.00,176.2,24.8,SAFE,3,,Situation maîtrisée
31.05,176.5,25.2,SAFE,3,,Situation maîtrisée
31.10,176.9,24.9,SAFE,3,,Situation maîtrisée
31.15,177.2,25.3,SAFE,3,,Situation maîtrisée
31.20,177.6,24.9,SAFE,3,,Situation maîtrisée
31.25,177.9,25.3,SAFE,3,,Situation maîtrisée
31.30,178.3,25.0,SAFE,3,,Situation maîtrisée
31.35,178.6,25.3,SAFE,3,,Situation maîtrisée
31.40,179.0,25.0,SAFE,3,,Situation maîtrisée
31.45,179.3,25.4,SAFE,3,,Situation maîtrisée
31.50,179.7,25.0,SAFE,3,,Situation maîtrisée
31.55,180.0,25.4,SAFE,3,,Situation maîtrisée
31.60,180.4,25.1,SAFE,2,,Situation maîtrisée
31.65,180.7,25.4,SAFE,2,,Situation maîtrisée
31.70,181.1,25.1,SAFE,2,,Situation maîtrisée
31.75,181.4,25.4,SAFE,2,,Situation maîtrisée
31.80,181.8,25.1,SAFE,2,,Situation maîtrisée
31.85,182.1,25.4,SAFE,2,,Situation maîtrisée
31.90,182.5,25.1,SAFE,2,,Situation maîtrisée
31.95,182.8,25.5,SAFE,2,,Situation maîtrisée
32.00,183.2,25.1,SAFE,2,,Situation maîtrisée
32.05,183.5,25.5,SAFE,2,,Situation maîtrisée
32.10,183.9,25.1,SAFE,2,,Situation maîtrisée
32.15,184.2,25.5,SAFE,2,,Situation maîtrisée
32.20,184.6,25.1,SAFE,2,,Situation maîtrisée
32.25,184.9,25.5,SAFE,2,,Situation maîtrisée
32.30,185.3,25.2,SAFE,2,,Situation maîtrisée
32.35,185.7,25.5,SAFE,2,,Situation maîtrisée
32.40,186.0,25.2,SAFE,2,,Situation maîtrisée
32.45,186.4,25.5,SAFE,2,,Situation maîtrisée
32.50,186.7,25.2,SAFE,2,,Situation maîtrisée
32.55,187.1,25.5,SAFE,2,,Situation maîtrisée
32.60,187.4,25.2,SAFE,2,,Situation maîtrisée
32.65,187.8,25.5,SAFE,2,,Situation maîtrisée
32.70,188.1,25.2,SAFE,2,,Situation maîtrisée
32.75,188.5,25.5,SAFE,2,,Situation maîtrisée
32.80,188.8,25.2,SAFE,2,,Situation maîtrisée
32.85,189.2,25.5,SAFE,2,,Situation maîtrisée
32.90,189.5,25.2,SAFE,2,,Situation maîtrisée
32.95,189.9,25.5,SAFE,2,,Situation maîtrisée
33.00,190.2,25.2,SAFE,2,,Situation maîtrisée
33.05,190.6,25.5,SAFE,2,,Situation maîtrisée
33.10,190.9,25.2,SAFE,2,,Situation maîtrisée
33.15,191.3,25.5,SAFE,2,,Situation maîtrisée
33.20,191.6,25.2,SAFE,2,,Situation maîtrisée
33.25,192.0,25.5,SAFE,2,,Situation maîtrisée
33.30,192.3,25.2,SAFE,2,,Situation maîtrisée
33.35,192.7,25.5,SAFE,2,,Situation maîtrisée
33.40,193.0,25.2,SAFE,2,,Situation maîtrisée
33.45,193.4,25.5,SAFE,2,,Situation maîtrisée
33.50,193.8,25.2,SAFE,2,,Situation maîtrisée
33.55,194.1,25.5,SAFE,2,,Situation maîtrisée
33.60,194.5,25.2,SAFE,2,,Situation maîtrisée
33.65,194.8,25.5,SAFE,2,,Situation maîtrisée
33.70,195.2,25.2,SAFE,2,,Situation maîtrisée
33.75,195.5,25.5,SAFE,2,,Situation maîtrisée
33.80,195.9,25.2,SAFE,2,,Situation maîtrisée
33.85,196.2,25.6,SAFE,2,,Situation maîtrisée
33.90,196.6,25.2,SAFE,2,,Situation maîtrisée
33.95,196.9,25.6,SAFE,2,,Situation maîtrisée
34.00,197.3,25.2,SAFE,2,,Situation maîtrisée
34.05,197.6,25.6,SAFE,2,,Situation maîtrisée
34.10,198.0,25.2,SAFE,2,,Situation maîtrisée
34.15,198.3,25.6,SAFE,2,,Situation maîtrisée
34.20,198.7,25.2,SAFE,2,,Situation maîtrisée
34.25,199.0,25.6,SAFE,2,,Situation maîtrisée
34.30,199.4,25.2,SAFE,2,,Situation maîtrisée
34.35,199.7,25.6,SAFE,2,,Situation maîtrisée
34.40,200.1,25.2,SAFE,2,,Situation maîtrisée
34.45,200.5,25.6,SAFE,2,,Situation maîtrisée
34.50,200.8,25.2,SAFE,2,,Situation maîtrisée
34.55,201.2,25.6,SAFE,2,,Situation maîtrisée
34.60,201.5,25.2,SAFE,2,,Situation maîtrisée
34.65,201.9,25.6,SAFE,2,,Situation maîtrisée
34.70,202.2,25.2,SAFE,2,,Situation maîtrisée
34.75,202.6,25.6,SAFE,2,,Situation maîtrisée
34.80,202.9,25.2,SAFE,2,,Situation maîtrisée
34.85,203.3,25.6,SAFE,2,,Situation maîtrisée
34.90,203.6,25.2,SAFE,2,,Situation maîtrisée
34.95,204.0,25.6,SAFE,2,,Situation maîtrisée
35.00,204.3,25.2,SAFE,2,,Situation maîtrisée
35.05,204.7,25.6,SAFE,2,,Situation maîtrisée
35.10,205.0,25.2,SAFE,2,,Situation maîtrisée
35.15,205.4,25.6,SAFE,2,,Situation maîtrisée
35.20,205.7,25.2,SAFE,2,,Situation maîtrisée
35.25,206.1,25.6,SAFE,2,,Situation maîtrisée
35.30,206.4,25.2,SAFE,2,,Situation maîtrisée
35.35,206.8,25.6,SAFE,2,,Situation maîtrisée
35.40,207.1,25.2,SAFE,2,,Situation maîtrisée
35.45,207.5,25.6,SAFE,2,,Situation maîtrisée
35.50,207.9,25.2,SAFE,2,,Situation maîtrisée
35.55,208.2,25.6,SAFE,2,,Situation maîtrisée
35.60,208.6,25.2,SAFE,2,,Situation maîtrisée
35.65,208.9,25.6,SAFE,2,,Situation maîtrisée
35.70,209.3,25.2,SAFE,2,,Situation maîtrisée
35.75,209.6,25.6,SAFE,2,,Situation maîtrisée
35.80,210.0,25.2,SAFE,2,,Situation maîtrisée
35.85,210.3,25.6,SAFE,2,,Situation maîtrisée
35.90,210.7,25.2,SAFE,2,,Situation maîtrisée
35.95,211.0,25.6,SAFE,2,,Situation maîtrisée
36.00,211.4,25.2,SAFE,2,moteur:physique,Situation maîtrisée
36.05,211.7,25.6,SAFE,2,moteur:physique,Situation maîtrisée
36.10,212.1,25.2,SAFE,2,moteur:physique,Situation maîtrisée
36.15,212.4,25.6,SAFE,2,moteur:physique,Situation maîtrisée
36.20,212.8,25.2,SAFE,2,moteur:physique,Situation maîtrisée
36.25,213.1,25.6,SAFE,2,moteur:physique,Situation maîtrisée
36.30,213.5,25.2,SAFE,2,moteur:physique,Situation maîtrisée
36.35,213.9,25.6,SAFE,2,moteur:physique,Situation maîtrisée
36.40,214.2,25.2,SAFE,2,moteur:physique,Situation maîtrisée
36.45,214.6,25.6,SAFE,2,moteur:physique,Situation maîtrisée
36.50,214.9,25.2,SAFE,2,moteur:physique,Situation maîtrisée
36.55,215.3,25.6,SAFE,2,moteur:physique,Situation maîtrisée
36.60,215.6,25.2,SAFE,2,moteur:physique,Situation maîtrisée
36.65,216.0,25.6,SAFE,3,moteur:physique,Situation maîtrisée
36.70,216.3,25.2,SAFE,3,,Situation maîtrisée
36.75,216.7,25.6,SAFE,3,,Situation maîtrisée
36.80,217.0,25.2,SAFE,4,,Situation maîtrisée
36.85,217.4,25.6,SAFE,4,,Situation maîtrisée
36.90,217.7,25.2,SAFE,4,,Situation maîtrisée
36.95,218.1,25.6,SAFE,6,,Situation maîtrisée
37.00,218.4,25.2,SAFE,6,,Situation maîtrisée
37.05,218.8,25.6,SAFE,6,,Situation maîtrisée
37.10,219.1,25.2,SAFE,6,,Situation maîtrisée
37.15,219.5,25.6,SAFE,6,,Situation maîtrisée
37.20,219.8,25.2,SAFE,6,,Situation maîtrisée
37.25,220.2,25.6,SAFE,6,,Situation maîtrisée
37.30,220.6,25.2,SAFE,6,,Situation maîtrisée
37.35,220.9,25.6,SAFE,6,,Situation maîtrisée
37.40,221.3,25.2,SAFE,6,,Situation maîtrisée
37.45,221.6,25.6,SAFE,6,,Situation maîtrisée
37.50,222.0,25.2,SAFE,6,,Situation maîtrisée
37.55,222.3,25.6,SAFE,6,,Situation maîtrisée
37.60,222.7,25.2,SAFE,6,,Situation maîtrisée
37.65,223.0,25.6,SAFE,6,,Situation maîtrisée
37.70,223.4,25.2,SAFE,6,,Situation maîtrisée
37.75,223.7,25.6,SAFE,7,,Situation maîtrisée
37.80,224.1,25.2,SAFE,8,,Situation maîtrisée
37.85,224.4,25.6,SAFE,8,,Situation maîtrisée
37.90,224.8,25.2,SAFE,8,,Situation maîtrisée
37.95,225.1,25.6,SAFE,8,,Situation maîtrisée
38.00,225.5,25.2,SAFE,8,,Situation maîtrisée
38.05,225.8,25.6,SAFE,8,,Situation maîtrisée
38.10,226.2,25.2,SAFE,9,,Situation maîtrisée
38.15,226.5,25.6,SAFE,9,,Situation maîtrisée
38.20,226.9,25.2,SAFE,9,,Situation maîtrisée
38.25,227.3,25.6,SAFE,9,,Situation maîtrisée
38.30,227.6,25.2,SAFE,9,,Situation maîtrisée
38.35,228.0,25.6,SAFE,9,,Situation maîtrisée
38.40,228.3,25.2,SAFE,9,,Situation maîtrisée
38.45,228.7,25.6,SAFE,9,,Situation maîtrisée
38.50,229.0,25.2,SAFE,9,,Situation maîtrisée
38.55,229.4,25.6,SAFE,9,,Situation maîtrisée
38.60,229.7,25.2,SAFE,9,,Situation maîtrisée
38.65,230.1,25.6,SAFE,9,,Situation maîtrisée
38.70,230.4,25.2,SAFE,10,,Situation maîtrisée
38.75,230.8,25.6,SAFE,10,,Situation maîtrisée
38.80,231.1,25.2,SAFE,10,,Situation maîtrisée
38.85,231.5,25.6,SAFE,10,,Situation maîtrisée
38.90,231.8,25.2,SAFE,10,,Situation maîtrisée
38.95,232.2,25.6,SAFE,10,,Situation maîtrisée
39.00,232.5,25.2,SAFE,10,,Situation maîtrisée
39.05,232.9,25.6,SAFE,10,,Situation maîtrisée
39.10,233.2,25.2,SAFE,10,,Situation maîtrisée
39.15,233.6,25.6,SAFE,10,,Situation maîtrisée
39.20,234.0,25.2,SAFE,10,,Situation maîtrisée
39.25,234.3,25.6,SAFE,10,,Situation maîtrisée
39.30,234.7,25.2,SAFE,10,,Situation maîtrisée
39.35,235.0,25.6,SAFE,10,,Situation maîtrisée
39.40,235.4,25.2,SAFE,10,,Situation maîtrisée
39.45,235.7,25.6,SAFE,10,,Situation maîtrisée
39.50,236.1,25.2,SAFE,10,,Situation maîtrisée
39.55,236.4,25.6,SAFE,10,,Situation maîtrisée
39.60,236.8,25.2,SAFE,10,,Situation maîtrisée
39.65,237.1,25.6,SAFE,10,,Situation maîtrisée
39.70,237.5,25.2,SAFE,10,,Situation maîtrisée
39.75,237.8,25.6,SAFE,10,,Situation maîtrisée
39.80,238.2,25.2,SAFE,10,,Situation maîtrisée
39.85,238.5,25.6,SAFE,10,,Situation maîtrisée
39.90,238.9,25.2,SAFE,10,,Situation maîtrisée
39.95,239.2,25.6,SAFE,10,,Situation maîtrisée
40.00,239.6,25.2,SAFE,10,,Situation maîtrisée
40.05,239.9,25.6,SAFE,10,,Situation maîtrisée
40.10,240.3,25.2,SAFE,10,,Situation maîtrisée
40.15,240.7,25.6,SAFE,11,,Situation maîtrisée
40.20,241.0,25.2,SAFE,11,,Situation maîtrisée
40.25,241.4,25.6,SAFE,11,,Situation maîtrisée
40.30,241.7,25.2,SAFE,11,,Situation maîtrisée
40.35,242.1,25.6,SAFE,11,,Situation maîtrisée
40.40,242.4,25.2,SAFE,11,,Situation maîtrisée
40.45,242.8,25.6,SAFE,11,,Situation maîtrisée
40.50,243.1,25.2,SAFE,11,,Situation maîtrisée
40.55,243.5,25.6,SAFE,11,,Situation maîtrisée
40.60,243.8,25.5,SAFE,11,,Situation maîtrisée
40.65,244.2,25.3,SAFE,11,,Situation maîtrisée
40.70,244.5,25.3,SAFE,11,,Situation maîtrisée
40.75,244.9,25.2,SAFE,11,,Situation maîtrisée
40.80,245.2,25.2,SAFE,10,,Situation maîtrisée
40.85,245.6,25.2,SAFE,10,,Situation maîtrisée
40.90,245.9,25.2,SAFE,10,,Situation maîtrisée
40.95,246.3,25.3,SAFE,10,,Situation maîtrisée
41.00,246.6,25.1,SAFE,10,,Situation maîtrisée
41.05,247.0,25.5,SAFE,10,,Situation maîtrisée
41.10,247.3,25.4,SAFE,10,moteur:physique,Situation maîtrisée
41.15,247.7,25.7,SAFE,10,moteur:physique,Situation maîtrisée
41.20,248.0,25.5,SAFE,10,moteur:physique,Situation maîtrisée
41.25,248.4,25.8,SAFE,10,moteur:physique,Situation maîtrisée
41.30,248.8,25.6,SAFE,10,moteur:physique,Situation maîtrisée
41.35,249.1,25.8,SAFE,10,moteur:physique,Situation maîtrisée
41.40,249.5,25.6,SAFE,10,moteur:physique,Situation maîtrisée
41.45,249.8,25.8,SAFE,10,moteur:physique,Situation maîtrisée
41.50,250.2,25.6,SAFE,10,moteur:physique,Situation maîtrisée
41.55,250.5,25.8,SAFE,10,moteur:physique,Situation maîtrisée
41.60,250.9,25.5,SAFE,10,moteur:physique,Situation maîtrisée
41.65,251.3,25.8,SAFE,10,moteur:physique,Situation maîtrisée
41.70,251.6,25.5,SAFE,10,moteur:physique,Situation maîtrisée
41.75,252.0,25.7,SAFE,10,moteur:physique,Situation maîtrisée
41.80,252.3,25.5,SAFE,11,moteur:physique,Situation maîtrisée
41.85,252.7,25.7,SAFE,11,moteur:physique,Situation maîtrisée
41.90,253.0,25.4,SAFE,11,,Situation maîtrisée
41.95,253.4,25.7,SAFE,11,,Situation maîtrisée
42.00,253.7,25.4,SAFE,11,,Situation maîtrisée
42.05,254.1,25.6,SAFE,11,,Situation maîtrisée
42.10,254.5,25.4,SAFE,11,,Situation maîtrisée
42.15,254.8,25.6,SAFE,11,,Situation maîtrisée
42.20,255.2,25.4,SAFE,11,,Situation maîtrisée
42.25,255.5,25.6,SAFE,11,,Situation maîtrisée
42.30,255.9,25.4,SAFE,10,,Situation maîtrisée
42.35,256.2,25.6,SAFE,10,,Situation maîtrisée
42.40,256.6,25.3,SAFE,9,,Situation maîtrisée
42.45,256.9,25.6,SAFE,9,,Situation maîtrisée
42.50,257.3,25.3,SAFE,9,,Situation maîtrisée
42.55,257.6,25.5,SAFE,9,,Situation maîtrisée
42.60,258.0,25.2,SAFE,9,feu_rouge,SAFE : arret au feu rouge
42.65,258.3,25.2,SAFE,9,feu_rouge,SAFE : arret au feu rouge
42.70,258.7,24.5,SAFE,9,feu_rouge,SAFE : arret au feu rouge
42.75,259.0,24.0,SAFE,9,feu_rouge,SAFE : arret au feu rouge
42.80,259.3,23.0,SAFE,9,feu_rouge,SAFE : arret au feu rouge
42.85,259.7,22.4,SAFE,9,feu_rouge,SAFE : arret au feu rouge
42.90,260.0,21.3,SAFE,9,feu_rouge,SAFE : arret au feu rouge
42.95,260.2,18.7,SAFE,9,feu_rouge,SAFE : arret au feu rouge
43.00,260.5,13.8,SAFE,9,feu_rouge,SAFE : arret au feu rouge
43.05,260.6,9.0,SAFE,9,feu_rouge,SAFE : arret au feu rouge
43.10,260.7,4.2,SAFE,9,feu_rouge,SAFE : arret au feu rouge
43.15,260.7,0.0,SAFE,9,feu_rouge,SAFE : arret au feu rouge
43.20,260.7,0.0,SAFE,9,feu_rouge,SAFE : arret au feu rouge
43.25,260.7,0.2,SAFE,9,feu_rouge,SAFE : arret au feu rouge
43.30,260.7,0.6,SAFE,9,feu_rouge,SAFE : arret au feu rouge
43.35,260.7,0.8,SAFE,9,feu_rouge,SAFE : arret au feu rouge
43.40,260.7,0.9,SAFE,9,feu_rouge,SAFE : arret au feu rouge
43.45,260.8,1.0,SAFE,9,feu_rouge,SAFE : arret au feu rouge
43.50,260.8,1.0,SAFE,9,feu_rouge,SAFE : arret au feu rouge
43.55,260.8,1.0,SAFE,9,feu_rouge,SAFE : arret au feu rouge
43.60,260.8,1.0,SAFE,9,feu_rouge,SAFE : arret au feu rouge
43.65,260.8,1.0,SAFE,9,feu_rouge,SAFE : arret au feu rouge
43.70,260.8,1.0,SAFE,9,feu_rouge,SAFE : arret au feu rouge
43.75,260.8,1.0,SAFE,9,feu_rouge,SAFE : arret au feu rouge
43.80,260.9,0.9,SAFE,9,feu_rouge,SAFE : arret au feu rouge
43.85,260.9,0.9,SAFE,9,feu_rouge,SAFE : arret au feu rouge
43.90,260.9,0.9,SAFE,9,feu_rouge,SAFE : arret au feu rouge
43.95,260.9,0.9,SAFE,9,feu_rouge,SAFE : arret au feu rouge
44.00,260.9,0.9,SAFE,9,feu_rouge,SAFE : arret au feu rouge
44.05,260.9,0.9,SAFE,9,feu_rouge,SAFE : arret au feu rouge
44.10,260.9,0.8,SAFE,9,feu_rouge,SAFE : arret au feu rouge
44.15,260.9,0.8,SAFE,9,feu_rouge,SAFE : arret au feu rouge
44.20,261.0,0.8,SAFE,9,feu_rouge,SAFE : arret au feu rouge
44.25,261.0,0.8,SAFE,9,feu_rouge,SAFE : arret au feu rouge
44.30,261.0,0.8,SAFE,9,feu_rouge,SAFE : arret au feu rouge
44.35,261.0,0.8,SAFE,9,feu_rouge,SAFE : arret au feu rouge
44.40,261.0,0.7,SAFE,9,feu_rouge,SAFE : arret au feu rouge
44.45,261.0,0.7,SAFE,9,feu_rouge,SAFE : arret au feu rouge
44.50,261.0,0.7,SAFE,9,feu_rouge,SAFE : arret au feu rouge
44.55,261.0,0.7,SAFE,9,feu_rouge,SAFE : arret au feu rouge
44.60,261.0,0.7,SAFE,9,feu_rouge,SAFE : arret au feu rouge
44.65,261.0,0.7,SAFE,9,feu_rouge,SAFE : arret au feu rouge
44.70,261.0,0.6,SAFE,9,feu_rouge,SAFE : arret au feu rouge
44.75,261.1,0.6,SAFE,9,feu_rouge,SAFE : arret au feu rouge
44.80,261.1,0.6,SAFE,9,feu_rouge,SAFE : arret au feu rouge
44.85,261.1,0.6,SAFE,9,feu_rouge,SAFE : arret au feu rouge
44.90,261.1,0.6,SAFE,9,feu_rouge,SAFE : arret au feu rouge
44.95,261.1,0.6,SAFE,9,feu_rouge,SAFE : arret au feu rouge
45.00,261.1,0.6,SAFE,9,feu_rouge,SAFE : arret au feu rouge
45.05,261.1,0.6,SAFE,9,feu_rouge,SAFE : arret au feu rouge
45.10,261.1,0.5,SAFE,9,feu_rouge,SAFE : arret au feu rouge
45.15,261.1,0.5,SAFE,9,feu_rouge,SAFE : arret au feu rouge
45.20,261.1,0.5,SAFE,9,feu_rouge,SAFE : arret au feu rouge
45.25,261.1,0.5,SAFE,9,feu_rouge,SAFE : arret au feu rouge
45.30,261.1,0.5,SAFE,9,feu_rouge,SAFE : arret au feu rouge
45.35,261.2,0.5,SAFE,9,feu_rouge,SAFE : arret au feu rouge
45.40,261.2,0.5,SAFE,9,feu_rouge,SAFE : arret au feu rouge
45.45,261.2,0.5,SAFE,9,feu_rouge,SAFE : arret au feu rouge
45.50,261.2,0.5,SAFE,9,feu_rouge,SAFE : arret au feu rouge
45.55,261.2,0.5,SAFE,9,feu_rouge,SAFE : arret au feu rouge
45.60,261.2,0.4,SAFE,9,feu_rouge,SAFE : arret au feu rouge
45.65,261.2,0.4,SAFE,9,feu_rouge,SAFE : arret au feu rouge
45.70,261.2,0.4,SAFE,9,feu_rouge,SAFE : arret au feu rouge
45.75,261.2,0.4,SAFE,9,feu_rouge,SAFE : arret au feu rouge
45.80,261.2,0.4,SAFE,9,feu_rouge,SAFE : arret au feu rouge
45.85,261.2,0.4,SAFE,9,feu_rouge,SAFE : arret au feu rouge
45.90,261.2,0.4,SAFE,9,feu_rouge,SAFE : arret au feu rouge
45.95,261.2,0.4,SAFE,9,feu_rouge,SAFE : arret au feu rouge
46.00,261.2,0.4,SAFE,9,feu_rouge,SAFE : arret au feu rouge
46.05,261.2,0.4,SAFE,9,feu_rouge,SAFE : arret au feu rouge
46.10,261.2,0.4,SAFE,9,feu_rouge,SAFE : arret au feu rouge
46.15,261.2,0.4,SAFE,9,feu_rouge,SAFE : arret au feu rouge
46.20,261.2,0.3,SAFE,9,feu_rouge,SAFE : arret au feu rouge
46.25,261.3,0.3,SAFE,9,feu_rouge,SAFE : arret au feu rouge
46.30,261.3,0.3,SAFE,10,feu_rouge,SAFE : arret au feu rouge
46.35,261.3,0.3,SAFE,10,feu_rouge,SAFE : arret au feu rouge
46.40,261.3,0.3,SAFE,10,feu_rouge,SAFE : arret au feu rouge
46.45,261.3,0.3,SAFE,10,feu_rouge,SAFE : arret au feu rouge
46.50,261.3,0.3,SAFE,10,feu_rouge,SAFE : arret au feu rouge
46.55,261.3,0.3,SAFE,10,feu_rouge,SAFE : arret au feu rouge
46.60,261.3,0.3,SAFE,10,feu_rouge,SAFE : arret au feu rouge
46.65,261.3,0.3,SAFE,10,feu_rouge,SAFE : arret au feu rouge
46.70,261.3,0.3,SAFE,10,feu_rouge,SAFE : arret au feu rouge
46.75,261.3,0.3,SAFE,10,feu_rouge,SAFE : arret au feu rouge
46.80,261.3,0.3,SAFE,10,feu_rouge,SAFE : arret au feu rouge
46.85,261.3,0.3,SAFE,10,feu_rouge,SAFE : arret au feu rouge
46.90,261.3,0.2,SAFE,10,feu_rouge,SAFE : arret au feu rouge
46.95,261.3,0.3,SAFE,10,feu_rouge,SAFE : arret au feu rouge
47.00,261.3,0.2,SAFE,10,feu_rouge,SAFE : arret au feu rouge
47.05,261.3,0.3,SAFE,10,feu_rouge,SAFE : arret au feu rouge
47.10,261.3,0.2,SAFE,10,feu_rouge,SAFE : arret au feu rouge
47.15,261.3,0.2,SAFE,10,feu_rouge,SAFE : arret au feu rouge
47.20,261.3,0.2,SAFE,10,feu_rouge,SAFE : arret au feu rouge
47.25,261.3,0.2,SAFE,10,feu_rouge,SAFE : arret au feu rouge
47.30,261.3,0.2,SAFE,10,feu_rouge,SAFE : arret au feu rouge
47.35,261.3,0.2,SAFE,10,feu_rouge,SAFE : arret au feu rouge
47.40,261.3,0.2,SAFE,10,feu_rouge,SAFE : arret au feu rouge
47.45,261.3,0.2,SAFE,10,feu_rouge,SAFE : arret au feu rouge
47.50,261.3,0.2,SAFE,10,feu_rouge,SAFE : arret au feu rouge
47.55,261.3,0.2,SAFE,10,feu_rouge,SAFE : arret au feu rouge
47.60,261.4,0.2,SAFE,10,feu_rouge,SAFE : arret au feu rouge
47.65,261.4,0.2,SAFE,10,feu_rouge,SAFE : arret au feu rouge
47.70,261.4,0.2,SAFE,10,feu_rouge,SAFE : arret au feu rouge
47.75,261.4,0.2,SAFE,10,feu_rouge,SAFE : arret au feu rouge
47.80,261.4,0.2,SAFE,10,feu_rouge,SAFE : arret au feu rouge
47.85,261.4,0.2,SAFE,10,feu_rouge,SAFE : arret au feu rouge
47.90,261.4,0.2,SAFE,10,feu_rouge,SAFE : arret au feu rouge
47.95,261.4,0.2,SAFE,10,feu_rouge,SAFE : arret au feu rouge
48.00,261.4,0.2,SAFE,10,feu_rouge,SAFE : arret au feu rouge
48.05,261.4,0.2,SAFE,10,feu_rouge,SAFE : arret au feu rouge
48.10,261.4,0.1,SAFE,10,feu_rouge,SAFE : arret au feu rouge
48.15,261.4,0.2,SAFE,10,feu_rouge,SAFE : arret au feu rouge
48.20,261.4,0.1,SAFE,10,feu_rouge,SAFE : arret au feu rouge
48.25,261.4,0.2,SAFE,10,feu_rouge,SAFE : arret au feu rouge
48.30,261.4,0.1,SAFE,10,feu_rouge,SAFE : arret au feu rouge
48.35,261.4,0.2,SAFE,10,feu_rouge,SAFE : arret au feu rouge
48.40,261.4,0.1,SAFE,10,feu_rouge,SAFE : arret au feu rouge
48.45,261.4,0.1,SAFE,10,feu_rouge,SAFE : arret au feu rouge
48.50,261.4,0.1,SAFE,10,feu_rouge,SAFE : arret au feu rouge
48.55,261.4,0.1,SAFE,10,feu_rouge,SAFE : arret au feu rouge
48.60,261.4,0.1,SAFE,10,feu_rouge,SAFE : arret au feu rouge
48.65,261.4,0.1,SAFE,10,feu_rouge,SAFE : arret au feu rouge
48.70,261.4,0.1,SAFE,10,feu_rouge,SAFE : arret au feu rouge
48.75,261.4,0.1,SAFE,10,feu_rouge,SAFE : arret au feu rouge
48.80,261.4,0.1,SAFE,10,feu_rouge,SAFE : arret au feu rouge
48.85,261.4,0.1,SAFE,10,feu_rouge,SAFE : arret au feu rouge
48.90,261.4,0.1,SAFE,10,feu_rouge,SAFE : arret au feu rouge
48.95,261.4,0.1,SAFE,10,feu_rouge,SAFE : arret au feu rouge
49.00,261.4,0.1,SAFE,10,feu_rouge,SAFE : arret au feu rouge
49.05,261.4,0.1,SAFE,10,feu_rouge,SAFE : arret au feu rouge
49.10,261.4,0.1,SAFE,10,feu_rouge,SAFE : arret au feu rouge
49.15,261.4,0.1,SAFE,10,feu_rouge,SAFE : arret au feu rouge
49.20,261.4,0.1,SAFE,10,feu_rouge,SAFE : arret au feu rouge
49.25,261.4,0.1,SAFE,10,feu_rouge,SAFE : arret au feu rouge
49.30,261.4,0.1,SAFE,10,feu_rouge,SAFE : arret au feu rouge
49.35,261.4,0.1,SAFE,10,feu_rouge,SAFE : arret au feu rouge
49.40,261.4,0.1,SAFE,10,feu_rouge,SAFE : arret au feu rouge
49.45,261.4,0.1,SAFE,10,feu_rouge,SAFE : arret au feu rouge
49.50,261.4,0.1,SAFE,10,feu_rouge,SAFE : arret au feu rouge
49.55,261.4,0.1,SAFE,10,feu_rouge,SAFE : arret au feu rouge
49.60,261.4,0.1,SAFE,10,feu_rouge,SAFE : arret au feu rouge
49.65,261.4,0.1,SAFE,10,feu_rouge,SAFE : arret au feu rouge
49.70,261.4,0.1,SAFE,10,feu_rouge,SAFE : arret au feu rouge
49.75,261.4,0.1,SAFE,10,feu_rouge,SAFE : arret au feu rouge
49.80,261.4,0.1,SAFE,10,feu_rouge,SAFE : arret au feu rouge
49.85,261.4,0.1,SAFE,10,feu_rouge,SAFE : arret au feu rouge
49.90,261.4,0.1,SAFE,10,feu_rouge,SAFE : arret au feu rouge
49.95,261.4,0.1,SAFE,10,feu_rouge,SAFE : arret au feu rouge
50.00,261.4,0.1,SAFE,10,feu_rouge,SAFE : arret au feu rouge
50.05,261.4,0.1,SAFE,10,feu_rouge,SAFE : arret au feu rouge
50.10,261.4,0.1,SAFE,10,feu_rouge,SAFE : arret au feu rouge
50.15,261.4,0.1,SAFE,10,feu_rouge,SAFE : arret au feu rouge
50.20,261.4,0.1,SAFE,10,feu_rouge,SAFE : arret au feu rouge
50.25,261.4,0.1,SAFE,10,feu_rouge,SAFE : arret au feu rouge
50.30,261.4,0.1,SAFE,10,feu_rouge,SAFE : arret au feu rouge
50.35,261.4,0.1,SAFE,10,feu_rouge,SAFE : arret au feu rouge
50.40,261.4,0.1,SAFE,10,feu_rouge,SAFE : arret au feu rouge
50.45,261.4,0.1,SAFE,10,feu_rouge,SAFE : arret au feu rouge
50.50,261.4,0.0,SAFE,10,feu_rouge,SAFE : arret au feu rouge
50.55,261.4,0.1,SAFE,10,feu_rouge,SAFE : arret au feu rouge
50.60,261.4,0.0,SAFE,10,feu_rouge,SAFE : arret au feu rouge
50.65,261.4,0.1,SAFE,10,feu_rouge,SAFE : arret au feu rouge
50.70,261.4,0.0,SAFE,10,feu_rouge,SAFE : arret au feu rouge
50.75,261.4,0.1,SAFE,10,feu_rouge,SAFE : arret au feu rouge
50.80,261.4,0.0,SAFE,10,feu_rouge,SAFE : arret au feu rouge
50.85,261.4,0.1,SAFE,10,feu_rouge,SAFE : arret au feu rouge
50.90,261.4,0.0,SAFE,10,feu_rouge,SAFE : arret au feu rouge
50.95,261.4,0.1,SAFE,10,feu_rouge,SAFE : arret au feu rouge
51.00,261.4,0.0,SAFE,10,feu_rouge,SAFE : arret au feu rouge
51.05,261.4,0.1,SAFE,10,feu_rouge,SAFE : arret au feu rouge
51.10,261.4,0.0,SAFE,10,feu_rouge,SAFE : arret au feu rouge
51.15,261.5,0.1,SAFE,10,feu_rouge,SAFE : arret au feu rouge
51.20,261.5,0.0,SAFE,10,feu_rouge,SAFE : arret au feu rouge
51.25,261.5,0.1,SAFE,10,feu_rouge,SAFE : arret au feu rouge
51.30,261.5,0.0,SAFE,10,feu_rouge,SAFE : arret au feu rouge
51.35,261.5,0.1,SAFE,10,feu_rouge,SAFE : arret au feu rouge
51.40,261.5,0.0,SAFE,10,feu_rouge,SAFE : arret au feu rouge
51.45,261.5,0.0,SAFE,10,feu_rouge,SAFE : arret au feu rouge
51.50,261.5,0.0,SAFE,9,feu_rouge,SAFE : arret au feu rouge
51.55,261.5,0.0,SAFE,9,feu_rouge,SAFE : arret au feu rouge
51.60,261.5,0.0,SAFE,9,feu_rouge,SAFE : arret au feu rouge
51.65,261.5,0.0,SAFE,9,feu_rouge,SAFE : arret au feu rouge
51.70,261.5,0.0,SAFE,9,feu_rouge,SAFE : arret au feu rouge
51.75,261.5,0.0,SAFE,8,feu_rouge,SAFE : arret au feu rouge
51.80,261.5,0.0,SAFE,8,feu_rouge,SAFE : arret au feu rouge
51.85,261.5,0.0,SAFE,8,feu_rouge,SAFE : arret au feu rouge
51.90,261.5,0.0,SAFE,8,feu_rouge,SAFE : arret au feu rouge
51.95,261.5,0.0,SAFE,8,feu_rouge,SAFE : arret au feu rouge
52.00,261.5,0.0,SAFE,8,feu_rouge,SAFE : arret au feu rouge
52.05,261.5,0.0,SAFE,8,feu_rouge,SAFE : arret au feu rouge
52.10,261.5,0.0,SAFE,8,feu_rouge,SAFE : arret au feu rouge
52.15,261.5,0.0,SAFE,8,feu_rouge,SAFE : arret au feu rouge
52.20,261.5,0.0,SAFE,8,feu_rouge,SAFE : arret au feu rouge
52.25,261.5,0.0,SAFE,8,feu_rouge,SAFE : arret au feu rouge
52.30,261.5,0.0,SAFE,8,feu_rouge,SAFE : arret au feu rouge
52.35,261.5,0.0,SAFE,8,feu_rouge,SAFE : arret au feu rouge
52.40,261.5,0.0,SAFE,8,feu_rouge,SAFE : arret au feu rouge
52.45,261.5,0.0,SAFE,8,feu_rouge,SAFE : arret au feu rouge
52.50,261.5,0.0,SAFE,8,feu_rouge,SAFE : arret au feu rouge
52.55,261.5,0.0,SAFE,8,feu_rouge,SAFE : arret au feu rouge
52.60,261.5,0.0,SAFE,8,feu_rouge,SAFE : arret au feu rouge
52.65,261.5,0.0,SAFE,8,feu_rouge,SAFE : arret au feu rouge
52.70,261.5,0.0,SAFE,8,feu_rouge,SAFE : arret au feu rouge
52.75,261.5,0.0,SAFE,8,feu_rouge,SAFE : arret au feu rouge
52.80,261.5,0.0,SAFE,8,feu_rouge,SAFE : arret au feu rouge
52.85,261.5,0.0,SAFE,8,feu_rouge,SAFE : arret au feu rouge
52.90,261.5,0.0,SAFE,8,feu_rouge,SAFE : arret au feu rouge
52.95,261.5,0.0,SAFE,8,feu_rouge,SAFE : arret au feu rouge
53.00,261.5,0.0,SAFE,8,feu_rouge,SAFE : arret au feu rouge
53.05,261.5,0.0,SAFE,8,feu_rouge,SAFE : arret au feu rouge
53.10,261.5,0.0,SAFE,8,feu_rouge,SAFE : arret au feu rouge
53.15,261.5,0.0,SAFE,8,feu_rouge,SAFE : arret au feu rouge
53.20,261.5,0.0,SAFE,8,feu_rouge,SAFE : arret au feu rouge
53.25,261.5,0.0,SAFE,8,feu_rouge,SAFE : arret au feu rouge
53.30,261.5,0.0,SAFE,8,feu_rouge,SAFE : arret au feu rouge
53.35,261.5,0.0,SAFE,8,feu_rouge,SAFE : arret au feu rouge
53.40,261.5,0.0,SAFE,8,feu_rouge,SAFE : arret au feu rouge
53.45,261.5,0.0,SAFE,7,feu_rouge,SAFE : arret au feu rouge
53.50,261.5,0.0,SAFE,7,feu_rouge,SAFE : arret au feu rouge
53.55,261.5,0.0,SAFE,7,feu_rouge,SAFE : arret au feu rouge
53.60,261.5,0.0,SAFE,7,feu_rouge,SAFE : arret au feu rouge
53.65,261.5,0.0,SAFE,7,feu_rouge,SAFE : arret au feu rouge
53.70,261.5,0.0,SAFE,7,feu_rouge,SAFE : arret au feu rouge
53.75,261.5,0.0,SAFE,7,feu_rouge,SAFE : arret au feu rouge
53.80,261.5,0.0,SAFE,7,feu_rouge,SAFE : arret au feu rouge
53.85,261.5,0.0,SAFE,7,feu_rouge,SAFE : arret au feu rouge
53.90,261.5,0.0,SAFE,7,feu_rouge,SAFE : arret au feu rouge
53.95,261.5,0.0,SAFE,7,feu_rouge,SAFE : arret au feu rouge
54.00,261.5,0.0,SAFE,7,feu_rouge,SAFE : arret au feu rouge
54.05,261.5,0.0,SAFE,7,feu_rouge,SAFE : arret au feu rouge
54.10,261.5,0.0,SAFE,7,feu_rouge,SAFE : arret au feu rouge
54.15,261.5,0.0,SAFE,7,feu_rouge,SAFE : arret au feu rouge
54.20,261.5,0.0,SAFE,7,feu_rouge,SAFE : arret au feu rouge
54.25,261.5,0.0,SAFE,7,feu_rouge,SAFE : arret au feu rouge
54.30,261.5,0.0,SAFE,7,feu_rouge,SAFE : arret au feu rouge
54.35,261.5,0.0,SAFE,7,feu_rouge,SAFE : arret au feu rouge
54.40,261.5,0.0,SAFE,7,feu_rouge,SAFE : arret au feu rouge
54.45,261.5,0.0,SAFE,7,feu_rouge,SAFE : arret au feu rouge
54.50,261.5,0.0,SAFE,7,feu_rouge,SAFE : arret au feu rouge
54.55,261.5,0.0,SAFE,7,feu_rouge,SAFE : arret au feu rouge
54.60,261.5,0.0,SAFE,7,feu_rouge,SAFE : arret au feu rouge
54.65,261.5,0.0,SAFE,7,feu_rouge,SAFE : arret au feu rouge
54.70,261.5,0.0,SAFE,7,feu_rouge,SAFE : arret au feu rouge
54.75,261.5,0.0,SAFE,7,feu_rouge,SAFE : arret au feu rouge
54.80,261.5,0.0,SAFE,7,feu_rouge,SAFE : arret au feu rouge
54.85,261.5,0.0,SAFE,7,feu_rouge,SAFE : arret au feu rouge
54.90,261.5,0.0,SAFE,7,feu_rouge,SAFE : arret au feu rouge
54.95,261.5,0.0,SAFE,7,feu_rouge,SAFE : arret au feu rouge
55.00,261.5,0.0,SAFE,7,feu_rouge,SAFE : arret au feu rouge
55.05,261.5,0.0,SAFE,7,feu_rouge,SAFE : arret au feu rouge
55.10,261.5,0.0,SAFE,7,feu_rouge,SAFE : arret au feu rouge
55.15,261.5,0.0,SAFE,7,feu_rouge,SAFE : arret au feu rouge
55.20,261.5,0.0,SAFE,7,feu_rouge,SAFE : arret au feu rouge
55.25,261.5,0.0,SAFE,7,feu_rouge,SAFE : arret au feu rouge
55.30,261.5,0.0,SAFE,7,feu_rouge,SAFE : arret au feu rouge
55.35,261.5,0.0,SAFE,7,feu_rouge,SAFE : arret au feu rouge
55.40,261.5,0.0,SAFE,7,feu_rouge,SAFE : arret au feu rouge
55.45,261.5,0.0,SAFE,7,feu_rouge,SAFE : arret au feu rouge
55.50,261.5,0.0,SAFE,7,feu_rouge,SAFE : arret au feu rouge
55.55,261.5,0.0,SAFE,7,feu_rouge,SAFE : arret au feu rouge
55.60,261.5,0.0,SAFE,7,feu_rouge,SAFE : arret au feu rouge
55.65,261.5,0.0,SAFE,7,feu_rouge,SAFE : arret au feu rouge
55.70,261.5,0.0,SAFE,7,feu_rouge,SAFE : arret au feu rouge
55.75,261.5,0.0,SAFE,7,feu_rouge,SAFE : arret au feu rouge
55.80,261.5,0.0,SAFE,7,feu_rouge,SAFE : arret au feu rouge
55.85,261.5,0.0,SAFE,7,feu_rouge,SAFE : arret au feu rouge
55.90,261.5,0.0,SAFE,7,feu_rouge,SAFE : arret au feu rouge
55.95,261.5,0.0,SAFE,7,feu_rouge,SAFE : arret au feu rouge
56.00,261.5,0.0,SAFE,7,feu_rouge,SAFE : arret au feu rouge
56.05,261.5,0.0,SAFE,7,feu_rouge,SAFE : arret au feu rouge
56.10,261.5,0.0,SAFE,7,feu_rouge,SAFE : arret au feu rouge
56.15,261.5,0.0,SAFE,7,feu_rouge,SAFE : arret au feu rouge
56.20,261.5,0.0,SAFE,7,feu_rouge,SAFE : arret au feu rouge
56.25,261.5,0.0,SAFE,7,feu_rouge,SAFE : arret au feu rouge
56.30,261.5,0.0,SAFE,7,feu_rouge,SAFE : arret au feu rouge
56.35,261.5,0.0,SAFE,7,feu_rouge,SAFE : arret au feu rouge
56.40,261.5,0.0,SAFE,7,feu_rouge,SAFE : arret au feu rouge
56.45,261.5,0.0,SAFE,7,feu_rouge,SAFE : arret au feu rouge
56.50,261.5,0.0,SAFE,7,feu_rouge,SAFE : arret au feu rouge
56.55,261.5,0.0,SAFE,7,feu_rouge,SAFE : arret au feu rouge
56.60,261.5,0.0,SAFE,7,feu_rouge,SAFE : arret au feu rouge
56.65,261.5,0.0,SAFE,6,feu_rouge,SAFE : arret au feu rouge
56.70,261.5,0.0,SAFE,6,feu_rouge,SAFE : arret au feu rouge
56.75,261.5,0.0,SAFE,6,feu_rouge,SAFE : arret au feu rouge
56.80,261.5,0.0,SAFE,6,feu_rouge,SAFE : arret au feu rouge
56.85,261.5,0.0,SAFE,6,feu_rouge,SAFE : arret au feu rouge
56.90,261.5,0.0,SAFE,6,feu_rouge,SAFE : arret au feu rouge
56.95,261.5,0.0,SAFE,6,feu_rouge,SAFE : arret au feu rouge
57.00,261.5,0.0,SAFE,6,feu_rouge,SAFE : arret au feu rouge
57.05,261.5,0.0,SAFE,6,feu_rouge,SAFE : arret au feu rouge
57.10,261.5,0.0,SAFE,6,feu_rouge,SAFE : arret au feu rouge
57.15,261.5,0.0,SAFE,6,feu_rouge,SAFE : arret au feu rouge
57.20,261.5,0.0,SAFE,6,feu_rouge,SAFE : arret au feu rouge
57.25,261.5,0.0,SAFE,6,feu_rouge,SAFE : arret au feu rouge
57.30,261.5,0.0,SAFE,6,feu_rouge,SAFE : arret au feu rouge
57.35,261.5,0.0,SAFE,6,feu_rouge,SAFE : arret au feu rouge
57.40,261.5,0.0,SAFE,6,feu_rouge,SAFE : arret au feu rouge
57.45,261.5,0.0,SAFE,6,feu_rouge,SAFE : arret au feu rouge
57.50,261.5,0.0,SAFE,6,feu_rouge,SAFE : arret au feu rouge
57.55,261.5,0.0,SAFE,6,feu_rouge,SAFE : arret au feu rouge
57.60,261.5,0.0,SAFE,6,feu_rouge,SAFE : arret au feu rouge
57.65,261.5,0.0,SAFE,6,feu_rouge,SAFE : arret au feu rouge
57.70,261.5,0.0,SAFE,6,feu_rouge,SAFE : arret au feu rouge
57.75,261.5,0.0,SAFE,6,feu_rouge,SAFE : arret au feu rouge
57.80,261.5,0.0,SAFE,6,feu_rouge,SAFE : arret au feu rouge
57.85,261.5,0.0,SAFE,6,feu_rouge,SAFE : arret au feu rouge
57.90,261.5,0.0,SAFE,6,feu_rouge,SAFE : arret au feu rouge
57.95,261.5,0.0,SAFE,6,feu_rouge,SAFE : arret au feu rouge
58.00,261.5,0.0,SAFE,6,feu_rouge,SAFE : arret au feu rouge
58.05,261.5,0.0,SAFE,6,feu_rouge,SAFE : arret au feu rouge
58.10,261.5,0.0,SAFE,6,feu_rouge,SAFE : arret au feu rouge
58.15,261.5,0.0,SAFE,6,feu_rouge,SAFE : arret au feu rouge
58.20,261.5,0.0,SAFE,6,feu_rouge,SAFE : arret au feu rouge
58.25,261.5,0.0,SAFE,6,feu_rouge,SAFE : arret au feu rouge
58.30,261.5,0.0,SAFE,6,feu_rouge,SAFE : arret au feu rouge
58.35,261.5,0.0,SAFE,6,feu_rouge,SAFE : arret au feu rouge
58.40,261.5,0.0,SAFE,6,feu_rouge,SAFE : arret au feu rouge
58.45,261.5,0.0,SAFE,6,feu_rouge,SAFE : arret au feu rouge
58.50,261.5,0.0,SAFE,6,feu_rouge,SAFE : arret au feu rouge
58.55,261.5,0.0,SAFE,6,feu_rouge,SAFE : arret au feu rouge
58.60,261.5,0.0,SAFE,6,feu_rouge,SAFE : arret au feu rouge
58.65,261.5,0.0,SAFE,6,feu_rouge,SAFE : arret au feu rouge
58.70,261.5,0.0,SAFE,6,feu_rouge,SAFE : arret au feu rouge
58.75,261.5,0.0,SAFE,6,feu_rouge,SAFE : arret au feu rouge
58.80,261.5,0.0,SAFE,6,feu_rouge,SAFE : arret au feu rouge
58.85,261.5,0.0,SAFE,6,feu_rouge,SAFE : arret au feu rouge
58.90,261.5,0.0,SAFE,6,feu_rouge,SAFE : arret au feu rouge
58.95,261.5,0.0,SAFE,6,feu_rouge,SAFE : arret au feu rouge
59.00,261.5,0.0,SAFE,6,feu_rouge,SAFE : arret au feu rouge
59.05,261.5,0.0,SAFE,6,feu_rouge,SAFE : arret au feu rouge
59.10,261.5,0.0,SAFE,5,feu_rouge,SAFE : arret au feu rouge
59.15,261.5,0.0,SAFE,5,feu_rouge,SAFE : arret au feu rouge
59.20,261.5,0.0,SAFE,5,feu_rouge,SAFE : arret au feu rouge
59.25,261.5,0.0,SAFE,5,feu_rouge,SAFE : arret au feu rouge
59.30,261.5,0.0,SAFE,5,feu_rouge,SAFE : arret au feu rouge
59.35,261.5,0.0,SAFE,5,feu_rouge,SAFE : arret au feu rouge
59.40,261.5,0.0,SAFE,5,feu_rouge,SAFE : arret au feu rouge
59.45,261.5,0.0,SAFE,5,feu_rouge,SAFE : arret au feu rouge
59.50,261.5,0.0,SAFE,5,feu_rouge,SAFE : arret au feu rouge
59.55,261.5,0.0,SAFE,5,feu_rouge,SAFE : arret au feu rouge
59.60,261.5,0.0,SAFE,5,feu_rouge,SAFE : arret au feu rouge
59.65,261.5,0.0,SAFE,5,feu_rouge,SAFE : arret au feu rouge
59.70,261.5,0.0,SAFE,5,feu_rouge,SAFE : arret au feu rouge
59.75,261.5,0.0,SAFE,5,feu_rouge,SAFE : arret au feu rouge
59.80,261.5,0.0,SAFE,5,feu_rouge,SAFE : arret au feu rouge
59.85,261.5,0.0,SAFE,5,feu_rouge,SAFE : arret au feu rouge
59.90,261.5,0.0,SAFE,5,feu_rouge,SAFE : arret au feu rouge
59.95,261.5,0.0,SAFE,5,feu_rouge,SAFE : arret au feu rouge
60.00,261.5,0.0,SAFE,5,feu_rouge,SAFE : arret au feu rouge
60.05,261.5,0.0,SAFE,4,feu_rouge,SAFE : arret au feu rouge
60.10,261.5,0.0,SAFE,4,feu_rouge,SAFE : arret au feu rouge
60.15,261.5,0.0,SAFE,4,feu_rouge,SAFE : arret au feu rouge
60.20,261.5,0.0,SAFE,4,feu_rouge,SAFE : arret au feu rouge
60.25,261.5,0.0,SAFE,4,feu_rouge,SAFE : arret au feu rouge
60.30,261.5,0.0,SAFE,4,feu_rouge,SAFE : arret au feu rouge
60.35,261.5,0.0,SAFE,4,feu_rouge,SAFE : arret au feu rouge
60.40,261.5,0.0,SAFE,4,feu_rouge,SAFE : arret au feu rouge
60.45,261.5,0.0,SAFE,4,feu_rouge,SAFE : arret au feu rouge
60.50,261.5,0.0,SAFE,4,feu_rouge,SAFE : arret au feu rouge
60.55,261.5,0.0,SAFE,4,feu_rouge,SAFE : arret au feu rouge
60.60,261.5,0.0,SAFE,4,feu_rouge,SAFE : arret au feu rouge
60.65,261.5,0.0,SAFE,4,feu_rouge,SAFE : arret au feu rouge
60.70,261.5,0.0,SAFE,4,feu_rouge,SAFE : arret au feu rouge
60.75,261.5,0.0,SAFE,4,feu_rouge,SAFE : arret au feu rouge
60.80,261.5,0.0,SAFE,4,feu_rouge,SAFE : arret au feu rouge
60.85,261.5,0.0,SAFE,4,feu_rouge,SAFE : arret au feu rouge
60.90,261.5,0.0,SAFE,4,feu_rouge,SAFE : arret au feu rouge
60.95,261.5,0.0,SAFE,4,feu_rouge,SAFE : arret au feu rouge
61.00,261.5,0.0,SAFE,4,feu_rouge,SAFE : arret au feu rouge
61.05,261.5,0.0,SAFE,4,feu_rouge,SAFE : arret au feu rouge
61.10,261.5,0.0,SAFE,4,feu_rouge,SAFE : arret au feu rouge
61.15,261.5,0.0,SAFE,4,feu_rouge,SAFE : arret au feu rouge
61.20,261.5,0.0,SAFE,4,feu_rouge,SAFE : arret au feu rouge
61.25,261.5,0.0,SAFE,4,feu_rouge,SAFE : arret au feu rouge
61.30,261.5,0.0,SAFE,4,feu_rouge,SAFE : arret au feu rouge
61.35,261.5,0.0,SAFE,4,feu_rouge,SAFE : arret au feu rouge
61.40,261.5,0.0,SAFE,4,feu_rouge,SAFE : arret au feu rouge
61.45,261.5,0.0,SAFE,4,feu_rouge,SAFE : arret au feu rouge
61.50,261.5,0.0,SAFE,4,feu_rouge,SAFE : arret au feu rouge
61.55,261.5,0.0,SAFE,4,feu_rouge,SAFE : arret au feu rouge
61.60,261.5,0.0,SAFE,4,feu_rouge,SAFE : arret au feu rouge
61.65,261.5,0.0,SAFE,4,feu_rouge,SAFE : arret au feu rouge
61.70,261.5,0.0,SAFE,4,feu_rouge,SAFE : arret au feu rouge
61.75,261.5,0.0,SAFE,4,feu_rouge,SAFE : arret au feu rouge
61.80,261.5,0.0,SAFE,4,feu_rouge,SAFE : arret au feu rouge
61.85,261.5,0.0,SAFE,4,feu_rouge,SAFE : arret au feu rouge
61.90,261.5,0.0,SAFE,4,feu_rouge,SAFE : arret au feu rouge
61.95,261.5,0.0,SAFE,4,feu_rouge,SAFE : arret au feu rouge
62.00,261.5,0.0,SAFE,4,feu_rouge,SAFE : arret au feu rouge
62.05,261.5,0.0,SAFE,4,feu_rouge,SAFE : arret au feu rouge
62.10,261.5,0.0,SAFE,4,feu_rouge,SAFE : arret au feu rouge
62.15,261.5,0.0,SAFE,4,feu_rouge,SAFE : arret au feu rouge
62.20,261.5,0.0,SAFE,4,feu_rouge,SAFE : arret au feu rouge
62.25,261.5,0.0,SAFE,4,feu_rouge,SAFE : arret au feu rouge
62.30,261.5,0.0,SAFE,4,feu_rouge,SAFE : arret au feu rouge
62.35,261.5,0.0,SAFE,4,feu_rouge,SAFE : arret au feu rouge
62.40,261.5,0.0,SAFE,4,feu_rouge,SAFE : arret au feu rouge
62.45,261.5,0.0,SAFE,4,feu_rouge,SAFE : arret au feu rouge
62.50,261.5,0.0,SAFE,4,feu_rouge,SAFE : arret au feu rouge
62.55,261.5,0.0,SAFE,4,feu_rouge,SAFE : arret au feu rouge
62.60,261.5,0.0,SAFE,4,feu_rouge,SAFE : arret au feu rouge
62.65,261.5,0.0,SAFE,4,feu_rouge,SAFE : arret au feu rouge
62.70,261.5,0.0,SAFE,4,feu_rouge,SAFE : arret au feu rouge
62.75,261.5,0.0,SAFE,4,feu_rouge,SAFE : arret au feu rouge
62.80,261.5,0.0,SAFE,4,feu_rouge,SAFE : arret au feu rouge
62.85,261.5,0.0,SAFE,4,feu_rouge,SAFE : arret au feu rouge
62.90,261.5,0.0,SAFE,4,feu_rouge,SAFE : arret au feu rouge
62.95,261.5,0.0,SAFE,4,feu_rouge,SAFE : arret au feu rouge
63.00,261.5,0.0,SAFE,4,feu_rouge,SAFE : arret au feu rouge
63.05,261.5,0.0,SAFE,4,feu_rouge,SAFE : arret au feu rouge
63.10,261.5,0.0,SAFE,4,feu_rouge,SAFE : arret au feu rouge
63.15,261.5,0.0,SAFE,4,feu_rouge,SAFE : arret au feu rouge
63.20,261.5,0.0,SAFE,4,feu_rouge,SAFE : arret au feu rouge
63.25,261.5,0.0,SAFE,4,feu_rouge,SAFE : arret au feu rouge
63.30,261.5,0.0,SAFE,4,feu_rouge,SAFE : arret au feu rouge
63.35,261.5,0.0,SAFE,4,feu_rouge,SAFE : arret au feu rouge
63.40,261.5,0.0,SAFE,4,feu_rouge,SAFE : arret au feu rouge
63.45,261.5,0.0,SAFE,4,feu_rouge,SAFE : arret au feu rouge
63.50,261.5,0.0,SAFE,3,feu_rouge,SAFE : arret au feu rouge
63.55,261.5,0.0,SAFE,3,feu_rouge,SAFE : arret au feu rouge
63.60,261.5,0.0,SAFE,3,feu_rouge,SAFE : arret au feu rouge
63.65,261.5,0.0,SAFE,3,feu_rouge,SAFE : arret au feu rouge
63.70,261.5,0.0,SAFE,3,feu_rouge,SAFE : arret au feu rouge
63.75,261.5,0.0,SAFE,3,feu_rouge,SAFE : arret au feu rouge
63.80,261.5,0.0,SAFE,3,feu_rouge,SAFE : arret au feu rouge
63.85,261.5,0.0,SAFE,3,feu_rouge,SAFE : arret au feu rouge
63.90,261.5,0.0,SAFE,3,feu_rouge,SAFE : arret au feu rouge
63.95,261.5,0.0,SAFE,3,feu_rouge,SAFE : arret au feu rouge
64.00,261.5,0.0,SAFE,3,feu_rouge,SAFE : arret au feu rouge
64.05,261.5,0.0,SAFE,3,feu_rouge,SAFE : arret au feu rouge
64.10,261.5,0.0,SAFE,3,feu_rouge,SAFE : arret au feu rouge
64.15,261.5,0.0,SAFE,3,feu_rouge,SAFE : arret au feu rouge
64.20,261.5,0.0,SAFE,3,feu_rouge,SAFE : arret au feu rouge
64.25,261.5,0.0,SAFE,3,feu_rouge,SAFE : arret au feu rouge
64.30,261.5,0.0,SAFE,3,feu_rouge,SAFE : arret au feu rouge
64.35,261.5,0.0,SAFE,3,,Situation maîtrisée
64.40,261.5,0.2,SAFE,3,,Situation maîtrisée
64.45,261.5,0.1,SAFE,3,,Situation maîtrisée
64.50,261.5,0.2,SAFE,3,feu_rouge_devant,Situation maîtrisée
64.55,261.5,0.0,SAFE,3,feu_rouge_devant,Situation maîtrisée
64.60,261.5,0.0,SAFE,3,feu_rouge_devant,Situation maîtrisée
64.65,261.5,0.0,SAFE,3,feu_rouge_devant,Situation maîtrisée
64.70,261.5,0.0,SAFE,3,feu_rouge_devant,Situation maîtrisée
64.75,261.5,0.0,SAFE,3,feu_rouge_devant,Situation maîtrisée
64.80,261.5,0.0,SAFE,3,feu_rouge_devant,Situation maîtrisée
64.85,261.5,0.0,SAFE,3,feu_rouge_devant,Situation maîtrisée
64.90,261.5,0.0,SAFE,3,feu_rouge_devant,Situation maîtrisée
64.95,261.5,0.0,SAFE,3,feu_rouge_devant,Situation maîtrisée
65.00,261.5,0.0,SAFE,3,feu_rouge_devant,Situation maîtrisée
65.05,261.5,0.0,SAFE,3,feu_rouge_devant,Situation maîtrisée
65.10,261.5,0.0,SAFE,3,feu_rouge_devant,Situation maîtrisée
65.15,261.5,0.0,SAFE,3,feu_rouge_devant,Situation maîtrisée
65.20,261.5,0.0,SAFE,3,feu_rouge_devant,Situation maîtrisée
65.25,261.5,0.0,SAFE,3,feu_rouge_devant,Situation maîtrisée
65.30,261.5,0.0,SAFE,3,feu_rouge_devant,Situation maîtrisée
65.35,261.5,0.0,SAFE,3,feu_rouge_devant,Situation maîtrisée
65.40,261.5,0.0,SAFE,3,feu_rouge_devant,Situation maîtrisée
65.45,261.5,0.0,SAFE,3,feu_rouge_devant,Situation maîtrisée
65.50,261.5,0.0,SAFE,3,feu_rouge_devant,Situation maîtrisée
65.55,261.5,0.0,SAFE,3,feu_rouge_devant,Situation maîtrisée
65.60,261.5,0.0,SAFE,3,feu_rouge_devant,Situation maîtrisée
65.65,261.5,0.0,SAFE,3,feu_rouge_devant,Situation maîtrisée
65.70,261.5,0.0,SAFE,3,feu_rouge_devant,Situation maîtrisée
65.75,261.5,0.0,SAFE,3,feu_rouge_devant,Situation maîtrisée
65.80,261.5,0.0,SAFE,3,feu_rouge_devant,Situation maîtrisée
65.85,261.5,0.0,SAFE,3,feu_rouge_devant,Situation maîtrisée
65.90,261.5,0.0,SAFE,3,feu_rouge_devant,Situation maîtrisée
65.95,261.5,0.0,SAFE,3,feu_rouge_devant,Situation maîtrisée
66.00,261.5,0.0,SAFE,3,feu_rouge_devant,Situation maîtrisée
66.05,261.5,0.0,SAFE,3,feu_rouge_devant,Situation maîtrisée
66.10,261.5,0.0,SAFE,3,feu_rouge_devant,Situation maîtrisée
66.15,261.5,0.0,SAFE,3,feu_rouge_devant,Situation maîtrisée
66.20,261.5,0.0,SAFE,3,feu_rouge_devant,Situation maîtrisée
66.25,261.5,0.0,SAFE,3,feu_rouge_devant,Situation maîtrisée
66.30,261.5,0.0,SAFE,3,feu_rouge_devant,Situation maîtrisée
66.35,261.5,0.0,SAFE,3,feu_rouge_devant,Situation maîtrisée
66.40,261.5,0.0,SAFE,3,feu_rouge_devant,Situation maîtrisée
66.45,261.5,0.0,SAFE,3,feu_rouge_devant,Situation maîtrisée
66.50,261.5,0.0,SAFE,3,feu_rouge_devant,Situation maîtrisée
66.55,261.5,0.0,SAFE,3,feu_rouge_devant,Situation maîtrisée
66.60,261.5,0.0,SAFE,3,feu_rouge_devant,Situation maîtrisée
66.65,261.5,0.0,SAFE,3,feu_rouge_devant,Situation maîtrisée
66.70,261.5,0.0,SAFE,3,feu_rouge_devant,Situation maîtrisée
66.75,261.5,0.0,SAFE,3,feu_rouge_devant,Situation maîtrisée
66.80,261.5,0.0,SAFE,3,feu_rouge_devant,Situation maîtrisée
66.85,261.5,0.0,SAFE,3,feu_rouge_devant,Situation maîtrisée
66.90,261.5,0.0,SAFE,3,feu_rouge_devant,Situation maîtrisée
66.95,261.5,0.0,SAFE,3,feu_rouge_devant,Situation maîtrisée
67.00,261.5,0.0,SAFE,3,feu_rouge_devant,Situation maîtrisée
67.05,261.5,0.0,SAFE,3,feu_rouge_devant,Situation maîtrisée
67.10,261.5,0.0,SAFE,3,feu_rouge_devant,Situation maîtrisée
67.15,261.5,0.0,SAFE,3,feu_rouge_devant,Situation maîtrisée
67.20,261.5,0.0,SAFE,3,feu_rouge_devant,Situation maîtrisée
67.25,261.5,0.0,SAFE,3,feu_rouge_devant,Situation maîtrisée
67.30,261.5,0.0,SAFE,3,feu_rouge_devant,Situation maîtrisée
67.35,261.5,0.0,SAFE,3,feu_rouge_devant,Situation maîtrisée
67.40,261.5,0.0,SAFE,3,feu_rouge_devant,Situation maîtrisée
67.45,261.5,0.0,SAFE,3,feu_rouge_devant,Situation maîtrisée
67.50,261.5,0.0,SAFE,3,feu_rouge_devant,Situation maîtrisée
67.55,261.5,0.0,SAFE,3,feu_rouge_devant,Situation maîtrisée
67.60,261.5,0.0,SAFE,3,feu_rouge_devant,Situation maîtrisée
67.65,261.5,0.0,SAFE,3,feu_rouge_devant,Situation maîtrisée
67.70,261.5,0.0,SAFE,3,feu_rouge_devant,Situation maîtrisée
67.75,261.5,0.0,SAFE,3,feu_rouge_devant,Situation maîtrisée
67.80,261.5,0.0,SAFE,3,feu_rouge_devant,Situation maîtrisée
67.85,261.5,0.0,SAFE,3,feu_rouge_devant,Situation maîtrisée
67.90,261.5,0.0,SAFE,3,feu_rouge_devant,Situation maîtrisée
67.95,261.5,0.0,SAFE,3,feu_rouge_devant,Situation maîtrisée
68.00,261.5,0.0,SAFE,3,feu_rouge_devant,Situation maîtrisée
68.05,261.5,0.0,SAFE,3,feu_rouge_devant,Situation maîtrisée
68.10,261.5,0.0,SAFE,3,feu_rouge_devant,Situation maîtrisée
68.15,261.5,0.0,SAFE,3,feu_rouge_devant,Situation maîtrisée
68.20,261.5,0.0,SAFE,3,feu_rouge_devant,Situation maîtrisée
68.25,261.5,0.0,SAFE,3,feu_rouge_devant,Situation maîtrisée
68.30,261.5,0.0,SAFE,3,feu_rouge_devant,Situation maîtrisée
68.35,261.5,0.0,SAFE,3,feu_rouge_devant,Situation maîtrisée
68.40,261.5,0.0,SAFE,3,feu_rouge_devant,Situation maîtrisée
68.45,261.5,0.0,SAFE,3,feu_rouge_devant,Situation maîtrisée
68.50,261.5,0.0,SAFE,3,feu_rouge_devant,Situation maîtrisée
68.55,261.5,0.0,SAFE,3,feu_rouge_devant,Situation maîtrisée
68.60,261.5,0.0,SAFE,3,feu_rouge_devant,Situation maîtrisée
68.65,261.5,0.0,SAFE,3,feu_rouge_devant,Situation maîtrisée
68.70,261.5,0.0,SAFE,3,feu_rouge_devant,Situation maîtrisée
68.75,261.5,0.0,SAFE,3,feu_rouge_devant,Situation maîtrisée
68.80,261.5,0.0,SAFE,3,feu_rouge_devant,Situation maîtrisée
68.85,261.5,0.0,SAFE,3,feu_rouge_devant,Situation maîtrisée
68.90,261.5,0.0,SAFE,3,feu_rouge_devant,Situation maîtrisée
68.95,261.5,0.0,SAFE,3,feu_rouge_devant,Situation maîtrisée
69.00,261.5,0.0,SAFE,3,feu_rouge_devant,Situation maîtrisée
69.05,261.5,0.0,SAFE,3,feu_rouge_devant,Situation maîtrisée
69.10,261.5,0.0,SAFE,3,feu_rouge_devant,Situation maîtrisée
69.15,261.5,0.0,SAFE,3,feu_rouge_devant,Situation maîtrisée
69.20,261.5,0.0,SAFE,3,feu_rouge_devant,Situation maîtrisée
69.25,261.5,0.0,SAFE,3,feu_rouge_devant,Situation maîtrisée
69.30,261.5,0.0,SAFE,3,feu_rouge_devant,Situation maîtrisée
69.35,261.5,0.0,SAFE,3,feu_rouge_devant,Situation maîtrisée
69.40,261.5,0.0,SAFE,3,feu_rouge_devant,Situation maîtrisée
69.45,261.5,0.0,SAFE,3,feu_rouge_devant,Situation maîtrisée
69.50,261.5,0.0,SAFE,3,,Situation maîtrisée
69.55,261.5,0.0,SAFE,3,,Situation maîtrisée
69.60,261.5,0.0,SAFE,3,,Situation maîtrisée
69.65,261.5,0.3,SAFE,3,,Situation maîtrisée
69.70,261.5,0.7,SAFE,3,,Situation maîtrisée
69.75,261.5,1.4,SAFE,3,,Situation maîtrisée
69.80,261.5,2.0,SAFE,3,,Situation maîtrisée
69.85,261.6,2.6,SAFE,3,,Situation maîtrisée
69.90,261.6,3.4,SAFE,3,,Situation maîtrisée
69.95,261.7,4.4,SAFE,3,,Situation maîtrisée
70.00,261.7,5.2,SAFE,3,,Situation maîtrisée
70.05,261.8,6.1,SAFE,3,,Situation maîtrisée
70.10,261.9,6.9,SAFE,3,,Situation maîtrisée
70.15,262.0,7.8,SAFE,3,,Situation maîtrisée
70.20,262.1,8.6,SAFE,3,,Situation maîtrisée
70.25,262.2,9.5,SAFE,3,,Situation maîtrisée
70.30,262.4,10.3,SAFE,3,,Situation maîtrisée
70.35,262.5,11.1,SAFE,3,,Situation maîtrisée
70.40,262.7,11.9,SAFE,3,,Situation maîtrisée
70.45,262.9,12.7,SAFE,3,,Situation maîtrisée
70.50,263.0,13.5,SAFE,3,,Situation maîtrisée
70.55,263.2,14.2,SAFE,3,,Situation maîtrisée
70.60,263.4,15.0,SAFE,4,,Situation maîtrisée
70.65,263.7,15.7,SAFE,4,,Situation maîtrisée
70.70,263.9,16.3,SAFE,4,moteur:physique,Situation maîtrisée
70.75,264.1,16.8,SAFE,4,moteur:physique,Situation maîtrisée
70.80,264.3,17.0,SAFE,4,moteur:physique,Situation maîtrisée
70.85,264.6,17.0,SAFE,4,moteur:physique,Situation maîtrisée
70.90,264.8,17.1,SAFE,4,moteur:physique,Situation maîtrisée
70.95,265.0,17.2,SAFE,4,moteur:physique,Situation maîtrisée
71.00,265.3,17.1,SAFE,4,moteur:physique,Situation maîtrisée
71.05,265.5,16.9,WATCH,4,feu_rouge_devant,Ralentissez de 7 km/h  (17 -> 10 km/h)
71.10,265.7,16.7,WATCH,4,feu_rouge_devant,Ralentissez de 7 km/h  (17 -> 9 km/h)
71.15,266.0,16.5,WATCH,4,feu_rouge_devant,Ralentissez de 7 km/h  (16 -> 9 km/h)
71.20,266.2,16.2,DANGER,4,feu_rouge_devant,Ralentissez de 10 km/h  (16 -> 6 km/h)
71.25,266.4,15.9,DANGER,4,feu_rouge_devant,Ralentissez de 10 km/h  (16 -> 5 km/h)
71.30,266.6,15.5,DANGER,4,feu_rouge_devant,Ralentissez de 10 km/h  (15 -> 5 km/h)
71.35,266.8,15.1,CRITICAL,4,feu_rouge_devant,FREINEZ de 13 km/h  (15 -> 2 km/h)
71.40,267.0,14.6,CRITICAL,4,feu_rouge_devant,FREINEZ de 12 km/h  (15 -> 2 km/h)
71.45,267.2,14.0,CRITICAL,4,feu_rouge_devant,FREINEZ de 12 km/h  (14 -> 2 km/h)
71.50,267.4,13.2,CRITICAL,4,feu_rouge_devant,FREINEZ de 11 km/h  (13 -> 2 km/h)
71.55,267.6,12.4,CRITICAL,4,feu_rouge_devant,FREINEZ de 10 km/h  (12 -> 2 km/h)
71.60,267.8,11.5,CRITICAL,5,feu_rouge_devant,FREINEZ de 9 km/h  (12 -> 2 km/h)
71.65,267.9,10.7,CRITICAL,5,feu_rouge_devant,FREINEZ de 9 km/h  (11 -> 2 km/h)
71.70,268.1,9.9,CRITICAL,5,feu_rouge_devant,FREINEZ de 8 km/h  (10 -> 2 km/h)
71.75,268.2,9.2,CRITICAL,5,feu_rouge_devant,FREINEZ de 7 km/h  (9 -> 2 km/h)
71.80,268.3,8.5,CRITICAL,5,feu_rouge_devant,FREINEZ de 7 km/h  (9 -> 2 km/h)
71.85,268.4,8.0,CRITICAL,5,feu_rouge_devant,FREINEZ de 6 km/h  (8 -> 1 km/h)
71.90,268.5,7.4,CRITICAL,5,feu_rouge_devant,FREINEZ de 6 km/h  (7 -> 1 km/h)
71.95,268.6,6.8,DANGER,5,feu_rouge_devant,Ralentissez de 5 km/h  (7 -> 2 km/h)
72.00,268.7,2.8,WATCH,5,feu_rouge_devant,Ralentissez de 1 km/h  (3 -> 1 km/h)
72.05,268.7,0.0,SAFE,5,feu_rouge_devant,Situation maîtrisée
72.10,268.7,0.0,SAFE,5,feu_rouge_devant,Situation maîtrisée
72.15,268.7,0.0,SAFE,5,feu_rouge_devant,Situation maîtrisée
72.20,268.7,0.0,SAFE,5,feu_rouge_devant,Situation maîtrisée
72.25,268.7,0.0,SAFE,5,feu_rouge_devant,Situation maîtrisée
72.30,268.7,0.0,SAFE,5,feu_rouge_devant,Situation maîtrisée
72.35,268.7,0.0,SAFE,5,feu_rouge_devant,Situation maîtrisée
72.40,268.7,0.0,SAFE,5,feu_rouge_devant,Situation maîtrisée
72.45,268.7,0.0,SAFE,5,feu_rouge_devant,Situation maîtrisée
72.50,268.7,0.0,SAFE,5,feu_rouge_devant,Situation maîtrisée
72.55,268.7,0.0,SAFE,5,feu_rouge_devant,Situation maîtrisée
72.60,268.7,0.0,SAFE,5,feu_rouge_devant,Situation maîtrisée
72.65,268.7,0.0,SAFE,5,feu_rouge_devant,Situation maîtrisée
72.70,268.7,0.0,SAFE,5,feu_rouge_devant,Situation maîtrisée
72.75,268.7,0.0,SAFE,5,feu_rouge_devant,Situation maîtrisée
72.80,268.7,0.0,SAFE,5,feu_rouge_devant,Situation maîtrisée
72.85,268.7,0.0,SAFE,5,feu_rouge_devant,Situation maîtrisée
72.90,268.7,0.0,SAFE,5,feu_rouge_devant,Situation maîtrisée
72.95,268.7,0.0,SAFE,5,feu_rouge_devant,Situation maîtrisée
73.00,268.7,0.0,SAFE,5,feu_rouge_devant,Situation maîtrisée
73.05,268.7,0.0,SAFE,5,feu_rouge_devant,Situation maîtrisée
73.10,268.7,0.0,SAFE,5,feu_rouge_devant,Situation maîtrisée
73.15,268.7,0.0,SAFE,5,feu_rouge_devant,Situation maîtrisée
73.20,268.7,0.0,SAFE,5,feu_rouge_devant,Situation maîtrisée
73.25,268.7,0.0,SAFE,5,feu_rouge_devant,Situation maîtrisée
73.30,268.7,0.0,SAFE,5,feu_rouge_devant,Situation maîtrisée
73.35,268.7,0.0,SAFE,5,feu_rouge_devant,Situation maîtrisée
73.40,268.7,0.0,SAFE,5,feu_rouge_devant,Situation maîtrisée
73.45,268.7,0.0,SAFE,5,feu_rouge_devant,Situation maîtrisée
73.50,268.7,0.0,SAFE,5,feu_rouge_devant,Situation maîtrisée
73.55,268.7,0.0,SAFE,5,feu_rouge_devant,Situation maîtrisée
73.60,268.7,0.0,SAFE,5,feu_rouge_devant,Situation maîtrisée
73.65,268.7,0.0,SAFE,5,feu_rouge_devant,Situation maîtrisée
73.70,268.7,0.0,SAFE,5,feu_rouge_devant,Situation maîtrisée
73.75,268.7,0.0,SAFE,5,feu_rouge_devant,Situation maîtrisée
73.80,268.7,0.0,SAFE,5,feu_rouge_devant,Situation maîtrisée
73.85,268.7,0.0,SAFE,5,feu_rouge_devant,Situation maîtrisée
73.90,268.7,0.0,SAFE,5,feu_rouge_devant,Situation maîtrisée
73.95,268.7,0.0,SAFE,5,feu_rouge_devant,Situation maîtrisée
74.00,268.7,0.0,SAFE,5,feu_rouge_devant,Situation maîtrisée
74.05,268.7,0.0,SAFE,5,feu_rouge_devant,Situation maîtrisée
74.10,268.7,0.0,SAFE,5,feu_rouge_devant,Situation maîtrisée
74.15,268.7,0.0,SAFE,5,feu_rouge_devant,Situation maîtrisée
74.20,268.7,0.0,SAFE,5,feu_rouge_devant,Situation maîtrisée
74.25,268.7,0.0,SAFE,5,feu_rouge_devant,Situation maîtrisée
74.30,268.7,0.0,SAFE,5,feu_rouge_devant,Situation maîtrisée
74.35,268.7,0.0,SAFE,5,feu_rouge_devant,Situation maîtrisée
74.40,268.7,0.0,SAFE,5,feu_rouge_devant,Situation maîtrisée
74.45,268.7,0.0,SAFE,5,feu_rouge_devant,Situation maîtrisée
74.50,268.7,0.0,SAFE,5,feu_rouge_devant,Situation maîtrisée
74.55,268.7,0.0,SAFE,5,feu_rouge_devant,Situation maîtrisée
74.60,268.7,0.0,SAFE,5,feu_rouge_devant,Situation maîtrisée
74.65,268.7,0.0,SAFE,5,feu_rouge_devant,Situation maîtrisée
74.70,268.7,0.0,SAFE,5,feu_rouge_devant,Situation maîtrisée
74.75,268.7,0.0,SAFE,5,feu_rouge_devant,Situation maîtrisée
74.80,268.7,0.0,SAFE,5,feu_rouge_devant,Situation maîtrisée
74.85,268.7,0.0,SAFE,5,feu_rouge_devant,Situation maîtrisée
74.90,268.7,0.0,SAFE,5,feu_rouge_devant,Situation maîtrisée
74.95,268.7,0.0,SAFE,5,feu_rouge_devant,Situation maîtrisée
75.00,268.7,0.0,SAFE,5,feu_rouge_devant,Situation maîtrisée
75.05,268.7,0.0,SAFE,5,feu_rouge_devant,Situation maîtrisée
75.10,268.7,0.0,SAFE,5,feu_rouge_devant,Situation maîtrisée
75.15,268.7,0.0,SAFE,5,feu_rouge_devant,Situation maîtrisée
75.20,268.7,0.0,SAFE,5,feu_rouge_devant,Situation maîtrisée
75.25,268.7,0.0,SAFE,5,feu_rouge_devant,Situation maîtrisée
75.30,268.7,0.0,SAFE,5,feu_rouge_devant,Situation maîtrisée
75.35,268.7,0.0,SAFE,5,feu_rouge_devant,Situation maîtrisée
75.40,268.7,0.0,SAFE,5,feu_rouge_devant,Situation maîtrisée
75.45,268.7,0.0,SAFE,5,feu_rouge_devant,Situation maîtrisée
75.50,268.7,0.0,SAFE,5,feu_rouge_devant,Situation maîtrisée
75.55,268.7,0.0,SAFE,5,feu_rouge_devant,Situation maîtrisée
75.60,268.7,0.0,SAFE,5,feu_rouge_devant,Situation maîtrisée
75.65,268.7,0.0,SAFE,5,feu_rouge_devant,Situation maîtrisée
75.70,268.7,0.0,SAFE,5,feu_rouge_devant,Situation maîtrisée
75.75,268.7,0.0,SAFE,5,feu_rouge_devant,Situation maîtrisée
75.80,268.7,0.0,SAFE,5,feu_rouge_devant,Situation maîtrisée
75.85,268.7,0.0,SAFE,5,feu_rouge_devant,Situation maîtrisée
75.90,268.7,0.0,SAFE,5,feu_rouge_devant,Situation maîtrisée
75.95,268.7,0.0,SAFE,5,feu_rouge_devant,Situation maîtrisée
76.00,268.7,0.0,SAFE,5,feu_rouge_devant,Situation maîtrisée
76.05,268.7,0.0,SAFE,5,feu_rouge_devant,Situation maîtrisée
76.10,268.7,0.0,SAFE,5,feu_rouge_devant,Situation maîtrisée
76.15,268.7,0.0,SAFE,5,feu_rouge_devant,Situation maîtrisée
76.20,268.7,0.0,SAFE,5,feu_rouge_devant,Situation maîtrisée
76.25,268.7,0.0,SAFE,5,feu_rouge_devant,Situation maîtrisée
76.30,268.7,0.0,SAFE,5,feu_rouge_devant,Situation maîtrisée
76.35,268.7,0.0,SAFE,5,feu_rouge_devant,Situation maîtrisée
76.40,268.7,0.0,SAFE,5,feu_rouge_devant,Situation maîtrisée
76.45,268.7,0.0,SAFE,5,feu_rouge_devant,Situation maîtrisée
76.50,268.7,0.0,SAFE,5,feu_rouge_devant,Situation maîtrisée
76.55,268.7,0.0,SAFE,5,feu_rouge_devant,Situation maîtrisée
76.60,268.7,0.0,SAFE,5,feu_rouge_devant,Situation maîtrisée
76.65,268.7,0.0,SAFE,5,feu_rouge_devant,Situation maîtrisée
76.70,268.7,0.0,SAFE,5,feu_rouge_devant,Situation maîtrisée
76.75,268.7,0.0,SAFE,5,feu_rouge_devant,Situation maîtrisée
76.80,268.7,0.0,SAFE,5,feu_rouge_devant,Situation maîtrisée
76.85,268.7,0.0,SAFE,5,feu_rouge_devant,Situation maîtrisée
76.90,268.7,0.0,SAFE,5,feu_rouge_devant,Situation maîtrisée
76.95,268.7,0.0,SAFE,5,feu_rouge_devant,Situation maîtrisée
77.00,268.7,0.0,SAFE,5,feu_rouge_devant,Situation maîtrisée
77.05,268.7,0.0,SAFE,5,feu_rouge_devant,Situation maîtrisée
77.10,268.7,0.0,SAFE,5,feu_rouge_devant,Situation maîtrisée
77.15,268.7,0.0,SAFE,5,feu_rouge_devant,Situation maîtrisée
77.20,268.7,0.0,SAFE,5,feu_rouge_devant,Situation maîtrisée
77.25,268.7,0.0,SAFE,5,feu_rouge_devant,Situation maîtrisée
77.30,268.7,0.0,SAFE,5,feu_rouge_devant,Situation maîtrisée
77.35,268.7,0.0,SAFE,5,feu_rouge_devant,Situation maîtrisée
77.40,268.7,0.0,SAFE,5,feu_rouge_devant,Situation maîtrisée
77.45,268.7,0.0,SAFE,5,feu_rouge_devant,Situation maîtrisée
77.50,268.7,0.0,SAFE,5,feu_rouge_devant,Situation maîtrisée
77.55,268.7,0.0,SAFE,5,feu_rouge_devant,Situation maîtrisée
77.60,268.7,0.0,SAFE,5,feu_rouge_devant,Situation maîtrisée
77.65,268.7,0.0,SAFE,5,feu_rouge_devant,Situation maîtrisée
77.70,268.7,0.0,SAFE,5,feu_rouge_devant,Situation maîtrisée
77.75,268.7,0.0,SAFE,5,feu_rouge_devant,Situation maîtrisée
77.80,268.7,0.0,SAFE,5,feu_rouge_devant,Situation maîtrisée
77.85,268.7,0.0,SAFE,5,feu_rouge_devant,Situation maîtrisée
77.90,268.7,0.0,SAFE,5,feu_rouge_devant,Situation maîtrisée
77.95,268.7,0.0,SAFE,5,feu_rouge_devant,Situation maîtrisée
78.00,268.7,0.0,SAFE,5,feu_rouge_devant,Situation maîtrisée
78.05,268.7,0.0,SAFE,5,feu_rouge_devant,Situation maîtrisée
78.10,268.7,0.0,SAFE,5,feu_rouge_devant,Situation maîtrisée
78.15,268.7,0.0,SAFE,5,feu_rouge_devant,Situation maîtrisée
78.20,268.7,0.0,SAFE,5,feu_rouge_devant,Situation maîtrisée
78.25,268.7,0.0,SAFE,5,feu_rouge_devant,Situation maîtrisée
78.30,268.7,0.0,SAFE,5,feu_rouge_devant,Situation maîtrisée
78.35,268.7,0.0,SAFE,5,feu_rouge_devant,Situation maîtrisée
78.40,268.7,0.0,SAFE,5,feu_rouge_devant,Situation maîtrisée
78.45,268.7,0.0,SAFE,5,feu_rouge_devant,Situation maîtrisée
78.50,268.7,0.0,SAFE,5,feu_rouge_devant,Situation maîtrisée
78.55,268.7,0.0,SAFE,5,feu_rouge_devant,Situation maîtrisée
78.60,268.7,0.0,SAFE,5,feu_rouge_devant,Situation maîtrisée
78.65,268.7,0.0,SAFE,5,feu_rouge_devant,Situation maîtrisée
78.70,268.7,0.0,SAFE,5,feu_rouge_devant,Situation maîtrisée
78.75,268.7,0.0,SAFE,5,feu_rouge_devant,Situation maîtrisée
78.80,268.7,0.0,SAFE,5,feu_rouge_devant,Situation maîtrisée
78.85,268.7,0.0,SAFE,5,feu_rouge_devant,Situation maîtrisée
78.90,268.7,0.0,SAFE,5,feu_rouge_devant,Situation maîtrisée
78.95,268.7,0.0,SAFE,5,feu_rouge_devant,Situation maîtrisée
79.00,268.7,0.0,SAFE,5,feu_rouge_devant,Situation maîtrisée
79.05,268.7,0.0,SAFE,4,feu_rouge_devant,Situation maîtrisée
79.10,268.7,0.0,SAFE,4,feu_rouge_devant,Situation maîtrisée
79.15,268.7,0.0,SAFE,4,feu_rouge_devant,Situation maîtrisée
79.20,268.7,0.0,SAFE,4,feu_rouge_devant,Situation maîtrisée
79.25,268.7,0.0,SAFE,4,feu_rouge_devant,Situation maîtrisée
79.30,268.7,0.0,SAFE,4,feu_rouge_devant,Situation maîtrisée
79.35,268.7,0.0,SAFE,4,feu_rouge_devant,Situation maîtrisée
79.40,268.7,0.0,SAFE,4,feu_rouge_devant,Situation maîtrisée
79.45,268.7,0.0,SAFE,4,feu_rouge_devant,Situation maîtrisée
79.50,268.7,0.0,SAFE,4,feu_rouge_devant,Situation maîtrisée
79.55,268.7,0.0,SAFE,4,feu_rouge_devant,Situation maîtrisée
79.60,268.7,0.0,SAFE,4,feu_rouge_devant,Situation maîtrisée
79.65,268.7,0.0,SAFE,4,feu_rouge_devant,Situation maîtrisée
79.70,268.7,0.0,SAFE,4,feu_rouge_devant,Situation maîtrisée
79.75,268.7,0.0,SAFE,4,feu_rouge_devant,Situation maîtrisée
79.80,268.7,0.0,SAFE,4,feu_rouge_devant,Situation maîtrisée
79.85,268.7,0.0,SAFE,4,feu_rouge_devant,Situation maîtrisée
79.90,268.7,0.0,SAFE,4,feu_rouge_devant,Situation maîtrisée
79.95,268.7,0.0,SAFE,4,feu_rouge_devant,Situation maîtrisée
80.00,268.7,0.0,SAFE,4,feu_rouge_devant,Situation maîtrisée
80.05,268.7,0.0,SAFE,4,feu_rouge_devant,Situation maîtrisée
80.10,268.7,0.0,SAFE,4,feu_rouge_devant,Situation maîtrisée
80.15,268.7,0.0,SAFE,4,feu_rouge_devant,Situation maîtrisée
80.20,268.7,0.0,SAFE,4,feu_rouge_devant,Situation maîtrisée
80.25,268.7,0.0,SAFE,4,feu_rouge_devant,Situation maîtrisée
80.30,268.7,0.0,SAFE,4,feu_rouge_devant,Situation maîtrisée
80.35,268.7,0.0,SAFE,4,feu_rouge_devant,Situation maîtrisée
80.40,268.7,0.0,SAFE,4,feu_rouge_devant,Situation maîtrisée
80.45,268.7,0.0,SAFE,4,feu_rouge_devant,Situation maîtrisée
80.50,268.7,0.0,SAFE,4,feu_rouge_devant,Situation maîtrisée
80.55,268.7,0.0,SAFE,4,feu_rouge_devant,Situation maîtrisée
80.60,268.7,0.0,SAFE,4,feu_rouge_devant,Situation maîtrisée
80.65,268.7,0.0,SAFE,4,feu_rouge_devant,Situation maîtrisée
80.70,268.7,0.0,SAFE,4,feu_rouge_devant,Situation maîtrisée
80.75,268.7,0.0,SAFE,4,feu_rouge_devant,Situation maîtrisée
80.80,268.7,0.0,SAFE,4,feu_rouge_devant,Situation maîtrisée
80.85,268.7,0.0,SAFE,4,feu_rouge_devant,Situation maîtrisée
80.90,268.7,0.0,SAFE,4,feu_rouge_devant,Situation maîtrisée
80.95,268.7,0.0,SAFE,4,feu_rouge_devant,Situation maîtrisée
81.00,268.7,0.0,SAFE,4,feu_rouge_devant,Situation maîtrisée
81.05,268.7,0.0,SAFE,4,feu_rouge_devant,Situation maîtrisée
81.10,268.7,0.0,SAFE,4,feu_rouge_devant,Situation maîtrisée
81.15,268.7,0.0,SAFE,4,feu_rouge_devant,Situation maîtrisée
81.20,268.7,0.0,SAFE,4,feu_rouge_devant,Situation maîtrisée
81.25,268.7,0.0,SAFE,4,feu_rouge_devant,Situation maîtrisée
81.30,268.7,0.0,SAFE,4,feu_rouge_devant,Situation maîtrisée
81.35,268.7,0.0,SAFE,4,feu_rouge_devant,Situation maîtrisée
81.40,268.7,0.0,SAFE,4,feu_rouge_devant,Situation maîtrisée
81.45,268.7,0.0,SAFE,4,feu_rouge_devant,Situation maîtrisée
81.50,268.7,0.0,SAFE,4,feu_rouge_devant,Situation maîtrisée
81.55,268.7,0.0,SAFE,4,feu_rouge_devant,Situation maîtrisée
81.60,268.7,0.0,SAFE,4,feu_rouge_devant,Situation maîtrisée
81.65,268.7,0.0,SAFE,3,moteur:physique,Situation maîtrisée
81.70,268.7,0.0,SAFE,3,moteur:physique,Situation maîtrisée
81.75,268.7,0.0,SAFE,3,moteur:physique,Situation maîtrisée
81.80,268.7,0.3,SAFE,3,moteur:physique,Situation maîtrisée
81.85,268.7,0.7,SAFE,3,moteur:physique,Situation maîtrisée
81.90,268.7,1.3,SAFE,3,moteur:physique,Situation maîtrisée
81.95,268.8,2.0,SAFE,3,moteur:physique,Situation maîtrisée
82.00,268.8,2.8,SAFE,3,moteur:physique,Situation maîtrisée
82.05,268.8,3.6,SAFE,3,moteur:physique,Situation maîtrisée
82.10,268.9,4.2,SAFE,3,moteur:physique,Situation maîtrisée
82.15,269.0,5.3,SAFE,3,moteur:physique,Situation maîtrisée
82.20,269.0,6.0,SAFE,3,moteur:physique,Situation maîtrisée
82.25,269.1,6.8,SAFE,3,moteur:physique,Situation maîtrisée
82.30,269.2,7.6,SAFE,3,moteur:physique,Situation maîtrisée
82.35,269.3,8.4,SAFE,3,moteur:physique,Situation maîtrisée
82.40,269.5,9.2,SAFE,3,moteur:physique,Situation maîtrisée
82.45,269.6,10.0,SAFE,3,moteur:physique,Situation maîtrisée
82.50,269.7,10.9,SAFE,3,moteur:physique,Situation maîtrisée
82.55,269.9,11.7,SAFE,3,moteur:physique,Situation maîtrisée
82.60,270.1,12.5,SAFE,3,moteur:physique,Situation maîtrisée
82.65,270.3,13.1,SAFE,3,moteur:physique,Situation maîtrisée
82.70,270.4,13.9,SAFE,3,moteur:physique,Situation maîtrisée
82.75,270.6,14.7,SAFE,4,moteur:physique,Situation maîtrisée
82.80,270.8,15.2,SAFE,4,moteur:physique,Situation maîtrisée
82.85,271.1,15.7,SAFE,4,moteur:physique,Situation maîtrisée
82.90,271.3,16.1,SAFE,4,moteur:physique,Situation maîtrisée
82.95,271.5,16.6,SAFE,4,moteur:physique,Situation maîtrisée
83.00,271.7,16.8,SAFE,4,moteur:physique,Situation maîtrisée
83.05,272.0,17.1,SAFE,4,moteur:physique,Situation maîtrisée
83.10,272.2,17.5,SAFE,4,moteur:physique,Situation maîtrisée
83.15,272.4,17.8,SAFE,4,moteur:physique,Situation maîtrisée
83.20,272.7,18.2,SAFE,4,moteur:physique,Situation maîtrisée
83.25,273.0,18.6,SAFE,4,moteur:physique,Situation maîtrisée
83.30,273.2,18.5,SAFE,4,moteur:physique,Situation maîtrisée
83.35,273.5,18.3,SAFE,4,,Situation maîtrisée
83.40,273.7,18.3,SAFE,4,,Situation maîtrisée
83.45,274.0,18.3,SAFE,4,,Situation maîtrisée
83.50,274.2,18.4,SAFE,4,,Situation maîtrisée
83.55,274.5,18.6,SAFE,4,,Situation maîtrisée
83.60,274.7,18.9,SAFE,4,,Situation maîtrisée
83.65,275.0,19.2,SAFE,4,,Situation maîtrisée
83.70,275.3,19.4,SAFE,4,,Situation maîtrisée
83.75,275.5,19.7,SAFE,4,,Situation maîtrisée
83.80,275.8,20.0,SAFE,4,,Situation maîtrisée
83.85,276.1,20.3,SAFE,4,,Situation maîtrisée
83.90,276.4,20.5,SAFE,4,,Situation maîtrisée
83.95,276.7,20.8,SAFE,4,,Situation maîtrisée
84.00,277.0,21.0,SAFE,4,,Situation maîtrisée
84.05,277.3,21.2,SAFE,4,,Situation maîtrisée
84.10,277.6,21.4,SAFE,4,,Situation maîtrisée
84.15,277.9,21.6,SAFE,4,,Situation maîtrisée
84.20,278.2,21.7,SAFE,4,,Situation maîtrisée
84.25,278.5,21.9,SAFE,4,,Situation maîtrisée
84.30,278.8,22.0,SAFE,5,,Situation maîtrisée
84.35,279.1,22.2,SAFE,5,,Situation maîtrisée
84.40,279.4,22.3,SAFE,5,,Situation maîtrisée
84.45,279.7,22.5,SAFE,5,,Situation maîtrisée
84.50,280.0,22.6,SAFE,5,,Situation maîtrisée
84.55,280.3,22.7,SAFE,5,,Situation maîtrisée
84.60,280.6,22.9,SAFE,5,,Situation maîtrisée
84.65,281.0,23.0,SAFE,6,,Situation maîtrisée
84.70,281.3,23.1,SAFE,6,,Situation maîtrisée
84.75,281.6,23.2,SAFE,6,,Situation maîtrisée
84.80,281.9,23.3,SAFE,6,,Situation maîtrisée
84.85,282.2,23.5,SAFE,6,,Situation maîtrisée
84.90,282.6,23.6,SAFE,6,,Situation maîtrisée
84.95,282.9,23.7,SAFE,6,,Situation maîtrisée
85.00,283.2,23.8,SAFE,6,,Situation maîtrisée
85.05,283.6,23.9,SAFE,6,,Situation maîtrisée
85.10,283.9,24.0,SAFE,6,moteur:physique,Situation maîtrisée
85.15,284.2,24.1,SAFE,6,moteur:physique,Situation maîtrisée
85.20,284.6,24.2,SAFE,6,moteur:physique,Situation maîtrisée
85.25,284.9,24.3,SAFE,7,moteur:physique,Situation maîtrisée
85.30,285.2,24.4,SAFE,7,moteur:physique,Situation maîtrisée
85.35,285.6,24.5,SAFE,7,moteur:physique,Situation maîtrisée
85.40,285.9,24.5,SAFE,7,moteur:physique,Situation maîtrisée
85.45,286.3,24.6,SAFE,8,moteur:physique,Situation maîtrisée
85.50,286.6,24.7,SAFE,8,moteur:physique,Situation maîtrisée
85.55,286.9,24.7,SAFE,8,,Situation maîtrisée
85.60,287.3,24.8,SAFE,8,,Situation maîtrisée
85.65,287.6,24.9,SAFE,7,,Situation maîtrisée
85.70,288.0,24.9,SAFE,7,,Situation maîtrisée
85.75,288.3,25.0,SAFE,7,,Situation maîtrisée
85.80,288.7,25.0,SAFE,7,,Situation maîtrisée
85.85,289.0,25.0,SAFE,7,,Situation maîtrisée
85.90,289.4,25.1,SAFE,7,,Situation maîtrisée
85.95,289.7,25.1,SAFE,7,,Situation maîtrisée
86.00,290.1,25.2,SAFE,7,,Situation maîtrisée
86.05,290.4,25.2,SAFE,7,,Situation maîtrisée
86.10,290.8,25.2,SAFE,7,,Situation maîtrisée
86.15,291.1,25.2,SAFE,7,,Situation maîtrisée
86.20,291.5,25.3,SAFE,7,,Situation maîtrisée
86.25,291.8,25.3,SAFE,7,,Situation maîtrisée
86.30,292.2,25.3,SAFE,8,,Situation maîtrisée
86.35,292.5,25.3,SAFE,8,,Situation maîtrisée
86.40,292.9,25.4,SAFE,8,,Situation maîtrisée
86.45,293.2,25.4,SAFE,8,,Situation maîtrisée
86.50,293.6,25.4,SAFE,8,,Situation maîtrisée
86.55,293.9,25.4,SAFE,8,,Situation maîtrisée
86.60,294.3,25.4,SAFE,8,,Situation maîtrisée
86.65,294.6,25.4,SAFE,8,,Situation maîtrisée
86.70,295.0,25.4,SAFE,8,,Situation maîtrisée
86.75,295.3,25.4,SAFE,8,,Situation maîtrisée
86.80,295.7,25.5,SAFE,8,,Situation maîtrisée
86.85,296.1,25.5,SAFE,8,,Situation maîtrisée
86.90,296.4,25.5,SAFE,8,,Situation maîtrisée
86.95,296.8,25.5,SAFE,8,,Situation maîtrisée
87.00,297.1,25.5,SAFE,8,,Situation maîtrisée
87.05,297.5,25.5,SAFE,8,,Situation maîtrisée
87.10,297.8,25.5,SAFE,8,,Situation maîtrisée
87.15,298.2,25.5,SAFE,8,,Situation maîtrisée
87.20,298.5,25.5,SAFE,8,,Situation maîtrisée
87.25,298.9,25.5,SAFE,8,,Situation maîtrisée
87.30,299.2,25.5,SAFE,8,,Situation maîtrisée
87.35,299.6,25.5,SAFE,8,,Situation maîtrisée
87.40,299.9,25.5,SAFE,8,,Situation maîtrisée
87.45,300.3,25.5,SAFE,8,,Situation maîtrisée
87.50,300.7,25.5,SAFE,8,,Situation maîtrisée
87.55,301.0,25.5,SAFE,9,,Situation maîtrisée
87.60,301.4,25.5,SAFE,9,,Situation maîtrisée
87.65,301.7,25.5,SAFE,9,,Situation maîtrisée
87.70,302.1,25.5,SAFE,9,,Situation maîtrisée
87.75,302.4,25.5,SAFE,9,,Situation maîtrisée
87.80,302.8,25.5,SAFE,9,,Situation maîtrisée
87.85,303.1,25.5,SAFE,9,,Situation maîtrisée
87.90,303.5,25.6,SAFE,9,,Situation maîtrisée
87.95,303.8,25.6,SAFE,9,,Situation maîtrisée
88.00,304.2,25.6,SAFE,9,,Situation maîtrisée
88.05,304.6,25.6,SAFE,9,,Situation maîtrisée
88.10,304.9,25.6,SAFE,9,,Situation maîtrisée
88.15,305.3,25.6,SAFE,9,,Situation maîtrisée
88.20,305.6,25.6,SAFE,9,,Situation maîtrisée
88.25,306.0,25.6,SAFE,9,,Situation maîtrisée
88.30,306.3,25.5,SAFE,9,,Situation maîtrisée
88.35,306.7,25.5,SAFE,9,,Situation maîtrisée
88.40,307.0,25.5,SAFE,8,,Situation maîtrisée
88.45,307.4,25.5,SAFE,8,,Situation maîtrisée
88.50,307.7,25.4,SAFE,8,feu_rouge,SAFE : arret au feu rouge
88.55,308.1,25.2,SAFE,8,feu_rouge,SAFE : arret au feu rouge
88.60,308.4,24.9,SAFE,8,feu_rouge,SAFE : arret au feu rouge
88.65,308.8,24.3,SAFE,8,feu_rouge,SAFE : arret au feu rouge
88.70,309.1,23.6,SAFE,8,feu_rouge,SAFE : arret au feu rouge
88.75,309.4,22.9,SAFE,8,feu_rouge,SAFE : arret au feu rouge
88.80,309.8,22.1,SAFE,8,feu_rouge,SAFE : arret au feu rouge
88.85,310.1,21.3,SAFE,8,feu_rouge,SAFE : arret au feu rouge
88.90,310.3,16.9,SAFE,8,feu_rouge,SAFE : arret au feu rouge
88.95,310.5,12.0,SAFE,8,feu_rouge,SAFE : arret au feu rouge
89.00,310.6,7.2,SAFE,8,feu_rouge,SAFE : arret au feu rouge
89.05,310.7,2.4,SAFE,8,feu_rouge,SAFE : arret au feu rouge
89.10,310.7,0.0,SAFE,8,feu_rouge,SAFE : arret au feu rouge
89.15,310.7,0.0,SAFE,7,feu_rouge,SAFE : arret au feu rouge
89.20,310.7,0.0,SAFE,7,feu_rouge,SAFE : arret au feu rouge
89.25,310.7,0.3,SAFE,7,feu_rouge,SAFE : arret au feu rouge
89.30,310.7,0.5,SAFE,7,feu_rouge,SAFE : arret au feu rouge
89.35,310.7,0.6,SAFE,7,feu_rouge,SAFE : arret au feu rouge
89.40,310.7,0.7,SAFE,7,feu_rouge,SAFE : arret au feu rouge
89.45,310.7,0.7,SAFE,7,feu_rouge,SAFE : arret au feu rouge
89.50,310.7,0.7,SAFE,7,feu_rouge,SAFE : arret au feu rouge
89.55,310.8,0.7,SAFE,7,feu_rouge,SAFE : arret au feu rouge
89.60,310.8,0.7,SAFE,7,feu_rouge,SAFE : arret au feu rouge
89.65,310.8,0.7,SAFE,7,feu_rouge,SAFE : arret au feu rouge
89.70,310.8,0.7,SAFE,7,feu_rouge,SAFE : arret au feu rouge
89.75,310.8,0.7,SAFE,7,feu_rouge,SAFE : arret au feu rouge
89.80,310.8,0.7,SAFE,7,feu_rouge,SAFE : arret au feu rouge
89.85,310.8,0.6,SAFE,7,feu_rouge,SAFE : arret au feu rouge
89.90,310.8,0.6,SAFE,7,feu_rouge,SAFE : arret au feu rouge
89.95,310.8,0.6,SAFE,7,feu_rouge,SAFE : arret au feu rouge
90.00,310.8,0.6,SAFE,7,feu_rouge,SAFE : arret au feu rouge
90.05,310.8,0.6,SAFE,7,feu_rouge,SAFE : arret au feu rouge
90.10,310.9,0.6,SAFE,7,feu_rouge,SAFE : arret au feu rouge
90.15,310.9,0.6,SAFE,7,feu_rouge,SAFE : arret au feu rouge
90.20,310.9,0.6,SAFE,7,feu_rouge,SAFE : arret au feu rouge
90.25,310.9,0.5,SAFE,7,feu_rouge,SAFE : arret au feu rouge
90.30,310.9,0.5,SAFE,7,feu_rouge,SAFE : arret au feu rouge
90.35,310.9,0.5,SAFE,7,feu_rouge,SAFE : arret au feu rouge
90.40,310.9,0.5,SAFE,7,feu_rouge,SAFE : arret au feu rouge
90.45,310.9,0.5,SAFE,7,feu_rouge,SAFE : arret au feu rouge
90.50,310.9,0.5,SAFE,7,feu_rouge,SAFE : arret au feu rouge
90.55,310.9,0.0,SAFE,7,feu_rouge,SAFE : arret au feu rouge
90.60,310.9,0.0,SAFE,7,feu_rouge,SAFE : arret au feu rouge
90.65,310.9,0.0,SAFE,7,feu_rouge,SAFE : arret au feu rouge
90.70,310.9,0.0,SAFE,7,feu_rouge,SAFE : arret au feu rouge
90.75,310.9,0.0,SAFE,7,feu_rouge,SAFE : arret au feu rouge
90.80,310.9,0.0,SAFE,7,feu_rouge,SAFE : arret au feu rouge
90.85,310.9,0.0,SAFE,7,feu_rouge,SAFE : arret au feu rouge
90.90,310.9,0.0,SAFE,7,feu_rouge,SAFE : arret au feu rouge
90.95,310.9,0.0,SAFE,7,feu_rouge,SAFE : arret au feu rouge
91.00,310.9,0.0,SAFE,7,feu_rouge,SAFE : arret au feu rouge
91.05,310.9,0.0,SAFE,7,feu_rouge,SAFE : arret au feu rouge
91.10,310.9,0.0,SAFE,7,feu_rouge,SAFE : arret au feu rouge
91.15,310.9,0.0,SAFE,7,feu_rouge,SAFE : arret au feu rouge
91.20,310.9,0.0,SAFE,7,feu_rouge,SAFE : arret au feu rouge
91.25,310.9,0.0,SAFE,7,feu_rouge,SAFE : arret au feu rouge
91.30,310.9,0.0,SAFE,7,feu_rouge,SAFE : arret au feu rouge
91.35,310.9,0.0,SAFE,7,feu_rouge,SAFE : arret au feu rouge
91.40,310.9,0.0,SAFE,7,feu_rouge,SAFE : arret au feu rouge
91.45,310.9,0.0,SAFE,7,feu_rouge,SAFE : arret au feu rouge
91.50,310.9,0.0,SAFE,7,feu_rouge,SAFE : arret au feu rouge
91.55,310.9,0.0,SAFE,7,feu_rouge,SAFE : arret au feu rouge
91.60,310.9,0.0,SAFE,7,feu_rouge,SAFE : arret au feu rouge
91.65,310.9,0.0,SAFE,7,feu_rouge,SAFE : arret au feu rouge
91.70,310.9,0.0,SAFE,7,feu_rouge,SAFE : arret au feu rouge
91.75,310.9,0.0,SAFE,7,feu_rouge,SAFE : arret au feu rouge
91.80,310.9,0.0,SAFE,7,feu_rouge,SAFE : arret au feu rouge
91.85,310.9,0.0,SAFE,7,feu_rouge,SAFE : arret au feu rouge
91.90,310.9,0.0,SAFE,7,feu_rouge,SAFE : arret au feu rouge
91.95,310.9,0.0,SAFE,7,feu_rouge,SAFE : arret au feu rouge
92.00,310.9,0.0,SAFE,7,feu_rouge,SAFE : arret au feu rouge
92.05,310.9,0.0,SAFE,7,feu_rouge,SAFE : arret au feu rouge
92.10,310.9,0.0,SAFE,6,feu_rouge,SAFE : arret au feu rouge
92.15,310.9,0.0,SAFE,6,feu_rouge,SAFE : arret au feu rouge
92.20,310.9,0.0,SAFE,6,feu_rouge,SAFE : arret au feu rouge
92.25,310.9,0.0,SAFE,6,feu_rouge,SAFE : arret au feu rouge
92.30,310.9,0.0,SAFE,6,feu_rouge,SAFE : arret au feu rouge
92.35,310.9,0.0,SAFE,6,feu_rouge,SAFE : arret au feu rouge
92.40,310.9,0.0,SAFE,6,feu_rouge,SAFE : arret au feu rouge
92.45,310.9,0.0,SAFE,6,feu_rouge,SAFE : arret au feu rouge
92.50,310.9,0.0,SAFE,6,feu_rouge,SAFE : arret au feu rouge
92.55,310.9,0.0,SAFE,7,feu_rouge,SAFE : arret au feu rouge
92.60,310.9,0.0,SAFE,7,feu_rouge,SAFE : arret au feu rouge
92.65,310.9,0.0,SAFE,7,feu_rouge,SAFE : arret au feu rouge
92.70,310.9,0.0,SAFE,7,feu_rouge,SAFE : arret au feu rouge
92.75,310.9,0.0,SAFE,7,feu_rouge,SAFE : arret au feu rouge
92.80,310.9,0.0,SAFE,7,feu_rouge,SAFE : arret au feu rouge
92.85,310.9,0.0,SAFE,7,feu_rouge,SAFE : arret au feu rouge
92.90,310.9,0.0,SAFE,7,feu_rouge,SAFE : arret au feu rouge
92.95,310.9,0.0,SAFE,7,feu_rouge,SAFE : arret au feu rouge
93.00,310.9,0.0,SAFE,7,feu_rouge,SAFE : arret au feu rouge
93.05,310.9,0.0,SAFE,7,feu_rouge,SAFE : arret au feu rouge
93.10,310.9,0.0,SAFE,7,feu_rouge,SAFE : arret au feu rouge
93.15,310.9,0.0,SAFE,7,feu_rouge,SAFE : arret au feu rouge
93.20,310.9,0.0,SAFE,7,feu_rouge,SAFE : arret au feu rouge
93.25,310.9,0.0,SAFE,7,feu_rouge,SAFE : arret au feu rouge
93.30,310.9,0.0,SAFE,7,feu_rouge,SAFE : arret au feu rouge
93.35,310.9,0.0,SAFE,7,feu_rouge,SAFE : arret au feu rouge
93.40,310.9,0.0,SAFE,7,feu_rouge,SAFE : arret au feu rouge
93.45,310.9,0.0,SAFE,7,feu_rouge,SAFE : arret au feu rouge
93.50,310.9,0.0,SAFE,7,feu_rouge,SAFE : arret au feu rouge
93.55,310.9,0.0,SAFE,7,feu_rouge,SAFE : arret au feu rouge
93.60,310.9,0.0,SAFE,7,feu_rouge,SAFE : arret au feu rouge
93.65,310.9,0.0,SAFE,7,feu_rouge,SAFE : arret au feu rouge
93.70,310.9,0.0,SAFE,7,feu_rouge,SAFE : arret au feu rouge
93.75,310.9,0.0,SAFE,7,feu_rouge,SAFE : arret au feu rouge
93.80,310.9,0.0,SAFE,7,feu_rouge,SAFE : arret au feu rouge
93.85,310.9,0.0,SAFE,7,feu_rouge,SAFE : arret au feu rouge
93.90,310.9,0.0,SAFE,7,feu_rouge,SAFE : arret au feu rouge
93.95,310.9,0.0,SAFE,7,feu_rouge,SAFE : arret au feu rouge
94.00,310.9,0.0,SAFE,7,feu_rouge,SAFE : arret au feu rouge
94.05,310.9,0.0,SAFE,7,feu_rouge,SAFE : arret au feu rouge
94.10,310.9,0.0,SAFE,7,feu_rouge,SAFE : arret au feu rouge
94.15,310.9,0.0,SAFE,7,feu_rouge,SAFE : arret au feu rouge
94.20,310.9,0.0,SAFE,7,feu_rouge,SAFE : arret au feu rouge
94.25,310.9,0.0,SAFE,7,feu_rouge,SAFE : arret au feu rouge
94.30,310.9,0.0,SAFE,7,feu_rouge,SAFE : arret au feu rouge
94.35,310.9,0.0,SAFE,7,feu_rouge,SAFE : arret au feu rouge
94.40,310.9,0.0,SAFE,7,feu_rouge,SAFE : arret au feu rouge
94.45,310.9,0.0,SAFE,7,feu_rouge,SAFE : arret au feu rouge
94.50,310.9,0.0,SAFE,7,feu_rouge,SAFE : arret au feu rouge
94.55,310.9,0.0,SAFE,7,feu_rouge,SAFE : arret au feu rouge
94.60,310.9,0.0,SAFE,7,feu_rouge,SAFE : arret au feu rouge
94.65,310.9,0.0,SAFE,7,feu_rouge,SAFE : arret au feu rouge
94.70,310.9,0.0,SAFE,7,feu_rouge,SAFE : arret au feu rouge
94.75,310.9,0.0,SAFE,7,feu_rouge,SAFE : arret au feu rouge
94.80,310.9,0.0,SAFE,7,feu_rouge,SAFE : arret au feu rouge
94.85,310.9,0.0,SAFE,7,feu_rouge,SAFE : arret au feu rouge
94.90,310.9,0.0,SAFE,7,feu_rouge,SAFE : arret au feu rouge
94.95,310.9,0.0,SAFE,7,feu_rouge,SAFE : arret au feu rouge
95.00,310.9,0.0,SAFE,7,feu_rouge,SAFE : arret au feu rouge
95.05,310.9,0.0,SAFE,7,feu_rouge,SAFE : arret au feu rouge
95.10,310.9,0.0,SAFE,7,feu_rouge,SAFE : arret au feu rouge
95.15,310.9,0.0,SAFE,7,feu_rouge,SAFE : arret au feu rouge
95.20,310.9,0.0,SAFE,7,feu_rouge,SAFE : arret au feu rouge
95.25,310.9,0.0,SAFE,7,feu_rouge,SAFE : arret au feu rouge
95.30,310.9,0.0,SAFE,7,feu_rouge,SAFE : arret au feu rouge
95.35,310.9,0.0,SAFE,7,feu_rouge,SAFE : arret au feu rouge
95.40,310.9,0.0,SAFE,7,feu_rouge,SAFE : arret au feu rouge
95.45,310.9,0.0,SAFE,7,feu_rouge,SAFE : arret au feu rouge
95.50,310.9,0.0,SAFE,7,feu_rouge,SAFE : arret au feu rouge
95.55,310.9,0.0,SAFE,7,feu_rouge,SAFE : arret au feu rouge
95.60,310.9,0.0,SAFE,7,feu_rouge,SAFE : arret au feu rouge
95.65,310.9,0.0,SAFE,7,feu_rouge,SAFE : arret au feu rouge
95.70,310.9,0.0,SAFE,7,feu_rouge,SAFE : arret au feu rouge
95.75,310.9,0.0,SAFE,7,feu_rouge,SAFE : arret au feu rouge
95.80,310.9,0.0,SAFE,7,feu_rouge,SAFE : arret au feu rouge
95.85,310.9,0.0,SAFE,7,feu_rouge,SAFE : arret au feu rouge
95.90,310.9,0.0,SAFE,7,feu_rouge,SAFE : arret au feu rouge
95.95,310.9,0.0,SAFE,7,feu_rouge,SAFE : arret au feu rouge
96.00,310.9,0.0,SAFE,7,feu_rouge,SAFE : arret au feu rouge
96.05,310.9,0.0,SAFE,7,feu_rouge,SAFE : arret au feu rouge
96.10,310.9,0.0,SAFE,7,feu_rouge,SAFE : arret au feu rouge
96.15,310.9,0.0,SAFE,7,feu_rouge,SAFE : arret au feu rouge
96.20,310.9,0.0,SAFE,7,feu_rouge,SAFE : arret au feu rouge
96.25,310.9,0.0,SAFE,7,feu_rouge,SAFE : arret au feu rouge
96.30,310.9,0.0,SAFE,7,feu_rouge,SAFE : arret au feu rouge
96.35,310.9,0.0,SAFE,7,feu_rouge,SAFE : arret au feu rouge
96.40,310.9,0.0,SAFE,7,feu_rouge,SAFE : arret au feu rouge
96.45,310.9,0.0,SAFE,7,feu_rouge,SAFE : arret au feu rouge
96.50,310.9,0.0,SAFE,7,feu_rouge,SAFE : arret au feu rouge
96.55,310.9,0.0,SAFE,7,feu_rouge,SAFE : arret au feu rouge
96.60,310.9,0.0,SAFE,7,feu_rouge,SAFE : arret au feu rouge
96.65,310.9,0.0,SAFE,7,feu_rouge,SAFE : arret au feu rouge
96.70,310.9,0.0,SAFE,7,feu_rouge,SAFE : arret au feu rouge
96.75,310.9,0.0,SAFE,7,feu_rouge,SAFE : arret au feu rouge
96.80,310.9,0.0,SAFE,7,feu_rouge,SAFE : arret au feu rouge
96.85,310.9,0.0,SAFE,7,feu_rouge,SAFE : arret au feu rouge
96.90,310.9,0.0,SAFE,7,feu_rouge,SAFE : arret au feu rouge
96.95,310.9,0.0,SAFE,7,feu_rouge,SAFE : arret au feu rouge
97.00,310.9,0.0,SAFE,7,feu_rouge,SAFE : arret au feu rouge
97.05,310.9,0.0,SAFE,7,feu_rouge,SAFE : arret au feu rouge
97.10,310.9,0.0,SAFE,7,feu_rouge,SAFE : arret au feu rouge
97.15,310.9,0.0,SAFE,7,feu_rouge,SAFE : arret au feu rouge
97.20,310.9,0.0,SAFE,7,feu_rouge,SAFE : arret au feu rouge
97.25,310.9,0.0,SAFE,7,feu_rouge,SAFE : arret au feu rouge
97.30,310.9,0.0,SAFE,7,feu_rouge,SAFE : arret au feu rouge
97.35,310.9,0.0,SAFE,7,feu_rouge,SAFE : arret au feu rouge
97.40,310.9,0.0,SAFE,7,feu_rouge,SAFE : arret au feu rouge
97.45,310.9,0.0,SAFE,7,feu_rouge,SAFE : arret au feu rouge
97.50,310.9,0.0,SAFE,7,feu_rouge,SAFE : arret au feu rouge
97.55,310.9,0.0,SAFE,7,feu_rouge,SAFE : arret au feu rouge
97.60,310.9,0.0,SAFE,7,feu_rouge,SAFE : arret au feu rouge
97.65,310.9,0.0,SAFE,7,feu_rouge,SAFE : arret au feu rouge
97.70,310.9,0.0,SAFE,6,feu_rouge,SAFE : arret au feu rouge
97.75,310.9,0.0,SAFE,6,feu_rouge,SAFE : arret au feu rouge
97.80,310.9,0.0,SAFE,6,feu_rouge,SAFE : arret au feu rouge
97.85,310.9,0.0,SAFE,6,feu_rouge,SAFE : arret au feu rouge
97.90,310.9,0.0,SAFE,6,feu_rouge,SAFE : arret au feu rouge
97.95,310.9,0.0,SAFE,6,feu_rouge,SAFE : arret au feu rouge
98.00,310.9,0.0,SAFE,6,feu_rouge,SAFE : arret au feu rouge
98.05,310.9,0.0,SAFE,6,feu_rouge,SAFE : arret au feu rouge
98.10,310.9,0.0,SAFE,6,feu_rouge,SAFE : arret au feu rouge
98.15,310.9,0.0,SAFE,6,feu_rouge,SAFE : arret au feu rouge
98.20,310.9,0.0,SAFE,6,feu_rouge,SAFE : arret au feu rouge
98.25,310.9,0.0,SAFE,6,feu_rouge,SAFE : arret au feu rouge
98.30,310.9,0.0,SAFE,6,feu_rouge,SAFE : arret au feu rouge
98.35,310.9,0.0,SAFE,6,feu_rouge,SAFE : arret au feu rouge
98.40,310.9,0.0,SAFE,6,feu_rouge,SAFE : arret au feu rouge
98.45,310.9,0.0,SAFE,6,feu_rouge,SAFE : arret au feu rouge
98.50,310.9,0.0,SAFE,6,feu_rouge,SAFE : arret au feu rouge
98.55,310.9,0.0,SAFE,6,feu_rouge,SAFE : arret au feu rouge
98.60,310.9,0.0,SAFE,6,feu_rouge,SAFE : arret au feu rouge
98.65,310.9,0.0,SAFE,6,feu_rouge,SAFE : arret au feu rouge
98.70,310.9,0.0,SAFE,6,feu_rouge,SAFE : arret au feu rouge
98.75,310.9,0.0,SAFE,6,feu_rouge,SAFE : arret au feu rouge
98.80,310.9,0.0,SAFE,6,feu_rouge,SAFE : arret au feu rouge
98.85,310.9,0.0,SAFE,6,feu_rouge,SAFE : arret au feu rouge
98.90,310.9,0.0,SAFE,6,feu_rouge,SAFE : arret au feu rouge
98.95,310.9,0.0,SAFE,6,feu_rouge,SAFE : arret au feu rouge
99.00,310.9,0.0,SAFE,6,feu_rouge,SAFE : arret au feu rouge
99.05,310.9,0.0,SAFE,6,feu_rouge,SAFE : arret au feu rouge
99.10,310.9,0.0,SAFE,6,feu_rouge,SAFE : arret au feu rouge
99.15,310.9,0.0,SAFE,6,feu_rouge,SAFE : arret au feu rouge
99.20,310.9,0.0,SAFE,6,feu_rouge,SAFE : arret au feu rouge
99.25,310.9,0.0,SAFE,6,feu_rouge,SAFE : arret au feu rouge
99.30,310.9,0.0,SAFE,6,feu_rouge,SAFE : arret au feu rouge
99.35,310.9,0.0,SAFE,6,feu_rouge,SAFE : arret au feu rouge
99.40,310.9,0.0,SAFE,6,feu_rouge,SAFE : arret au feu rouge
99.45,310.9,0.0,SAFE,6,feu_rouge,SAFE : arret au feu rouge
99.50,310.9,0.0,SAFE,6,feu_rouge,SAFE : arret au feu rouge
99.55,310.9,0.0,SAFE,6,feu_rouge,SAFE : arret au feu rouge
99.60,310.9,0.0,SAFE,6,feu_rouge,SAFE : arret au feu rouge
99.65,310.9,0.0,SAFE,6,feu_rouge,SAFE : arret au feu rouge
99.70,310.9,0.0,SAFE,6,feu_rouge,SAFE : arret au feu rouge
99.75,310.9,0.0,SAFE,6,feu_rouge,SAFE : arret au feu rouge
99.80,310.9,0.0,SAFE,6,feu_rouge,SAFE : arret au feu rouge
99.85,310.9,0.0,SAFE,6,feu_rouge,SAFE : arret au feu rouge
99.90,310.9,0.0,SAFE,6,feu_rouge,SAFE : arret au feu rouge
99.95,310.9,0.0,SAFE,6,feu_rouge,SAFE : arret au feu rouge
100.00,310.9,0.0,SAFE,6,feu_rouge,SAFE : arret au feu rouge
100.05,310.9,0.0,SAFE,6,feu_rouge,SAFE : arret au feu rouge
100.10,310.9,0.0,SAFE,6,feu_rouge,SAFE : arret au feu rouge
100.15,310.9,0.0,SAFE,6,feu_rouge,SAFE : arret au feu rouge
100.20,310.9,0.0,SAFE,6,feu_rouge,SAFE : arret au feu rouge
100.25,310.9,0.0,SAFE,6,feu_rouge,SAFE : arret au feu rouge
100.30,310.9,0.0,SAFE,6,feu_rouge,SAFE : arret au feu rouge
100.35,310.9,0.0,SAFE,6,feu_rouge,SAFE : arret au feu rouge
100.40,310.9,0.0,SAFE,6,feu_rouge,SAFE : arret au feu rouge
100.45,310.9,0.0,SAFE,6,feu_rouge,SAFE : arret au feu rouge
100.50,310.9,0.0,SAFE,6,feu_rouge,SAFE : arret au feu rouge
100.55,310.9,0.0,SAFE,6,feu_rouge,SAFE : arret au feu rouge
100.60,310.9,0.0,SAFE,6,feu_rouge,SAFE : arret au feu rouge
100.65,310.9,0.0,SAFE,6,feu_rouge,SAFE : arret au feu rouge
100.70,310.9,0.0,SAFE,6,feu_rouge,SAFE : arret au feu rouge
100.75,310.9,0.0,SAFE,6,feu_rouge,SAFE : arret au feu rouge
100.80,310.9,0.0,SAFE,6,feu_rouge,SAFE : arret au feu rouge
100.85,310.9,0.0,SAFE,6,feu_rouge,SAFE : arret au feu rouge
100.90,310.9,0.0,SAFE,6,feu_rouge,SAFE : arret au feu rouge
100.95,310.9,0.0,SAFE,6,feu_rouge,SAFE : arret au feu rouge
101.00,310.9,0.0,SAFE,6,feu_rouge,SAFE : arret au feu rouge
101.05,310.9,0.0,SAFE,6,feu_rouge,SAFE : arret au feu rouge
101.10,310.9,0.0,SAFE,6,feu_rouge,SAFE : arret au feu rouge
101.15,310.9,0.0,SAFE,6,feu_rouge,SAFE : arret au feu rouge
101.20,310.9,0.0,SAFE,6,feu_rouge,SAFE : arret au feu rouge
101.25,310.9,0.0,SAFE,6,feu_rouge,SAFE : arret au feu rouge
101.30,310.9,0.0,SAFE,6,feu_rouge,SAFE : arret au feu rouge
101.35,310.9,0.0,SAFE,6,feu_rouge,SAFE : arret au feu rouge
101.40,310.9,0.0,SAFE,6,feu_rouge,SAFE : arret au feu rouge
101.45,310.9,0.0,SAFE,6,feu_rouge,SAFE : arret au feu rouge
101.50,310.9,0.0,SAFE,6,feu_rouge,SAFE : arret au feu rouge
101.55,310.9,0.0,SAFE,6,feu_rouge,SAFE : arret au feu rouge
101.60,310.9,0.0,SAFE,6,feu_rouge,SAFE : arret au feu rouge
101.65,310.9,0.0,SAFE,6,feu_rouge,SAFE : arret au feu rouge
101.70,310.9,0.0,SAFE,6,feu_rouge,SAFE : arret au feu rouge
101.75,310.9,0.0,SAFE,6,feu_rouge,SAFE : arret au feu rouge
101.80,310.9,0.0,SAFE,6,feu_rouge,SAFE : arret au feu rouge
101.85,310.9,0.0,SAFE,6,feu_rouge,SAFE : arret au feu rouge
101.90,310.9,0.0,SAFE,6,feu_rouge,SAFE : arret au feu rouge
101.95,310.9,0.0,SAFE,6,feu_rouge,SAFE : arret au feu rouge
102.00,310.9,0.0,SAFE,6,feu_rouge,SAFE : arret au feu rouge
102.05,310.9,0.0,SAFE,6,feu_rouge,SAFE : arret au feu rouge
102.10,310.9,0.0,SAFE,6,feu_rouge,SAFE : arret au feu rouge
102.15,310.9,0.0,SAFE,6,feu_rouge,SAFE : arret au feu rouge
102.20,310.9,0.0,SAFE,6,feu_rouge,SAFE : arret au feu rouge
102.25,310.9,0.0,SAFE,6,feu_rouge,SAFE : arret au feu rouge
102.30,310.9,0.0,SAFE,6,feu_rouge,SAFE : arret au feu rouge
102.35,310.9,0.0,SAFE,6,feu_rouge,SAFE : arret au feu rouge
102.40,310.9,0.0,SAFE,6,feu_rouge,SAFE : arret au feu rouge
102.45,310.9,0.0,SAFE,6,feu_rouge,SAFE : arret au feu rouge
102.50,310.9,0.0,SAFE,6,feu_rouge,SAFE : arret au feu rouge
102.55,310.9,0.0,SAFE,6,feu_rouge,SAFE : arret au feu rouge
102.60,310.9,0.0,SAFE,6,feu_rouge,SAFE : arret au feu rouge
102.65,310.9,0.0,SAFE,6,feu_rouge,SAFE : arret au feu rouge
102.70,310.9,0.0,SAFE,6,feu_rouge,SAFE : arret au feu rouge
102.75,310.9,0.0,SAFE,6,feu_rouge,SAFE : arret au feu rouge
102.80,310.9,0.0,SAFE,6,feu_rouge,SAFE : arret au feu rouge
102.85,310.9,0.0,SAFE,6,feu_rouge,SAFE : arret au feu rouge
102.90,310.9,0.0,SAFE,6,feu_rouge,SAFE : arret au feu rouge
102.95,310.9,0.0,SAFE,6,feu_rouge,SAFE : arret au feu rouge
103.00,310.9,0.0,SAFE,6,feu_rouge,SAFE : arret au feu rouge
103.05,310.9,0.0,SAFE,6,feu_rouge,SAFE : arret au feu rouge
103.10,310.9,0.0,SAFE,6,feu_rouge,SAFE : arret au feu rouge
103.15,310.9,0.0,SAFE,6,feu_rouge,SAFE : arret au feu rouge
103.20,310.9,0.0,SAFE,6,feu_rouge,SAFE : arret au feu rouge
103.25,310.9,0.0,SAFE,6,feu_rouge,SAFE : arret au feu rouge
103.30,310.9,0.0,SAFE,6,feu_rouge,SAFE : arret au feu rouge
103.35,310.9,0.0,SAFE,6,feu_rouge,SAFE : arret au feu rouge
103.40,310.9,0.0,SAFE,6,feu_rouge,SAFE : arret au feu rouge
103.45,310.9,0.0,SAFE,6,feu_rouge,SAFE : arret au feu rouge
103.50,310.9,0.0,SAFE,6,feu_rouge,SAFE : arret au feu rouge
103.55,310.9,0.0,SAFE,6,feu_rouge,SAFE : arret au feu rouge
103.60,310.9,0.0,SAFE,6,feu_rouge,SAFE : arret au feu rouge
103.65,310.9,0.0,SAFE,6,feu_rouge,SAFE : arret au feu rouge
103.70,310.9,0.0,SAFE,6,feu_rouge,SAFE : arret au feu rouge
103.75,310.9,0.0,SAFE,6,feu_rouge,SAFE : arret au feu rouge
103.80,310.9,0.0,SAFE,6,feu_rouge,SAFE : arret au feu rouge
103.85,310.9,0.0,SAFE,6,feu_rouge,SAFE : arret au feu rouge
103.90,310.9,0.0,SAFE,6,feu_rouge,SAFE : arret au feu rouge
103.95,310.9,0.0,SAFE,6,feu_rouge,SAFE : arret au feu rouge
104.00,310.9,0.0,SAFE,6,feu_rouge,SAFE : arret au feu rouge
104.05,310.9,0.0,SAFE,6,feu_rouge,SAFE : arret au feu rouge
104.10,310.9,0.0,SAFE,6,feu_rouge,SAFE : arret au feu rouge
104.15,310.9,0.0,SAFE,6,feu_rouge,SAFE : arret au feu rouge
104.20,310.9,0.0,SAFE,6,feu_rouge,SAFE : arret au feu rouge
104.25,310.9,0.0,SAFE,6,feu_rouge,SAFE : arret au feu rouge
104.30,310.9,0.0,SAFE,6,feu_rouge,SAFE : arret au feu rouge
104.35,310.9,0.0,SAFE,6,feu_rouge,SAFE : arret au feu rouge
104.40,310.9,0.0,SAFE,6,feu_rouge,SAFE : arret au feu rouge
104.45,310.9,0.0,SAFE,6,feu_rouge,SAFE : arret au feu rouge
104.50,310.9,0.0,SAFE,6,feu_rouge,SAFE : arret au feu rouge
104.55,310.9,0.0,SAFE,6,feu_rouge,SAFE : arret au feu rouge
104.60,310.9,0.0,SAFE,6,feu_rouge,SAFE : arret au feu rouge
104.65,310.9,0.0,SAFE,6,feu_rouge,SAFE : arret au feu rouge
104.70,310.9,0.0,SAFE,6,feu_rouge,SAFE : arret au feu rouge
104.75,310.9,0.0,SAFE,6,feu_rouge,SAFE : arret au feu rouge
104.80,310.9,0.0,SAFE,6,feu_rouge,SAFE : arret au feu rouge
104.85,310.9,0.0,SAFE,6,feu_rouge,SAFE : arret au feu rouge
104.90,310.9,0.0,SAFE,6,feu_rouge,SAFE : arret au feu rouge
104.95,310.9,0.0,SAFE,6,feu_rouge,SAFE : arret au feu rouge
105.00,310.9,0.0,SAFE,6,feu_rouge,SAFE : arret au feu rouge
105.05,310.9,0.0,SAFE,6,feu_rouge,SAFE : arret au feu rouge
105.10,310.9,0.0,SAFE,6,feu_rouge,SAFE : arret au feu rouge
105.15,310.9,0.0,SAFE,6,feu_rouge,SAFE : arret au feu rouge
105.20,310.9,0.0,SAFE,6,feu_rouge,SAFE : arret au feu rouge
105.25,310.9,0.0,SAFE,6,feu_rouge,SAFE : arret au feu rouge
105.30,310.9,0.0,SAFE,6,feu_rouge,SAFE : arret au feu rouge
105.35,310.9,0.0,SAFE,6,feu_rouge,SAFE : arret au feu rouge
105.40,310.9,0.0,SAFE,6,feu_rouge,SAFE : arret au feu rouge
105.45,310.9,0.0,SAFE,6,feu_rouge,SAFE : arret au feu rouge
105.50,310.9,0.0,SAFE,6,feu_rouge,SAFE : arret au feu rouge
105.55,310.9,0.0,SAFE,6,feu_rouge,SAFE : arret au feu rouge
105.60,310.9,0.0,SAFE,6,feu_rouge,SAFE : arret au feu rouge
105.65,310.9,0.0,SAFE,6,feu_rouge,SAFE : arret au feu rouge
105.70,310.9,0.0,SAFE,6,feu_rouge,SAFE : arret au feu rouge
105.75,310.9,0.0,SAFE,6,feu_rouge,SAFE : arret au feu rouge
105.80,310.9,0.0,SAFE,6,feu_rouge,SAFE : arret au feu rouge
105.85,310.9,0.0,SAFE,6,feu_rouge,SAFE : arret au feu rouge
105.90,310.9,0.0,SAFE,6,feu_rouge,SAFE : arret au feu rouge
105.95,310.9,0.0,SAFE,6,feu_rouge,SAFE : arret au feu rouge
106.00,310.9,0.0,SAFE,6,feu_rouge,SAFE : arret au feu rouge
106.05,310.9,0.0,SAFE,6,feu_rouge,SAFE : arret au feu rouge
106.10,310.9,0.0,SAFE,6,feu_rouge,SAFE : arret au feu rouge
106.15,310.9,0.0,SAFE,6,feu_rouge,SAFE : arret au feu rouge
106.20,310.9,0.0,SAFE,6,feu_rouge,SAFE : arret au feu rouge
106.25,310.9,0.0,SAFE,6,feu_rouge,SAFE : arret au feu rouge
106.30,310.9,0.0,SAFE,6,feu_rouge,SAFE : arret au feu rouge
106.35,310.9,0.0,SAFE,6,feu_rouge,SAFE : arret au feu rouge
106.40,310.9,0.0,SAFE,6,feu_rouge,SAFE : arret au feu rouge
106.45,310.9,0.0,SAFE,6,feu_rouge,SAFE : arret au feu rouge
106.50,310.9,0.0,SAFE,6,feu_rouge,SAFE : arret au feu rouge
106.55,310.9,0.0,SAFE,6,feu_rouge,SAFE : arret au feu rouge
106.60,310.9,0.0,SAFE,6,feu_rouge,SAFE : arret au feu rouge
106.65,310.9,0.0,SAFE,6,feu_rouge,SAFE : arret au feu rouge
106.70,310.9,0.0,SAFE,6,feu_rouge,SAFE : arret au feu rouge
106.75,310.9,0.0,SAFE,6,feu_rouge,SAFE : arret au feu rouge
106.80,310.9,0.0,SAFE,6,feu_rouge,SAFE : arret au feu rouge
106.85,310.9,0.0,SAFE,6,feu_rouge,SAFE : arret au feu rouge
106.90,310.9,0.0,SAFE,6,feu_rouge,SAFE : arret au feu rouge
106.95,310.9,0.0,SAFE,6,feu_rouge,SAFE : arret au feu rouge
107.00,310.9,0.0,SAFE,6,feu_rouge,SAFE : arret au feu rouge
107.05,310.9,0.0,SAFE,6,feu_rouge,SAFE : arret au feu rouge
107.10,310.9,0.0,SAFE,6,feu_rouge,SAFE : arret au feu rouge
107.15,310.9,0.0,SAFE,6,feu_rouge,SAFE : arret au feu rouge
107.20,310.9,0.0,SAFE,6,feu_rouge,SAFE : arret au feu rouge
107.25,310.9,0.0,SAFE,6,feu_rouge,SAFE : arret au feu rouge
107.30,310.9,0.0,SAFE,6,feu_rouge,SAFE : arret au feu rouge
107.35,310.9,0.0,SAFE,5,feu_rouge,SAFE : arret au feu rouge
107.40,310.9,0.0,SAFE,5,feu_rouge,SAFE : arret au feu rouge
107.45,310.9,0.0,SAFE,5,feu_rouge,SAFE : arret au feu rouge
107.50,310.9,0.0,SAFE,5,feu_rouge,SAFE : arret au feu rouge
107.55,310.9,0.0,SAFE,5,feu_rouge,SAFE : arret au feu rouge
107.60,310.9,0.0,SAFE,5,feu_rouge,SAFE : arret au feu rouge
107.65,310.9,0.0,SAFE,5,feu_rouge,SAFE : arret au feu rouge
107.70,310.9,0.0,SAFE,5,feu_rouge,SAFE : arret au feu rouge
107.75,310.9,0.0,SAFE,5,feu_rouge,SAFE : arret au feu rouge
107.80,310.9,0.0,SAFE,5,feu_rouge,SAFE : arret au feu rouge
107.85,310.9,0.0,SAFE,5,feu_rouge,SAFE : arret au feu rouge
107.90,310.9,0.0,SAFE,5,feu_rouge,SAFE : arret au feu rouge
107.95,310.9,0.0,SAFE,5,feu_rouge,SAFE : arret au feu rouge
108.00,310.9,0.0,SAFE,5,feu_rouge,SAFE : arret au feu rouge
108.05,310.9,0.0,SAFE,5,feu_rouge,SAFE : arret au feu rouge
108.10,310.9,0.0,SAFE,5,feu_rouge,SAFE : arret au feu rouge
108.15,310.9,0.0,SAFE,5,feu_rouge,SAFE : arret au feu rouge
108.20,310.9,0.0,SAFE,5,feu_rouge,SAFE : arret au feu rouge
108.25,310.9,0.0,SAFE,5,feu_rouge,SAFE : arret au feu rouge
108.30,311.0,0.0,SAFE,5,feu_rouge,SAFE : arret au feu rouge
108.35,311.0,0.0,SAFE,5,feu_rouge,SAFE : arret au feu rouge
108.40,311.0,0.0,SAFE,5,feu_rouge,SAFE : arret au feu rouge
108.45,311.0,0.0,SAFE,5,feu_rouge,SAFE : arret au feu rouge
108.50,311.0,0.0,SAFE,5,feu_rouge,SAFE : arret au feu rouge
108.55,311.0,0.0,SAFE,5,feu_rouge,SAFE : arret au feu rouge
108.60,311.0,0.0,SAFE,5,feu_rouge,SAFE : arret au feu rouge
108.65,311.0,0.0,SAFE,5,feu_rouge,SAFE : arret au feu rouge
108.70,311.0,0.0,SAFE,5,feu_rouge,SAFE : arret au feu rouge
108.75,311.0,0.0,SAFE,5,feu_rouge,SAFE : arret au feu rouge
108.80,311.0,0.0,SAFE,5,feu_rouge,SAFE : arret au feu rouge
108.85,311.0,0.0,SAFE,5,feu_rouge,SAFE : arret au feu rouge
108.90,311.0,0.0,SAFE,5,feu_rouge,SAFE : arret au feu rouge
108.95,311.0,0.0,SAFE,5,feu_rouge,SAFE : arret au feu rouge
109.00,311.0,0.0,SAFE,5,feu_rouge,SAFE : arret au feu rouge
109.05,311.0,0.0,SAFE,5,feu_rouge,SAFE : arret au feu rouge
109.10,311.0,0.0,SAFE,5,feu_rouge,SAFE : arret au feu rouge
109.15,311.0,0.0,SAFE,5,feu_rouge,SAFE : arret au feu rouge
109.20,311.0,0.0,SAFE,5,feu_rouge,SAFE : arret au feu rouge
109.25,311.0,0.0,SAFE,5,feu_rouge,SAFE : arret au feu rouge
109.30,311.0,0.0,SAFE,5,feu_rouge,SAFE : arret au feu rouge
109.35,311.0,0.0,SAFE,5,feu_rouge,SAFE : arret au feu rouge
109.40,311.0,0.0,SAFE,5,feu_rouge,SAFE : arret au feu rouge
109.45,311.0,0.0,SAFE,5,feu_rouge,SAFE : arret au feu rouge
109.50,311.0,0.0,SAFE,5,feu_rouge,SAFE : arret au feu rouge
109.55,311.0,0.0,SAFE,5,feu_rouge,SAFE : arret au feu rouge
109.60,311.0,0.0,SAFE,5,feu_rouge,SAFE : arret au feu rouge
109.65,311.0,0.0,SAFE,5,feu_rouge,SAFE : arret au feu rouge
109.70,311.0,0.0,SAFE,5,feu_rouge,SAFE : arret au feu rouge
109.75,311.0,0.0,SAFE,5,feu_rouge,SAFE : arret au feu rouge
109.80,311.0,0.0,SAFE,5,feu_rouge,SAFE : arret au feu rouge
109.85,311.0,0.0,SAFE,5,feu_rouge,SAFE : arret au feu rouge
109.90,311.0,0.0,SAFE,5,feu_rouge,SAFE : arret au feu rouge
109.95,311.0,0.0,SAFE,5,feu_rouge,SAFE : arret au feu rouge
110.00,311.0,0.0,SAFE,5,feu_rouge,SAFE : arret au feu rouge
110.05,311.0,0.0,SAFE,5,feu_rouge,SAFE : arret au feu rouge
110.10,311.0,0.0,SAFE,5,feu_rouge,SAFE : arret au feu rouge
110.15,311.0,0.0,SAFE,5,feu_rouge,SAFE : arret au feu rouge
110.20,311.0,0.0,SAFE,5,feu_rouge,SAFE : arret au feu rouge
110.25,311.0,0.0,SAFE,5,feu_rouge,SAFE : arret au feu rouge
110.30,311.0,0.0,SAFE,5,feu_rouge,SAFE : arret au feu rouge
110.35,311.0,0.0,SAFE,5,feu_rouge,SAFE : arret au feu rouge
110.40,311.0,0.0,SAFE,5,feu_rouge,SAFE : arret au feu rouge
110.45,311.0,0.0,SAFE,5,feu_rouge,SAFE : arret au feu rouge
110.50,311.0,0.0,SAFE,5,feu_rouge,SAFE : arret au feu rouge
110.55,311.0,0.0,SAFE,5,feu_rouge,SAFE : arret au feu rouge
110.60,311.0,0.0,SAFE,5,feu_rouge,SAFE : arret au feu rouge
110.65,311.0,0.0,SAFE,5,feu_rouge,SAFE : arret au feu rouge
110.70,311.0,0.0,SAFE,5,feu_rouge,SAFE : arret au feu rouge
110.75,311.0,0.0,SAFE,5,feu_rouge,SAFE : arret au feu rouge
110.80,311.0,0.0,SAFE,5,feu_rouge,SAFE : arret au feu rouge
110.85,311.0,0.0,SAFE,5,feu_rouge,SAFE : arret au feu rouge
110.90,311.0,0.0,SAFE,5,feu_rouge,SAFE : arret au feu rouge
110.95,311.0,0.0,SAFE,5,feu_rouge,SAFE : arret au feu rouge
111.00,311.0,0.0,SAFE,5,feu_rouge,SAFE : arret au feu rouge
111.05,311.0,0.0,SAFE,5,feu_rouge,SAFE : arret au feu rouge
111.10,311.0,0.0,SAFE,5,feu_rouge,SAFE : arret au feu rouge
111.15,311.0,0.0,SAFE,5,feu_rouge,SAFE : arret au feu rouge
111.20,311.0,0.0,SAFE,5,feu_rouge,SAFE : arret au feu rouge
111.25,311.0,0.0,SAFE,5,feu_rouge,SAFE : arret au feu rouge
111.30,311.0,0.0,SAFE,5,feu_rouge,SAFE : arret au feu rouge
111.35,311.0,0.0,SAFE,5,feu_rouge,SAFE : arret au feu rouge
111.40,311.0,0.0,SAFE,5,feu_rouge,SAFE : arret au feu rouge
111.45,311.0,0.0,SAFE,5,feu_rouge,SAFE : arret au feu rouge
111.50,311.0,0.0,SAFE,5,feu_rouge,SAFE : arret au feu rouge
111.55,311.0,0.0,SAFE,5,feu_rouge,SAFE : arret au feu rouge
111.60,311.0,0.0,SAFE,5,feu_rouge,SAFE : arret au feu rouge
111.65,311.0,0.0,SAFE,5,feu_rouge,SAFE : arret au feu rouge
111.70,311.0,0.0,SAFE,5,feu_rouge,SAFE : arret au feu rouge
111.75,311.0,0.0,SAFE,5,feu_rouge,SAFE : arret au feu rouge
111.80,311.0,0.0,SAFE,5,feu_rouge,SAFE : arret au feu rouge
111.85,311.0,0.0,SAFE,5,feu_rouge,SAFE : arret au feu rouge
111.90,311.0,0.0,SAFE,5,feu_rouge,SAFE : arret au feu rouge
111.95,311.0,0.0,SAFE,5,feu_rouge,SAFE : arret au feu rouge
112.00,311.0,0.0,SAFE,5,feu_rouge,SAFE : arret au feu rouge
112.05,311.0,0.0,SAFE,5,feu_rouge,SAFE : arret au feu rouge
112.10,311.0,0.0,SAFE,5,feu_rouge,SAFE : arret au feu rouge
112.15,311.0,0.0,SAFE,5,feu_rouge,SAFE : arret au feu rouge
112.20,311.0,0.0,SAFE,5,feu_rouge,SAFE : arret au feu rouge
112.25,311.0,0.0,SAFE,5,feu_rouge,SAFE : arret au feu rouge
112.30,311.0,0.0,SAFE,5,feu_rouge,SAFE : arret au feu rouge
112.35,311.0,0.0,SAFE,5,feu_rouge,SAFE : arret au feu rouge
112.40,311.0,0.0,SAFE,5,feu_rouge,SAFE : arret au feu rouge
112.45,311.0,0.0,SAFE,5,feu_rouge,SAFE : arret au feu rouge
112.50,311.0,0.0,SAFE,5,feu_rouge,SAFE : arret au feu rouge
112.55,311.0,0.0,SAFE,5,feu_rouge,SAFE : arret au feu rouge
112.60,311.0,0.0,SAFE,6,feu_rouge,SAFE : arret au feu rouge
112.65,311.0,0.0,SAFE,6,,Situation maîtrisée
112.70,311.0,0.0,SAFE,6,,Situation maîtrisée
112.75,311.0,0.0,SAFE,6,,Situation maîtrisée
112.80,311.0,0.3,SAFE,6,,Situation maîtrisée
112.85,311.0,1.0,SAFE,7,,Situation maîtrisée
112.90,311.0,1.6,SAFE,7,,Situation maîtrisée
112.95,311.0,2.3,SAFE,7,,Situation maîtrisée
113.00,311.1,3.1,SAFE,7,,Situation maîtrisée
113.05,311.1,3.7,SAFE,7,,Situation maîtrisée
113.10,311.2,4.6,SAFE,7,,Situation maîtrisée
113.15,311.2,5.4,SAFE,7,,Situation maîtrisée
113.20,311.3,6.1,SAFE,7,,Situation maîtrisée
113.25,311.4,7.0,SAFE,7,,Situation maîtrisée
113.30,311.5,7.8,SAFE,7,,Situation maîtrisée
113.35,311.6,8.6,SAFE,7,,Situation maîtrisée
113.40,311.8,9.4,SAFE,7,,Situation maîtrisée
113.45,311.9,10.3,SAFE,7,moteur:physique,Situation maîtrisée
113.50,312.0,11.1,SAFE,7,moteur:physique,Situation maîtrisée
113.55,312.2,12.0,SAFE,7,moteur:physique,Situation maîtrisée
113.60,312.4,12.8,SAFE,7,moteur:physique,Situation maîtrisée
113.65,312.6,13.7,SAFE,7,moteur:physique,Situation maîtrisée
113.70,312.8,14.4,SAFE,7,moteur:physique,Situation maîtrisée
113.75,313.0,15.2,SAFE,7,moteur:physique,Situation maîtrisée
113.80,313.2,15.9,SAFE,7,moteur:physique,Situation maîtrisée
113.85,313.4,16.6,SAFE,7,moteur:physique,Situation maîtrisée
113.90,313.6,17.3,SAFE,7,moteur:physique,Situation maîtrisée
113.95,313.9,17.8,SAFE,7,moteur:physique,Situation maîtrisée
114.00,314.1,18.3,SAFE,7,moteur:physique,Situation maîtrisée
114.05,314.4,18.7,SAFE,7,moteur:physique,Situation maîtrisée
114.10,314.7,18.5,SAFE,7,moteur:physique,Situation maîtrisée
114.15,314.9,18.3,SAFE,7,moteur:physique,Situation maîtrisée
114.20,315.2,18.1,SAFE,7,moteur:physique,Situation maîtrisée
114.25,315.4,18.3,SAFE,7,moteur:physique,Situation maîtrisée
114.30,315.7,18.4,SAFE,7,moteur:physique,Situation maîtrisée
114.35,315.9,18.1,SAFE,7,moteur:physique,Situation maîtrisée
114.40,316.2,18.3,SAFE,7,moteur:physique,Situation maîtrisée
114.45,316.4,18.2,SAFE,7,moteur:physique,Situation maîtrisée
114.50,316.7,18.2,SAFE,7,moteur:physique,Situation maîtrisée
114.55,316.9,18.2,SAFE,7,moteur:physique,Situation maîtrisée
114.60,317.2,17.3,SAFE,7,moteur:physique,Situation maîtrisée
114.65,317.4,17.0,SAFE,7,moteur:physique,Situation maîtrisée
114.70,317.6,16.7,SAFE,7,moteur:physique,Situation maîtrisée
114.75,317.9,16.4,SAFE,7,moteur:physique,Situation maîtrisée
114.80,318.1,16.3,SAFE,8,moteur:physique,Situation maîtrisée
114.85,318.3,16.4,SAFE,8,moteur:physique,Situation maîtrisée
114.90,318.5,16.5,SAFE,8,moteur:physique,Situation maîtrisée
114.95,318.8,16.8,SAFE,9,moteur:physique,Situation maîtrisée
115.00,319.0,17.2,SAFE,9,moteur:physique,Situation maîtrisée
115.05,319.2,17.4,SAFE,9,moteur:physique,Situation maîtrisée
115.10,319.5,17.5,SAFE,9,,Situation maîtrisée
115.15,319.7,17.7,SAFE,9,,Situation maîtrisée
115.20,320.0,18.0,SAFE,10,,Situation maîtrisée
115.25,320.2,18.3,SAFE,10,,Situation maîtrisée
115.30,320.5,18.6,SAFE,10,,Situation maîtrisée
115.35,320.7,18.3,SAFE,10,,Situation maîtrisée
115.40,321.0,18.2,SAFE,10,,Situation maîtrisée
115.45,321.2,18.3,SAFE,10,,Situation maîtrisée
115.50,321.5,18.1,SAFE,10,,Situation maîtrisée
115.55,321.7,18.5,SAFE,10,,Situation maîtrisée
115.60,322.0,18.4,SAFE,10,,Situation maîtrisée
115.65,322.3,18.7,SAFE,10,,Situation maîtrisée
115.70,322.5,18.3,SAFE,10,,Situation maîtrisée
115.75,322.8,18.8,SAFE,10,,Situation maîtrisée
115.80,323.0,18.5,SAFE,10,,Situation maîtrisée
115.85,323.3,18.8,SAFE,10,,Situation maîtrisée
115.90,323.5,18.6,SAFE,10,,Situation maîtrisée
115.95,323.8,19.2,SAFE,10,,Situation maîtrisée
116.00,324.1,19.0,SAFE,10,moteur:physique,Situation maîtrisée
116.05,324.3,19.3,SAFE,10,moteur:physique,Situation maîtrisée
116.10,324.6,19.1,SAFE,10,moteur:physique,Situation maîtrisée
116.15,324.9,19.6,WATCH,10,moteur:physique,Ralentissez de 19 km/h  (20 -> 1 km/h)
116.20,325.1,19.3,WATCH,10,moteur:physique,Ralentissez de 19 km/h  (19 -> 1 km/h)
116.25,325.4,19.4,WATCH,10,moteur:physique,Ralentissez de 19 km/h  (19 -> 0 km/h)
116.30,325.7,18.8,WATCH,10,feu_rouge_devant,FREINEZ — conflit non évitable par la seule vitesse
116.35,325.9,18.8,WATCH,10,feu_rouge_devant,FREINEZ — conflit non évitable par la seule vitesse
116.40,326.2,18.1,WATCH,10,feu_rouge_devant,FREINEZ — conflit non évitable par la seule vitesse
116.45,326.4,18.0,WATCH,10,feu_rouge_devant,FREINEZ — conflit non évitable par la seule vitesse
116.50,326.7,17.8,WATCH,10,feu_rouge_devant,FREINEZ — conflit non évitable par la seule vitesse
116.55,326.9,17.5,WATCH,10,feu_rouge_devant,FREINEZ — conflit non évitable par la seule vitesse
116.60,327.2,17.1,WATCH,11,feu_rouge_devant,Ralentissez de 3 km/h  (17 -> 14 km/h)
116.65,327.4,16.8,WATCH,11,feu_rouge_devant,Ralentissez de 3 km/h  (17 -> 14 km/h)
116.70,327.6,16.5,WATCH,11,feu_rouge_devant,Ralentissez de 3 km/h  (16 -> 14 km/h)
116.75,327.9,16.1,WATCH,11,feu_rouge_devant,Ralentissez de 3 km/h  (16 -> 13 km/h)
116.80,328.1,15.8,WATCH,11,feu_rouge_devant,Ralentissez de 3 km/h  (16 -> 13 km/h)
116.85,328.3,15.4,WATCH,11,feu_rouge_devant,Ralentissez de 3 km/h  (15 -> 13 km/h)
116.90,328.5,15.1,WATCH,11,feu_rouge_devant,Ralentissez de 3 km/h  (15 -> 12 km/h)
116.95,328.7,14.7,WATCH,11,feu_rouge_devant,Ralentissez de 3 km/h  (15 -> 12 km/h)
117.00,328.9,14.4,WATCH,11,feu_rouge_devant,Ralentissez de 3 km/h  (14 -> 11 km/h)
117.05,329.1,14.1,WATCH,11,feu_rouge_devant,Ralentissez de 3 km/h  (14 -> 11 km/h)
117.10,329.3,13.8,WATCH,11,feu_rouge_devant,Ralentissez de 3 km/h  (14 -> 10 km/h)
117.15,329.5,13.5,WATCH,11,feu_rouge_devant,Ralentissez de 3 km/h  (13 -> 10 km/h)
117.20,329.7,13.2,WATCH,11,feu_rouge_devant,Ralentissez de 3 km/h  (13 -> 10 km/h)
117.25,329.9,12.8,WATCH,11,feu_rouge_devant,Ralentissez de 3 km/h  (13 -> 10 km/h)
117.30,330.0,12.5,WATCH,11,feu_rouge_devant,Ralentissez de 3 km/h  (13 -> 9 km/h)
117.35,330.2,12.2,WATCH,11,feu_rouge_devant,Ralentissez de 3 km/h  (12 -> 9 km/h)
117.40,330.4,11.8,WATCH,11,feu_rouge_devant,Ralentissez de 3 km/h  (12 -> 9 km/h)
117.45,330.5,11.4,WATCH,11,feu_rouge_devant,Ralentissez de 3 km/h  (11 -> 9 km/h)
117.50,330.7,11.0,WATCH,10,feu_rouge_devant,Ralentissez de 3 km/h  (11 -> 8 km/h)
117.55,330.8,10.6,WATCH,10,feu_rouge_devant,Ralentissez de 3 km/h  (11 -> 8 km/h)
117.60,331.0,10.3,WATCH,10,feu_rouge_devant,Ralentissez de 3 km/h  (10 -> 8 km/h)
117.65,331.1,9.9,WATCH,10,feu_rouge_devant,Ralentissez de 2 km/h  (10 -> 8 km/h)
117.70,331.3,9.5,WATCH,10,feu_rouge_devant,Ralentissez de 2 km/h  (10 -> 7 km/h)
117.75,331.4,9.1,WATCH,10,feu_rouge_devant,Ralentissez de 2 km/h  (9 -> 7 km/h)
117.80,331.5,8.8,WATCH,9,feu_rouge_devant,Ralentissez de 2 km/h  (9 -> 7 km/h)
117.85,331.6,8.4,WATCH,9,feu_rouge_devant,Ralentissez de 1 km/h  (8 -> 7 km/h)
117.90,331.8,8.1,WATCH,9,feu_rouge_devant,Ralentissez de 1 km/h  (8 -> 7 km/h)
117.95,331.9,7.8,WATCH,9,feu_rouge_devant,Vigilance — situation à la limite
118.00,332.0,7.4,WATCH,9,feu_rouge_devant,Vigilance — situation à la limite
118.05,332.1,7.1,WATCH,10,feu_rouge_devant,Vigilance — situation à la limite
118.10,332.2,6.8,WATCH,10,feu_rouge_devant,Vigilance — situation à la limite
118.15,332.3,5.8,SAFE,10,feu_rouge_devant,Situation maîtrisée
118.20,332.3,1.3,SAFE,10,feu_rouge_devant,Situation maîtrisée
118.25,332.3,0.0,SAFE,10,feu_rouge_devant,Situation maîtrisée
118.30,332.3,0.0,SAFE,10,feu_rouge_devant,Situation maîtrisée
118.35,332.3,0.0,SAFE,10,feu_rouge_devant,Situation maîtrisée
118.40,332.3,0.0,SAFE,10,feu_rouge_devant,Situation maîtrisée
118.45,332.3,0.0,SAFE,10,feu_rouge_devant,Situation maîtrisée
118.50,332.3,0.0,SAFE,10,feu_rouge_devant,Situation maîtrisée
118.55,332.3,0.0,SAFE,10,feu_rouge_devant,Situation maîtrisée
118.60,332.3,0.0,SAFE,10,feu_rouge_devant,Situation maîtrisée
118.65,332.3,0.0,SAFE,10,feu_rouge_devant,Situation maîtrisée
118.70,332.3,0.0,SAFE,10,feu_rouge_devant,Situation maîtrisée
118.75,332.3,0.0,SAFE,10,feu_rouge_devant,Situation maîtrisée
118.80,332.3,0.0,SAFE,10,feu_rouge_devant,Situation maîtrisée
118.85,332.3,0.0,SAFE,10,feu_rouge_devant,Situation maîtrisée
118.90,332.3,0.0,SAFE,10,feu_rouge_devant,Situation maîtrisée
118.95,332.3,0.0,SAFE,10,feu_rouge_devant,Situation maîtrisée
119.00,332.3,0.0,SAFE,10,feu_rouge_devant,Situation maîtrisée
119.05,332.3,0.0,SAFE,10,feu_rouge_devant,Situation maîtrisée
119.10,332.3,0.0,SAFE,10,feu_rouge_devant,Situation maîtrisée
119.15,332.3,0.0,SAFE,10,feu_rouge_devant,Situation maîtrisée
119.20,332.3,0.0,SAFE,10,feu_rouge_devant,Situation maîtrisée
119.25,332.3,0.0,SAFE,10,feu_rouge_devant,Situation maîtrisée
119.30,332.3,0.0,SAFE,10,feu_rouge_devant,Situation maîtrisée
119.35,332.3,0.0,SAFE,10,feu_rouge_devant,Situation maîtrisée
119.40,332.3,0.0,SAFE,10,feu_rouge_devant,Situation maîtrisée
119.45,332.3,0.0,SAFE,10,feu_rouge_devant,Situation maîtrisée
119.50,332.3,0.0,SAFE,10,feu_rouge_devant,Situation maîtrisée
119.55,332.3,0.0,SAFE,10,feu_rouge_devant,Situation maîtrisée
119.60,332.3,0.0,SAFE,10,feu_rouge_devant,Situation maîtrisée
119.65,332.3,0.0,SAFE,10,feu_rouge_devant,Situation maîtrisée
119.70,332.3,0.0,SAFE,10,feu_rouge_devant,Situation maîtrisée
119.75,332.3,0.0,SAFE,10,feu_rouge_devant,Situation maîtrisée
119.80,332.3,0.0,SAFE,10,feu_rouge_devant,Situation maîtrisée
119.85,332.3,0.0,SAFE,10,feu_rouge_devant,Situation maîtrisée
119.90,332.3,0.0,SAFE,10,feu_rouge_devant,Situation maîtrisée
119.95,332.3,0.0,SAFE,10,feu_rouge_devant,Situation maîtrisée
120.00,332.3,0.0,SAFE,10,feu_rouge_devant,Situation maîtrisée
120.05,332.3,0.0,SAFE,10,feu_rouge_devant,Situation maîtrisée
120.10,332.3,0.0,SAFE,10,feu_rouge_devant,Situation maîtrisée
120.15,332.3,0.0,SAFE,10,feu_rouge_devant,Situation maîtrisée
120.20,332.3,0.0,SAFE,10,feu_rouge_devant,Situation maîtrisée
120.25,332.3,0.0,SAFE,11,feu_rouge_devant,Situation maîtrisée
120.30,332.3,0.0,SAFE,11,feu_rouge_devant,Situation maîtrisée
120.35,332.3,0.0,SAFE,11,feu_rouge_devant,Situation maîtrisée
120.40,332.3,0.0,SAFE,11,feu_rouge_devant,Situation maîtrisée
120.45,332.3,0.0,SAFE,11,feu_rouge_devant,Situation maîtrisée
120.50,332.3,0.0,SAFE,11,feu_rouge_devant,Situation maîtrisée
120.55,332.3,0.0,SAFE,11,feu_rouge_devant,Situation maîtrisée
120.60,332.3,0.0,SAFE,11,feu_rouge_devant,Situation maîtrisée
120.65,332.3,0.0,SAFE,11,feu_rouge_devant,Situation maîtrisée
120.70,332.3,0.0,SAFE,11,feu_rouge_devant,Situation maîtrisée
120.75,332.3,0.0,SAFE,11,feu_rouge_devant,Situation maîtrisée
120.80,332.3,0.0,SAFE,11,feu_rouge_devant,Situation maîtrisée
120.85,332.3,0.0,SAFE,11,feu_rouge_devant,Situation maîtrisée
120.90,332.3,0.0,SAFE,11,feu_rouge_devant,Situation maîtrisée
120.95,332.3,0.0,SAFE,11,feu_rouge_devant,Situation maîtrisée
121.00,332.3,0.0,SAFE,11,feu_rouge_devant,Situation maîtrisée
121.05,332.3,0.0,SAFE,11,feu_rouge_devant,Situation maîtrisée
121.10,332.3,0.0,SAFE,12,feu_rouge_devant,Situation maîtrisée
121.15,332.3,0.0,SAFE,12,feu_rouge_devant,Situation maîtrisée
121.20,332.3,0.0,SAFE,12,feu_rouge_devant,Situation maîtrisée
