t,distance_parcourue_m,vitesse_kmh,niveau,n_agents_percus,raison_arret,recommandation
0.05,0.1,5.3,SAFE,7,,Situation maîtrisée
0.10,0.2,7.1,SAFE,7,,Situation maîtrisée
0.15,0.3,8.8,SAFE,7,,Situation maîtrisée
0.20,0.4,10.6,SAFE,7,,Situation maîtrisée
0.25,0.6,12.3,SAFE,7,,Situation maîtrisée
0.30,0.7,14.1,SAFE,7,,Situation maîtrisée
0.35,1.0,15.9,SAFE,7,,Situation maîtrisée
0.40,1.2,17.6,SAFE,7,,Situation maîtrisée
0.45,1.5,19.4,SAFE,7,,Situation maîtrisée
0.50,1.7,21.2,SAFE,7,,Situation maîtrisée
0.55,2.0,22.9,SAFE,7,,Situation maîtrisée
0.60,2.3,16.0,SAFE,7,,Situation maîtrisée
0.65,2.4,0.6,SAFE,7,,Situation maîtrisée
0.70,2.4,0.9,SAFE,7,,Situation maîtrisée
0.75,2.4,0.9,SAFE,7,,Situation maîtrisée
0.80,2.4,0.8,SAFE,7,,Situation maîtrisée
0.85,2.4,3.4,SAFE,7,,Situation maîtrisée
0.90,2.5,5.4,SAFE,7,,Situation maîtrisée
0.95,2.6,7.1,SAFE,7,,Situation maîtrisée
1.00,2.7,8.2,SAFE,7,,Situation maîtrisée
1.05,2.8,9.3,SAFE,7,,Situation maîtrisée
1.10,3.0,10.2,SAFE,7,,Situation maîtrisée
1.15,3.1,11.1,SAFE,7,,Situation maîtrisée
1.20,3.3,11.8,SAFE,7,,Situation maîtrisée
1.25,3.4,12.6,SAFE,7,,Situation maîtrisée
1.30,3.6,13.3,SAFE,7,,Situation maîtrisée
1.35,3.8,13.9,SAFE,7,moteur:physique,Situation maîtrisée
1.40,4.0,14.4,SAFE,7,moteur:physique,Situation maîtrisée
1.45,4.2,14.9,SAFE,7,moteur:physique,Situation maîtrisée
1.50,4.4,15.4,SAFE,7,moteur:physique,Situation maîtrisée
1.55,4.6,15.8,SAFE,8,moteur:physique,Situation maîtrisée
1.60,4.9,16.2,SAFE,8,moteur:physique,Situation maîtrisée
1.65,5.1,16.6,SAFE,8,moteur:physique,Situation maîtrisée
1.70,5.3,16.9,SAFE,8,moteur:physique,Situation maîtrisée
1.75,5.6,17.2,SAFE,8,moteur:physique,Situation maîtrisée
1.80,5.8,17.5,SAFE,8,moteur:physique,Situation maîtrisée
1.85,6.0,17.7,SAFE,8,moteur:physique,Situation maîtrisée
1.90,6.3,17.9,SAFE,8,,Situation maîtrisée
1.95,6.5,18.2,SAFE,8,,Situation maîtrisée
2.00,6.8,18.1,SAFE,8,,Situation maîtrisée
2.05,7.0,18.3,SAFE,8,,Situation maîtrisée
2.10,7.3,17.9,SAFE,8,,Situation maîtrisée
2.15,7.5,18.3,SAFE,8,,Situation maîtrisée
2.20,7.8,17.9,SAFE,8,,Situation maîtrisée
2.25,8.1,18.4,SAFE,8,,Situation maîtrisée
2.30,8.3,18.0,SAFE,8,,Situation maîtrisée
2.35,8.6,18.5,SAFE,7,,Situation maîtrisée
2.40,8.8,18.3,SAFE,7,,Situation maîtrisée
2.45,9.1,18.2,SAFE,7,,Situation maîtrisée
2.50,9.3,18.0,SAFE,7,,Situation maîtrisée
2.55,9.6,18.6,SAFE,7,,Situation maîtrisée
2.60,9.8,18.6,SAFE,7,,Situation maîtrisée
2.65,10.1,18.5,SAFE,7,,Situation maîtrisée
2.70,10.3,18.3,SAFE,7,,Situation maîtrisée
2.75,10.6,18.4,SAFE,7,,Situation maîtrisée
2.80,10.9,18.2,SAFE,7,,Situation maîtrisée
2.85,11.1,18.3,SAFE,7,,Situation maîtrisée
2.90,11.4,18.2,SAFE,7,,Situation maîtrisée
2.95,11.6,18.3,SAFE,7,,Situation maîtrisée
3.00,11.9,18.2,SAFE,7,,Situation maîtrisée
3.05,12.1,18.4,SAFE,7,,Situation maîtrisée
3.10,12.4,18.3,SAFE,7,,Situation maîtrisée
3.15,12.6,18.4,SAFE,7,,Situation maîtrisée
3.20,12.9,18.4,SAFE,7,,Situation maîtrisée
3.25,13.1,18.5,SAFE,7,,Situation maîtrisée
3.30,13.4,18.5,SAFE,7,,Situation maîtrisée
3.35,13.7,18.6,SAFE,7,,Situation maîtrisée
3.40,13.9,18.5,SAFE,7,,Situation maîtrisée
3.45,14.2,18.7,SAFE,7,,Situation maîtrisée
3.50,14.4,18.6,SAFE,7,,Situation maîtrisée
3.55,14.7,18.7,SAFE,7,,Situation maîtrisée
3.60,15.0,18.7,SAFE,7,,Situation maîtrisée
3.65,15.2,18.8,SAFE,7,,Situation maîtrisée
3.70,15.5,18.7,SAFE,7,moteur:physique,Situation maîtrisée
3.75,15.7,18.8,SAFE,7,moteur:physique,Situation maîtrisée
3.80,16.0,18.8,SAFE,7,moteur:physique,Situation maîtrisée
3.85,16.3,18.9,SAFE,7,moteur:physique,Situation maîtrisée
3.90,16.5,18.8,SAFE,7,moteur:physique,Situation maîtrisée
3.95,16.8,18.9,SAFE,7,moteur:physique,Situation maîtrisée
4.00,17.0,18.9,SAFE,7,moteur:physique,Situation maîtrisée
4.05,17.3,19.0,SAFE,7,moteur:physique,Situation maîtrisée
4.10,17.6,18.9,SAFE,7,,Situation maîtrisée
4.15,17.8,19.0,SAFE,7,,Situation maîtrisée
4.20,18.1,19.0,SAFE,7,,Situation maîtrisée
4.25,18.4,19.1,SAFE,7,,Situation maîtrisée
4.30,18.6,19.0,SAFE,7,,Situation maîtrisée
4.35,18.9,19.1,SAFE,7,,Situation maîtrisée
4.40,19.2,19.0,SAFE,7,,Situation maîtrisée
4.45,19.4,19.1,SAFE,6,,Situation maîtrisée
4.50,19.7,19.0,SAFE,6,,Situation maîtrisée
4.55,19.9,19.1,SAFE,6,,Situation maîtrisée
4.60,20.2,19.1,SAFE,6,,Situation maîtrisée
4.65,20.5,19.2,SAFE,6,,Situation maîtrisée
4.70,20.7,19.1,SAFE,5,,Situation maîtrisée
4.75,21.0,19.2,SAFE,5,,Situation maîtrisée
4.80,21.3,19.1,SAFE,5,,Situation maîtrisée
4.85,21.5,19.2,SAFE,5,,Situation maîtrisée
4.90,21.8,19.2,SAFE,5,,Situation maîtrisée
4.95,22.1,19.2,SAFE,5,,Situation maîtrisée
5.00,22.3,19.2,SAFE,5,,Situation maîtrisée
5.05,22.6,19.3,SAFE,5,,Situation maîtrisée
5.10,22.9,19.2,SAFE,5,,Situation maîtrisée
5.15,23.1,19.3,SAFE,5,,Situation maîtrisée
5.20,23.4,19.2,SAFE,5,,Situation maîtrisée
5.25,23.7,19.3,SAFE,5,moteur:physique,Situation maîtrisée
5.30,23.9,19.2,SAFE,5,moteur:physique,Situation maîtrisée
5.35,24.2,19.3,SAFE,5,moteur:physique,Situation maîtrisée
5.40,24.5,19.3,SAFE,5,moteur:physique,Situation maîtrisée
5.45,24.7,19.4,SAFE,5,moteur:physique,Situation maîtrisée
5.50,25.0,19.3,SAFE,5,moteur:physique,Situation maîtrisée
5.55,25.3,19.4,SAFE,5,moteur:physique,Situation maîtrisée
5.60,25.5,19.3,SAFE,5,moteur:physique,Situation maîtrisée
5.65,25.8,19.4,SAFE,5,moteur:physique,Situation maîtrisée
5.70,26.1,19.3,SAFE,5,moteur:physique,Situation maîtrisée
5.75,26.4,19.4,SAFE,5,moteur:physique,Situation maîtrisée
5.80,26.6,19.3,SAFE,5,moteur:physique,Situation maîtrisée
5.85,26.9,19.4,SAFE,5,moteur:physique,Situation maîtrisée
5.90,27.2,19.4,SAFE,5,moteur:physique,Situation maîtrisée
5.95,27.4,19.5,SAFE,5,moteur:physique,Situation maîtrisée
6.00,27.7,19.4,SAFE,5,moteur:physique,Situation maîtrisée
6.05,28.0,19.5,SAFE,5,moteur:physique,Situation maîtrisée
6.10,28.2,19.4,SAFE,5,moteur:physique,Situation maîtrisée
6.15,28.5,19.5,SAFE,5,moteur:physique,Situation maîtrisée
6.20,28.8,19.4,SAFE,4,moteur:physique,Situation maîtrisée
6.25,29.1,19.5,SAFE,4,moteur:physique,Situation maîtrisée
6.30,29.3,19.5,SAFE,4,moteur:physique,Situation maîtrisée
6.35,29.6,19.6,SAFE,4,moteur:physique,Situation maîtrisée
6.40,29.9,19.5,SAFE,4,moteur:physique,Situation maîtrisée
6.45,30.1,19.6,SAFE,4,moteur:physique,Situation maîtrisée
6.50,30.4,19.5,SAFE,4,moteur:physique,Situation maîtrisée
6.55,30.7,19.6,SAFE,4,moteur:physique,Situation maîtrisée
6.60,31.0,19.5,SAFE,4,moteur:physique,Situation maîtrisée
6.65,31.2,19.6,SAFE,4,moteur:physique,Situation maîtrisée
6.70,31.5,19.5,SAFE,4,moteur:physique,Situation maîtrisée
6.75,31.8,19.6,SAFE,4,moteur:physique,Situation maîtrisée
6.80,32.0,19.6,SAFE,4,moteur:physique,Situation maîtrisée
6.85,32.3,19.7,SAFE,4,moteur:physique,Situation maîtrisée
6.90,32.6,19.6,SAFE,3,moteur:physique,Situation maîtrisée
6.95,32.9,19.7,SAFE,3,moteur:physique,Situation maîtrisée
7.00,33.1,19.6,SAFE,2,moteur:physique,Situation maîtrisée
7.05,33.4,19.7,SAFE,2,moteur:physique,Situation maîtrisée
7.10,33.7,19.6,SAFE,2,moteur:physique,Situation maîtrisée
7.15,33.9,19.7,SAFE,2,moteur:physique,Situation maîtrisée
7.20,34.2,19.6,SAFE,2,moteur:physique,Situation maîtrisée
7.25,34.5,19.7,SAFE,2,moteur:physique,Situation maîtrisée
7.30,34.8,19.7,SAFE,2,moteur:physique,Situation maîtrisée
7.35,35.0,19.8,SAFE,2,moteur:physique,Situation maîtrisée
7.40,35.3,19.7,SAFE,2,moteur:physique,Situation maîtrisée
7.45,35.6,19.8,SAFE,2,moteur:physique,Situation maîtrisée
7.50,35.9,19.7,SAFE,2,moteur:physique,Situation maîtrisée
7.55,36.1,19.8,SAFE,2,moteur:physique,Situation maîtrisée
7.60,36.4,19.7,SAFE,2,moteur:physique,Situation maîtrisée
7.65,36.7,19.8,SAFE,2,moteur:physique,Situation maîtrisée
7.70,37.0,19.8,SAFE,2,moteur:physique,Situation maîtrisée
7.75,37.2,19.9,SAFE,2,moteur:physique,Situation maîtrisée
7.80,37.5,19.8,SAFE,2,moteur:physique,Situation maîtrisée
7.85,37.8,19.9,SAFE,2,moteur:physique,Situation maîtrisée
7.90,38.1,19.8,SAFE,2,moteur:physique,Situation maîtrisée
7.95,38.3,19.9,SAFE,2,moteur:physique,Situation maîtrisée
8.00,38.6,19.8,SAFE,2,moteur:physique,Situation maîtrisée
8.05,38.9,19.9,SAFE,2,moteur:physique,Situation maîtrisée
8.10,39.2,19.8,SAFE,2,moteur:physique,Situation maîtrisée
8.15,39.4,19.9,SAFE,2,moteur:physique,Situation maîtrisée
8.20,39.7,19.9,SAFE,2,moteur:physique,Situation maîtrisée
8.25,40.0,20.0,SAFE,2,moteur:physique,Situation maîtrisée
8.30,40.3,19.9,SAFE,2,moteur:physique,Situation maîtrisée
8.35,40.5,20.0,SAFE,2,moteur:physique,Situation maîtrisée
8.40,40.8,19.9,SAFE,3,moteur:physique,Situation maîtrisée
8.45,41.1,20.0,SAFE,3,moteur:physique,Situation maîtrisée
8.50,41.4,19.9,SAFE,3,moteur:physique,Situation maîtrisée
8.55,41.7,20.0,SAFE,3,moteur:physique,Situation maîtrisée
8.60,41.9,19.9,SAFE,3,moteur:physique,Situation maîtrisée
8.65,42.2,20.0,SAFE,3,moteur:physique,Situation maîtrisée
8.70,42.5,20.0,SAFE,3,moteur:physique,Situation maîtrisée
8.75,42.8,20.1,SAFE,3,moteur:physique,Situation maîtrisée
8.80,43.0,20.0,SAFE,3,moteur:physique,Situation maîtrisée
8.85,43.3,20.1,SAFE,3,,Situation maîtrisée
8.90,43.6,20.0,SAFE,3,,Situation maîtrisée
8.95,43.9,20.1,SAFE,3,,Situation maîtrisée
9.00,44.2,20.0,SAFE,3,,Situation maîtrisée
9.05,44.4,20.1,SAFE,3,,Situation maîtrisée
9.10,44.7,20.0,SAFE,4,,Situation maîtrisée
9.15,45.0,20.1,SAFE,4,,Situation maîtrisée
9.20,45.3,20.1,SAFE,4,,Situation maîtrisée
9.25,45.6,20.1,SAFE,5,,Situation maîtrisée
9.30,45.8,20.1,SAFE,5,,Situation maîtrisée
9.35,46.1,20.2,SAFE,5,,Situation maîtrisée
9.40,46.4,20.1,SAFE,5,,Situation maîtrisée
9.45,46.7,20.2,SAFE,5,,Situation maîtrisée
9.50,46.9,20.1,SAFE,5,,Situation maîtrisée
9.55,47.2,20.2,SAFE,5,,Situation maîtrisée
9.60,47.5,20.1,SAFE,5,,Situation maîtrisée
9.65,47.8,20.2,SAFE,5,,Situation maîtrisée
9.70,48.1,20.1,SAFE,5,,Situation maîtrisée
9.75,48.3,20.2,SAFE,5,,Situation maîtrisée
9.80,48.6,20.1,SAFE,5,,Situation maîtrisée
9.85,48.9,20.2,SAFE,5,,Situation maîtrisée
9.90,49.2,20.1,SAFE,5,,Situation maîtrisée
9.95,49.5,20.2,SAFE,5,,Situation maîtrisée
10.00,49.7,20.1,SAFE,5,,Situation maîtrisée
10.05,50.0,20.2,SAFE,5,,Situation maîtrisée
10.10,50.3,20.1,SAFE,5,,Situation maîtrisée
10.15,50.6,20.2,SAFE,5,,Situation maîtrisée
10.20,50.9,20.1,SAFE,5,,Situation maîtrisée
10.25,51.1,20.2,SAFE,5,,Situation maîtrisée
10.30,51.4,20.1,SAFE,5,,Situation maîtrisée
10.35,51.7,20.2,SAFE,5,,Situation maîtrisée
10.40,52.0,20.2,SAFE,6,,Situation maîtrisée
10.45,52.3,20.2,SAFE,6,,Situation maîtrisée
10.50,52.6,20.2,SAFE,6,,Situation maîtrisée
10.55,52.8,20.2,SAFE,6,,Situation maîtrisée
10.60,53.1,20.2,SAFE,6,,Situation maîtrisée
10.65,53.4,20.2,SAFE,6,,Situation maîtrisée
10.70,53.7,20.2,SAFE,6,,Situation maîtrisée
10.75,54.0,20.2,SAFE,6,,Situation maîtrisée
10.80,54.2,20.2,SAFE,6,,Situation maîtrisée
10.85,54.5,20.2,SAFE,6,,Situation maîtrisée
10.90,54.8,20.2,SAFE,6,,Situation maîtrisée
10.95,55.1,20.2,SAFE,6,,Situation maîtrisée
11.00,55.4,20.2,SAFE,6,,Situation maîtrisée
11.05,55.6,20.2,SAFE,8,,Situation maîtrisée
11.10,55.9,20.2,SAFE,8,,Situation maîtrisée
11.15,56.2,20.2,SAFE,8,,Situation maîtrisée
11.20,56.5,20.2,SAFE,8,,Situation maîtrisée
11.25,56.8,20.2,SAFE,8,,Situation maîtrisée
11.30,57.0,20.2,SAFE,8,,Situation maîtrisée
11.35,57.3,20.2,SAFE,8,,Situation maîtrisée
11.40,57.6,20.2,SAFE,8,,Situation maîtrisée
11.45,57.9,20.2,SAFE,8,,Situation maîtrisée
11.50,58.2,20.2,SAFE,8,,Situation maîtrisée
11.55,58.4,20.2,SAFE,8,,Situation maîtrisée
11.60,58.7,20.2,SAFE,8,,Situation maîtrisée
11.65,59.0,20.2,SAFE,8,,Situation maîtrisée
11.70,59.3,20.2,SAFE,8,,Situation maîtrisée
11.75,59.6,20.2,SAFE,8,,Situation maîtrisée
11.80,59.8,20.2,SAFE,8,,Situation maîtrisée
11.85,60.1,20.2,SAFE,9,,Situation maîtrisée
11.90,60.4,20.2,SAFE,9,,Situation maîtrisée
11.95,60.7,20.2,SAFE,9,,Situation maîtrisée
12.00,61.0,20.2,SAFE,9,,Situation maîtrisée
12.05,61.2,20.2,SAFE,9,,Situation maîtrisée
12.10,61.5,20.2,SAFE,9,,Situation maîtrisée
12.15,61.8,20.2,SAFE,9,,Situation maîtrisée
12.20,62.1,20.2,SAFE,9,,Situation maîtrisée
12.25,62.4,20.2,SAFE,9,,Situation maîtrisée
12.30,62.7,20.2,SAFE,9,,Situation maîtrisée
12.35,62.9,20.2,SAFE,9,,Situation maîtrisée
12.40,63.2,20.3,SAFE,9,,Situation maîtrisée
12.45,63.5,20.3,SAFE,9,,Situation maîtrisée
12.50,63.8,20.3,SAFE,9,,Situation maîtrisée
12.55,64.1,20.4,SAFE,9,,Situation maîtrisée
12.60,64.3,20.4,SAFE,9,,Situation maîtrisée
12.65,64.6,20.4,SAFE,9,,Situation maîtrisée
12.70,64.9,20.3,SAFE,9,,Situation maîtrisée
12.75,65.2,20.3,SAFE,9,,Situation maîtrisée
12.80,65.5,20.2,SAFE,9,,Situation maîtrisée
12.85,65.8,20.3,SAFE,9,,Situation maîtrisée
12.90,66.0,20.2,SAFE,10,,Situation maîtrisée
12.95,66.3,20.4,SAFE,10,,Situation maîtrisée
13.00,66.6,20.3,SAFE,10,,Situation maîtrisée
13.05,66.9,20.4,SAFE,10,,Situation maîtrisée
13.10,67.2,20.3,SAFE,10,,Situation maîtrisée
13.15,67.4,20.7,SAFE,10,,Situation maîtrisée
13.20,67.7,20.4,SAFE,10,,Situation maîtrisée
13.25,68.0,20.9,SAFE,10,,Situation maîtrisée
13.30,68.3,20.5,SAFE,10,,Situation maîtrisée
13.35,68.6,21.1,SAFE,10,,Situation maîtrisée
13.40,68.9,20.7,SAFE,10,,Situation maîtrisée
13.45,69.2,21.1,SAFE,10,,Situation maîtrisée
13.50,69.5,20.6,SAFE,10,,Situation maîtrisée
13.55,69.8,21.1,SAFE,10,,Situation maîtrisée
13.60,70.0,20.7,SAFE,10,,Situation maîtrisée
13.65,70.3,21.1,SAFE,10,,Situation maîtrisée
13.70,70.6,20.6,SAFE,10,,Situation maîtrisée
13.75,70.9,21.1,SAFE,10,,Situation maîtrisée
13.80,71.2,20.7,SAFE,10,,Situation maîtrisée
13.85,71.5,21.0,SAFE,10,,Situation maîtrisée
13.90,71.8,20.5,SAFE,10,,Situation maîtrisée
13.95,72.1,21.0,SAFE,10,,Situation maîtrisée
14.00,72.4,20.6,SAFE,10,,Situation maîtrisée
14.05,72.6,21.0,SAFE,10,,Situation maîtrisée
14.10,72.9,20.5,SAFE,10,,Situation maîtrisée
14.15,73.2,21.0,SAFE,10,,Situation maîtrisée
14.20,73.5,20.6,SAFE,10,,Situation maîtrisée
14.25,73.8,20.9,SAFE,10,moteur:physique,Situation maîtrisée
14.30,74.1,20.4,SAFE,10,moteur:physique,Situation maîtrisée
14.35,74.4,20.9,SAFE,10,moteur:physique,Situation maîtrisée
14.40,74.7,20.5,SAFE,10,moteur:physique,Situation maîtrisée
14.45,74.9,20.9,SAFE,10,moteur:physique,Situation maîtrisée
14.50,75.2,20.4,SAFE,10,moteur:physique,Situation maîtrisée
14.55,75.5,20.9,SAFE,10,moteur:physique,Situation maîtrisée
14.60,75.8,20.5,SAFE,10,,Situation maîtrisée
14.65,76.1,20.8,SAFE,10,,Situation maîtrisée
14.70,76.4,20.3,SAFE,10,,Situation maîtrisée
14.75,76.7,20.8,SAFE,10,,Situation maîtrisée
14.80,77.0,20.4,SAFE,11,,Situation maîtrisée
14.85,77.2,20.8,SAFE,11,,Situation maîtrisée
14.90,77.5,20.3,SAFE,11,,Situation maîtrisée
14.95,77.8,20.8,SAFE,11,,Situation maîtrisée
15.00,78.1,20.4,SAFE,10,,Situation maîtrisée
15.05,78.4,20.8,SAFE,10,,Situation maîtrisée
15.10,78.7,20.3,SAFE,10,,Situation maîtrisée
15.15,79.0,20.8,SAFE,10,,Situation maîtrisée
15.20,79.2,20.4,SAFE,10,,Situation maîtrisée
15.25,79.5,20.7,SAFE,10,feu_rouge,SAFE : arret au feu rouge
15.30,79.8,20.2,SAFE,10,feu_rouge,SAFE : arret au feu rouge
15.35,80.1,20.3,SAFE,10,feu_rouge,SAFE : arret au feu rouge
15.40,80.4,19.2,SAFE,10,feu_rouge,SAFE : arret au feu rouge
15.45,80.6,16.6,SAFE,10,feu_rouge,SAFE : arret au feu rouge
15.50,80.8,11.7,SAFE,10,feu_rouge,SAFE : arret au feu rouge
15.55,80.9,6.9,SAFE,10,feu_rouge,SAFE : arret au feu rouge
15.60,81.0,2.2,SAFE,10,feu_rouge,SAFE : arret au feu rouge
15.65,81.0,0.0,SAFE,10,feu_rouge,SAFE : arret au feu rouge
15.70,81.0,0.0,SAFE,10,feu_rouge,SAFE : arret au feu rouge
15.75,81.0,0.0,SAFE,10,feu_rouge,SAFE : arret au feu rouge
15.80,81.0,0.3,SAFE,10,proximite:collision_imminente,SAFE : arret au feu rouge
15.85,81.0,0.0,SAFE,11,proximite:collision_imminente,SAFE : arret au feu rouge
15.90,81.0,0.0,SAFE,11,proximite:collision_imminente,SAFE : arret au feu rouge
15.95,81.0,0.0,SAFE,11,proximite:collision_imminente,SAFE : arret au feu rouge
16.00,81.0,0.0,SAFE,11,proximite:collision_imminente,SAFE : arret au feu rouge
16.05,81.0,0.0,SAFE,11,proximite:collision_imminente,SAFE : arret au feu rouge
16.10,81.0,0.0,SAFE,11,proximite:collision_imminente,SAFE : arret au feu rouge
16.15,81.0,0.0,SAFE,11,proximite:contact,SAFE : arret au feu rouge
16.20,81.0,0.0,SAFE,10,proximite:contact,SAFE : arret au feu rouge
16.25,81.0,0.0,CRITICAL,10,proximite:contact,Vigilance — situation à la limite
16.30,81.0,0.0,CRITICAL,10,proximite:contact,Vigilance — situation à la limite
16.35,81.0,0.0,CRITICAL,10,proximite:contact,Vigilance — situation à la limite
16.40,81.0,0.0,CRITICAL,10,proximite:contact,Vigilance — situation à la limite
16.45,81.0,0.0,CRITICAL,10,proximite:contact,Vigilance — situation à la limite
16.50,81.0,0.0,CRITICAL,10,proximite:contact,Vigilance — situation à la limite
16.55,81.0,0.1,CRITICAL,10,proximite:contact,Vigilance — situation à la limite
16.60,81.0,0.1,CRITICAL,10,proximite:contact,Vigilance — situation à la limite
16.65,81.0,0.1,CRITICAL,10,proximite:contact,Vigilance — situation à la limite
16.70,81.0,0.1,CRITICAL,9,proximite:contact,Vigilance — situation à la limite
16.75,81.0,0.1,CRITICAL,9,proximite:contact,Vigilance — situation à la limite
16.80,81.0,0.1,CRITICAL,9,proximite:contact,Vigilance — situation à la limite
16.85,81.0,0.1,CRITICAL,9,proximite:contact,Vigilance — situation à la limite
16.90,81.0,0.0,SAFE,9,proximite:contact,SAFE : arret au feu rouge
16.95,81.0,0.1,SAFE,9,proximite:contact,SAFE : arret au feu rouge
17.00,81.0,0.0,SAFE,9,proximite:contact,SAFE : arret au feu rouge
17.05,81.0,0.0,SAFE,9,proximite:contact,SAFE : arret au feu rouge
17.10,81.0,0.0,SAFE,9,proximite:contact,SAFE : arret au feu rouge
17.15,81.0,0.0,SAFE,9,proximite:contact,SAFE : arret au feu rouge
17.20,81.0,0.0,SAFE,9,proximite:contact,SAFE : arret au feu rouge
17.25,81.0,0.0,SAFE,9,proximite:contact,SAFE : arret au feu rouge
17.30,81.0,0.0,SAFE,9,proximite:contact,SAFE : arret au feu rouge
17.35,81.0,0.0,SAFE,9,proximite:contact,SAFE : arret au feu rouge
17.40,81.0,0.0,SAFE,9,proximite:contact,SAFE : arret au feu rouge
17.45,81.0,0.0,SAFE,9,proximite:collision_imminente,SAFE : arret au feu rouge
17.50,81.0,0.0,SAFE,9,proximite:collision_imminente,SAFE : arret au feu rouge
17.55,81.0,0.0,SAFE,9,proximite:collision_imminente,SAFE : arret au feu rouge
17.60,81.0,0.0,SAFE,9,proximite:collision_imminente,SAFE : arret au feu rouge
17.65,81.0,0.0,SAFE,9,proximite:collision_imminente,SAFE : arret au feu rouge
17.70,81.0,0.0,SAFE,9,proximite:collision_imminente,SAFE : arret au feu rouge
17.75,81.0,0.0,SAFE,9,proximite:collision_imminente,SAFE : arret au feu rouge
17.80,81.0,0.0,SAFE,9,proximite:collision_imminente,SAFE : arret au feu rouge
17.85,81.0,0.0,SAFE,9,proximite:collision_imminente,SAFE : arret au feu rouge
17.90,81.0,0.0,SAFE,9,proximite:collision_imminente,SAFE : arret au feu rouge
17.95,81.0,0.0,SAFE,9,proximite:collision_imminente,SAFE : arret au feu rouge
18.00,81.0,0.0,SAFE,9,proximite:collision_imminente,SAFE : arret au feu rouge
18.05,81.0,0.0,SAFE,9,proximite:collision_imminente,SAFE : arret au feu rouge
18.10,81.0,0.0,SAFE,9,proximite:collision_imminente,SAFE : arret au feu rouge
18.15,81.0,0.0,SAFE,9,proximite:collision_imminente,SAFE : arret au feu rouge
18.20,81.0,0.0,SAFE,9,proximite:collision_imminente,SAFE : arret au feu rouge
18.25,81.0,0.0,SAFE,9,proximite:collision_imminente,SAFE : arret au feu rouge
18.30,81.0,0.0,SAFE,9,proximite:collision_imminente,SAFE : arret au feu rouge
18.35,81.0,0.0,SAFE,9,proximite:collision_imminente,SAFE : arret au feu rouge
18.40,81.0,0.0,SAFE,9,proximite:collision_imminente,SAFE : arret au feu rouge
18.45,81.0,0.0,SAFE,9,proximite:collision_imminente,SAFE : arret au feu rouge
18.50,81.0,0.0,SAFE,9,proximite:collision_imminente,SAFE : arret au feu rouge
18.55,81.0,0.0,SAFE,9,proximite:collision_imminente,SAFE : arret au feu rouge
18.60,81.0,0.0,SAFE,9,proximite:collision_imminente,SAFE : arret au feu rouge
18.65,81.0,0.0,SAFE,9,proximite:collision_imminente,SAFE : arret au feu rouge
18.70,81.0,0.0,SAFE,9,proximite:collision_imminente,SAFE : arret au feu rouge
18.75,81.0,0.0,SAFE,9,proximite:collision_imminente,SAFE : arret au feu rouge
18.80,81.0,0.0,SAFE,9,proximite:collision_imminente,SAFE : arret au feu rouge
18.85,81.0,0.0,SAFE,9,proximite:collision_imminente,SAFE : arret au feu rouge
18.90,81.0,0.0,SAFE,9,proximite:collision_imminente,SAFE : arret au feu rouge
18.95,81.0,0.0,SAFE,9,proximite:collision_imminente,SAFE : arret au feu rouge
19.00,81.0,0.0,SAFE,9,proximite:collision_imminente,SAFE : arret au feu rouge
19.05,81.0,0.0,SAFE,9,proximite:collision_imminente,SAFE : arret au feu rouge
19.10,81.0,0.0,SAFE,9,proximite:collision_imminente,SAFE : arret au feu rouge
19.15,81.0,0.0,SAFE,9,proximite:collision_imminente,SAFE : arret au feu rouge
19.20,81.0,0.0,SAFE,9,proximite:collision_imminente,SAFE : arret au feu rouge
19.25,81.0,0.0,SAFE,9,proximite:collision_imminente,SAFE : arret au feu rouge
19.30,81.0,0.0,SAFE,9,proximite:collision_imminente,SAFE : arret au feu rouge
19.35,81.0,0.0,SAFE,9,proximite:collision_imminente,SAFE : arret au feu rouge
19.40,81.0,0.0,SAFE,9,proximite:collision_imminente,SAFE : arret au feu rouge
19.45,81.0,0.0,SAFE,9,proximite:collision_imminente,SAFE : arret au feu rouge
19.50,81.0,0.0,SAFE,9,proximite:collision_imminente,SAFE : arret au feu rouge
19.55,81.0,0.0,SAFE,9,proximite:collision_imminente,SAFE : arret au feu rouge
19.60,81.0,0.0,CRITICAL,9,proximite:collision_imminente,Vigilance — situation à la limite
19.65,81.0,0.0,CRITICAL,9,proximite:collision_imminente,Vigilance — situation à la limite
19.70,81.0,0.0,CRITICAL,9,proximite:collision_imminente,Vigilance — situation à la limite
19.75,81.0,0.0,CRITICAL,9,proximite:collision_imminente,Vigilance — situation à la limite
19.80,81.0,0.0,CRITICAL,9,proximite:collision_imminente,Vigilance — situation à la limite
19.85,81.0,0.0,CRITICAL,9,proximite:collision_imminente,Vigilance — situation à la limite
19.90,81.0,0.0,CRITICAL,9,proximite:collision_imminente,FREINEZ — conflit non évitable par la seule vitesse
19.95,81.0,0.0,WATCH,9,proximite:collision_imminente,FREINEZ — conflit non évitable par la seule vitesse
20.00,81.0,0.0,WATCH,9,proximite:collision_imminente,FREINEZ — conflit non évitable par la seule vitesse
20.05,81.0,0.0,SAFE,9,proximite:collision_imminente,SAFE : arret au feu rouge
20.10,81.0,0.0,SAFE,9,proximite:collision_imminente,SAFE : arret au feu rouge
20.15,81.0,0.0,SAFE,9,proximite:collision_imminente,SAFE : arret au feu rouge
20.20,81.0,0.0,SAFE,9,proximite:collision_imminente,SAFE : arret au feu rouge
20.25,81.0,0.0,SAFE,9,proximite:collision_imminente,SAFE : arret au feu rouge
20.30,81.0,0.0,SAFE,9,proximite:collision_imminente,SAFE : arret au feu rouge
20.35,81.0,0.0,SAFE,9,proximite:collision_imminente,SAFE : arret au feu rouge
20.40,81.0,0.0,SAFE,9,proximite:collision_imminente,SAFE : arret au feu rouge
20.45,81.0,0.0,SAFE,9,proximite:collision_imminente,SAFE : arret au feu rouge
20.50,81.0,0.0,SAFE,9,proximite:collision_imminente,SAFE : arret au feu rouge
20.55,81.0,0.0,SAFE,9,proximite:collision_imminente,SAFE : arret au feu rouge
20.60,81.0,0.0,SAFE,9,proximite:collision_imminente,SAFE : arret au feu rouge
20.65,81.0,0.0,SAFE,9,proximite:collision_imminente,SAFE : arret au feu rouge
20.70,81.0,0.0,SAFE,9,proximite:collision_imminente,SAFE : arret au feu rouge
20.75,81.0,0.0,SAFE,9,proximite:collision_imminente,SAFE : arret au feu rouge
20.80,81.0,0.0,CRITICAL,9,proximite:collision_imminente,Vigilance — situation à la limite
20.85,81.0,0.0,CRITICAL,9,proximite:collision_imminente,Vigilance — situation à la limite
20.90,81.0,0.0,CRITICAL,9,proximite:collision_imminente,Vigilance — situation à la limite
20.95,81.0,0.0,CRITICAL,9,proximite:collision_imminente,Vigilance — situation à la limite
21.00,81.0,0.0,CRITICAL,9,proximite:collision_imminente,Vigilance — situation à la limite
21.05,81.0,0.0,CRITICAL,9,proximite:collision_imminente,Vigilance — situation à la limite
21.10,81.0,0.0,CRITICAL,9,proximite:collision_imminente,Vigilance — situation à la limite
21.15,81.0,0.0,CRITICAL,9,feu_rouge,Vigilance — situation à la limite
21.20,81.0,0.0,CRITICAL,9,feu_rouge,Vigilance — situation à la limite
21.25,81.0,0.0,CRITICAL,9,feu_rouge,Vigilance — situation à la limite
21.30,81.0,0.0,CRITICAL,9,feu_rouge,Vigilance — situation à la limite
21.35,81.0,0.0,CRITICAL,9,feu_rouge,Vigilance — situation à la limite
21.40,81.0,0.0,CRITICAL,9,feu_rouge,Vigilance — situation à la limite
21.45,81.0,0.0,CRITICAL,9,feu_rouge,Vigilance — situation à la limite
21.50,81.0,0.0,CRITICAL,9,feu_rouge,Vigilance — situation à la limite
21.55,81.0,0.0,CRITICAL,9,feu_rouge,Vigilance — situation à la limite
21.60,81.0,0.0,CRITICAL,9,feu_rouge,Vigilance — situation à la limite
21.65,81.0,0.0,CRITICAL,9,feu_rouge,Vigilance — situation à la limite
21.70,81.0,0.0,CRITICAL,9,feu_rouge,Vigilance — situation à la limite
21.75,81.0,0.0,CRITICAL,9,feu_rouge,Vigilance — situation à la limite
21.80,81.0,0.0,CRITICAL,9,feu_rouge,Vigilance — situation à la limite
21.85,81.0,0.0,CRITICAL,9,feu_rouge,Vigilance — situation à la limite
21.90,81.0,0.0,CRITICAL,9,feu_rouge,Vigilance — situation à la limite
21.95,81.0,0.0,CRITICAL,10,feu_rouge,Vigilance — situation à la limite
22.00,81.0,0.0,CRITICAL,10,feu_rouge,Vigilance — situation à la limite
22.05,81.0,0.0,CRITICAL,10,feu_rouge,Vigilance — situation à la limite
22.10,81.1,0.0,CRITICAL,10,feu_rouge,Vigilance — situation à la limite
22.15,81.1,0.0,CRITICAL,10,feu_rouge,Vigilance — situation à la limite
22.20,81.1,0.0,CRITICAL,10,feu_rouge,Vigilance — situation à la limite
22.25,81.1,0.0,CRITICAL,10,feu_rouge,Vigilance — situation à la limite
22.30,81.1,0.0,CRITICAL,10,feu_rouge,Vigilance — situation à la limite
22.35,81.1,0.0,CRITICAL,10,feu_rouge,Vigilance — situation à la limite
22.40,81.1,0.0,CRITICAL,10,feu_rouge,Vigilance — situation à la limite
22.45,81.1,0.0,CRITICAL,10,feu_rouge,Vigilance — situation à la limite
22.50,81.1,0.0,CRITICAL,10,feu_rouge,Vigilance — situation à la limite
22.55,81.1,0.0,CRITICAL,10,feu_rouge,Vigilance — situation à la limite
22.60,81.1,0.0,SAFE,9,feu_rouge,SAFE : arret au feu rouge
22.65,81.1,0.0,SAFE,9,feu_rouge,SAFE : arret au feu rouge
22.70,81.1,0.0,SAFE,9,feu_rouge,SAFE : arret au feu rouge
22.75,81.1,0.0,SAFE,9,feu_rouge,SAFE : arret au feu rouge
22.80,81.1,0.0,SAFE,9,feu_rouge,SAFE : arret au feu rouge
22.85,81.1,0.0,SAFE,9,feu_rouge,SAFE : arret au feu rouge
22.90,81.1,0.0,SAFE,9,feu_rouge,SAFE : arret au feu rouge
22.95,81.1,0.0,SAFE,9,feu_rouge,SAFE : arret au feu rouge
23.00,81.1,0.0,SAFE,9,feu_rouge,SAFE : arret au feu rouge
23.05,81.1,0.0,SAFE,9,feu_rouge,SAFE : arret au feu rouge
23.10,81.1,0.0,SAFE,10,feu_rouge,SAFE : arret au feu rouge
23.15,81.1,0.0,SAFE,10,feu_rouge,SAFE : arret au feu rouge
23.20,81.1,0.0,SAFE,10,feu_rouge,SAFE : arret au feu rouge
23.25,81.1,0.0,SAFE,10,feu_rouge,SAFE : arret au feu rouge
23.30,81.1,0.0,SAFE,10,feu_rouge,SAFE : arret au feu rouge
23.35,81.1,0.0,SAFE,10,feu_rouge,SAFE : arret au feu rouge
23.40,81.1,0.0,SAFE,10,feu_rouge,SAFE : arret au feu rouge
23.45,81.1,0.0,SAFE,10,feu_rouge,SAFE : arret au feu rouge
23.50,81.1,0.0,SAFE,10,feu_rouge,SAFE : arret au feu rouge
23.55,81.1,0.0,SAFE,10,feu_rouge,SAFE : arret au feu rouge
23.60,81.1,0.0,SAFE,10,feu_rouge,SAFE : arret au feu rouge
23.65,81.1,0.0,SAFE,10,feu_rouge,SAFE : arret au feu rouge
23.70,81.1,0.0,SAFE,10,feu_rouge,SAFE : arret au feu rouge
23.75,81.1,0.0,SAFE,10,feu_rouge,SAFE : arret au feu rouge
23.80,81.1,0.0,SAFE,10,feu_rouge,SAFE : arret au feu rouge
23.85,81.1,0.0,SAFE,10,feu_rouge,SAFE : arret au feu rouge
23.90,81.1,0.0,SAFE,10,feu_rouge,SAFE : arret au feu rouge
23.95,81.1,0.0,SAFE,10,feu_rouge,SAFE : arret au feu rouge
24.00,81.1,0.0,SAFE,10,feu_rouge,SAFE : arret au feu rouge
24.05,81.1,0.0,SAFE,10,feu_rouge,SAFE : arret au feu rouge
24.10,81.1,0.0,SAFE,10,feu_rouge,SAFE : arret au feu rouge
24.15,81.1,0.0,SAFE,10,feu_rouge,SAFE : arret au feu rouge
24.20,81.1,0.0,SAFE,10,feu_rouge,SAFE : arret au feu rouge
24.25,81.1,0.0,SAFE,10,feu_rouge,SAFE : arret au feu rouge
24.30,81.1,0.0,SAFE,10,feu_rouge,SAFE : arret au feu rouge
24.35,81.1,0.0,SAFE,10,feu_rouge,SAFE : arret au feu rouge
24.40,81.1,0.0,SAFE,10,feu_rouge,SAFE : arret au feu rouge
24.45,81.1,0.0,SAFE,10,feu_rouge,SAFE : arret au feu rouge
24.50,81.1,0.0,SAFE,10,feu_rouge,SAFE : arret au feu rouge
24.55,81.1,0.0,SAFE,10,feu_rouge,SAFE : arret au feu rouge
24.60,81.1,0.0,SAFE,10,feu_rouge,SAFE : arret au feu rouge
24.65,81.1,0.0,SAFE,10,feu_rouge,SAFE : arret au feu rouge
24.70,81.1,0.0,SAFE,10,feu_rouge,SAFE : arret au feu rouge
24.75,81.1,0.0,SAFE,10,feu_rouge,SAFE : arret au feu rouge
24.80,81.1,0.0,SAFE,10,feu_rouge,SAFE : arret au feu rouge
24.85,81.1,0.0,SAFE,10,feu_rouge,SAFE : arret au feu rouge
24.90,81.1,0.0,SAFE,10,feu_rouge,SAFE : arret au feu rouge
24.95,81.1,0.0,SAFE,10,feu_rouge,SAFE : arret au feu rouge
25.00,81.1,0.0,SAFE,10,feu_rouge,SAFE : arret au feu rouge
25.05,81.1,0.0,SAFE,10,feu_rouge,SAFE : arret au feu rouge
25.10,81.1,0.0,SAFE,10,feu_rouge,SAFE : arret au feu rouge
25.15,81.1,0.0,SAFE,10,feu_rouge,SAFE : arret au feu rouge
25.20,81.1,0.0,SAFE,10,feu_rouge,SAFE : arret au feu rouge
25.25,81.1,0.0,SAFE,10,feu_rouge,SAFE : arret au feu rouge
25.30,81.1,0.0,SAFE,10,feu_rouge,SAFE : arret au feu rouge
25.35,81.1,0.0,SAFE,10,feu_rouge,SAFE : arret au feu rouge
25.40,81.1,0.0,SAFE,10,feu_rouge,SAFE : arret au feu rouge
25.45,81.1,0.0,SAFE,10,feu_rouge,SAFE : arret au feu rouge
25.50,81.1,0.0,SAFE,10,feu_rouge,SAFE : arret au feu rouge
25.55,81.1,0.0,SAFE,10,feu_rouge,SAFE : arret au feu rouge
25.60,81.1,0.0,SAFE,10,feu_rouge,SAFE : arret au feu rouge
25.65,81.1,0.0,SAFE,10,feu_rouge,SAFE : arret au feu rouge
25.70,81.1,0.0,SAFE,10,feu_rouge,SAFE : arret au feu rouge
25.75,81.1,0.0,SAFE,10,feu_rouge,SAFE : arret au feu rouge
25.80,81.1,0.0,SAFE,10,feu_rouge,SAFE : arret au feu rouge
25.85,81.1,0.0,SAFE,10,feu_rouge,SAFE : arret au feu rouge
25.90,81.1,0.0,SAFE,10,feu_rouge,SAFE : arret au feu rouge
25.95,81.1,0.0,SAFE,10,feu_rouge,SAFE : arret au feu rouge
26.00,81.1,0.0,SAFE,10,feu_rouge,SAFE : arret au feu rouge
26.05,81.1,0.0,SAFE,10,feu_rouge,SAFE : arret au feu rouge
26.10,81.1,0.0,SAFE,10,feu_rouge,SAFE : arret au feu rouge
26.15,81.1,0.0,SAFE,10,feu_rouge,SAFE : arret au feu rouge
26.20,81.1,0.0,SAFE,10,feu_rouge,SAFE : arret au feu rouge
26.25,81.1,0.0,SAFE,10,feu_rouge,SAFE : arret au feu rouge
26.30,81.1,0.0,SAFE,10,feu_rouge,SAFE : arret au feu rouge
26.35,81.1,0.0,SAFE,10,feu_rouge,SAFE : arret au feu rouge
26.40,81.1,0.0,SAFE,10,feu_rouge,SAFE : arret au feu rouge
26.45,81.1,0.0,SAFE,10,feu_rouge,SAFE : arret au feu rouge
26.50,81.1,0.0,SAFE,10,feu_rouge,SAFE : arret au feu rouge
26.55,81.1,0.0,SAFE,10,feu_rouge,SAFE : arret au feu rouge
26.60,81.1,0.0,SAFE,10,feu_rouge,SAFE : arret au feu rouge
26.65,81.1,0.0,SAFE,10,feu_rouge,SAFE : arret au feu rouge
26.70,81.1,0.0,SAFE,10,feu_rouge,SAFE : arret au feu rouge
26.75,81.1,0.0,SAFE,10,feu_rouge,SAFE : arret au feu rouge
26.80,81.1,0.0,SAFE,10,feu_rouge,SAFE : arret au feu rouge
26.85,81.1,0.0,SAFE,10,feu_rouge,SAFE : arret au feu rouge
26.90,81.1,0.0,SAFE,10,feu_rouge,SAFE : arret au feu rouge
26.95,81.1,0.0,SAFE,10,feu_rouge,SAFE : arret au feu rouge
27.00,81.1,0.0,SAFE,10,feu_rouge,SAFE : arret au feu rouge
27.05,81.1,0.0,SAFE,10,feu_rouge,SAFE : arret au feu rouge
27.10,81.1,0.0,SAFE,10,feu_rouge,SAFE : arret au feu rouge
27.15,81.1,0.0,SAFE,10,feu_rouge,SAFE : arret au feu rouge
27.20,81.1,0.0,SAFE,10,feu_rouge,SAFE : arret au feu rouge
27.25,81.1,0.0,SAFE,10,feu_rouge,SAFE : arret au feu rouge
27.30,81.1,0.0,SAFE,10,feu_rouge,SAFE : arret au feu rouge
27.35,81.1,0.0,SAFE,10,feu_rouge,SAFE : arret au feu rouge
27.40,81.1,0.0,SAFE,10,feu_rouge,SAFE : arret au feu rouge
27.45,81.1,0.0,SAFE,10,feu_rouge,SAFE : arret au feu rouge
27.50,81.1,0.0,SAFE,10,feu_rouge,SAFE : arret au feu rouge
27.55,81.1,0.0,SAFE,10,feu_rouge,SAFE : arret au feu rouge
27.60,81.1,0.0,SAFE,10,feu_rouge,SAFE : arret au feu rouge
27.65,81.1,0.0,SAFE,10,feu_rouge,SAFE : arret au feu rouge
27.70,81.1,0.0,SAFE,10,feu_rouge,SAFE : arret au feu rouge
27.75,81.1,0.0,SAFE,10,feu_rouge,SAFE : arret au feu rouge
27.80,81.1,0.0,SAFE,10,feu_rouge,SAFE : arret au feu rouge
27.85,81.1,0.0,SAFE,10,feu_rouge,SAFE : arret au feu rouge
27.90,81.1,0.0,SAFE,10,feu_rouge,SAFE : arret au feu rouge
27.95,81.1,0.0,SAFE,10,feu_rouge,SAFE : arret au feu rouge
28.00,81.1,0.0,SAFE,10,feu_rouge,SAFE : arret au feu rouge
28.05,81.1,0.0,SAFE,10,feu_rouge,SAFE : arret au feu rouge
28.10,81.1,0.0,SAFE,10,feu_rouge,SAFE : arret au feu rouge
28.15,81.1,0.0,SAFE,10,feu_rouge,SAFE : arret au feu rouge
28.20,81.1,0.0,SAFE,10,feu_rouge,SAFE : arret au feu rouge
28.25,81.1,0.0,SAFE,10,feu_rouge,SAFE : arret au feu rouge
28.30,81.1,0.0,SAFE,10,feu_rouge,SAFE : arret au feu rouge
28.35,81.1,0.0,SAFE,10,feu_rouge,SAFE : arret au feu rouge
28.40,81.1,0.0,SAFE,10,feu_rouge,SAFE : arret au feu rouge
28.45,81.1,0.0,SAFE,10,feu_rouge,SAFE : arret au feu rouge
28.50,81.1,0.0,SAFE,10,feu_rouge,SAFE : arret au feu rouge
28.55,81.1,0.0,SAFE,10,feu_rouge,SAFE : arret au feu rouge
28.60,81.1,0.0,SAFE,10,feu_rouge,SAFE : arret au feu rouge
28.65,81.1,0.0,SAFE,10,feu_rouge,SAFE : arret au feu rouge
28.70,81.1,0.0,SAFE,10,feu_rouge,SAFE : arret au feu rouge
28.75,81.1,0.0,SAFE,10,feu_rouge,SAFE : arret au feu rouge
28.80,81.1,0.0,SAFE,10,feu_rouge,SAFE : arret au feu rouge
28.85,81.1,0.0,SAFE,10,feu_rouge,SAFE : arret au feu rouge
28.90,81.1,0.0,SAFE,10,feu_rouge,SAFE : arret au feu rouge
28.95,81.1,0.0,SAFE,10,feu_rouge,SAFE : arret au feu rouge
29.00,81.1,0.0,SAFE,10,feu_rouge,SAFE : arret au feu rouge
29.05,81.1,0.0,SAFE,10,feu_rouge,SAFE : arret au feu rouge
29.10,81.1,0.0,SAFE,10,feu_rouge,SAFE : arret au feu rouge
29.15,81.1,0.0,SAFE,10,feu_rouge,SAFE : arret au feu rouge
29.20,81.1,0.0,SAFE,10,feu_rouge,SAFE : arret au feu rouge
29.25,81.1,0.0,SAFE,10,feu_rouge,SAFE : arret au feu rouge
29.30,81.1,0.0,SAFE,10,feu_rouge,SAFE : arret au feu rouge
29.35,81.1,0.0,SAFE,10,feu_rouge,SAFE : arret au feu rouge
29.40,81.1,0.0,SAFE,10,feu_rouge,SAFE : arret au feu rouge
29.45,81.1,0.0,SAFE,10,feu_rouge,SAFE : arret au feu rouge
29.50,81.1,0.0,SAFE,10,feu_rouge,SAFE : arret au feu rouge
29.55,81.1,0.0,SAFE,10,feu_rouge,SAFE : arret au feu rouge
29.60,81.1,0.0,SAFE,10,feu_rouge,SAFE : arret au feu rouge
29.65,81.1,0.0,SAFE,10,feu_rouge,SAFE : arret au feu rouge
29.70,81.1,0.0,SAFE,10,feu_rouge,SAFE : arret au feu rouge
29.75,81.1,0.0,SAFE,10,feu_rouge,SAFE : arret au feu rouge
29.80,81.1,0.0,SAFE,10,feu_rouge,SAFE : arret au feu rouge
29.85,81.1,0.0,SAFE,10,feu_rouge,SAFE : arret au feu rouge
29.90,81.1,0.0,SAFE,10,feu_rouge,SAFE : arret au feu rouge
29.95,81.1,0.0,SAFE,10,feu_rouge,SAFE : arret au feu rouge
30.00,81.1,0.0,SAFE,10,feu_rouge,SAFE : arret au feu rouge
30.05,81.1,0.0,SAFE,10,feu_rouge,SAFE : arret au feu rouge
30.10,81.1,0.0,SAFE,10,feu_rouge,SAFE : arret au feu rouge
30.15,81.1,0.0,SAFE,10,feu_rouge,SAFE : arret au feu rouge
30.20,81.1,0.0,SAFE,10,feu_rouge,SAFE : arret au feu rouge
30.25,81.1,0.0,SAFE,10,feu_rouge,SAFE : arret au feu rouge
30.30,81.1,0.0,SAFE,11,feu_rouge,SAFE : arret au feu rouge
30.35,81.1,0.0,SAFE,11,feu_rouge,SAFE : arret au feu rouge
30.40,81.1,0.0,SAFE,11,feu_rouge,SAFE : arret au feu rouge
30.45,81.1,0.0,SAFE,11,feu_rouge,SAFE : arret au feu rouge
30.50,81.1,0.0,SAFE,11,feu_rouge,SAFE : arret au feu rouge
30.55,81.1,0.0,SAFE,11,feu_rouge,SAFE : arret au feu rouge
30.60,81.1,0.0,SAFE,11,feu_rouge,SAFE : arret au feu rouge
30.65,81.1,0.0,SAFE,11,feu_rouge,SAFE : arret au feu rouge
30.70,81.1,0.0,SAFE,11,feu_rouge,SAFE : arret au feu rouge
30.75,81.1,0.0,SAFE,11,feu_rouge,SAFE : arret au feu rouge
30.80,81.1,0.0,SAFE,11,feu_rouge,SAFE : arret au feu rouge
30.85,81.1,0.0,SAFE,11,feu_rouge,SAFE : arret au feu rouge
30.90,81.1,0.0,SAFE,11,feu_rouge,SAFE : arret au feu rouge
30.95,81.1,0.0,SAFE,11,feu_rouge,SAFE : arret au feu rouge
31.00,81.1,0.0,SAFE,11,feu_rouge,SAFE : arret au feu rouge
31.05,81.1,0.0,SAFE,11,feu_rouge,SAFE : arret au feu rouge
31.10,81.1,0.0,SAFE,11,feu_rouge,SAFE : arret au feu rouge
31.15,81.1,0.0,SAFE,11,feu_rouge,SAFE : arret au feu rouge
31.20,81.1,0.0,SAFE,11,feu_rouge,SAFE : arret au feu rouge
31.25,81.1,0.0,SAFE,11,feu_rouge,SAFE : arret au feu rouge
31.30,81.1,0.0,SAFE,11,feu_rouge,SAFE : arret au feu rouge
31.35,81.1,0.0,SAFE,11,feu_rouge,SAFE : arret au feu rouge
31.40,81.1,0.0,SAFE,11,feu_rouge,SAFE : arret au feu rouge
31.45,81.1,0.0,SAFE,11,feu_rouge,SAFE : arret au feu rouge
31.50,81.1,0.0,SAFE,11,feu_rouge,SAFE : arret au feu rouge
31.55,81.1,0.0,SAFE,11,feu_rouge,SAFE : arret au feu rouge
31.60,81.1,0.0,SAFE,11,feu_rouge,SAFE : arret au feu rouge
31.65,81.1,0.0,SAFE,11,feu_rouge,SAFE : arret au feu rouge
31.70,81.1,0.0,SAFE,11,feu_rouge,SAFE : arret au feu rouge
31.75,81.1,0.0,SAFE,11,feu_rouge,SAFE : arret au feu rouge
31.80,81.1,0.0,SAFE,11,feu_rouge,SAFE : arret au feu rouge
31.85,81.1,0.0,SAFE,11,feu_rouge,SAFE : arret au feu rouge
31.90,81.1,0.0,SAFE,11,feu_rouge,SAFE : arret au feu rouge
31.95,81.1,0.0,SAFE,11,feu_rouge,SAFE : arret au feu rouge
32.00,81.1,0.0,SAFE,11,feu_rouge,SAFE : arret au feu rouge
32.05,81.1,0.0,SAFE,11,feu_rouge,SAFE : arret au feu rouge
32.10,81.1,0.0,SAFE,11,feu_rouge,SAFE : arret au feu rouge
32.15,81.1,0.0,SAFE,11,feu_rouge,SAFE : arret au feu rouge
32.20,81.1,0.0,SAFE,11,feu_rouge,SAFE : arret au feu rouge
32.25,81.1,0.0,SAFE,11,feu_rouge,SAFE : arret au feu rouge
32.30,81.1,0.0,SAFE,11,feu_rouge,SAFE : arret au feu rouge
32.35,81.1,0.0,SAFE,11,feu_rouge,SAFE : arret au feu rouge
32.40,81.1,0.0,SAFE,11,feu_rouge,SAFE : arret au feu rouge
32.45,81.1,0.0,SAFE,11,feu_rouge,SAFE : arret au feu rouge
32.50,81.1,0.0,SAFE,11,feu_rouge,SAFE : arret au feu rouge
32.55,81.1,0.0,SAFE,11,feu_rouge,SAFE : arret au feu rouge
32.60,81.1,0.0,SAFE,11,feu_rouge,SAFE : arret au feu rouge
32.65,81.1,0.0,SAFE,11,feu_rouge,SAFE : arret au feu rouge
32.70,81.1,0.0,SAFE,11,feu_rouge,SAFE : arret au feu rouge
32.75,81.1,0.0,SAFE,11,feu_rouge,SAFE : arret au feu rouge
32.80,81.1,0.0,SAFE,11,feu_rouge,SAFE : arret au feu rouge
32.85,81.1,0.0,SAFE,11,feu_rouge,SAFE : arret au feu rouge
32.90,81.1,0.0,SAFE,11,feu_rouge,SAFE : arret au feu rouge
32.95,81.1,0.0,SAFE,11,feu_rouge,SAFE : arret au feu rouge
33.00,81.1,0.0,SAFE,11,feu_rouge,SAFE : arret au feu rouge
33.05,81.1,0.0,SAFE,11,feu_rouge,SAFE : arret au feu rouge
33.10,81.1,0.0,SAFE,11,feu_rouge,SAFE : arret au feu rouge
33.15,81.1,0.0,SAFE,11,feu_rouge,SAFE : arret au feu rouge
33.20,81.1,0.0,SAFE,11,feu_rouge,SAFE : arret au feu rouge
33.25,81.1,0.0,SAFE,11,feu_rouge,SAFE : arret au feu rouge
33.30,81.1,0.0,SAFE,11,feu_rouge,SAFE : arret au feu rouge
33.35,81.1,0.0,SAFE,11,feu_rouge,SAFE : arret au feu rouge
33.40,81.1,0.0,SAFE,11,feu_rouge,SAFE : arret au feu rouge
33.45,81.1,0.0,SAFE,11,feu_rouge,SAFE : arret au feu rouge
33.50,81.1,0.0,SAFE,11,feu_rouge,SAFE : arret au feu rouge
33.55,81.1,0.0,SAFE,10,feu_rouge,SAFE : arret au feu rouge
33.60,81.1,0.0,SAFE,10,feu_rouge,SAFE : arret au feu rouge
33.65,81.1,0.0,SAFE,10,feu_rouge,SAFE : arret au feu rouge
33.70,81.1,0.0,SAFE,10,feu_rouge,SAFE : arret au feu rouge
33.75,81.1,0.0,SAFE,10,feu_rouge,SAFE : arret au feu rouge
33.80,81.1,0.0,SAFE,10,feu_rouge,SAFE : arret au feu rouge
33.85,81.1,0.0,SAFE,10,feu_rouge,SAFE : arret au feu rouge
33.90,81.1,0.0,SAFE,10,feu_rouge,SAFE : arret au feu rouge
33.95,81.1,0.0,SAFE,10,feu_rouge,SAFE : arret au feu rouge
34.00,81.1,0.0,SAFE,10,feu_rouge,SAFE : arret au feu rouge
34.05,81.1,0.0,SAFE,10,feu_rouge,SAFE : arret au feu rouge
34.10,81.1,0.0,SAFE,10,feu_rouge,SAFE : arret au feu rouge
34.15,81.1,0.0,SAFE,10,feu_rouge,SAFE : arret au feu rouge
34.20,81.1,0.0,SAFE,10,feu_rouge,SAFE : arret au feu rouge
34.25,81.1,0.0,SAFE,10,feu_rouge,SAFE : arret au feu rouge
34.30,81.1,0.0,SAFE,10,feu_rouge,SAFE : arret au feu rouge
34.35,81.1,0.0,SAFE,10,feu_rouge,SAFE : arret au feu rouge
34.40,81.1,0.0,SAFE,10,feu_rouge,SAFE : arret au feu rouge
34.45,81.1,0.0,SAFE,10,feu_rouge,SAFE : arret au feu rouge
34.50,81.1,0.0,SAFE,10,feu_rouge,SAFE : arret au feu rouge
34.55,81.1,0.0,SAFE,10,feu_rouge,SAFE : arret au feu rouge
34.60,81.1,0.0,SAFE,10,feu_rouge,SAFE : arret au feu rouge
34.65,81.1,0.0,SAFE,10,feu_rouge,SAFE : arret au feu rouge
34.70,81.1,0.0,SAFE,10,feu_rouge,SAFE : arret au feu rouge
34.75,81.1,0.0,SAFE,10,feu_rouge,SAFE : arret au feu rouge
34.80,81.1,0.0,SAFE,10,feu_rouge,SAFE : arret au feu rouge
34.85,81.1,0.0,SAFE,10,feu_rouge,SAFE : arret au feu rouge
34.90,81.1,0.0,SAFE,10,feu_rouge,SAFE : arret au feu rouge
34.95,81.1,0.0,SAFE,10,feu_rouge,SAFE : arret au feu rouge
35.00,81.1,0.0,SAFE,10,feu_rouge,SAFE : arret au feu rouge
35.05,81.1,0.0,SAFE,10,feu_rouge,SAFE : arret au feu rouge
35.10,81.1,0.0,SAFE,10,feu_rouge,SAFE : arret au feu rouge
35.15,81.1,0.0,SAFE,10,feu_rouge,SAFE : arret au feu rouge
35.20,81.1,0.0,SAFE,10,feu_rouge,SAFE : arret au feu rouge
35.25,81.1,0.0,SAFE,10,feu_rouge,SAFE : arret au feu rouge
35.30,81.1,0.0,SAFE,10,feu_rouge,SAFE : arret au feu rouge
35.35,81.1,0.0,SAFE,10,feu_rouge,SAFE : arret au feu rouge
35.40,81.1,0.0,SAFE,10,feu_rouge,SAFE : arret au feu rouge
35.45,81.1,0.0,SAFE,10,feu_rouge,SAFE : arret au feu rouge
35.50,81.1,0.0,SAFE,10,feu_rouge,SAFE : arret au feu rouge
35.55,81.1,0.0,SAFE,10,feu_rouge,SAFE : arret au feu rouge
35.60,81.1,0.0,SAFE,10,feu_rouge,SAFE : arret au feu rouge
35.65,81.1,0.0,SAFE,10,feu_rouge,SAFE : arret au feu rouge
35.70,81.1,0.0,SAFE,10,feu_rouge,SAFE : arret au feu rouge
35.75,81.1,0.0,SAFE,10,feu_rouge,SAFE : arret au feu rouge
35.80,81.1,0.0,SAFE,10,feu_rouge,SAFE : arret au feu rouge
35.85,81.1,0.0,SAFE,10,feu_rouge,SAFE : arret au feu rouge
35.90,81.1,0.0,SAFE,10,feu_rouge,SAFE : arret au feu rouge
35.95,81.1,0.0,SAFE,10,feu_rouge,SAFE : arret au feu rouge
36.00,81.1,0.0,SAFE,9,feu_rouge,SAFE : arret au feu rouge
36.05,81.1,0.0,SAFE,9,feu_rouge,SAFE : arret au feu rouge
36.10,81.1,0.0,SAFE,9,feu_rouge,SAFE : arret au feu rouge
36.15,81.1,0.0,SAFE,9,feu_rouge,SAFE : arret au feu rouge
36.20,81.1,0.0,SAFE,9,feu_rouge,SAFE : arret au feu rouge
36.25,81.1,0.0,SAFE,9,feu_rouge,SAFE : arret au feu rouge
36.30,81.1,0.0,SAFE,9,feu_rouge,SAFE : arret au feu rouge
36.35,81.1,0.0,SAFE,9,feu_rouge,SAFE : arret au feu rouge
36.40,81.1,0.0,SAFE,9,feu_rouge,SAFE : arret au feu rouge
36.45,81.1,0.0,SAFE,9,feu_rouge,SAFE : arret au feu rouge
36.50,81.1,0.0,SAFE,9,feu_rouge,SAFE : arret au feu rouge
36.55,81.1,0.0,SAFE,9,feu_rouge,SAFE : arret au feu rouge
36.60,81.1,0.0,SAFE,9,feu_rouge,SAFE : arret au feu rouge
36.65,81.1,0.0,SAFE,9,feu_rouge,SAFE : arret au feu rouge
36.70,81.1,0.0,SAFE,9,feu_rouge,SAFE : arret au feu rouge
36.75,81.1,0.0,SAFE,9,feu_rouge,SAFE : arret au feu rouge
36.80,81.1,0.0,SAFE,9,feu_rouge,SAFE : arret au feu rouge
36.85,81.1,0.0,SAFE,9,feu_rouge,SAFE : arret au feu rouge
36.90,81.1,0.0,SAFE,9,feu_rouge,SAFE : arret au feu rouge
36.95,81.1,0.0,SAFE,9,feu_rouge,SAFE : arret au feu rouge
37.00,81.1,0.0,SAFE,9,feu_rouge,SAFE : arret au feu rouge
37.05,81.1,0.0,SAFE,9,feu_rouge,SAFE : arret au feu rouge
37.10,81.1,0.0,SAFE,9,feu_rouge,SAFE : arret au feu rouge
37.15,81.1,0.0,SAFE,9,feu_rouge,SAFE : arret au feu rouge
37.20,81.1,0.0,SAFE,9,feu_rouge,SAFE : arret au feu rouge
37.25,81.1,0.0,SAFE,9,feu_rouge,SAFE : arret au feu rouge
37.30,81.1,0.0,SAFE,9,feu_rouge,SAFE : arret au feu rouge
37.35,81.1,0.0,SAFE,9,feu_rouge,SAFE : arret au feu rouge
37.40,81.1,0.0,SAFE,9,feu_rouge,SAFE : arret au feu rouge
37.45,81.1,0.0,SAFE,9,feu_rouge,SAFE : arret au feu rouge
37.50,81.1,0.0,SAFE,9,feu_rouge,SAFE : arret au feu rouge
37.55,81.1,0.0,SAFE,9,feu_rouge,SAFE : arret au feu rouge
37.60,81.1,0.0,SAFE,9,feu_rouge,SAFE : arret au feu rouge
37.65,81.1,0.0,SAFE,9,feu_rouge,SAFE : arret au feu rouge
37.70,81.1,0.0,SAFE,9,feu_rouge,SAFE : arret au feu rouge
37.75,81.1,0.0,SAFE,9,feu_rouge,SAFE : arret au feu rouge
37.80,81.1,0.0,SAFE,9,feu_rouge,SAFE : arret au feu rouge
37.85,81.1,0.0,SAFE,9,feu_rouge,SAFE : arret au feu rouge
37.90,81.1,0.0,SAFE,9,feu_rouge,SAFE : arret au feu rouge
37.95,81.1,0.0,SAFE,9,feu_rouge,SAFE : arret au feu rouge
38.00,81.1,0.0,SAFE,9,feu_rouge,SAFE : arret au feu rouge
38.05,81.1,0.0,SAFE,9,feu_rouge,SAFE : arret au feu rouge
38.10,81.1,0.0,SAFE,9,feu_rouge,SAFE : arret au feu rouge
38.15,81.1,0.0,SAFE,9,feu_rouge,SAFE : arret au feu rouge
38.20,81.1,0.0,SAFE,9,feu_rouge,SAFE : arret au feu rouge
38.25,81.1,0.0,SAFE,9,feu_rouge,SAFE : arret au feu rouge
38.30,81.1,0.0,SAFE,9,feu_rouge,SAFE : arret au feu rouge
38.35,81.1,0.0,SAFE,9,feu_rouge,SAFE : arret au feu rouge
38.40,81.1,0.0,SAFE,9,feu_rouge,SAFE : arret au feu rouge
38.45,81.1,0.0,SAFE,9,feu_rouge,SAFE : arret au feu rouge
38.50,81.1,0.0,SAFE,9,feu_rouge,SAFE : arret au feu rouge
38.55,81.1,0.0,SAFE,9,feu_rouge,SAFE : arret au feu rouge
38.60,81.1,0.0,SAFE,9,feu_rouge,SAFE : arret au feu rouge
38.65,81.1,0.0,SAFE,9,feu_rouge,SAFE : arret au feu rouge
38.70,81.1,0.0,SAFE,9,feu_rouge,SAFE : arret au feu rouge
38.75,81.1,0.0,SAFE,9,feu_rouge,SAFE : arret au feu rouge
38.80,81.1,0.0,SAFE,9,feu_rouge,SAFE : arret au feu rouge
38.85,81.1,0.0,SAFE,9,feu_rouge,SAFE : arret au feu rouge
38.90,81.1,0.0,SAFE,9,feu_rouge,SAFE : arret au feu rouge
38.95,81.1,0.0,SAFE,9,feu_rouge,SAFE : arret au feu rouge
39.00,81.1,0.0,SAFE,9,feu_rouge,SAFE : arret au feu rouge
39.05,81.1,0.0,SAFE,9,feu_rouge,SAFE : arret au feu rouge
39.10,81.1,0.0,SAFE,9,feu_rouge,SAFE : arret au feu rouge
39.15,81.1,0.0,SAFE,9,feu_rouge,SAFE : arret au feu rouge
39.20,81.1,0.0,SAFE,9,feu_rouge,SAFE : arret au feu rouge
39.25,81.1,0.0,SAFE,9,feu_rouge,SAFE : arret au feu rouge
39.30,81.1,0.0,SAFE,9,feu_rouge,SAFE : arret au feu rouge
39.35,81.1,0.0,SAFE,9,feu_rouge,SAFE : arret au feu rouge
39.40,81.1,0.0,SAFE,9,feu_rouge,SAFE : arret au feu rouge
39.45,81.1,0.0,SAFE,9,feu_rouge,SAFE : arret au feu rouge
39.50,81.1,0.0,SAFE,9,feu_rouge,SAFE : arret au feu rouge
39.55,81.1,0.0,SAFE,9,feu_rouge,SAFE : arret au feu rouge
39.60,81.1,0.0,SAFE,9,feu_rouge,SAFE : arret au feu rouge
39.65,81.1,0.0,SAFE,9,feu_rouge,SAFE : arret au feu rouge
39.70,81.1,0.0,SAFE,9,feu_rouge,SAFE : arret au feu rouge
39.75,81.1,0.0,SAFE,9,feu_rouge,SAFE : arret au feu rouge
39.80,81.1,0.0,SAFE,9,feu_rouge,SAFE : arret au feu rouge
39.85,81.1,0.0,SAFE,9,feu_rouge,SAFE : arret au feu rouge
39.90,81.1,0.0,SAFE,9,feu_rouge,SAFE : arret au feu rouge
39.95,81.1,0.0,SAFE,9,feu_rouge,SAFE : arret au feu rouge
40.00,81.1,0.0,SAFE,9,feu_rouge,SAFE : arret au feu rouge
40.05,81.1,0.0,SAFE,9,feu_rouge,SAFE : arret au feu rouge
40.10,81.1,0.0,SAFE,9,feu_rouge,SAFE : arret au feu rouge
40.15,81.1,0.0,SAFE,9,feu_rouge,SAFE : arret au feu rouge
40.20,81.1,0.0,SAFE,9,feu_rouge,SAFE : arret au feu rouge
40.25,81.1,0.0,SAFE,9,feu_rouge,SAFE : arret au feu rouge
40.30,81.1,0.0,SAFE,9,feu_rouge,SAFE : arret au feu rouge
40.35,81.1,0.0,SAFE,9,feu_rouge,SAFE : arret au feu rouge
40.40,81.1,0.0,SAFE,9,feu_rouge,SAFE : arret au feu rouge
40.45,81.1,0.0,SAFE,9,feu_rouge,SAFE : arret au feu rouge
40.50,81.1,0.0,SAFE,9,feu_rouge,SAFE : arret au feu rouge
40.55,81.1,0.0,SAFE,9,feu_rouge,SAFE : arret au feu rouge
40.60,81.1,0.0,SAFE,9,feu_rouge,SAFE : arret au feu rouge
40.65,81.1,0.0,SAFE,9,feu_rouge,SAFE : arret au feu rouge
40.70,81.1,0.0,SAFE,9,feu_rouge,SAFE : arret au feu rouge
40.75,81.1,0.0,SAFE,9,feu_rouge,SAFE : arret au feu rouge
40.80,81.1,0.0,SAFE,9,feu_rouge,SAFE : arret au feu rouge
40.85,81.1,0.0,SAFE,9,feu_rouge,SAFE : arret au feu rouge
40.90,81.1,0.0,SAFE,9,feu_rouge,SAFE : arret au feu rouge
40.95,81.1,0.0,SAFE,9,feu_rouge,SAFE : arret au feu rouge
41.00,81.1,0.0,SAFE,9,feu_rouge,SAFE : arret au feu rouge
41.05,81.1,0.0,SAFE,9,feu_rouge,SAFE : arret au feu rouge
41.10,81.1,0.0,SAFE,9,feu_rouge,SAFE : arret au feu rouge
41.15,81.1,0.0,SAFE,9,feu_rouge,SAFE : arret au feu rouge
41.20,81.1,0.0,SAFE,9,feu_rouge,SAFE : arret au feu rouge
41.25,81.1,0.0,SAFE,9,feu_rouge,SAFE : arret au feu rouge
41.30,81.1,0.0,SAFE,9,feu_rouge,SAFE : arret au feu rouge
41.35,81.1,0.0,SAFE,8,feu_rouge,SAFE : arret au feu rouge
41.40,81.1,0.0,SAFE,8,feu_rouge,SAFE : arret au feu rouge
41.45,81.1,0.0,SAFE,8,feu_rouge,SAFE : arret au feu rouge
41.50,81.1,0.0,SAFE,8,feu_rouge,SAFE : arret au feu rouge
41.55,81.1,0.0,SAFE,8,feu_rouge,SAFE : arret au feu rouge
41.60,81.1,0.0,SAFE,8,feu_rouge,SAFE : arret au feu rouge
41.65,81.1,0.0,SAFE,8,feu_rouge,SAFE : arret au feu rouge
41.70,81.1,0.0,SAFE,8,feu_rouge,SAFE : arret au feu rouge
41.75,81.1,0.0,SAFE,8,feu_rouge,SAFE : arret au feu rouge
41.80,81.1,0.0,SAFE,8,feu_rouge,SAFE : arret au feu rouge
41.85,81.1,0.0,SAFE,8,feu_rouge,SAFE : arret au feu rouge
41.90,81.1,0.0,SAFE,8,feu_rouge,SAFE : arret au feu rouge
41.95,81.1,0.0,SAFE,8,feu_rouge,SAFE : arret au feu rouge
42.00,81.1,0.0,SAFE,8,feu_rouge,SAFE : arret au feu rouge
42.05,81.1,0.0,SAFE,8,feu_rouge,SAFE : arret au feu rouge
42.10,81.1,0.0,SAFE,8,feu_rouge,SAFE : arret au feu rouge
42.15,81.1,0.0,SAFE,8,feu_rouge,SAFE : arret au feu rouge
42.20,81.1,0.0,SAFE,8,feu_rouge,SAFE : arret au feu rouge
42.25,81.1,0.0,SAFE,8,feu_rouge,SAFE : arret au feu rouge
42.30,81.1,0.0,SAFE,8,feu_rouge,SAFE : arret au feu rouge
42.35,81.1,0.0,SAFE,8,feu_rouge,SAFE : arret au feu rouge
42.40,81.1,0.0,SAFE,8,feu_rouge,SAFE : arret au feu rouge
42.45,81.1,0.0,SAFE,8,feu_rouge,SAFE : arret au feu rouge
42.50,81.1,0.0,SAFE,8,feu_rouge,SAFE : arret au feu rouge
42.55,81.1,0.0,SAFE,8,feu_rouge,SAFE : arret au feu rouge
42.60,81.1,0.0,SAFE,8,feu_rouge,SAFE : arret au feu rouge
42.65,81.1,0.0,SAFE,8,feu_rouge,SAFE : arret au feu rouge
42.70,81.1,0.0,SAFE,8,feu_rouge,SAFE : arret au feu rouge
42.75,81.1,0.0,SAFE,8,feu_rouge,SAFE : arret au feu rouge
42.80,81.1,0.0,SAFE,8,feu_rouge,SAFE : arret au feu rouge
42.85,81.1,0.0,SAFE,8,feu_rouge,SAFE : arret au feu rouge
42.90,81.1,0.0,SAFE,8,feu_rouge,SAFE : arret au feu rouge
42.95,81.1,0.0,SAFE,8,feu_rouge,SAFE : arret au feu rouge
43.00,81.1,0.0,SAFE,8,feu_rouge,SAFE : arret au feu rouge
43.05,81.1,0.0,SAFE,8,feu_rouge,SAFE : arret au feu rouge
43.10,81.1,0.0,SAFE,8,feu_rouge,SAFE : arret au feu rouge
43.15,81.1,0.0,SAFE,8,feu_rouge,SAFE : arret au feu rouge
43.20,81.1,0.0,SAFE,8,feu_rouge,SAFE : arret au feu rouge
43.25,81.1,0.0,SAFE,8,feu_rouge,SAFE : arret au feu rouge
43.30,81.1,0.0,SAFE,8,feu_rouge,SAFE : arret au feu rouge
43.35,81.1,0.0,SAFE,8,feu_rouge,SAFE : arret au feu rouge
43.40,81.1,0.0,SAFE,8,feu_rouge,SAFE : arret au feu rouge
43.45,81.1,0.0,SAFE,8,feu_rouge,SAFE : arret au feu rouge
43.50,81.1,0.0,SAFE,9,feu_rouge,SAFE : arret au feu rouge
43.55,81.1,0.0,SAFE,9,feu_rouge,SAFE : arret au feu rouge
43.60,81.1,0.0,SAFE,9,feu_rouge,SAFE : arret au feu rouge
43.65,81.1,0.0,SAFE,9,feu_rouge,SAFE : arret au feu rouge
43.70,81.1,0.0,SAFE,9,feu_rouge,SAFE : arret au feu rouge
43.75,81.1,0.0,SAFE,9,feu_rouge,SAFE : arret au feu rouge
43.80,81.1,0.0,SAFE,9,feu_rouge,SAFE : arret au feu rouge
43.85,81.1,0.0,SAFE,9,feu_rouge,SAFE : arret au feu rouge
43.90,81.1,0.0,SAFE,9,feu_rouge,SAFE : arret au feu rouge
43.95,81.1,0.0,SAFE,9,feu_rouge,SAFE : arret au feu rouge
44.00,81.1,0.0,SAFE,9,feu_rouge,SAFE : arret au feu rouge
44.05,81.1,0.0,SAFE,9,feu_rouge,SAFE : arret au feu rouge
44.10,81.1,0.0,SAFE,9,feu_rouge,SAFE : arret au feu rouge
44.15,81.1,0.0,SAFE,9,feu_rouge,SAFE : arret au feu rouge
44.20,81.1,0.0,SAFE,9,feu_rouge,SAFE : arret au feu rouge
44.25,81.1,0.0,SAFE,9,feu_rouge,SAFE : arret au feu rouge
44.30,81.1,0.0,SAFE,9,feu_rouge,SAFE : arret au feu rouge
44.35,81.1,0.0,SAFE,9,feu_rouge,SAFE : arret au feu rouge
44.40,81.1,0.0,SAFE,9,feu_rouge,SAFE : arret au feu rouge
44.45,81.1,0.0,SAFE,9,feu_rouge,SAFE : arret au feu rouge
44.50,81.1,0.0,SAFE,9,feu_rouge,SAFE : arret au feu rouge
44.55,81.1,0.0,SAFE,9,feu_rouge,SAFE : arret au feu rouge
44.60,81.1,0.0,SAFE,9,feu_rouge,SAFE : arret au feu rouge
44.65,81.1,0.0,SAFE,9,feu_rouge,SAFE : arret au feu rouge
44.70,81.1,0.0,SAFE,9,feu_rouge,SAFE : arret au feu rouge
44.75,81.1,0.0,SAFE,9,feu_rouge,SAFE : arret au feu rouge
44.80,81.1,0.0,SAFE,9,feu_rouge,SAFE : arret au feu rouge
44.85,81.1,0.0,SAFE,9,feu_rouge,SAFE : arret au feu rouge
44.90,81.1,0.0,SAFE,9,feu_rouge,SAFE : arret au feu rouge
44.95,81.1,0.0,SAFE,9,feu_rouge,SAFE : arret au feu rouge
45.00,81.1,0.0,SAFE,9,feu_rouge,SAFE : arret au feu rouge
45.05,81.1,0.0,SAFE,9,feu_rouge,SAFE : arret au feu rouge
45.10,81.1,0.0,SAFE,9,feu_rouge,SAFE : arret au feu rouge
45.15,81.1,0.0,SAFE,9,feu_rouge,SAFE : arret au feu rouge
45.20,81.1,0.0,SAFE,9,feu_rouge,SAFE : arret au feu rouge
45.25,81.1,0.0,SAFE,9,feu_rouge,SAFE : arret au feu rouge
45.30,81.1,0.0,SAFE,9,feu_rouge,SAFE : arret au feu rouge
45.35,81.1,0.0,SAFE,9,feu_rouge,SAFE : arret au feu rouge
45.40,81.1,0.0,SAFE,9,feu_rouge,SAFE : arret au feu rouge
45.45,81.1,0.0,SAFE,8,feu_rouge,SAFE : arret au feu rouge
45.50,81.1,0.0,SAFE,8,feu_rouge,SAFE : arret au feu rouge
45.55,81.1,0.0,SAFE,8,feu_rouge,SAFE : arret au feu rouge
45.60,81.1,0.0,SAFE,8,feu_rouge,SAFE : arret au feu rouge
45.65,81.1,0.0,SAFE,8,feu_rouge,SAFE : arret au feu rouge
45.70,81.1,0.0,SAFE,8,feu_rouge,SAFE : arret au feu rouge
45.75,81.1,0.0,SAFE,8,feu_rouge,SAFE : arret au feu rouge
45.80,81.1,0.0,SAFE,8,feu_rouge,SAFE : arret au feu rouge
45.85,81.1,0.0,SAFE,8,feu_rouge,SAFE : arret au feu rouge
45.90,81.1,0.0,SAFE,8,feu_rouge,SAFE : arret au feu rouge
45.95,81.1,0.0,SAFE,8,feu_rouge,SAFE : arret au feu rouge
46.00,81.1,0.0,SAFE,8,feu_rouge,SAFE : arret au feu rouge
46.05,81.1,0.0,SAFE,8,feu_rouge,SAFE : arret au feu rouge
46.10,81.1,0.0,SAFE,8,feu_rouge,SAFE : arret au feu rouge
46.15,81.1,0.0,SAFE,8,feu_rouge,SAFE : arret au feu rouge
46.20,81.1,0.0,SAFE,8,feu_rouge,SAFE : arret au feu rouge
46.25,81.1,0.0,SAFE,7,feu_rouge,SAFE : arret au feu rouge
46.30,81.1,0.0,SAFE,7,feu_rouge,SAFE : arret au feu rouge
46.35,81.1,0.0,SAFE,7,feu_rouge,SAFE : arret au feu rouge
46.40,81.1,0.0,SAFE,7,feu_rouge,SAFE : arret au feu rouge
46.45,81.1,0.0,SAFE,6,feu_rouge,SAFE : arret au feu rouge
46.50,81.1,0.0,SAFE,6,feu_rouge,SAFE : arret au feu rouge
46.55,81.1,0.0,SAFE,6,feu_rouge,SAFE : arret au feu rouge
46.60,81.1,0.0,SAFE,6,feu_rouge,SAFE : arret au feu rouge
46.65,81.1,0.0,SAFE,6,feu_rouge,SAFE : arret au feu rouge
46.70,81.1,0.0,SAFE,6,feu_rouge,SAFE : arret au feu rouge
46.75,81.1,0.0,SAFE,6,feu_rouge,SAFE : arret au feu rouge
46.80,81.1,0.0,SAFE,6,feu_rouge,SAFE : arret au feu rouge
46.85,81.1,0.0,SAFE,6,feu_rouge,SAFE : arret au feu rouge
46.90,81.1,0.0,SAFE,6,feu_rouge,SAFE : arret au feu rouge
46.95,81.1,0.0,SAFE,6,feu_rouge,SAFE : arret au feu rouge
47.00,81.1,0.0,SAFE,6,feu_rouge,SAFE : arret au feu rouge
47.05,81.1,0.0,SAFE,6,feu_rouge,SAFE : arret au feu rouge
47.10,81.1,0.0,SAFE,6,feu_rouge,SAFE : arret au feu rouge
47.15,81.1,0.0,SAFE,6,feu_rouge,SAFE : arret au feu rouge
47.20,81.1,0.0,SAFE,6,feu_rouge,SAFE : arret au feu rouge
47.25,81.1,0.0,SAFE,6,feu_rouge,SAFE : arret au feu rouge
47.30,81.1,0.0,SAFE,6,feu_rouge,SAFE : arret au feu rouge
47.35,81.1,0.0,SAFE,6,feu_rouge,SAFE : arret au feu rouge
47.40,81.1,0.0,SAFE,6,feu_rouge,SAFE : arret au feu rouge
47.45,81.1,0.0,SAFE,6,feu_rouge,SAFE : arret au feu rouge
47.50,81.1,0.0,SAFE,6,feu_rouge,SAFE : arret au feu rouge
47.55,81.1,0.0,SAFE,6,feu_rouge,SAFE : arret au feu rouge
47.60,81.1,0.0,SAFE,6,feu_rouge,SAFE : arret au feu rouge
47.65,81.1,0.0,SAFE,6,feu_rouge,SAFE : arret au feu rouge
47.70,81.1,0.0,SAFE,6,feu_rouge,SAFE : arret au feu rouge
47.75,81.1,0.0,SAFE,6,feu_rouge,SAFE : arret au feu rouge
47.80,81.1,0.0,SAFE,6,feu_rouge,SAFE : arret au feu rouge
47.85,81.1,0.0,SAFE,6,feu_rouge,SAFE : arret au feu rouge
47.90,81.1,0.0,SAFE,6,feu_rouge,SAFE : arret au feu rouge
47.95,81.1,0.0,SAFE,6,feu_rouge,SAFE : arret au feu rouge
48.00,81.1,0.0,SAFE,6,feu_rouge,SAFE : arret au feu rouge
48.05,81.1,0.0,SAFE,6,feu_rouge,SAFE : arret au feu rouge
48.10,81.1,0.0,SAFE,6,feu_rouge,SAFE : arret au feu rouge
48.15,81.1,0.0,SAFE,6,feu_rouge,SAFE : arret au feu rouge
48.20,81.1,0.0,SAFE,6,feu_rouge,SAFE : arret au feu rouge
48.25,81.1,0.0,SAFE,6,feu_rouge,SAFE : arret au feu rouge
48.30,81.1,0.0,SAFE,6,feu_rouge,SAFE : arret au feu rouge
48.35,81.1,0.0,SAFE,6,feu_rouge,SAFE : arret au feu rouge
48.40,81.1,0.0,SAFE,6,feu_rouge,SAFE : arret au feu rouge
48.45,81.1,0.0,SAFE,6,feu_rouge,SAFE : arret au feu rouge
48.50,81.1,0.0,SAFE,6,feu_rouge,SAFE : arret au feu rouge
48.55,81.1,0.0,SAFE,6,feu_rouge,SAFE : arret au feu rouge
48.60,81.1,0.0,SAFE,6,feu_rouge,SAFE : arret au feu rouge
48.65,81.1,0.0,SAFE,6,feu_rouge,SAFE : arret au feu rouge
48.70,81.1,0.0,SAFE,5,feu_rouge,SAFE : arret au feu rouge
48.75,81.1,0.0,SAFE,5,feu_rouge,SAFE : arret au feu rouge
48.80,81.1,0.0,SAFE,5,feu_rouge,SAFE : arret au feu rouge
48.85,81.1,0.0,SAFE,5,feu_rouge,SAFE : arret au feu rouge
48.90,81.1,0.0,SAFE,5,feu_rouge,SAFE : arret au feu rouge
48.95,81.1,0.0,SAFE,5,feu_rouge,SAFE : arret au feu rouge
49.00,81.1,0.0,SAFE,5,feu_rouge,SAFE : arret au feu rouge
49.05,81.1,0.0,SAFE,5,feu_rouge,SAFE : arret au feu rouge
49.10,81.1,0.0,SAFE,5,feu_rouge,SAFE : arret au feu rouge
49.15,81.1,0.0,SAFE,5,feu_rouge,SAFE : arret au feu rouge
49.20,81.1,0.0,SAFE,5,feu_rouge,SAFE : arret au feu rouge
49.25,81.1,0.0,SAFE,5,feu_rouge,SAFE : arret au feu rouge
49.30,81.1,0.0,SAFE,5,feu_rouge,SAFE : arret au feu rouge
49.35,81.1,0.0,SAFE,5,feu_rouge,SAFE : arret au feu rouge
49.40,81.1,0.0,SAFE,5,feu_rouge,SAFE : arret au feu rouge
49.45,81.1,0.0,SAFE,5,feu_rouge,SAFE : arret au feu rouge
49.50,81.1,0.0,SAFE,5,feu_rouge,SAFE : arret au feu rouge
49.55,81.1,0.0,SAFE,5,feu_rouge,SAFE : arret au feu rouge
49.60,81.1,0.0,SAFE,5,feu_rouge,SAFE : arret au feu rouge
49.65,81.1,0.0,SAFE,5,feu_rouge,SAFE : arret au feu rouge
49.70,81.1,0.0,SAFE,5,feu_rouge,SAFE : arret au feu rouge
49.75,81.1,0.0,CRITICAL,5,feu_rouge,Vigilance — situation à la limite
49.80,81.1,0.0,CRITICAL,5,feu_rouge,Vigilance — situation à la limite
49.85,81.1,0.0,CRITICAL,5,feu_rouge,Vigilance — situation à la limite
49.90,81.1,0.0,CRITICAL,5,feu_rouge,Vigilance — situation à la limite
49.95,81.1,0.0,CRITICAL,5,feu_rouge,Vigilance — situation à la limite
50.00,81.1,0.0,CRITICAL,5,feu_rouge,Vigilance — situation à la limite
50.05,81.1,0.0,CRITICAL,5,feu_rouge,Vigilance — situation à la limite
50.10,81.1,0.0,CRITICAL,5,feu_rouge,Vigilance — situation à la limite
50.15,81.1,0.0,CRITICAL,5,feu_rouge,Vigilance — situation à la limite
50.20,81.1,0.0,CRITICAL,5,feu_rouge,Vigilance — situation à la limite
50.25,81.1,0.0,CRITICAL,6,feu_rouge,Vigilance — situation à la limite
50.30,81.1,0.0,CRITICAL,6,feu_rouge,Vigilance — situation à la limite
50.35,81.1,0.0,CRITICAL,6,feu_rouge,Vigilance — situation à la limite
50.40,81.1,0.0,CRITICAL,6,feu_rouge,Vigilance — situation à la limite
50.45,81.1,0.0,CRITICAL,6,feu_rouge,Vigilance — situation à la limite
50.50,81.1,0.0,CRITICAL,6,feu_rouge,Vigilance — situation à la limite
50.55,81.1,0.0,CRITICAL,6,feu_rouge,Vigilance — situation à la limite
50.60,81.1,0.0,CRITICAL,6,feu_rouge,Vigilance — situation à la limite
50.65,81.1,0.0,CRITICAL,6,feu_rouge,Vigilance — situation à la limite
50.70,81.1,0.0,CRITICAL,6,feu_rouge,Vigilance — situation à la limite
50.75,81.1,0.0,CRITICAL,6,feu_rouge,Vigilance — situation à la limite
50.80,81.1,0.0,CRITICAL,6,feu_rouge,Vigilance — situation à la limite
50.85,81.1,0.0,CRITICAL,6,feu_rouge,Vigilance — situation à la limite
50.90,81.1,0.0,CRITICAL,6,feu_rouge,Vigilance — situation à la limite
50.95,81.1,0.0,SAFE,6,feu_rouge,SAFE : arret au feu rouge
51.00,81.1,0.0,SAFE,6,feu_rouge,SAFE : arret au feu rouge
51.05,81.1,0.0,SAFE,6,feu_rouge,SAFE : arret au feu rouge
51.10,81.1,0.0,SAFE,6,feu_rouge,SAFE : arret au feu rouge
51.15,81.1,0.0,SAFE,6,feu_rouge,SAFE : arret au feu rouge
51.20,81.1,0.0,SAFE,6,feu_rouge,SAFE : arret au feu rouge
51.25,81.1,0.0,SAFE,6,feu_rouge,SAFE : arret au feu rouge
51.30,81.1,0.0,SAFE,6,feu_rouge,SAFE : arret au feu rouge
51.35,81.1,0.0,SAFE,6,feu_rouge,SAFE : arret au feu rouge
51.40,81.1,0.0,SAFE,6,feu_rouge,SAFE : arret au feu rouge
51.45,81.1,0.0,SAFE,6,feu_rouge,SAFE : arret au feu rouge
51.50,81.1,0.0,SAFE,7,feu_rouge,SAFE : arret au feu rouge
51.55,81.1,0.0,SAFE,7,feu_rouge,SAFE : arret au feu rouge
51.60,81.1,0.0,SAFE,7,feu_rouge,SAFE : arret au feu rouge
51.65,81.1,0.0,SAFE,7,feu_rouge,SAFE : arret au feu rouge
51.70,81.1,0.0,SAFE,7,feu_rouge,SAFE : arret au feu rouge
51.75,81.1,0.0,SAFE,7,feu_rouge,SAFE : arret au feu rouge
51.80,81.1,0.0,SAFE,7,proximite:collision_imminente,SAFE : arret au feu rouge
51.85,81.1,0.0,SAFE,7,proximite:collision_imminente,SAFE : arret au feu rouge
51.90,81.1,0.0,SAFE,7,proximite:collision_imminente,SAFE : arret au feu rouge
51.95,81.1,0.0,SAFE,7,proximite:collision_imminente,SAFE : arret au feu rouge
52.00,81.1,0.0,SAFE,7,proximite:collision_imminente,SAFE : arret au feu rouge
52.05,81.1,0.0,SAFE,7,proximite:collision_imminente,SAFE : arret au feu rouge
52.10,81.1,0.0,SAFE,7,proximite:collision_imminente,SAFE : arret au feu rouge
52.15,81.1,0.0,SAFE,7,proximite:collision_imminente,SAFE : arret au feu rouge
52.20,81.1,0.0,SAFE,7,proximite:collision_imminente,SAFE : arret au feu rouge
52.25,81.1,0.0,SAFE,7,proximite:collision_imminente,SAFE : arret au feu rouge
52.30,81.1,0.0,SAFE,7,proximite:collision_imminente,SAFE : arret au feu rouge
52.35,81.1,0.0,CRITICAL,7,proximite:collision_imminente,Vigilance — situation à la limite
52.40,81.1,0.0,CRITICAL,7,proximite:collision_imminente,Vigilance — situation à la limite
52.45,81.1,0.0,CRITICAL,7,proximite:collision_imminente,Vigilance — situation à la limite
52.50,81.1,0.0,CRITICAL,7,proximite:collision_imminente,Vigilance — situation à la limite
52.55,81.1,0.0,CRITICAL,7,proximite:collision_imminente,Vigilance — situation à la limite
52.60,81.1,0.0,CRITICAL,7,proximite:collision_imminente,Vigilance — situation à la limite
52.65,81.1,0.0,CRITICAL,7,proximite:collision_imminente,Vigilance — situation à la limite
52.70,81.1,0.0,CRITICAL,7,proximite:collision_imminente,Vigilance — situation à la limite
52.75,81.1,0.0,CRITICAL,7,proximite:collision_imminente,Vigilance — situation à la limite
52.80,81.1,0.0,CRITICAL,7,proximite:collision_imminente,Vigilance — situation à la limite
52.85,81.1,0.0,CRITICAL,7,proximite:collision_imminente,Vigilance — situation à la limite
52.90,81.1,0.0,CRITICAL,7,proximite:collision_imminente,Vigilance — situation à la limite
52.95,81.1,0.0,CRITICAL,7,proximite:collision_imminente,Vigilance — situation à la limite
53.00,81.1,0.0,CRITICAL,7,proximite:collision_imminente,Vigilance — situation à la limite
53.05,81.1,0.0,CRITICAL,7,proximite:collision_imminente,Vigilance — situation à la limite
53.10,81.1,0.0,CRITICAL,7,proximite:collision_imminente,Vigilance — situation à la limite
53.15,81.1,0.0,CRITICAL,7,proximite:collision_imminente,Vigilance — situation à la limite
53.20,81.1,0.0,CRITICAL,7,proximite:collision_imminente,Vigilance — situation à la limite
53.25,81.1,0.0,CRITICAL,7,proximite:collision_imminente,Vigilance — situation à la limite
53.30,81.1,0.0,SAFE,7,proximite:collision_imminente,SAFE : arret au feu rouge
53.35,81.1,0.0,SAFE,7,proximite:collision_imminente,SAFE : arret au feu rouge
53.40,81.1,0.0,SAFE,7,proximite:collision_imminente,SAFE : arret au feu rouge
53.45,81.1,0.0,SAFE,7,proximite:collision_imminente,SAFE : arret au feu rouge
53.50,81.1,0.0,SAFE,7,proximite:collision_imminente,SAFE : arret au feu rouge
53.55,81.1,0.0,SAFE,7,proximite:collision_imminente,SAFE : arret au feu rouge
53.60,81.1,0.0,SAFE,7,proximite:collision_imminente,SAFE : arret au feu rouge
53.65,81.1,0.0,SAFE,7,proximite:collision_imminente,SAFE : arret au feu rouge
53.70,81.1,0.0,SAFE,7,proximite:collision_imminente,SAFE : arret au feu rouge
53.75,81.1,0.0,SAFE,7,proximite:collision_imminente,SAFE : arret au feu rouge
53.80,81.1,0.0,SAFE,7,proximite:collision_imminente,SAFE : arret au feu rouge
53.85,81.1,0.0,SAFE,7,proximite:collision_imminente,SAFE : arret au feu rouge
53.90,81.1,0.0,SAFE,7,proximite:collision_imminente,SAFE : arret au feu rouge
53.95,81.1,0.0,SAFE,7,proximite:collision_imminente,SAFE : arret au feu rouge
54.00,81.1,0.0,SAFE,7,proximite:collision_imminente,SAFE : arret au feu rouge
54.05,81.1,0.0,SAFE,7,proximite:collision_imminente,SAFE : arret au feu rouge
54.10,81.1,0.0,SAFE,7,proximite:collision_imminente,SAFE : arret au feu rouge
54.15,81.1,0.0,SAFE,7,proximite:collision_imminente,SAFE : arret au feu rouge
54.20,81.1,0.0,SAFE,6,proximite:collision_imminente,SAFE : arret au feu rouge
54.25,81.1,0.0,SAFE,6,proximite:collision_imminente,SAFE : arret au feu rouge
54.30,81.1,0.0,SAFE,6,proximite:collision_imminente,SAFE : arret au feu rouge
54.35,81.1,0.0,SAFE,6,proximite:collision_imminente,SAFE : arret au feu rouge
54.40,81.1,0.0,SAFE,6,proximite:collision_imminente,SAFE : arret au feu rouge
54.45,81.1,0.0,SAFE,6,proximite:collision_imminente,SAFE : arret au feu rouge
54.50,81.1,0.0,SAFE,6,proximite:collision_imminente,SAFE : arret au feu rouge
54.55,81.1,0.0,SAFE,6,proximite:collision_imminente,SAFE : arret au feu rouge
54.60,81.1,0.0,SAFE,6,proximite:collision_imminente,SAFE : arret au feu rouge
54.65,81.1,0.0,SAFE,6,proximite:collision_imminente,SAFE : arret au feu rouge
54.70,81.1,0.0,SAFE,6,proximite:collision_imminente,SAFE : arret au feu rouge
54.75,81.1,0.0,SAFE,6,proximite:collision_imminente,SAFE : arret au feu rouge
54.80,81.1,0.0,SAFE,6,proximite:collision_imminente,SAFE : arret au feu rouge
54.85,81.1,0.0,SAFE,6,proximite:collision_imminente,SAFE : arret au feu rouge
54.90,81.1,0.0,SAFE,6,proximite:collision_imminente,SAFE : arret au feu rouge
54.95,81.1,0.0,SAFE,6,proximite:collision_imminente,SAFE : arret au feu rouge
55.00,81.1,0.0,SAFE,6,proximite:collision_imminente,SAFE : arret au feu rouge
55.05,81.1,0.0,SAFE,6,proximite:collision_imminente,SAFE : arret au feu rouge
55.10,81.1,0.0,SAFE,6,proximite:collision_imminente,SAFE : arret au feu rouge
55.15,81.1,0.0,SAFE,6,proximite:collision_imminente,SAFE : arret au feu rouge
55.20,81.1,0.0,SAFE,6,proximite:collision_imminente,SAFE : arret au feu rouge
55.25,81.1,0.0,SAFE,6,proximite:collision_imminente,SAFE : arret au feu rouge
55.30,81.1,0.0,SAFE,6,proximite:collision_imminente,SAFE : arret au feu rouge
55.35,81.1,0.0,SAFE,6,proximite:collision_imminente,SAFE : arret au feu rouge
55.40,81.1,0.0,SAFE,6,proximite:collision_imminente,SAFE : arret au feu rouge
55.45,81.1,0.0,SAFE,6,proximite:collision_imminente,SAFE : arret au feu rouge
55.50,81.1,0.0,SAFE,6,proximite:collision_imminente,SAFE : arret au feu rouge
55.55,81.1,0.0,SAFE,6,proximite:collision_imminente,SAFE : arret au feu rouge
55.60,81.1,0.0,SAFE,6,proximite:collision_imminente,SAFE : arret au feu rouge
55.65,81.1,0.0,SAFE,6,proximite:collision_imminente,SAFE : arret au feu rouge
55.70,81.1,0.0,SAFE,6,proximite:collision_imminente,SAFE : arret au feu rouge
55.75,81.1,0.0,SAFE,6,proximite:collision_imminente,SAFE : arret au feu rouge
55.80,81.1,0.0,SAFE,6,proximite:collision_imminente,SAFE : arret au feu rouge
55.85,81.1,0.0,SAFE,6,proximite:collision_imminente,SAFE : arret au feu rouge
55.90,81.1,0.0,SAFE,6,proximite:collision_imminente,SAFE : arret au feu rouge
55.95,81.1,0.0,SAFE,6,proximite:collision_imminente,SAFE : arret au feu rouge
56.00,81.1,0.0,SAFE,6,proximite:collision_imminente,SAFE : arret au feu rouge
56.05,81.1,0.0,SAFE,6,proximite:collision_imminente,SAFE : arret au feu rouge
56.10,81.1,0.0,SAFE,6,proximite:collision_imminente,SAFE : arret au feu rouge
56.15,81.1,0.0,SAFE,6,proximite:collision_imminente,SAFE : arret au feu rouge
56.20,81.1,0.0,SAFE,6,proximite:collision_imminente,SAFE : arret au feu rouge
56.25,81.1,0.0,SAFE,6,proximite:collision_imminente,SAFE : arret au feu rouge
56.30,81.1,0.0,SAFE,6,proximite:collision_imminente,SAFE : arret au feu rouge
56.35,81.1,0.0,SAFE,6,proximite:collision_imminente,SAFE : arret au feu rouge
56.40,81.1,0.0,SAFE,6,proximite:collision_imminente,SAFE : arret au feu rouge
56.45,81.1,0.0,SAFE,6,proximite:collision_imminente,SAFE : arret au feu rouge
56.50,81.1,0.0,SAFE,6,proximite:collision_imminente,SAFE : arret au feu rouge
56.55,81.1,0.0,SAFE,6,proximite:collision_imminente,SAFE : arret au feu rouge
56.60,81.1,0.0,SAFE,6,proximite:collision_imminente,SAFE : arret au feu rouge
56.65,81.1,0.0,SAFE,6,proximite:collision_imminente,SAFE : arret au feu rouge
56.70,81.1,0.0,SAFE,6,proximite:collision_imminente,SAFE : arret au feu rouge
56.75,81.1,0.0,SAFE,6,proximite:collision_imminente,SAFE : arret au feu rouge
56.80,81.1,0.0,SAFE,6,proximite:collision_imminente,SAFE : arret au feu rouge
56.85,81.1,0.0,SAFE,6,proximite:collision_imminente,SAFE : arret au feu rouge
56.90,81.1,0.0,SAFE,6,proximite:collision_imminente,SAFE : arret au feu rouge
56.95,81.1,0.0,SAFE,6,proximite:collision_imminente,SAFE : arret au feu rouge
57.00,81.1,0.0,SAFE,6,proximite:collision_imminente,SAFE : arret au feu rouge
57.05,81.1,0.0,SAFE,6,proximite:collision_imminente,SAFE : arret au feu rouge
57.10,81.1,0.0,SAFE,6,proximite:collision_imminente,SAFE : arret au feu rouge
57.15,81.1,0.0,SAFE,6,proximite:collision_imminente,SAFE : arret au feu rouge
57.20,81.1,0.0,SAFE,7,proximite:collision_imminente,SAFE : arret au feu rouge
57.25,81.1,0.0,SAFE,7,proximite:collision_imminente,SAFE : arret au feu rouge
57.30,81.1,0.0,SAFE,7,proximite:collision_imminente,SAFE : arret au feu rouge
57.35,81.1,0.0,SAFE,7,proximite:collision_imminente,SAFE : arret au feu rouge
57.40,81.1,0.0,SAFE,7,proximite:collision_imminente,SAFE : arret au feu rouge
57.45,81.1,0.0,SAFE,7,proximite:collision_imminente,SAFE : arret au feu rouge
57.50,81.1,0.0,SAFE,7,proximite:collision_imminente,SAFE : arret au feu rouge
57.55,81.1,0.0,SAFE,7,proximite:collision_imminente,SAFE : arret au feu rouge
57.60,81.1,0.0,SAFE,8,proximite:collision_imminente,SAFE : arret au feu rouge
57.65,81.1,0.0,SAFE,8,proximite:collision_imminente,SAFE : arret au feu rouge
57.70,81.1,0.0,SAFE,8,proximite:collision_imminente,SAFE : arret au feu rouge
57.75,81.1,0.0,SAFE,8,proximite:collision_imminente,SAFE : arret au feu rouge
57.80,81.1,0.0,SAFE,8,proximite:collision_imminente,SAFE : arret au feu rouge
57.85,81.1,0.0,SAFE,8,proximite:collision_imminente,SAFE : arret au feu rouge
57.90,81.1,0.0,SAFE,8,proximite:collision_imminente,SAFE : arret au feu rouge
57.95,81.1,0.0,SAFE,8,proximite:collision_imminente,SAFE : arret au feu rouge
58.00,81.1,0.0,SAFE,8,proximite:collision_imminente,SAFE : arret au feu rouge
58.05,81.1,0.0,SAFE,8,proximite:collision_imminente,SAFE : arret au feu rouge
58.10,81.1,0.0,SAFE,8,proximite:collision_imminente,SAFE : arret au feu rouge
58.15,81.1,0.0,SAFE,8,proximite:collision_imminente,SAFE : arret au feu rouge
58.20,81.1,0.0,SAFE,8,proximite:collision_imminente,SAFE : arret au feu rouge
58.25,81.1,0.0,SAFE,8,proximite:collision_imminente,SAFE : arret au feu rouge
58.30,81.1,0.0,SAFE,8,proximite:collision_imminente,SAFE : arret au feu rouge
58.35,81.1,0.0,SAFE,8,proximite:collision_imminente,SAFE : arret au feu rouge
58.40,81.1,0.0,SAFE,8,proximite:collision_imminente,SAFE : arret au feu rouge
58.45,81.1,0.0,SAFE,8,proximite:collision_imminente,SAFE : arret au feu rouge
58.50,81.1,0.0,SAFE,8,proximite:collision_imminente,SAFE : arret au feu rouge
58.55,81.1,0.0,SAFE,8,proximite:collision_imminente,SAFE : arret au feu rouge
58.60,81.1,0.0,SAFE,8,proximite:collision_imminente,SAFE : arret au feu rouge
58.65,81.1,0.0,SAFE,8,proximite:collision_imminente,SAFE : arret au feu rouge
58.70,81.1,0.0,SAFE,8,proximite:collision_imminente,SAFE : arret au feu rouge
58.75,81.1,0.0,SAFE,8,proximite:collision_imminente,SAFE : arret au feu rouge
58.80,81.1,0.0,SAFE,8,proximite:collision_imminente,SAFE : arret au feu rouge
58.85,81.1,0.0,SAFE,8,proximite:collision_imminente,SAFE : arret au feu rouge
58.90,81.1,0.0,SAFE,8,proximite:collision_imminente,SAFE : arret au feu rouge
58.95,81.1,0.0,SAFE,8,proximite:collision_imminente,SAFE : arret au feu rouge
59.00,81.1,0.0,SAFE,8,proximite:collision_imminente,SAFE : arret au feu rouge
59.05,81.1,0.0,SAFE,8,proximite:collision_imminente,SAFE : arret au feu rouge
59.10,81.1,0.0,SAFE,8,proximite:collision_imminente,SAFE : arret au feu rouge
59.15,81.1,0.0,SAFE,8,proximite:collision_imminente,SAFE : arret au feu rouge
59.20,81.1,0.0,SAFE,8,proximite:collision_imminente,SAFE : arret au feu rouge
59.25,81.1,0.0,SAFE,8,proximite:collision_imminente,SAFE : arret au feu rouge
59.30,81.1,0.0,SAFE,8,proximite:collision_imminente,SAFE : arret au feu rouge
59.35,81.1,0.0,SAFE,8,proximite:collision_imminente,SAFE : arret au feu rouge
59.40,81.1,0.0,SAFE,7,proximite:collision_imminente,SAFE : arret au feu rouge
59.45,81.1,0.0,SAFE,7,proximite:collision_imminente,SAFE : arret au feu rouge
59.50,81.1,0.0,SAFE,7,proximite:collision_imminente,SAFE : arret au feu rouge
59.55,81.1,0.0,SAFE,7,proximite:collision_imminente,SAFE : arret au feu rouge
59.60,81.1,0.0,SAFE,7,proximite:collision_imminente,SAFE : arret au feu rouge
59.65,81.1,0.0,SAFE,7,proximite:collision_imminente,SAFE : arret au feu rouge
59.70,81.1,0.0,SAFE,7,proximite:collision_imminente,SAFE : arret au feu rouge
59.75,81.1,0.0,SAFE,7,proximite:collision_imminente,SAFE : arret au feu rouge
59.80,81.1,0.0,SAFE,7,proximite:collision_imminente,SAFE : arret au feu rouge
59.85,81.1,0.0,SAFE,7,proximite:collision_imminente,SAFE : arret au feu rouge
59.90,81.1,0.0,SAFE,7,proximite:collision_imminente,SAFE : arret au feu rouge
59.95,81.1,0.0,SAFE,7,proximite:collision_imminente,SAFE : arret au feu rouge
60.00,81.1,0.0,SAFE,7,proximite:collision_imminente,SAFE : arret au feu rouge
60.05,81.1,0.0,SAFE,7,proximite:collision_imminente,SAFE : arret au feu rouge
60.10,81.1,0.0,SAFE,7,proximite:collision_imminente,SAFE : arret au feu rouge
60.15,81.1,0.0,SAFE,7,proximite:collision_imminente,SAFE : arret au feu rouge
60.20,81.1,0.0,SAFE,7,proximite:collision_imminente,SAFE : arret au feu rouge
60.25,81.1,0.0,SAFE,7,proximite:collision_imminente,SAFE : arret au feu rouge
60.30,81.1,0.0,SAFE,7,proximite:collision_imminente,SAFE : arret au feu rouge
60.35,81.1,0.0,SAFE,7,proximite:collision_imminente,SAFE : arret au feu rouge
60.40,81.1,0.0,SAFE,7,proximite:collision_imminente,SAFE : arret au feu rouge
60.45,81.1,0.0,SAFE,7,proximite:collision_imminente,SAFE : arret au feu rouge
60.50,81.1,0.0,SAFE,7,proximite:collision_imminente,SAFE : arret au feu rouge
60.55,81.1,0.0,SAFE,7,proximite:collision_imminente,SAFE : arret au feu rouge
60.60,81.1,0.0,SAFE,7,proximite:collision_imminente,SAFE : arret au feu rouge
60.65,81.1,0.0,SAFE,7,proximite:collision_imminente,SAFE : arret au feu rouge
60.70,81.1,0.0,SAFE,8,proximite:collision_imminente,SAFE : arret au feu rouge
60.75,81.1,0.0,SAFE,7,proximite:collision_imminente,SAFE : arret au feu rouge
60.80,81.1,0.0,SAFE,7,proximite:collision_imminente,SAFE : arret au feu rouge
60.85,81.1,0.0,CRITICAL,7,proximite:collision_imminente,Vigilance — situation à la limite
60.90,81.1,0.0,CRITICAL,7,proximite:collision_imminente,Vigilance — situation à la limite
60.95,81.1,0.0,CRITICAL,7,proximite:collision_imminente,Vigilance — situation à la limite
61.00,81.1,0.0,CRITICAL,7,proximite:collision_imminente,Vigilance — situation à la limite
61.05,81.1,0.0,CRITICAL,7,proximite:collision_imminente,Vigilance — situation à la limite
61.10,81.1,0.0,CRITICAL,7,proximite:collision_imminente,Vigilance — situation à la limite
61.15,81.1,0.0,CRITICAL,7,proximite:collision_imminente,Vigilance — situation à la limite
61.20,81.1,0.0,CRITICAL,7,proximite:collision_imminente,Vigilance — situation à la limite
61.25,81.1,0.0,CRITICAL,7,proximite:collision_imminente,Vigilance — situation à la limite
61.30,81.1,0.0,CRITICAL,7,proximite:collision_imminente,Vigilance — situation à la limite
61.35,81.1,0.0,CRITICAL,7,proximite:collision_imminente,Vigilance — situation à la limite
61.40,81.1,0.0,CRITICAL,7,proximite:collision_imminente,Vigilance — situation à la limite
61.45,81.1,0.0,CRITICAL,7,proximite:collision_imminente,Vigilance — situation à la limite
61.50,81.1,0.0,CRITICAL,7,proximite:collision_imminente,Vigilance — situation à la limite
61.55,81.1,0.0,CRITICAL,7,proximite:collision_imminente,Vigilance — situation à la limite
61.60,81.1,0.0,CRITICAL,7,proximite:collision_imminente,Vigilance — situation à la limite
61.65,81.1,0.0,CRITICAL,7,proximite:collision_imminente,Vigilance — situation à la limite
61.70,81.1,0.0,CRITICAL,7,proximite:collision_imminente,Vigilance — situation à la limite
61.75,81.1,0.0,SAFE,7,proximite:collision_imminente,SAFE : arret au feu rouge
61.80,81.1,0.0,SAFE,7,proximite:collision_imminente,SAFE : arret au feu rouge
61.85,81.1,0.0,SAFE,7,proximite:collision_imminente,SAFE : arret au feu rouge
61.90,81.1,0.0,SAFE,7,proximite:collision_imminente,SAFE : arret au feu rouge
61.95,81.1,0.0,SAFE,7,proximite:collision_imminente,SAFE : arret au feu rouge
62.00,81.1,0.0,SAFE,7,proximite:collision_imminente,SAFE : arret au feu rouge
62.05,81.1,0.0,SAFE,7,proximite:collision_imminente,SAFE : arret au feu rouge
62.10,81.1,0.0,SAFE,7,proximite:collision_imminente,SAFE : arret au feu rouge
62.15,81.1,0.0,SAFE,7,proximite:collision_imminente,SAFE : arret au feu rouge
62.20,81.1,0.0,SAFE,7,proximite:collision_imminente,SAFE : arret au feu rouge
62.25,81.1,0.0,SAFE,7,proximite:collision_imminente,SAFE : arret au feu rouge
62.30,81.1,0.0,SAFE,7,proximite:collision_imminente,SAFE : arret au feu rouge
62.35,81.1,0.0,SAFE,7,proximite:collision_imminente,SAFE : arret au feu rouge
62.40,81.1,0.0,SAFE,7,proximite:collision_imminente,SAFE : arret au feu rouge
62.45,81.1,0.0,CRITICAL,7,proximite:collision_imminente,Vigilance — situation à la limite
62.50,81.1,0.0,CRITICAL,7,proximite:collision_imminente,Vigilance — situation à la limite
62.55,81.1,0.0,CRITICAL,7,proximite:collision_imminente,Vigilance — situation à la limite
62.60,81.1,0.0,CRITICAL,7,proximite:collision_imminente,Vigilance — situation à la limite
62.65,81.1,0.0,CRITICAL,7,proximite:collision_imminente,Vigilance — situation à la limite
62.70,81.1,0.0,CRITICAL,7,proximite:collision_imminente,Vigilance — situation à la limite
62.75,81.1,0.0,CRITICAL,7,proximite:collision_imminente,Vigilance — situation à la limite
62.80,81.1,0.0,CRITICAL,8,proximite:collision_imminente,Vigilance — situation à la limite
62.85,81.1,0.0,CRITICAL,8,proximite:collision_imminente,Vigilance — situation à la limite
62.90,81.1,0.0,CRITICAL,8,proximite:collision_imminente,Vigilance — situation à la limite
62.95,81.1,0.0,CRITICAL,8,proximite:collision_imminente,Vigilance — situation à la limite
63.00,81.1,0.0,CRITICAL,8,proximite:collision_imminente,Vigilance — situation à la limite
63.05,81.1,0.0,CRITICAL,8,proximite:collision_imminente,Vigilance — situation à la limite
63.10,81.1,0.0,CRITICAL,8,proximite:collision_imminente,Vigilance — situation à la limite
63.15,81.1,0.0,CRITICAL,8,proximite:collision_imminente,Vigilance — situation à la limite
63.20,81.1,0.0,CRITICAL,8,proximite:collision_imminente,Vigilance — situation à la limite
63.25,81.1,0.0,SAFE,8,proximite:collision_imminente,SAFE : arret au feu rouge
63.30,81.1,0.0,SAFE,8,proximite:collision_imminente,SAFE : arret au feu rouge
63.35,81.1,0.0,SAFE,8,proximite:collision_imminente,SAFE : arret au feu rouge
63.40,81.1,0.0,SAFE,8,proximite:collision_imminente,SAFE : arret au feu rouge
63.45,81.1,0.0,SAFE,8,proximite:collision_imminente,SAFE : arret au feu rouge
63.50,81.1,0.0,SAFE,8,proximite:collision_imminente,SAFE : arret au feu rouge
63.55,81.1,0.0,SAFE,8,proximite:collision_imminente,SAFE : arret au feu rouge
63.60,81.1,0.0,SAFE,8,proximite:collision_imminente,SAFE : arret au feu rouge
63.65,81.1,0.0,SAFE,8,proximite:collision_imminente,SAFE : arret au feu rouge
63.70,81.1,0.0,SAFE,8,proximite:collision_imminente,SAFE : arret au feu rouge
63.75,81.1,0.0,SAFE,8,proximite:collision_imminente,SAFE : arret au feu rouge
63.80,81.1,0.0,SAFE,8,proximite:collision_imminente,SAFE : arret au feu rouge
63.85,81.1,0.0,SAFE,8,proximite:collision_imminente,SAFE : arret au feu rouge
63.90,81.1,0.0,SAFE,8,proximite:collision_imminente,SAFE : arret au feu rouge
63.95,81.1,0.0,SAFE,8,proximite:collision_imminente,SAFE : arret au feu rouge
64.00,81.1,0.0,SAFE,8,proximite:collision_imminente,SAFE : arret au feu rouge
64.05,81.1,0.0,SAFE,8,proximite:collision_imminente,SAFE : arret au feu rouge
64.10,81.1,0.0,SAFE,8,proximite:collision_imminente,SAFE : arret au feu rouge
64.15,81.1,0.0,SAFE,8,proximite:collision_imminente,SAFE : arret au feu rouge
64.20,81.1,0.0,SAFE,8,proximite:collision_imminente,SAFE : arret au feu rouge
64.25,81.1,0.0,SAFE,8,proximite:collision_imminente,SAFE : arret au feu rouge
64.30,81.1,0.0,SAFE,8,proximite:collision_imminente,SAFE : arret au feu rouge
64.35,81.1,0.0,SAFE,8,proximite:collision_imminente,Situation maîtrisée
64.40,81.1,0.0,SAFE,8,proximite:collision_imminente,Situation maîtrisée
64.45,81.1,0.0,SAFE,8,proximite:collision_imminente,Situation maîtrisée
64.50,81.1,0.0,SAFE,8,proximite:collision_imminente,Situation maîtrisée
64.55,81.1,0.0,SAFE,8,proximite:collision_imminente,Situation maîtrisée
64.60,81.1,0.0,SAFE,8,proximite:collision_imminente,Situation maîtrisée
64.65,81.1,0.0,SAFE,8,proximite:collision_imminente,Situation maîtrisée
64.70,81.1,0.0,SAFE,8,proximite:collision_imminente,Situation maîtrisée
64.75,81.1,0.0,SAFE,8,proximite:collision_imminente,Situation maîtrisée
64.80,81.1,0.0,SAFE,8,proximite:collision_imminente,Situation maîtrisée
64.85,81.1,0.0,SAFE,8,proximite:collision_imminente,Situation maîtrisée
64.90,81.1,0.0,SAFE,8,proximite:collision_imminente,Situation maîtrisée
64.95,81.1,0.0,SAFE,8,proximite:collision_imminente,Situation maîtrisée
65.00,81.1,0.0,SAFE,8,proximite:collision_imminente,Situation maîtrisée
65.05,81.1,0.0,SAFE,8,proximite:collision_imminente,Situation maîtrisée
65.10,81.1,0.0,SAFE,8,proximite:collision_imminente,Situation maîtrisée
65.15,81.1,0.0,SAFE,8,proximite:collision_imminente,Situation maîtrisée
65.20,81.1,0.0,SAFE,8,proximite:collision_imminente,Situation maîtrisée
65.25,81.1,0.0,SAFE,8,proximite:collision_imminente,Situation maîtrisée
65.30,81.1,0.0,SAFE,9,proximite:collision_imminente,Situation maîtrisée
65.35,81.1,0.0,SAFE,9,proximite:collision_imminente,Situation maîtrisée
65.40,81.1,0.0,SAFE,9,proximite:collision_imminente,Situation maîtrisée
65.45,81.1,0.0,SAFE,9,proximite:collision_imminente,Situation maîtrisée
65.50,81.1,0.0,SAFE,9,moteur:physique,Situation maîtrisée
65.55,81.1,0.0,SAFE,9,moteur:physique,Situation maîtrisée
65.60,81.1,0.0,SAFE,9,moteur:physique,Situation maîtrisée
65.65,81.1,0.3,SAFE,9,moteur:physique,Situation maîtrisée
65.70,81.1,0.8,SAFE,9,moteur:physique,Situation maîtrisée
65.75,81.1,1.5,SAFE,9,moteur:physique,Situation maîtrisée
65.80,81.1,2.1,SAFE,9,moteur:physique,Situation maîtrisée
65.85,81.1,2.9,SAFE,9,moteur:physique,Situation maîtrisée
65.90,81.2,3.7,SAFE,10,moteur:physique,Situation maîtrisée
65.95,81.2,4.6,SAFE,10,moteur:physique,Situation maîtrisée
66.00,81.3,5.4,SAFE,10,moteur:physique,Situation maîtrisée
66.05,81.4,6.2,SAFE,10,moteur:physique,Situation maîtrisée
66.10,81.5,7.2,SAFE,10,moteur:physique,Situation maîtrisée
66.15,81.6,7.9,SAFE,10,moteur:physique,Situation maîtrisée
66.20,81.7,8.7,SAFE,10,moteur:physique,Situation maîtrisée
66.25,81.8,9.5,SAFE,10,moteur:physique,Situation maîtrisée
66.30,82.0,10.4,SAFE,10,moteur:physique,Situation maîtrisée
66.35,82.1,11.2,SAFE,11,moteur:physique,Situation maîtrisée
66.40,82.3,12.0,SAFE,11,moteur:physique,Situation maîtrisée
66.45,82.5,12.7,SAFE,12,moteur:physique,Situation maîtrisée
66.50,82.6,13.4,SAFE,12,moteur:physique,Situation maîtrisée
66.55,82.8,14.1,SAFE,12,moteur:physique,Situation maîtrisée
66.60,83.0,14.7,SAFE,12,moteur:physique,Situation maîtrisée
66.65,83.2,15.2,SAFE,12,moteur:physique,Situation maîtrisée
66.70,83.5,15.7,SAFE,12,moteur:physique,Situation maîtrisée
66.75,83.7,16.1,SAFE,12,moteur:physique,Situation maîtrisée
66.80,83.9,16.5,SAFE,12,moteur:physique,Situation maîtrisée
66.85,84.1,16.9,SAFE,12,moteur:physique,Situation maîtrisée
66.90,84.4,17.2,SAFE,12,moteur:physique,Situation maîtrisée
66.95,84.6,17.5,SAFE,12,moteur:physique,Situation maîtrisée
67.00,84.9,17.8,SAFE,13,moteur:physique,Situation maîtrisée
67.05,85.1,18.0,SAFE,13,moteur:physique,Situation maîtrisée
67.10,85.4,18.2,SAFE,13,moteur:physique,Situation maîtrisée
67.15,85.6,18.1,SAFE,13,moteur:physique,Situation maîtrisée
67.20,85.9,18.1,SAFE,13,moteur:physique,Situation maîtrisée
67.25,86.1,18.1,SAFE,13,moteur:physique,Situation maîtrisée
67.30,86.4,18.3,SAFE,13,moteur:physique,Situation maîtrisée
67.35,86.6,18.1,SAFE,13,,Situation maîtrisée
67.40,86.9,18.4,SAFE,13,,Situation maîtrisée
67.45,87.1,18.2,SAFE,13,,Situation maîtrisée
67.50,87.4,18.2,SAFE,13,,Situation maîtrisée
67.55,87.6,18.3,SAFE,12,,Situation maîtrisée
67.60,87.9,18.2,SAFE,12,,Situation maîtrisée
67.65,88.1,18.0,SAFE,12,,Situation maîtrisée
67.70,88.4,18.4,SAFE,12,,Situation maîtrisée
67.75,88.7,18.1,SAFE,11,,Situation maîtrisée
67.80,88.9,18.3,SAFE,11,,Situation maîtrisée
67.85,89.2,18.3,SAFE,11,,Situation maîtrisée
67.90,89.4,18.1,SAFE,11,,Situation maîtrisée
67.95,89.7,18.3,SAFE,11,,Situation maîtrisée
68.00,89.9,18.2,SAFE,11,,Situation maîtrisée
68.05,90.2,18.1,SAFE,11,,Situation maîtrisée
68.10,90.4,18.3,SAFE,11,,Situation maîtrisée
68.15,90.7,18.2,SAFE,11,,Situation maîtrisée
68.20,90.9,18.1,SAFE,11,,Situation maîtrisée
68.25,91.2,18.1,SAFE,11,,Situation maîtrisée
68.30,91.4,18.1,SAFE,11,,Situation maîtrisée
68.35,91.7,18.1,SAFE,11,,Situation maîtrisée
68.40,91.9,18.0,SAFE,11,,Situation maîtrisée
68.45,92.2,17.8,SAFE,11,,Situation maîtrisée
68.50,92.4,17.4,SAFE,11,,Situation maîtrisée
68.55,92.7,16.9,SAFE,11,,Situation maîtrisée
68.60,92.9,16.7,SAFE,11,,Situation maîtrisée
68.65,93.1,16.7,SAFE,12,,Situation maîtrisée
68.70,93.3,16.7,SAFE,12,,Situation maîtrisée
68.75,93.6,16.7,SAFE,12,,Situation maîtrisée
68.80,93.8,16.6,SAFE,12,,Situation maîtrisée
68.85,94.0,16.4,SAFE,12,,Situation maîtrisée
68.90,94.2,16.3,SAFE,10,,Situation maîtrisée
68.95,94.5,16.3,SAFE,9,,Situation maîtrisée
69.00,94.7,16.4,SAFE,9,,Situation maîtrisée
69.05,94.9,16.5,SAFE,9,,Situation maîtrisée
69.10,95.2,16.6,SAFE,9,,Situation maîtrisée
69.15,95.4,16.5,SAFE,9,,Situation maîtrisée
69.20,95.6,16.4,SAFE,9,,Situation maîtrisée
69.25,95.8,16.5,SAFE,9,,Situation maîtrisée
69.30,96.1,16.5,SAFE,9,,Situation maîtrisée
69.35,96.3,16.6,SAFE,9,,Situation maîtrisée
69.40,96.5,16.8,SAFE,9,,Situation maîtrisée
69.45,96.8,16.9,SAFE,9,,Situation maîtrisée
69.50,97.0,16.9,SAFE,9,,Situation maîtrisée
69.55,97.2,17.0,SAFE,9,,Situation maîtrisée
69.60,97.5,17.0,SAFE,9,,Situation maîtrisée
69.65,97.7,17.2,SAFE,9,,Situation maîtrisée
69.70,97.9,17.3,SAFE,9,,Situation maîtrisée
69.75,98.2,17.4,SAFE,9,,Situation maîtrisée
69.80,98.4,17.5,SAFE,9,,Situation maîtrisée
69.85,98.7,17.6,SAFE,9,,Situation maîtrisée
69.90,98.9,17.7,SAFE,9,,Situation maîtrisée
69.95,99.2,17.8,SAFE,9,,Situation maîtrisée
70.00,99.4,17.9,SAFE,9,,Situation maîtrisée
70.05,99.6,18.0,SAFE,9,,Situation maîtrisée
70.10,99.9,18.1,SAFE,9,,Situation maîtrisée
70.15,100.2,17.9,SAFE,9,,Situation maîtrisée
70.20,100.4,18.1,SAFE,9,,Situation maîtrisée
70.25,100.7,18.1,SAFE,9,,Situation maîtrisée
70.30,100.9,18.1,SAFE,9,,Situation maîtrisée
70.35,101.2,18.2,SAFE,9,,Situation maîtrisée
70.40,101.4,18.2,SAFE,8,,Situation maîtrisée
70.45,101.7,18.2,SAFE,8,,Situation maîtrisée
70.50,101.9,18.0,SAFE,8,,Situation maîtrisée
70.55,102.2,18.1,SAFE,8,,Situation maîtrisée
70.60,102.4,18.3,SAFE,8,,Situation maîtrisée
70.65,102.7,18.0,SAFE,8,,Situation maîtrisée
70.70,102.9,18.2,SAFE,8,,Situation maîtrisée
70.75,103.2,18.0,SAFE,8,,Situation maîtrisée
70.80,103.4,18.3,SAFE,8,,Situation maîtrisée
70.85,103.7,18.1,SAFE,8,,Situation maîtrisée
70.90,103.9,18.2,SAFE,8,,Situation maîtrisée
70.95,104.2,18.2,SAFE,8,,Situation maîtrisée
71.00,104.4,18.4,SAFE,8,,Situation maîtrisée
71.05,104.7,18.1,SAFE,8,,Situation maîtrisée
71.10,104.9,18.5,SAFE,7,,Situation maîtrisée
71.15,105.2,18.4,SAFE,7,,Situation maîtrisée
71.20,105.5,18.3,SAFE,7,,Situation maîtrisée
71.25,105.7,18.1,SAFE,7,,Situation maîtrisée
71.30,106.0,18.0,SAFE,7,,Situation maîtrisée
71.35,106.2,18.6,SAFE,6,,Situation maîtrisée
71.40,106.5,18.7,SAFE,6,,Situation maîtrisée
71.45,106.7,18.3,SAFE,6,,Situation maîtrisée
71.50,107.0,18.8,SAFE,5,,Situation maîtrisée
71.55,107.2,18.4,SAFE,5,,Situation maîtrisée
71.60,107.5,18.8,SAFE,5,,Situation maîtrisée
71.65,107.8,18.4,SAFE,5,,Situation maîtrisée
71.70,108.0,18.9,SAFE,5,,Situation maîtrisée
71.75,108.3,18.5,SAFE,5,,Situation maîtrisée
71.80,108.5,18.8,SAFE,6,,Situation maîtrisée
71.85,108.8,18.5,SAFE,5,,Situation maîtrisée
71.90,109.1,19.0,SAFE,5,,Situation maîtrisée
71.95,109.3,18.7,SAFE,5,,Situation maîtrisée
72.00,109.6,19.0,SAFE,5,,Situation maîtrisée
72.05,109.8,18.6,SAFE,5,,Situation maîtrisée
72.10,110.1,19.1,SAFE,5,,Situation maîtrisée
72.15,110.4,18.8,SAFE,4,,Situation maîtrisée
72.20,110.6,19.1,SAFE,4,,Situation maîtrisée
72.25,110.9,18.8,SAFE,4,,Situation maîtrisée
72.30,111.2,19.2,SAFE,4,,Situation maîtrisée
72.35,111.4,18.9,SAFE,4,,Situation maîtrisée
72.40,111.7,19.2,SAFE,4,,Situation maîtrisée
72.45,112.0,18.9,SAFE,4,,Situation maîtrisée
72.50,112.2,19.3,SAFE,4,,Situation maîtrisée
72.55,112.5,19.0,SAFE,4,,Situation maîtrisée
72.60,112.8,19.3,SAFE,4,,Situation maîtrisée
72.65,113.0,19.0,SAFE,4,,Situation maîtrisée
72.70,113.3,19.5,SAFE,4,,Situation maîtrisée
72.75,113.6,19.2,SAFE,4,,Situation maîtrisée
72.80,113.8,19.5,SAFE,4,,Situation maîtrisée
72.85,114.1,19.1,SAFE,4,,Situation maîtrisée
72.90,114.4,19.6,SAFE,4,,Situation maîtrisée
72.95,114.6,19.3,SAFE,4,,Situation maîtrisée
73.00,114.9,19.7,SAFE,4,,Situation maîtrisée
73.05,115.2,19.3,SAFE,4,,Situation maîtrisée
73.10,115.4,19.6,SAFE,4,,Situation maîtrisée
73.15,115.7,19.3,SAFE,4,,Situation maîtrisée
73.20,116.0,19.7,SAFE,4,,Situation maîtrisée
73.25,116.3,19.3,SAFE,4,,Situation maîtrisée
73.30,116.5,19.8,SAFE,4,,Situation maîtrisée
73.35,116.8,19.6,SAFE,4,,Situation maîtrisée
73.40,117.1,19.9,SAFE,4,,Situation maîtrisée
73.45,117.3,19.5,SAFE,4,,Situation maîtrisée
73.50,117.6,20.0,SAFE,4,,Situation maîtrisée
73.55,117.9,19.7,SAFE,4,,Situation maîtrisée
73.60,118.2,20.0,SAFE,3,,Situation maîtrisée
73.65,118.4,19.6,SAFE,3,,Situation maîtrisée
73.70,118.7,20.0,SAFE,2,,Situation maîtrisée
73.75,119.0,19.8,SAFE,2,,Situation maîtrisée
73.80,119.3,20.0,SAFE,2,,Situation maîtrisée
73.85,119.6,19.6,SAFE,2,,Situation maîtrisée
73.90,119.8,20.1,SAFE,2,,Situation maîtrisée
73.95,120.1,19.8,SAFE,2,,Situation maîtrisée
74.00,120.4,20.0,SAFE,2,,Situation maîtrisée
74.05,120.7,19.6,SAFE,2,,Situation maîtrisée
74.10,120.9,20.1,SAFE,2,,Situation maîtrisée
74.15,121.2,19.8,SAFE,2,,Situation maîtrisée
74.20,121.5,20.0,SAFE,2,,Situation maîtrisée
74.25,121.8,19.6,SAFE,2,,Situation maîtrisée
74.30,122.0,20.0,SAFE,2,,Situation maîtrisée
74.35,122.3,19.7,SAFE,2,,Situation maîtrisée
74.40,122.6,19.9,SAFE,2,,Situation maîtrisée
74.45,122.9,19.5,SAFE,2,,Situation maîtrisée
74.50,123.1,19.9,SAFE,2,,Situation maîtrisée
74.55,123.4,19.6,SAFE,2,,Situation maîtrisée
74.60,123.7,19.8,SAFE,2,,Situation maîtrisée
74.65,124.0,19.4,SAFE,2,,Situation maîtrisée
74.70,124.2,19.8,SAFE,2,,Situation maîtrisée
74.75,124.5,19.5,SAFE,2,,Situation maîtrisée
74.80,124.8,19.7,SAFE,2,,Situation maîtrisée
74.85,125.0,19.3,SAFE,2,,Situation maîtrisée
74.90,125.3,19.7,SAFE,2,,Situation maîtrisée
74.95,125.6,19.4,SAFE,2,,Situation maîtrisée
75.00,125.9,19.6,SAFE,2,,Situation maîtrisée
75.05,126.1,19.1,SAFE,1,,Situation maîtrisée
75.10,126.4,19.6,SAFE,1,,Situation maîtrisée
75.15,126.7,19.2,SAFE,1,,Situation maîtrisée
75.20,126.9,19.4,SAFE,1,,Situation maîtrisée
75.25,127.2,18.9,SAFE,1,,Situation maîtrisée
75.30,127.5,19.2,SAFE,1,,Situation maîtrisée
75.35,127.7,18.8,SAFE,1,,Situation maîtrisée
75.40,128.0,19.1,SAFE,1,,Situation maîtrisée
75.45,128.2,18.7,SAFE,1,,Situation maîtrisée
75.50,128.5,19.0,SAFE,1,,Situation maîtrisée
75.55,128.8,18.7,SAFE,1,,Situation maîtrisée
75.60,129.0,18.9,SAFE,1,,Situation maîtrisée
75.65,129.3,18.5,SAFE,1,,Situation maîtrisée
75.70,129.6,18.8,SAFE,1,,Situation maîtrisée
75.75,129.8,18.5,SAFE,1,,Situation maîtrisée
75.80,130.1,18.8,SAFE,1,,Situation maîtrisée
75.85,130.3,18.4,SAFE,1,,Situation maîtrisée
75.90,130.6,18.7,SAFE,1,,Situation maîtrisée
75.95,130.8,18.4,SAFE,1,,Situation maîtrisée
76.00,131.1,18.7,SAFE,1,,Situation maîtrisée
76.05,131.4,18.2,SAFE,1,,Situation maîtrisée
76.10,131.6,18.5,SAFE,1,,Situation maîtrisée
76.15,131.9,18.2,SAFE,1,,Situation maîtrisée
76.20,132.1,18.5,SAFE,1,,Situation maîtrisée
76.25,132.4,18.1,SAFE,1,,Situation maîtrisée
76.30,132.6,18.5,SAFE,1,,Situation maîtrisée
76.35,132.9,18.4,SAFE,1,,Situation maîtrisée
76.40,133.1,18.2,SAFE,1,,Situation maîtrisée
76.45,133.4,18.5,SAFE,1,,Situation maîtrisée
76.50,133.6,18.2,SAFE,0,,Voie libre
76.55,133.9,18.4,SAFE,0,,Voie libre
76.60,134.1,18.6,SAFE,0,,Voie libre
76.65,134.4,18.1,SAFE,0,,Voie libre
76.70,134.7,18.4,SAFE,0,,Voie libre
76.75,134.9,18.2,SAFE,0,,Voie libre
76.80,135.2,18.0,SAFE,0,,Voie libre
76.85,135.4,18.2,SAFE,0,,Voie libre
76.90,135.7,18.2,SAFE,0,,Voie libre
76.95,135.9,18.2,SAFE,0,,Voie libre
77.00,136.2,18.3,SAFE,0,,Voie libre
77.05,136.4,18.1,SAFE,0,,Voie libre
77.10,136.7,18.2,SAFE,0,,Voie libre
77.15,136.9,18.1,SAFE,0,,Voie libre
77.20,137.2,18.3,SAFE,0,,Voie libre
77.25,137.4,18.1,SAFE,0,,Voie libre
77.30,137.7,18.3,SAFE,0,,Voie libre
77.35,137.9,18.1,SAFE,0,,Voie libre
77.40,138.2,18.3,SAFE,0,,Voie libre
77.45,138.4,18.2,SAFE,0,,Voie libre
77.50,138.7,18.1,SAFE,0,,Voie libre
77.55,138.9,18.3,SAFE,0,,Voie libre
77.60,139.2,18.0,SAFE,0,,Voie libre
77.65,139.4,18.1,SAFE,0,,Voie libre
77.70,139.7,18.2,SAFE,0,,Voie libre
77.75,140.0,18.2,SAFE,0,,Voie libre
77.80,140.2,18.1,SAFE,0,,Voie libre
77.85,140.5,18.2,SAFE,0,,Voie libre
77.90,140.7,18.1,SAFE,0,,Voie libre
77.95,141.0,18.1,SAFE,0,,Voie libre
78.00,141.2,18.3,SAFE,0,,Voie libre
78.05,141.5,18.0,SAFE,0,,Voie libre
78.10,141.7,18.1,SAFE,0,,Voie libre
78.15,142.0,18.2,SAFE,0,,Voie libre
78.20,142.2,18.2,SAFE,0,,Voie libre
78.25,142.5,18.0,SAFE,0,,Voie libre
78.30,142.7,18.2,SAFE,0,,Voie libre
78.35,143.0,18.1,SAFE,0,,Voie libre
78.40,143.2,18.1,SAFE,0,,Voie libre
78.45,143.5,18.3,SAFE,0,,Voie libre
78.50,143.7,18.0,SAFE,0,,Voie libre
78.55,144.0,18.1,SAFE,0,,Voie libre
78.60,144.2,18.2,SAFE,0,,Voie libre
78.65,144.5,18.1,SAFE,0,,Voie libre
78.70,144.7,18.2,SAFE,0,,Voie libre
78.75,145.0,18.2,SAFE,0,,Voie libre
78.80,145.2,18.2,SAFE,0,,Voie libre
78.85,145.5,18.2,SAFE,0,,Voie libre
78.90,145.7,18.1,SAFE,0,,Voie libre
78.95,146.0,18.2,SAFE,0,,Voie libre
79.00,146.2,18.1,SAFE,0,,Voie libre
79.05,146.5,18.3,SAFE,0,,Voie libre
79.10,146.8,18.0,SAFE,0,,Voie libre
79.15,147.0,18.2,SAFE,0,,Voie libre
79.20,147.3,18.0,SAFE,0,,Voie libre
79.25,147.5,18.2,SAFE,0,,Voie libre
79.30,147.8,18.1,SAFE,0,,Voie libre
79.35,148.0,18.3,SAFE,0,,Voie libre
79.40,148.3,18.0,SAFE,0,,Voie libre
79.45,148.5,18.2,SAFE,0,,Voie libre
79.50,148.8,18.0,SAFE,0,,Voie libre
79.55,149.0,18.2,SAFE,0,,Voie libre
79.60,149.3,18.2,SAFE,0,,Voie libre
79.65,149.5,18.1,SAFE,0,,Voie libre
79.70,149.8,18.3,SAFE,0,,Voie libre
79.75,150.0,18.1,SAFE,0,,Voie libre
79.80,150.3,18.3,SAFE,0,,Voie libre
79.85,150.5,18.2,SAFE,0,,Voie libre
79.90,150.8,18.2,SAFE,0,,Voie libre
79.95,151.0,18.1,SAFE,0,,Voie libre
80.00,151.3,18.2,SAFE,0,,Voie libre
80.05,151.5,18.1,SAFE,0,,Voie libre
80.10,151.8,18.2,SAFE,0,,Voie libre
80.15,152.0,18.1,SAFE,0,,Voie libre
80.20,152.3,18.2,SAFE,0,,Voie libre
80.25,152.6,18.2,SAFE,0,,Voie libre
80.30,152.8,18.2,SAFE,0,,Voie libre
80.35,153.1,18.2,SAFE,0,,Voie libre
80.40,153.3,18.1,SAFE,0,,Voie libre
80.45,153.6,18.3,SAFE,0,,Voie libre
80.50,153.8,18.4,SAFE,0,,Voie libre
80.55,154.1,18.5,SAFE,0,,Voie libre
80.60,154.3,18.1,SAFE,0,,Voie libre
80.65,154.6,18.2,SAFE,0,,Voie libre
80.70,154.8,18.2,SAFE,0,,Voie libre
80.75,155.1,18.1,SAFE,0,,Voie libre
80.80,155.3,18.4,SAFE,0,,Voie libre
80.85,155.6,18.1,SAFE,0,,Voie libre
80.90,155.8,18.3,SAFE,0,,Voie libre
80.95,156.1,18.2,SAFE,0,,Voie libre
81.00,156.3,18.0,SAFE,0,,Voie libre
81.05,156.6,18.3,SAFE,0,,Voie libre
81.10,156.8,18.1,SAFE,0,,Voie libre
81.15,157.1,18.3,SAFE,0,,Voie libre
81.20,157.4,18.3,SAFE,0,,Voie libre
81.25,157.6,18.1,SAFE,0,,Voie libre
81.30,157.9,18.4,SAFE,0,,Voie libre
81.35,158.1,18.2,SAFE,0,,Voie libre
81.40,158.4,18.2,SAFE,0,,Voie libre
81.45,158.6,18.2,SAFE,0,,Voie libre
81.50,158.9,18.4,SAFE,0,,Voie libre
81.55,159.1,18.4,SAFE,0,,Voie libre
81.60,159.4,18.3,SAFE,0,,Voie libre
81.65,159.6,18.1,SAFE,0,,Voie libre
81.70,159.9,18.2,SAFE,0,,Voie libre
81.75,160.1,18.2,SAFE,0,,Voie libre
81.80,160.4,18.5,SAFE,0,,Voie libre
81.85,160.6,18.1,SAFE,0,,Voie libre
81.90,160.9,18.4,SAFE,0,,Voie libre
81.95,161.2,18.1,SAFE,0,,Voie libre
82.00,161.4,18.5,SAFE,0,,Voie libre
82.05,161.7,18.1,SAFE,1,,Situation maîtrisée
82.10,161.9,18.4,SAFE,1,,Situation maîtrisée
82.15,162.2,18.2,SAFE,1,,Situation maîtrisée
82.20,162.4,18.5,SAFE,1,,Situation maîtrisée
82.25,162.7,18.2,SAFE,1,,Situation maîtrisée
82.30,162.9,18.6,SAFE,1,,Situation maîtrisée
82.35,163.2,18.3,SAFE,1,,Situation maîtrisée
82.40,163.5,18.7,SAFE,1,,Situation maîtrisée
82.45,163.7,18.4,SAFE,1,,Situation maîtrisée
82.50,164.0,18.7,SAFE,1,,Situation maîtrisée
82.55,164.2,18.4,SAFE,1,,Situation maîtrisée
82.60,164.5,18.8,SAFE,1,,Situation maîtrisée
82.65,164.7,18.5,SAFE,1,,Situation maîtrisée
82.70,165.0,18.8,SAFE,1,,Situation maîtrisée
82.75,165.3,18.6,SAFE,1,,Situation maîtrisée
82.80,165.5,18.9,SAFE,1,,Situation maîtrisée
82.85,165.8,18.6,SAFE,1,,Situation maîtrisée
82.90,166.0,19.0,SAFE,1,,Situation maîtrisée
82.95,166.3,18.7,SAFE,1,,Situation maîtrisée
83.00,166.6,19.1,SAFE,1,,Situation maîtrisée
83.05,166.8,18.8,SAFE,1,,Situation maîtrisée
83.10,167.1,19.1,SAFE,1,,Situation maîtrisée
83.15,167.4,18.8,SAFE,1,,Situation maîtrisée
83.20,167.6,19.2,SAFE,1,,Situation maîtrisée
83.25,167.9,18.9,SAFE,1,,Situation maîtrisée
83.30,168.1,19.2,SAFE,1,,Situation maîtrisée
83.35,168.4,19.0,SAFE,1,,Situation maîtrisée
83.40,168.7,19.3,SAFE,1,,Situation maîtrisée
83.45,168.9,19.0,SAFE,1,,Situation maîtrisée
83.50,169.2,19.3,SAFE,1,,Situation maîtrisée
83.55,169.5,19.0,SAFE,1,,Situation maîtrisée
83.60,169.7,19.5,SAFE,1,,Situation maîtrisée
83.65,170.0,19.2,SAFE,1,,Situation maîtrisée
83.70,170.3,19.5,SAFE,1,,Situation maîtrisée
83.75,170.6,19.1,SAFE,1,,Situation maîtrisée
83.80,170.8,19.6,SAFE,1,,Situation maîtrisée
83.85,171.1,19.4,SAFE,1,,Situation maîtrisée
83.90,171.4,19.7,SAFE,1,,Situation maîtrisée
83.95,171.6,19.3,SAFE,1,,Situation maîtrisée
84.00,171.9,19.7,SAFE,1,,Situation maîtrisée
84.05,172.2,19.4,SAFE,1,,Situation maîtrisée
84.10,172.4,19.7,SAFE,1,,Situation maîtrisée
84.15,172.7,19.4,SAFE,1,,Situation maîtrisée
84.20,173.0,19.9,SAFE,1,,Situation maîtrisée
84.25,173.3,19.7,SAFE,1,,Situation maîtrisée
84.30,173.5,19.9,SAFE,1,,Situation maîtrisée
84.35,173.8,19.6,SAFE,1,,Situation maîtrisée
84.40,174.1,20.0,SAFE,1,,Situation maîtrisée
84.45,174.4,19.7,SAFE,1,,Situation maîtrisée
84.50,174.6,20.0,DANGER,1,moteur:proportionnel,Ralentissez de 5 km/h  (20 -> 15 km/h)
84.55,174.9,19.5,DANGER,1,moteur:proportionnel,Ralentissez de 5 km/h  (20 -> 15 km/h)
84.60,175.2,19.6,WATCH,1,moteur:proportionnel,Ralentissez de 5 km/h  (20 -> 15 km/h)
84.65,175.5,18.8,SAFE,1,,Situation maîtrisée
84.70,175.7,18.7,WATCH,1,moteur:proportionnel,Ralentissez de 4 km/h  (19 -> 15 km/h)
84.75,176.0,18.0,SAFE,1,,Situation maîtrisée
84.80,176.2,18.0,WATCH,1,moteur:proportionnel,Ralentissez de 3 km/h  (18 -> 15 km/h)
84.85,176.5,17.9,WATCH,1,moteur:proportionnel,Ralentissez de 3 km/h  (18 -> 15 km/h)
84.90,176.7,17.7,WATCH,1,moteur:proportionnel,Ralentissez de 2 km/h  (18 -> 15 km/h)
84.95,177.0,17.3,WATCH,1,moteur:proportionnel,Ralentissez de 2 km/h  (17 -> 16 km/h)
85.00,177.2,16.9,WATCH,1,moteur:proportionnel,Ralentissez de 1 km/h  (17 -> 16 km/h)
85.05,177.4,16.4,WATCH,1,moteur:proportionnel,Vigilance — situation à la limite
85.10,177.6,16.0,SAFE,1,,Situation maîtrisée
85.15,177.9,15.7,SAFE,1,,Situation maîtrisée
85.20,178.1,15.6,SAFE,1,,Situation maîtrisée
85.25,178.3,15.7,SAFE,1,,Situation maîtrisée
85.30,178.5,15.9,SAFE,1,,Situation maîtrisée
85.35,178.7,16.2,SAFE,1,,Situation maîtrisée
85.40,179.0,16.5,SAFE,1,,Situation maîtrisée
85.45,179.2,16.9,WATCH,1,moteur:proportionnel,Vigilance — situation à la limite
85.50,179.4,17.0,WATCH,1,moteur:proportionnel,Vigilance — situation à la limite
85.55,179.7,16.9,WATCH,1,moteur:proportionnel,Vigilance — situation à la limite
85.60,179.9,16.6,SAFE,1,,Situation maîtrisée
85.65,180.1,16.4,SAFE,1,,Situation maîtrisée
85.70,180.4,16.3,SAFE,1,,Situation maîtrisée
85.75,180.6,16.4,SAFE,1,,Situation maîtrisée
85.80,180.8,16.7,WATCH,1,moteur:proportionnel,Vigilance — situation à la limite
85.85,181.1,16.7,WATCH,1,moteur:proportionnel,Vigilance — situation à la limite
85.90,181.3,16.6,WATCH,1,moteur:proportionnel,Vigilance — situation à la limite
85.95,181.5,16.3,SAFE,1,,Situation maîtrisée
86.00,181.7,16.1,SAFE,1,,Situation maîtrisée
86.05,182.0,16.0,SAFE,1,,Situation maîtrisée
86.10,182.2,16.1,SAFE,1,,Situation maîtrisée
86.15,182.4,16.4,SAFE,1,,Situation maîtrisée
86.20,182.6,16.6,WATCH,1,moteur:proportionnel,Vigilance — situation à la limite
86.25,182.9,16.8,WATCH,1,moteur:proportionnel,Vigilance — situation à la limite
86.30,183.1,16.6,WATCH,1,moteur:proportionnel,Vigilance — situation à la limite
86.35,183.3,16.3,SAFE,1,,Situation maîtrisée
86.40,183.6,16.1,SAFE,1,,Situation maîtrisée
86.45,183.8,16.1,SAFE,1,,Situation maîtrisée
86.50,184.0,16.2,SAFE,1,,Situation maîtrisée
86.55,184.2,16.4,WATCH,1,moteur:proportionnel,Vigilance — situation à la limite
86.60,184.5,16.5,WATCH,1,moteur:proportionnel,Vigilance — situation à la limite
86.65,184.7,16.4,WATCH,1,moteur:proportionnel,Vigilance — situation à la limite
86.70,184.9,16.1,SAFE,1,,Situation maîtrisée
86.75,185.1,15.9,SAFE,1,,Situation maîtrisée
86.80,185.4,15.8,SAFE,1,,Situation maîtrisée
86.85,185.6,16.0,WATCH,1,moteur:proportionnel,Vigilance — situation à la limite
86.90,185.8,16.0,WATCH,1,moteur:proportionnel,Vigilance — situation à la limite
86.95,186.0,15.9,WATCH,1,moteur:proportionnel,Vigilance — situation à la limite
87.00,186.2,15.6,WATCH,1,moteur:proportionnel,Vigilance — situation à la limite
87.05,186.5,15.2,WATCH,2,moteur:proportionnel,Ralentissez de 10 km/h  (15 -> 5 km/h)
87.10,186.7,14.8,WATCH,2,moteur:proportionnel,Ralentissez de 10 km/h  (15 -> 5 km/h)
87.15,186.9,14.4,WATCH,2,moteur:proportionnel,Ralentissez de 11 km/h  (14 -> 4 km/h)
87.20,187.1,14.0,WATCH,2,moteur:proportionnel,Ralentissez de 11 km/h  (14 -> 3 km/h)
87.25,187.2,13.6,WATCH,2,moteur:proportionnel,Ralentissez de 11 km/h  (14 -> 3 km/h)
87.30,187.4,13.2,WATCH,2,moteur:proportionnel,Ralentissez de 11 km/h  (13 -> 2 km/h)
87.35,187.6,12.7,WATCH,2,moteur:proportionnel,Ralentissez de 11 km/h  (13 -> 2 km/h)
87.40,187.8,12.3,WATCH,2,moteur:proportionnel,Ralentissez de 12 km/h  (12 -> 1 km/h)
87.45,188.0,11.9,WATCH,2,moteur:proportionnel,Ralentissez de 12 km/h  (12 -> 0 km/h)
87.50,188.1,11.6,WATCH,2,moteur:proportionnel,Ralentissez de 12 km/h  (12 -> 0 km/h)
87.55,188.3,11.2,WATCH,2,moteur:proportionnel,FREINEZ — conflit non évitable par la seule vitesse
87.60,188.4,10.8,WATCH,2,moteur:proportionnel,FREINEZ — conflit non évitable par la seule vitesse
87.65,188.6,10.4,WATCH,2,moteur:proportionnel,FREINEZ — conflit non évitable par la seule vitesse
87.70,188.7,10.0,DANGER,2,moteur:proportionnel,FREINEZ — conflit non évitable par la seule vitesse
87.75,188.9,9.6,DANGER,2,moteur:proportionnel,FREINEZ — conflit non évitable par la seule vitesse
87.80,189.0,9.1,SAFE,2,,Situation maîtrisée
87.85,189.1,8.7,SAFE,2,,Situation maîtrisée
87.90,189.2,8.6,SAFE,2,,Situation maîtrisée
87.95,189.3,8.9,SAFE,2,,Situation maîtrisée
88.00,189.5,9.4,SAFE,2,,Situation maîtrisée
88.05,189.6,10.0,SAFE,2,,Situation maîtrisée
88.10,189.8,10.7,SAFE,2,,Situation maîtrisée
88.15,189.9,11.4,SAFE,2,,Situation maîtrisée
88.20,190.1,12.1,SAFE,2,,Situation maîtrisée
88.25,190.2,12.8,SAFE,2,,Situation maîtrisée
88.30,190.4,13.5,SAFE,2,,Situation maîtrisée
88.35,190.6,14.1,SAFE,2,,Situation maîtrisée
88.40,190.8,14.7,SAFE,2,,Situation maîtrisée
88.45,191.0,15.2,SAFE,2,,Situation maîtrisée
88.50,191.2,15.6,SAFE,2,,Situation maîtrisée
88.55,191.5,16.1,SAFE,2,,Situation maîtrisée
88.60,191.7,16.5,SAFE,2,,Situation maîtrisée
88.65,191.9,16.9,SAFE,2,,Situation maîtrisée
88.70,192.2,17.2,SAFE,2,,Situation maîtrisée
88.75,192.4,17.5,SAFE,2,,Situation maîtrisée
88.80,192.6,17.8,SAFE,2,,Situation maîtrisée
88.85,192.9,18.1,SAFE,2,,Situation maîtrisée
88.90,193.1,18.3,SAFE,2,,Situation maîtrisée
88.95,193.4,18.1,SAFE,2,,Situation maîtrisée
89.00,193.7,18.2,SAFE,2,,Situation maîtrisée
89.05,193.9,18.1,SAFE,2,,Situation maîtrisée
89.10,194.2,18.1,SAFE,2,,Situation maîtrisée
89.15,194.4,18.4,SAFE,2,,Situation maîtrisée
89.20,194.7,18.3,SAFE,2,,Situation maîtrisée
89.25,194.9,18.1,SAFE,2,,Situation maîtrisée
89.30,195.2,18.2,SAFE,2,,Situation maîtrisée
89.35,195.4,18.1,SAFE,2,,Situation maîtrisée
89.40,195.7,18.1,SAFE,2,,Situation maîtrisée
89.45,195.9,18.1,SAFE,2,,Situation maîtrisée
89.50,196.2,18.2,SAFE,2,,Situation maîtrisée
89.55,196.4,18.2,SAFE,2,,Situation maîtrisée
89.60,196.7,18.4,SAFE,1,,Situation maîtrisée
89.65,196.9,18.4,SAFE,1,,Situation maîtrisée
89.70,197.2,18.5,SAFE,1,,Situation maîtrisée
89.75,197.5,18.5,SAFE,1,,Situation maîtrisée
89.80,197.7,18.7,SAFE,1,,Situation maîtrisée
89.85,198.0,18.7,SAFE,1,,Situation maîtrisée
89.90,198.2,18.8,SAFE,1,,Situation maîtrisée
89.95,198.5,18.8,SAFE,1,,Situation maîtrisée
90.00,198.8,19.0,SAFE,1,,Situation maîtrisée
90.05,199.0,19.0,SAFE,1,,Situation maîtrisée
90.10,199.3,19.1,SAFE,1,,Situation maîtrisée
90.15,199.6,19.1,SAFE,1,,Situation maîtrisée
90.20,199.8,19.2,SAFE,1,,Situation maîtrisée
90.25,200.1,19.2,SAFE,1,,Situation maîtrisée
90.30,200.4,19.3,SAFE,1,,Situation maîtrisée
90.35,200.6,19.3,SAFE,1,,Situation maîtrisée
90.40,200.9,19.4,SAFE,1,,Situation maîtrisée
90.45,201.2,19.4,SAFE,1,,Situation maîtrisée
90.50,201.4,19.5,SAFE,1,,Situation maîtrisée
90.55,201.7,19.4,SAFE,1,,Situation maîtrisée
90.60,202.0,19.5,SAFE,1,,Situation maîtrisée
90.65,202.2,19.5,SAFE,1,,Situation maîtrisée
90.70,202.5,19.6,SAFE,1,,Situation maîtrisée
90.75,202.8,19.5,SAFE,1,,Situation maîtrisée
90.80,203.1,19.6,SAFE,1,,Situation maîtrisée
90.85,203.3,19.6,SAFE,1,,Situation maîtrisée
90.90,203.6,19.7,SAFE,1,,Situation maîtrisée
90.95,203.9,19.6,SAFE,1,,Situation maîtrisée
91.00,204.1,19.7,SAFE,1,,Situation maîtrisée
91.05,204.4,19.6,SAFE,1,,Situation maîtrisée
91.10,204.7,19.7,SAFE,1,,Situation maîtrisée
91.15,205.0,19.6,SAFE,1,,Situation maîtrisée
91.20,205.2,19.7,SAFE,1,,Situation maîtrisée
91.25,205.5,19.6,SAFE,1,,Situation maîtrisée
91.30,205.8,19.7,SAFE,1,,Situation maîtrisée
91.35,206.1,19.7,SAFE,1,,Situation maîtrisée
91.40,206.3,19.7,SAFE,1,,Situation maîtrisée
91.45,206.6,19.7,SAFE,1,,Situation maîtrisée
91.50,206.9,19.8,SAFE,1,,Situation maîtrisée
91.55,207.2,19.7,SAFE,1,,Situation maîtrisée
91.60,207.4,19.8,SAFE,1,,Situation maîtrisée
91.65,207.7,19.7,SAFE,0,,Voie libre
91.70,208.0,19.8,SAFE,0,,Voie libre
91.75,208.3,19.7,SAFE,0,,Voie libre
91.80,208.5,19.8,SAFE,0,,Voie libre
91.85,208.8,19.7,SAFE,0,,Voie libre
91.90,209.1,19.8,SAFE,0,,Voie libre
91.95,209.3,19.7,SAFE,0,,Voie libre
92.00,209.6,19.8,SAFE,0,,Voie libre
92.05,209.9,19.7,SAFE,0,,Voie libre
92.10,210.2,19.8,SAFE,0,,Voie libre
92.15,210.4,19.7,SAFE,0,,Voie libre
92.20,210.7,19.8,SAFE,0,,Voie libre
92.25,211.0,19.7,SAFE,0,,Voie libre
92.30,211.3,19.8,SAFE,0,,Voie libre
92.35,211.5,19.7,SAFE,0,,Voie libre
92.40,211.8,19.8,SAFE,0,,Voie libre
92.45,212.1,19.7,SAFE,0,,Voie libre
92.50,212.4,19.8,SAFE,0,,Voie libre
92.55,212.6,19.7,SAFE,0,,Voie libre
92.60,212.9,19.8,SAFE,0,,Voie libre
92.65,213.2,19.7,SAFE,0,,Voie libre
92.70,213.5,19.8,SAFE,0,,Voie libre
92.75,213.7,19.7,SAFE,0,,Voie libre
92.80,214.0,19.8,SAFE,0,,Voie libre
92.85,214.3,19.7,SAFE,0,,Voie libre
92.90,214.6,19.8,SAFE,0,,Voie libre
92.95,214.8,19.7,SAFE,0,,Voie libre
93.00,215.1,19.8,SAFE,0,,Voie libre
93.05,215.4,19.7,SAFE,0,,Voie libre
93.10,215.7,19.8,SAFE,0,,Voie libre
93.15,215.9,19.7,SAFE,0,,Voie libre
93.20,216.2,19.8,SAFE,0,,Voie libre
93.25,216.5,19.7,SAFE,0,,Voie libre
93.30,216.8,19.8,SAFE,0,,Voie libre
93.35,217.0,19.7,SAFE,0,,Voie libre
93.40,217.3,19.8,SAFE,0,,Voie libre
93.45,217.6,19.7,SAFE,1,,Situation maîtrisée
93.50,217.9,19.8,SAFE,1,,Situation maîtrisée
93.55,218.1,19.7,SAFE,1,,Situation maîtrisée
93.60,218.4,19.8,SAFE,1,,Situation maîtrisée
93.65,218.7,19.7,SAFE,1,,Situation maîtrisée
93.70,219.0,19.8,SAFE,1,,Situation maîtrisée
93.75,219.2,19.7,SAFE,1,,Situation maîtrisée
93.80,219.5,19.8,SAFE,1,,Situation maîtrisée
93.85,219.8,19.7,SAFE,1,,Situation maîtrisée
93.90,220.1,19.8,SAFE,1,,Situation maîtrisée
93.95,220.3,19.7,SAFE,1,,Situation maîtrisée
94.00,220.6,19.8,SAFE,1,,Situation maîtrisée
94.05,220.9,19.7,SAFE,1,,Situation maîtrisée
94.10,221.1,19.8,SAFE,1,,Situation maîtrisée
94.15,221.4,19.7,SAFE,2,,Situation maîtrisée
94.20,221.7,19.8,SAFE,2,,Situation maîtrisée
94.25,222.0,19.7,SAFE,2,,Situation maîtrisée
94.30,222.2,19.8,SAFE,2,,Situation maîtrisée
94.35,222.5,19.7,SAFE,2,,Situation maîtrisée
94.40,222.8,19.8,SAFE,2,,Situation maîtrisée
94.45,223.1,19.7,SAFE,2,,Situation maîtrisée
94.50,223.3,19.8,SAFE,2,,Situation maîtrisée
94.55,223.6,19.7,SAFE,2,,Situation maîtrisée
94.60,223.9,19.8,SAFE,2,,Situation maîtrisée
94.65,224.2,19.7,SAFE,2,,Situation maîtrisée
94.70,224.4,19.8,SAFE,2,,Situation maîtrisée
94.75,224.7,19.7,SAFE,2,,Situation maîtrisée
94.80,225.0,19.8,SAFE,2,,Situation maîtrisée
94.85,225.3,19.7,SAFE,2,,Situation maîtrisée
94.90,225.5,19.8,SAFE,3,,Situation maîtrisée
94.95,225.8,19.7,SAFE,3,,Situation maîtrisée
95.00,226.1,19.8,SAFE,4,,Situation maîtrisée
95.05,226.4,19.7,SAFE,4,,Situation maîtrisée
95.10,226.6,19.8,SAFE,4,,Situation maîtrisée
95.15,226.9,19.7,SAFE,4,,Situation maîtrisée
95.20,227.2,19.8,SAFE,4,,Situation maîtrisée
95.25,227.5,19.7,SAFE,4,,Situation maîtrisée
95.30,227.7,19.8,SAFE,4,,Situation maîtrisée
95.35,228.0,19.7,SAFE,4,,Situation maîtrisée
95.40,228.3,19.8,SAFE,4,,Situation maîtrisée
95.45,228.6,19.7,SAFE,4,,Situation maîtrisée
95.50,228.8,19.8,SAFE,4,,Situation maîtrisée
95.55,229.1,19.7,SAFE,5,,Situation maîtrisée
95.60,229.4,19.8,SAFE,5,,Situation maîtrisée
95.65,229.7,19.7,SAFE,5,,Situation maîtrisée
95.70,229.9,19.8,SAFE,5,,Situation maîtrisée
95.75,230.2,19.7,SAFE,5,,Situation maîtrisée
95.80,230.5,19.8,SAFE,5,,Situation maîtrisée
95.85,230.8,19.7,SAFE,5,,Situation maîtrisée
95.90,231.0,19.8,SAFE,5,,Situation maîtrisée
95.95,231.3,19.7,SAFE,5,,Situation maîtrisée
96.00,231.6,19.8,SAFE,5,,Situation maîtrisée
96.05,231.9,19.7,SAFE,5,,Situation maîtrisée
96.10,232.1,19.8,SAFE,5,,Situation maîtrisée
96.15,232.4,19.7,SAFE,5,,Situation maîtrisée
96.20,232.7,19.8,SAFE,5,,Situation maîtrisée
96.25,233.0,19.7,SAFE,5,,Situation maîtrisée
96.30,233.2,19.8,SAFE,5,,Situation maîtrisée
96.35,233.5,19.7,SAFE,6,,Situation maîtrisée
96.40,233.8,19.8,SAFE,6,,Situation maîtrisée
96.45,234.1,19.7,SAFE,6,,Situation maîtrisée
96.50,234.3,19.8,SAFE,6,,Situation maîtrisée
96.55,234.6,19.7,SAFE,6,,Situation maîtrisée
96.60,234.9,19.8,SAFE,6,,Situation maîtrisée
96.65,235.1,19.7,SAFE,6,,Situation maîtrisée
96.70,235.4,19.8,SAFE,6,,Situation maîtrisée
96.75,235.7,19.7,SAFE,6,,Situation maîtrisée
96.80,236.0,19.8,SAFE,6,,Situation maîtrisée
96.85,236.2,19.7,SAFE,6,,Situation maîtrisée
96.90,236.5,19.8,SAFE,6,,Situation maîtrisée
96.95,236.8,19.7,SAFE,6,,Situation maîtrisée
97.00,237.1,19.8,SAFE,6,,Situation maîtrisée
97.05,237.3,19.7,SAFE,6,,Situation maîtrisée
97.10,237.6,19.8,SAFE,6,,Situation maîtrisée
97.15,237.9,19.7,SAFE,6,,Situation maîtrisée
97.20,238.2,19.8,SAFE,6,,Situation maîtrisée
97.25,238.4,19.7,SAFE,6,,Situation maîtrisée
97.30,238.7,19.8,SAFE,6,,Situation maîtrisée
97.35,239.0,19.7,SAFE,6,,Situation maîtrisée
97.40,239.3,19.8,SAFE,6,,Situation maîtrisée
97.45,239.5,19.7,SAFE,6,,Situation maîtrisée
97.50,239.8,19.8,SAFE,6,,Situation maîtrisée
97.55,240.1,19.7,SAFE,6,,Situation maîtrisée
97.60,240.4,19.8,SAFE,6,,Situation maîtrisée
97.65,240.6,19.7,SAFE,6,,Situation maîtrisée
97.70,240.9,19.8,SAFE,6,,Situation maîtrisée
97.75,241.2,19.7,SAFE,6,,Situation maîtrisée
97.80,241.5,19.8,SAFE,6,,Situation maîtrisée
97.85,241.7,19.7,SAFE,6,,Situation maîtrisée
97.90,242.0,19.8,SAFE,6,,Situation maîtrisée
97.95,242.3,19.7,SAFE,6,,Situation maîtrisée
98.00,242.6,19.8,SAFE,6,,Situation maîtrisée
98.05,242.8,19.7,SAFE,6,,Situation maîtrisée
98.10,243.1,19.9,SAFE,6,,Situation maîtrisée
98.15,243.4,19.8,SAFE,6,,Situation maîtrisée
98.20,243.7,19.7,SAFE,6,,Situation maîtrisée
98.25,243.9,20.2,SAFE,6,,Situation maîtrisée
98.30,244.2,20.0,SAFE,6,,Situation maîtrisée
98.35,244.5,20.5,SAFE,6,,Situation maîtrisée
98.40,244.8,20.4,SAFE,6,,Situation maîtrisée
98.45,245.1,20.6,SAFE,6,,Situation maîtrisée
98.50,245.4,20.3,SAFE,6,,Situation maîtrisée
98.55,245.6,20.7,SAFE,6,,Situation maîtrisée
98.60,245.9,20.4,SAFE,6,,Situation maîtrisée
98.65,246.2,20.6,SAFE,6,,Situation maîtrisée
98.70,246.5,20.3,SAFE,6,,Situation maîtrisée
98.75,246.8,20.4,SAFE,6,,Situation maîtrisée
98.80,247.1,20.3,SAFE,6,,Situation maîtrisée
98.85,247.3,20.1,SAFE,6,,Situation maîtrisée
98.90,247.6,20.0,SAFE,6,,Situation maîtrisée
98.95,247.9,19.9,SAFE,6,,Situation maîtrisée
99.00,248.2,19.9,SAFE,6,,Situation maîtrisée
99.05,248.4,19.8,SAFE,6,,Situation maîtrisée
99.10,248.7,19.8,SAFE,6,,Situation maîtrisée
99.15,249.0,19.7,SAFE,6,,Situation maîtrisée
99.20,249.3,19.7,SAFE,6,,Situation maîtrisée
99.25,249.5,19.7,SAFE,6,,Situation maîtrisée
99.30,249.8,19.7,SAFE,6,,Situation maîtrisée
99.35,250.1,19.7,SAFE,6,,Situation maîtrisée
99.40,250.4,19.6,SAFE,6,,Situation maîtrisée
99.45,250.6,19.6,SAFE,6,,Situation maîtrisée
99.50,250.9,19.6,SAFE,6,,Situation maîtrisée
99.55,251.2,19.6,SAFE,6,,Situation maîtrisée
99.60,251.5,19.6,SAFE,6,,Situation maîtrisée
99.65,251.7,19.6,SAFE,6,,Situation maîtrisée
99.70,252.0,19.6,SAFE,6,,Situation maîtrisée
99.75,252.3,19.6,SAFE,6,,Situation maîtrisée
99.80,252.5,19.6,SAFE,6,,Situation maîtrisée
99.85,252.8,19.6,SAFE,6,,Situation maîtrisée
99.90,253.1,19.7,SAFE,6,,Situation maîtrisée
99.95,253.4,19.7,SAFE,6,,Situation maîtrisée
100.00,253.6,19.7,SAFE,6,,Situation maîtrisée
100.05,253.9,19.7,SAFE,6,,Situation maîtrisée
100.10,254.2,19.7,SAFE,6,,Situation maîtrisée
100.15,254.5,19.7,SAFE,6,,Situation maîtrisée
100.20,254.7,19.7,SAFE,6,,Situation maîtrisée
100.25,255.0,19.7,SAFE,6,,Situation maîtrisée
100.30,255.3,19.7,SAFE,6,,Situation maîtrisée
100.35,255.6,19.7,SAFE,6,,Situation maîtrisée
100.40,255.8,19.7,SAFE,6,,Situation maîtrisée
100.45,256.1,19.7,SAFE,7,,Situation maîtrisée
100.50,256.4,19.7,SAFE,7,,Situation maîtrisée
100.55,256.6,19.7,SAFE,7,,Situation maîtrisée
100.60,256.9,19.7,SAFE,7,,Situation maîtrisée
100.65,257.2,19.7,SAFE,7,,Situation maîtrisée
100.70,257.5,19.7,SAFE,7,,Situation maîtrisée
100.75,257.7,19.7,SAFE,7,,Situation maîtrisée
100.80,258.0,19.7,SAFE,7,feu_rouge,SAFE : arret au feu rouge
100.85,258.3,19.6,SAFE,7,feu_rouge,SAFE : arret au feu rouge
100.90,258.6,19.4,SAFE,7,feu_rouge,SAFE : arret au feu rouge
100.95,258.8,18.5,SAFE,7,feu_rouge,SAFE : arret au feu rouge
101.00,259.0,14.2,SAFE,7,feu_rouge,SAFE : arret au feu rouge
101.05,259.2,9.3,SAFE,7,feu_rouge,SAFE : arret au feu rouge
101.10,259.3,4.5,SAFE,7,feu_rouge,SAFE : arret au feu rouge
101.15,259.3,0.5,SAFE,7,feu_rouge,SAFE : arret au feu rouge
101.20,259.3,0.0,SAFE,7,feu_rouge,SAFE : arret au feu rouge
101.25,259.3,0.2,SAFE,7,feu_rouge,SAFE : arret au feu rouge
101.30,259.3,0.6,SAFE,7,feu_rouge,SAFE : arret au feu rouge
101.35,259.3,0.9,SAFE,7,feu_rouge,SAFE : arret au feu rouge
101.40,259.3,1.0,SAFE,7,feu_rouge,SAFE : arret au feu rouge
101.45,259.4,1.1,SAFE,7,feu_rouge,SAFE : arret au feu rouge
101.50,259.4,1.1,SAFE,7,feu_rouge,SAFE : arret au feu rouge
101.55,259.4,1.1,SAFE,7,feu_rouge,SAFE : arret au feu rouge
101.60,259.4,0.0,SAFE,7,feu_rouge,SAFE : arret au feu rouge
101.65,259.4,0.0,SAFE,7,feu_rouge,SAFE : arret au feu rouge
101.70,259.4,0.1,SAFE,7,feu_rouge,SAFE : arret au feu rouge
101.75,259.4,0.1,SAFE,7,feu_rouge,SAFE : arret au feu rouge
101.80,259.4,0.1,SAFE,7,feu_rouge,SAFE : arret au feu rouge
101.85,259.4,0.2,SAFE,7,feu_rouge,SAFE : arret au feu rouge
101.90,259.4,0.1,SAFE,7,feu_rouge,SAFE : arret au feu rouge
101.95,259.4,0.2,SAFE,7,feu_rouge,SAFE : arret au feu rouge
102.00,259.4,0.1,SAFE,7,feu_rouge,SAFE : arret au feu rouge
102.05,259.4,0.2,SAFE,7,feu_rouge,SAFE : arret au feu rouge
102.10,259.4,0.0,SAFE,7,feu_rouge,SAFE : arret au feu rouge
102.15,259.4,0.0,SAFE,7,feu_rouge,SAFE : arret au feu rouge
102.20,259.4,0.0,SAFE,7,feu_rouge,SAFE : arret au feu rouge
102.25,259.4,0.0,SAFE,7,feu_rouge,SAFE : arret au feu rouge
102.30,259.4,0.0,SAFE,7,feu_rouge,SAFE : arret au feu rouge
102.35,259.4,0.0,SAFE,7,feu_rouge,SAFE : arret au feu rouge
102.40,259.4,0.0,SAFE,7,feu_rouge,SAFE : arret au feu rouge
102.45,259.4,0.0,SAFE,7,feu_rouge,SAFE : arret au feu rouge
102.50,259.4,0.0,SAFE,7,feu_rouge,SAFE : arret au feu rouge
102.55,259.4,0.0,SAFE,7,feu_rouge,SAFE : arret au feu rouge
102.60,259.4,0.0,SAFE,7,feu_rouge,SAFE : arret au feu rouge
102.65,259.4,0.0,SAFE,7,feu_rouge,SAFE : arret au feu rouge
102.70,259.4,0.0,SAFE,7,feu_rouge,SAFE : arret au feu rouge
102.75,259.4,0.0,SAFE,7,feu_rouge,SAFE : arret au feu rouge
102.80,259.4,0.0,SAFE,7,feu_rouge,SAFE : arret au feu rouge
102.85,259.4,0.0,SAFE,7,feu_rouge,SAFE : arret au feu rouge
102.90,259.4,0.0,SAFE,7,feu_rouge,SAFE : arret au feu rouge
102.95,259.4,0.0,SAFE,7,feu_rouge,SAFE : arret au feu rouge
103.00,259.4,0.0,SAFE,7,feu_rouge,SAFE : arret au feu rouge
103.05,259.4,0.0,SAFE,7,feu_rouge,SAFE : arret au feu rouge
103.10,259.4,0.0,SAFE,7,feu_rouge,SAFE : arret au feu rouge
103.15,259.4,0.0,SAFE,7,feu_rouge,SAFE : arret au feu rouge
103.20,259.4,0.0,SAFE,7,feu_rouge,SAFE : arret au feu rouge
103.25,259.4,0.0,SAFE,7,feu_rouge,SAFE : arret au feu rouge
103.30,259.4,0.0,SAFE,7,feu_rouge,SAFE : arret au feu rouge
103.35,259.4,0.0,SAFE,7,feu_rouge,SAFE : arret au feu rouge
103.40,259.4,0.0,SAFE,7,feu_rouge,SAFE : arret au feu rouge
103.45,259.4,0.0,SAFE,7,feu_rouge,SAFE : arret au feu rouge
103.50,259.4,0.0,SAFE,7,feu_rouge,SAFE : arret au feu rouge
103.55,259.4,0.0,SAFE,7,feu_rouge,SAFE : arret au feu rouge
103.60,259.4,0.0,SAFE,7,feu_rouge,SAFE : arret au feu rouge
103.65,259.4,0.0,SAFE,7,feu_rouge,SAFE : arret au feu rouge
103.70,259.4,0.0,SAFE,7,feu_rouge,SAFE : arret au feu rouge
103.75,259.4,0.0,SAFE,7,feu_rouge,SAFE : arret au feu rouge
103.80,259.4,0.0,SAFE,7,feu_rouge,SAFE : arret au feu rouge
103.85,259.4,0.0,SAFE,7,feu_rouge,SAFE : arret au feu rouge
103.90,259.4,0.0,SAFE,7,feu_rouge,SAFE : arret au feu rouge
103.95,259.4,0.0,SAFE,7,feu_rouge,SAFE : arret au feu rouge
104.00,259.4,0.0,SAFE,7,feu_rouge,SAFE : arret au feu rouge
104.05,259.4,0.0,SAFE,7,feu_rouge,SAFE : arret au feu rouge
104.10,259.4,0.0,SAFE,7,feu_rouge,SAFE : arret au feu rouge
104.15,259.4,0.0,SAFE,7,feu_rouge,SAFE : arret au feu rouge
104.20,259.4,0.0,SAFE,7,feu_rouge,SAFE : arret au feu rouge
104.25,259.4,0.0,SAFE,7,feu_rouge,SAFE : arret au feu rouge
104.30,259.4,0.0,SAFE,7,feu_rouge,SAFE : arret au feu rouge
104.35,259.4,0.0,SAFE,7,feu_rouge,SAFE : arret au feu rouge
104.40,259.4,0.0,SAFE,7,feu_rouge,SAFE : arret au feu rouge
104.45,259.4,0.0,SAFE,7,feu_rouge,SAFE : arret au feu rouge
104.50,259.4,0.0,SAFE,7,feu_rouge,SAFE : arret au feu rouge
104.55,259.4,0.0,SAFE,7,feu_rouge,SAFE : arret au feu rouge
104.60,259.4,0.0,SAFE,7,feu_rouge,SAFE : arret au feu rouge
104.65,259.4,0.0,SAFE,6,feu_rouge,SAFE : arret au feu rouge
104.70,259.4,0.0,SAFE,6,feu_rouge,SAFE : arret au feu rouge
104.75,259.4,0.0,SAFE,6,feu_rouge,SAFE : arret au feu rouge
104.80,259.4,0.0,SAFE,6,feu_rouge,SAFE : arret au feu rouge
104.85,259.4,0.0,SAFE,6,feu_rouge,SAFE : arret au feu rouge
104.90,259.4,0.0,SAFE,6,feu_rouge,SAFE : arret au feu rouge
104.95,259.4,0.0,SAFE,6,feu_rouge,SAFE : arret au feu rouge
105.00,259.4,0.0,SAFE,6,feu_rouge,SAFE : arret au feu rouge
105.05,259.4,0.0,SAFE,6,feu_rouge,SAFE : arret au feu rouge
105.10,259.4,0.0,SAFE,6,feu_rouge,SAFE : arret au feu rouge
105.15,259.4,0.0,SAFE,6,feu_rouge,SAFE : arret au feu rouge
105.20,259.4,0.0,SAFE,6,feu_rouge,SAFE : arret au feu rouge
105.25,259.4,0.0,SAFE,6,feu_rouge,SAFE : arret au feu rouge
105.30,259.4,0.0,SAFE,6,feu_rouge,SAFE : arret au feu rouge
105.35,259.4,0.0,SAFE,6,feu_rouge,SAFE : arret au feu rouge
105.40,259.4,0.0,SAFE,6,feu_rouge,SAFE : arret au feu rouge
105.45,259.4,0.0,SAFE,6,feu_rouge,SAFE : arret au feu rouge
105.50,259.4,0.0,SAFE,6,feu_rouge,SAFE : arret au feu rouge
105.55,259.4,0.0,SAFE,6,feu_rouge,SAFE : arret au feu rouge
105.60,259.4,0.0,SAFE,5,feu_rouge,SAFE : arret au feu rouge
105.65,259.4,0.0,SAFE,5,feu_rouge,SAFE : arret au feu rouge
105.70,259.4,0.0,SAFE,5,feu_rouge,SAFE : arret au feu rouge
105.75,259.4,0.0,SAFE,5,feu_rouge,SAFE : arret au feu rouge
105.80,259.4,0.0,SAFE,5,feu_rouge,SAFE : arret au feu rouge
105.85,259.4,0.0,SAFE,5,feu_rouge,SAFE : arret au feu rouge
105.90,259.4,0.0,SAFE,5,feu_rouge,SAFE : arret au feu rouge
105.95,259.4,0.0,SAFE,5,feu_rouge,SAFE : arret au feu rouge
106.00,259.4,0.0,SAFE,5,feu_rouge,SAFE : arret au feu rouge
106.05,259.4,0.0,SAFE,5,feu_rouge,SAFE : arret au feu rouge
106.10,259.4,0.0,SAFE,5,feu_rouge,SAFE : arret au feu rouge
106.15,259.4,0.0,SAFE,5,feu_rouge,SAFE : arret au feu rouge
106.20,259.4,0.0,SAFE,5,feu_rouge,SAFE : arret au feu rouge
106.25,259.4,0.0,SAFE,5,feu_rouge,SAFE : arret au feu rouge
106.30,259.4,0.0,SAFE,5,feu_rouge,SAFE : arret au feu rouge
106.35,259.4,0.0,SAFE,5,feu_rouge,SAFE : arret au feu rouge
106.40,259.4,0.0,SAFE,5,feu_rouge,SAFE : arret au feu rouge
106.45,259.4,0.0,SAFE,5,feu_rouge,SAFE : arret au feu rouge
106.50,259.4,0.0,SAFE,5,feu_rouge,SAFE : arret au feu rouge
106.55,259.4,0.0,SAFE,5,feu_rouge,SAFE : arret au feu rouge
106.60,259.4,0.0,SAFE,5,feu_rouge,SAFE : arret au feu rouge
106.65,259.4,0.0,SAFE,5,feu_rouge,SAFE : arret au feu rouge
106.70,259.4,0.0,SAFE,5,feu_rouge,SAFE : arret au feu rouge
106.75,259.4,0.0,SAFE,5,feu_rouge,SAFE : arret au feu rouge
106.80,259.4,0.0,SAFE,5,feu_rouge,SAFE : arret au feu rouge
106.85,259.4,0.0,SAFE,5,feu_rouge,SAFE : arret au feu rouge
106.90,259.4,0.0,SAFE,5,feu_rouge,SAFE : arret au feu rouge
106.95,259.4,0.0,SAFE,5,feu_rouge,SAFE : arret au feu rouge
107.00,259.4,0.0,SAFE,5,feu_rouge,SAFE : arret au feu rouge
107.05,259.4,0.0,SAFE,5,feu_rouge,SAFE : arret au feu rouge
107.10,259.4,0.0,SAFE,5,feu_rouge,SAFE : arret au feu rouge
107.15,259.4,0.0,SAFE,5,feu_rouge,SAFE : arret au feu rouge
107.20,259.4,0.0,SAFE,5,feu_rouge,SAFE : arret au feu rouge
107.25,259.4,0.0,SAFE,5,feu_rouge,SAFE : arret au feu rouge
107.30,259.4,0.0,SAFE,5,feu_rouge,SAFE : arret au feu rouge
107.35,259.4,0.0,SAFE,5,feu_rouge,SAFE : arret au feu rouge
107.40,259.4,0.0,SAFE,5,feu_rouge,SAFE : arret au feu rouge
107.45,259.4,0.0,SAFE,5,feu_rouge,SAFE : arret au feu rouge
107.50,259.4,0.0,SAFE,5,feu_rouge,SAFE : arret au feu rouge
107.55,259.4,0.0,SAFE,5,feu_rouge,SAFE : arret au feu rouge
107.60,259.4,0.0,SAFE,5,feu_rouge,SAFE : arret au feu rouge
107.65,259.4,0.0,SAFE,5,feu_rouge,SAFE : arret au feu rouge
107.70,259.4,0.0,SAFE,5,feu_rouge,SAFE : arret au feu rouge
107.75,259.4,0.0,SAFE,5,feu_rouge,SAFE : arret au feu rouge
107.80,259.4,0.0,SAFE,5,feu_rouge,SAFE : arret au feu rouge
107.85,259.4,0.0,SAFE,5,feu_rouge,SAFE : arret au feu rouge
107.90,259.4,0.0,SAFE,5,feu_rouge,SAFE : arret au feu rouge
107.95,259.4,0.0,SAFE,5,feu_rouge,SAFE : arret au feu rouge
108.00,259.4,0.0,SAFE,5,feu_rouge,SAFE : arret au feu rouge
108.05,259.4,0.0,SAFE,5,feu_rouge,SAFE : arret au feu rouge
108.10,259.4,0.0,SAFE,5,feu_rouge,SAFE : arret au feu rouge
108.15,259.4,0.0,SAFE,5,feu_rouge,SAFE : arret au feu rouge
108.20,259.4,0.0,SAFE,5,feu_rouge,SAFE : arret au feu rouge
108.25,259.4,0.0,SAFE,5,feu_rouge,SAFE : arret au feu rouge
108.30,259.4,0.0,SAFE,5,feu_rouge,SAFE : arret au feu rouge
108.35,259.4,0.0,SAFE,5,feu_rouge,SAFE : arret au feu rouge
108.40,259.4,0.0,SAFE,5,feu_rouge,SAFE : arret au feu rouge
108.45,259.4,0.0,SAFE,5,feu_rouge,SAFE : arret au feu rouge
108.50,259.4,0.0,SAFE,5,feu_rouge,SAFE : arret au feu rouge
108.55,259.4,0.0,SAFE,5,feu_rouge,SAFE : arret au feu rouge
108.60,259.4,0.0,SAFE,5,feu_rouge,SAFE : arret au feu rouge
108.65,259.4,0.0,SAFE,5,feu_rouge,SAFE : arret au feu rouge
108.70,259.4,0.0,SAFE,5,feu_rouge,SAFE : arret au feu rouge
108.75,259.4,0.0,SAFE,5,feu_rouge,SAFE : arret au feu rouge
108.80,259.4,0.0,SAFE,6,feu_rouge,SAFE : arret au feu rouge
108.85,259.4,0.0,SAFE,6,feu_rouge,SAFE : arret au feu rouge
108.90,259.4,0.0,SAFE,6,feu_rouge,SAFE : arret au feu rouge
108.95,259.4,0.0,SAFE,6,feu_rouge,SAFE : arret au feu rouge
109.00,259.4,0.0,SAFE,6,feu_rouge,SAFE : arret au feu rouge
109.05,259.4,0.0,SAFE,6,feu_rouge,SAFE : arret au feu rouge
109.10,259.4,0.0,SAFE,6,feu_rouge,SAFE : arret au feu rouge
109.15,259.4,0.0,SAFE,6,feu_rouge,SAFE : arret au feu rouge
109.20,259.4,0.0,SAFE,6,feu_rouge,SAFE : arret au feu rouge
109.25,259.4,0.0,SAFE,6,feu_rouge,SAFE : arret au feu rouge
109.30,259.4,0.0,SAFE,6,feu_rouge,SAFE : arret au feu rouge
109.35,259.4,0.0,SAFE,6,feu_rouge,SAFE : arret au feu rouge
109.40,259.4,0.0,SAFE,6,feu_rouge,SAFE : arret au feu rouge
109.45,259.4,0.0,SAFE,6,feu_rouge,SAFE : arret au feu rouge
109.50,259.4,0.0,SAFE,6,feu_rouge,SAFE : arret au feu rouge
109.55,259.4,0.0,SAFE,6,feu_rouge,SAFE : arret au feu rouge
109.60,259.4,0.0,SAFE,6,feu_rouge,SAFE : arret au feu rouge
109.65,259.4,0.0,SAFE,6,feu_rouge,SAFE : arret au feu rouge
109.70,259.4,0.0,SAFE,6,feu_rouge,SAFE : arret au feu rouge
109.75,259.4,0.0,SAFE,6,feu_rouge,SAFE : arret au feu rouge
109.80,259.4,0.0,SAFE,6,feu_rouge,SAFE : arret au feu rouge
109.85,259.4,0.0,SAFE,6,feu_rouge,SAFE : arret au feu rouge
109.90,259.4,0.0,SAFE,6,feu_rouge,SAFE : arret au feu rouge
109.95,259.4,0.0,SAFE,6,feu_rouge,SAFE : arret au feu rouge
110.00,259.4,0.0,SAFE,6,feu_rouge,SAFE : arret au feu rouge
110.05,259.4,0.0,SAFE,6,feu_rouge,SAFE : arret au feu rouge
110.10,259.4,0.0,SAFE,6,feu_rouge,SAFE : arret au feu rouge
110.15,259.4,0.0,SAFE,6,feu_rouge,SAFE : arret au feu rouge
110.20,259.4,0.0,SAFE,6,feu_rouge,SAFE : arret au feu rouge
110.25,259.4,0.0,SAFE,6,feu_rouge,SAFE : arret au feu rouge
110.30,259.4,0.0,SAFE,6,feu_rouge,SAFE : arret au feu rouge
110.35,259.4,0.0,SAFE,6,feu_rouge,SAFE : arret au feu rouge
110.40,259.4,0.0,SAFE,6,feu_rouge,SAFE : arret au feu rouge
110.45,259.4,0.0,SAFE,6,feu_rouge,SAFE : arret au feu rouge
110.50,259.4,0.0,SAFE,6,feu_rouge,SAFE : arret au feu rouge
110.55,259.4,0.0,SAFE,6,feu_rouge,SAFE : arret au feu rouge
110.60,259.4,0.0,SAFE,6,feu_rouge,SAFE : arret au feu rouge
110.65,259.4,0.0,SAFE,6,feu_rouge,SAFE : arret au feu rouge
110.70,259.4,0.0,SAFE,6,feu_rouge,SAFE : arret au feu rouge
110.75,259.4,0.0,SAFE,6,feu_rouge,SAFE : arret au feu rouge
110.80,259.4,0.0,SAFE,6,feu_rouge,SAFE : arret au feu rouge
110.85,259.4,0.0,SAFE,6,feu_rouge,SAFE : arret au feu rouge
110.90,259.4,0.0,SAFE,6,feu_rouge,SAFE : arret au feu rouge
110.95,259.4,0.0,SAFE,6,feu_rouge,SAFE : arret au feu rouge
111.00,259.4,0.0,SAFE,6,feu_rouge,SAFE : arret au feu rouge
111.05,259.4,0.0,SAFE,6,feu_rouge,SAFE : arret au feu rouge
111.10,259.4,0.0,SAFE,6,feu_rouge,SAFE : arret au feu rouge
111.15,259.4,0.0,SAFE,6,feu_rouge,SAFE : arret au feu rouge
111.20,259.4,0.0,SAFE,6,feu_rouge,SAFE : arret au feu rouge
111.25,259.4,0.0,SAFE,6,feu_rouge,SAFE : arret au feu rouge
111.30,259.4,0.0,SAFE,6,feu_rouge,SAFE : arret au feu rouge
111.35,259.4,0.0,SAFE,6,feu_rouge,SAFE : arret au feu rouge
111.40,259.4,0.0,SAFE,6,feu_rouge,SAFE : arret au feu rouge
111.45,259.4,0.0,SAFE,6,feu_rouge,SAFE : arret au feu rouge
111.50,259.4,0.0,SAFE,6,feu_rouge,SAFE : arret au feu rouge
111.55,259.4,0.0,SAFE,6,feu_rouge,SAFE : arret au feu rouge
111.60,259.4,0.0,SAFE,6,feu_rouge,SAFE : arret au feu rouge
111.65,259.4,0.0,SAFE,6,feu_rouge,SAFE : arret au feu rouge
111.70,259.4,0.0,SAFE,6,feu_rouge,SAFE : arret au feu rouge
111.75,259.4,0.0,SAFE,6,feu_rouge,SAFE : arret au feu rouge
111.80,259.4,0.0,SAFE,6,feu_rouge,SAFE : arret au feu rouge
111.85,259.4,0.0,SAFE,6,feu_rouge,SAFE : arret au feu rouge
111.90,259.4,0.0,SAFE,6,feu_rouge,SAFE : arret au feu rouge
111.95,259.4,0.0,SAFE,6,feu_rouge,SAFE : arret au feu rouge
112.00,259.4,0.0,SAFE,6,feu_rouge,SAFE : arret au feu rouge
112.05,259.4,0.0,SAFE,6,feu_rouge,SAFE : arret au feu rouge
112.10,259.4,0.0,SAFE,6,feu_rouge,SAFE : arret au feu rouge
112.15,259.4,0.0,SAFE,6,feu_rouge,SAFE : arret au feu rouge
112.20,259.4,0.0,SAFE,6,feu_rouge,SAFE : arret au feu rouge
112.25,259.4,0.0,SAFE,6,feu_rouge,SAFE : arret au feu rouge
112.30,259.4,0.0,SAFE,6,feu_rouge,SAFE : arret au feu rouge
112.35,259.4,0.0,SAFE,6,feu_rouge,SAFE : arret au feu rouge
112.40,259.4,0.0,SAFE,6,feu_rouge,SAFE : arret au feu rouge
112.45,259.4,0.0,SAFE,6,feu_rouge,SAFE : arret au feu rouge
112.50,259.4,0.0,SAFE,6,feu_rouge,SAFE : arret au feu rouge
112.55,259.4,0.0,SAFE,6,feu_rouge,SAFE : arret au feu rouge
112.60,259.4,0.0,SAFE,6,feu_rouge,SAFE : arret au feu rouge
112.65,259.4,0.0,SAFE,6,,Situation maîtrisée
112.70,259.4,0.2,SAFE,6,,Situation maîtrisée
112.75,259.4,0.1,SAFE,6,,Situation maîtrisée
112.80,259.4,0.3,SAFE,6,,Situation maîtrisée
112.85,259.4,0.9,SAFE,6,,Situation maîtrisée
112.90,259.4,1.3,SAFE,6,,Situation maîtrisée
112.95,259.5,2.1,SAFE,6,,Situation maîtrisée
113.00,259.5,2.9,SAFE,6,,Situation maîtrisée
113.05,259.5,3.6,SAFE,6,,Situation maîtrisée
113.10,259.6,4.5,SAFE,6,,Situation maîtrisée
113.15,259.7,5.3,SAFE,6,,Situation maîtrisée
113.20,259.8,6.1,SAFE,6,,Situation maîtrisée
113.25,259.8,7.0,SAFE,6,,Situation maîtrisée
113.30,260.0,7.8,SAFE,6,,Situation maîtrisée
113.35,260.1,8.7,SAFE,6,,Situation maîtrisée
113.40,260.2,9.5,SAFE,6,,Situation maîtrisée
113.45,260.3,10.4,SAFE,6,,Situation maîtrisée
113.50,260.5,11.2,SAFE,6,,Situation maîtrisée
113.55,260.6,11.9,SAFE,6,,Situation maîtrisée
113.60,260.8,12.6,SAFE,6,,Situation maîtrisée
113.65,261.0,13.3,SAFE,6,,Situation maîtrisée
113.70,261.2,13.9,SAFE,6,,Situation maîtrisée
113.75,261.4,14.5,SAFE,6,,Situation maîtrisée
113.80,261.6,15.0,SAFE,6,,Situation maîtrisée
113.85,261.8,15.5,SAFE,6,,Situation maîtrisée
113.90,262.0,15.9,SAFE,6,,Situation maîtrisée
113.95,262.3,16.3,SAFE,6,,Situation maîtrisée
114.00,262.5,16.5,SAFE,6,,Situation maîtrisée
114.05,262.7,16.8,SAFE,6,,Situation maîtrisée
114.10,262.9,17.0,SAFE,6,,Situation maîtrisée
114.15,263.2,17.1,SAFE,6,,Situation maîtrisée
114.20,263.4,17.1,SAFE,6,,Situation maîtrisée
114.25,263.7,17.2,SAFE,6,,Situation maîtrisée
114.30,263.9,17.3,SAFE,6,,Situation maîtrisée
114.35,264.1,17.2,SAFE,6,,Situation maîtrisée
114.40,264.4,17.0,SAFE,6,,Situation maîtrisée
114.45,264.6,17.0,SAFE,6,,Situation maîtrisée
114.50,264.8,17.0,SAFE,6,,Situation maîtrisée
114.55,265.1,17.0,SAFE,6,,Situation maîtrisée
114.60,265.3,16.8,SAFE,6,,Situation maîtrisée
114.65,265.5,16.6,SAFE,6,,Situation maîtrisée
114.70,265.8,16.6,SAFE,6,,Situation maîtrisée
114.75,266.0,16.6,SAFE,6,,Situation maîtrisée
114.80,266.2,16.6,SAFE,6,,Situation maîtrisée
114.85,266.4,16.7,SAFE,6,,Situation maîtrisée
114.90,266.7,16.8,SAFE,6,,Situation maîtrisée
114.95,266.9,16.7,SAFE,6,,Situation maîtrisée
115.00,267.1,16.6,SAFE,6,,Situation maîtrisée
115.05,267.4,16.6,SAFE,6,,Situation maîtrisée
115.10,267.6,16.6,SAFE,6,,Situation maîtrisée
115.15,267.8,16.7,SAFE,6,,Situation maîtrisée
115.20,268.1,16.6,SAFE,6,,Situation maîtrisée
115.25,268.3,16.5,SAFE,6,,Situation maîtrisée
115.30,268.5,16.5,SAFE,6,,Situation maîtrisée
115.35,268.7,16.5,SAFE,6,,Situation maîtrisée
115.40,269.0,16.6,SAFE,6,,Situation maîtrisée
115.45,269.2,16.7,SAFE,6,,Situation maîtrisée
115.50,269.4,16.8,SAFE,6,,Situation maîtrisée
115.55,269.7,16.8,SAFE,6,,Situation maîtrisée
115.60,269.9,16.7,SAFE,6,,Situation maîtrisée
115.65,270.1,16.8,SAFE,6,,Situation maîtrisée
115.70,270.4,16.9,SAFE,6,,Situation maîtrisée
115.75,270.6,17.0,SAFE,6,,Situation maîtrisée
115.80,270.8,17.1,SAFE,6,moteur:physique,Situation maîtrisée
115.85,271.1,17.2,SAFE,6,moteur:physique,Situation maîtrisée
115.90,271.3,17.2,SAFE,6,moteur:physique,Situation maîtrisée
115.95,271.5,17.3,SAFE,6,moteur:physique,Situation maîtrisée
116.00,271.8,17.4,SAFE,6,moteur:physique,Situation maîtrisée
116.05,272.0,17.5,SAFE,6,moteur:physique,Situation maîtrisée
116.10,272.3,17.6,SAFE,6,moteur:physique,Situation maîtrisée
116.15,272.5,17.7,SAFE,6,moteur:physique,Situation maîtrisée
116.20,272.8,17.9,SAFE,6,moteur:physique,Situation maîtrisée
116.25,273.0,17.9,SAFE,6,moteur:physique,Situation maîtrisée
116.30,273.3,18.0,SAFE,6,moteur:physique,Situation maîtrisée
116.35,273.5,18.1,SAFE,6,moteur:physique,Situation maîtrisée
116.40,273.8,18.2,SAFE,6,moteur:physique,Situation maîtrisée
116.45,274.0,18.0,SAFE,6,moteur:physique,Situation maîtrisée
116.50,274.3,18.0,SAFE,6,moteur:physique,Situation maîtrisée
116.55,274.5,18.1,SAFE,6,moteur:physique,Situation maîtrisée
116.60,274.8,18.1,SAFE,6,moteur:physique,Situation maîtrisée
116.65,275.0,18.2,SAFE,6,moteur:physique,Situation maîtrisée
116.70,275.3,18.2,SAFE,6,moteur:physique,Situation maîtrisée
116.75,275.5,18.1,SAFE,6,moteur:physique,Situation maîtrisée
116.80,275.8,18.1,SAFE,6,moteur:physique,Situation maîtrisée
116.85,276.0,18.3,SAFE,6,moteur:physique,Situation maîtrisée
116.90,276.3,18.0,SAFE,6,moteur:physique,Situation maîtrisée
116.95,276.5,18.2,SAFE,6,moteur:physique,Situation maîtrisée
117.00,276.8,18.2,SAFE,6,moteur:physique,Situation maîtrisée
117.05,277.0,18.2,SAFE,6,moteur:physique,Situation maîtrisée
117.10,277.3,18.0,SAFE,6,moteur:physique,Situation maîtrisée
117.15,277.5,18.4,SAFE,6,moteur:physique,Situation maîtrisée
117.20,277.8,18.2,SAFE,6,moteur:physique,Situation maîtrisée
117.25,278.0,18.1,SAFE,6,moteur:physique,Situation maîtrisée
117.30,278.3,18.4,SAFE,5,moteur:physique,Situation maîtrisée
117.35,278.5,18.2,SAFE,6,moteur:physique,Situation maîtrisée
117.40,278.8,18.4,SAFE,6,moteur:physique,Situation maîtrisée
117.45,279.0,18.0,SAFE,7,moteur:physique,Situation maîtrisée
117.50,279.3,18.4,SAFE,7,moteur:physique,Situation maîtrisée
117.55,279.6,18.4,SAFE,7,moteur:physique,Situation maîtrisée
117.60,279.8,18.2,SAFE,7,moteur:physique,Situation maîtrisée
117.65,280.1,18.1,SAFE,7,moteur:physique,Situation maîtrisée
117.70,280.3,18.0,SAFE,7,,Situation maîtrisée
117.75,280.6,18.5,SAFE,7,moteur:physique,Situation maîtrisée
117.80,280.8,18.5,SAFE,7,moteur:physique,Situation maîtrisée
117.85,281.1,18.4,SAFE,7,moteur:physique,Situation maîtrisée
117.90,281.3,18.2,SAFE,7,moteur:physique,Situation maîtrisée
117.95,281.6,18.2,SAFE,7,moteur:physique,Situation maîtrisée
118.00,281.8,18.1,SAFE,6,moteur:physique,Situation maîtrisée
118.05,282.1,18.1,SAFE,6,moteur:physique,Situation maîtrisée
118.10,282.3,18.1,SAFE,6,moteur:physique,Situation maîtrisée
118.15,282.6,18.1,SAFE,6,moteur:physique,Situation maîtrisée
118.20,282.8,18.1,SAFE,6,moteur:physique,Situation maîtrisée
118.25,283.1,18.1,SAFE,6,moteur:physique,Situation maîtrisée
118.30,283.3,18.1,SAFE,6,moteur:physique,Situation maîtrisée
118.35,283.6,18.1,SAFE,7,moteur:physique,Situation maîtrisée
118.40,283.9,18.2,SAFE,7,moteur:physique,Situation maîtrisée
118.45,284.1,18.2,SAFE,7,moteur:physique,Situation maîtrisée
118.50,284.4,18.2,SAFE,7,moteur:physique,Situation maîtrisée
118.55,284.6,18.3,SAFE,7,moteur:physique,Situation maîtrisée
118.60,284.9,18.3,SAFE,7,moteur:physique,Situation maîtrisée
118.65,285.1,18.4,SAFE,7,moteur:physique,Situation maîtrisée
118.70,285.4,18.4,SAFE,7,,Situation maîtrisée
118.75,285.6,18.5,SAFE,7,,Situation maîtrisée
118.80,285.9,18.5,SAFE,7,,Situation maîtrisée
118.85,286.1,18.6,SAFE,7,,Situation maîtrisée
118.90,286.4,18.6,SAFE,8,moteur:physique,Situation maîtrisée
118.95,286.7,18.6,SAFE,8,moteur:physique,Situation maîtrisée
119.00,286.9,18.7,SAFE,8,moteur:physique,Situation maîtrisée
119.05,287.2,18.7,SAFE,8,moteur:physique,Situation maîtrisée
119.10,287.4,18.7,SAFE,8,moteur:physique,Situation maîtrisée
119.15,287.7,18.8,SAFE,8,moteur:physique,Situation maîtrisée
119.20,288.0,18.8,SAFE,8,moteur:physique,Situation maîtrisée
119.25,288.2,18.9,SAFE,8,moteur:physique,Situation maîtrisée
119.30,288.5,18.9,SAFE,8,moteur:physique,Situation maîtrisée
119.35,288.8,18.9,SAFE,8,moteur:physique,Situation maîtrisée
119.40,289.0,19.0,SAFE,8,moteur:physique,Situation maîtrisée
119.45,289.3,19.0,SAFE,8,moteur:physique,Situation maîtrisée
119.50,289.5,19.0,SAFE,8,moteur:physique,Situation maîtrisée
119.55,289.8,19.0,SAFE,8,moteur:physique,Situation maîtrisée
119.60,290.1,19.1,SAFE,8,moteur:physique,Situation maîtrisée
119.65,290.3,19.1,SAFE,8,moteur:physique,Situation maîtrisée
119.70,290.6,19.1,SAFE,8,moteur:physique,Situation maîtrisée
119.75,290.9,19.2,SAFE,8,moteur:physique,Situation maîtrisée
119.80,291.1,19.2,SAFE,8,moteur:physique,Situation maîtrisée
119.85,291.4,19.2,SAFE,8,moteur:physique,Situation maîtrisée
119.90,291.7,19.2,SAFE,9,moteur:physique,Situation maîtrisée
119.95,291.9,19.3,SAFE,9,moteur:physique,Situation maîtrisée
120.00,292.2,19.3,SAFE,9,moteur:physique,Situation maîtrisée
120.05,292.5,19.3,SAFE,9,moteur:physique,Situation maîtrisée
120.10,292.7,19.3,SAFE,9,moteur:physique,Situation maîtrisée
120.15,293.0,19.3,SAFE,10,moteur:physique,Situation maîtrisée
120.20,293.3,19.4,SAFE,10,moteur:physique,Situation maîtrisée
120.25,293.5,19.4,SAFE,10,moteur:physique,Situation maîtrisée
120.30,293.8,19.4,SAFE,10,moteur:physique,Situation maîtrisée
120.35,294.1,19.4,SAFE,10,moteur:physique,Situation maîtrisée
120.40,294.4,19.4,SAFE,10,moteur:physique,Situation maîtrisée
120.45,294.6,19.4,SAFE,10,moteur:physique,Situation maîtrisée
120.50,294.9,19.5,SAFE,10,moteur:physique,Situation maîtrisée
120.55,295.2,19.5,SAFE,10,moteur:physique,Situation maîtrisée
120.60,295.4,19.5,SAFE,10,moteur:physique,Situation maîtrisée
120.65,295.7,19.5,SAFE,10,moteur:physique,Situation maîtrisée
120.70,296.0,19.5,SAFE,10,moteur:physique,Situation maîtrisée
120.75,296.2,19.5,SAFE,10,moteur:physique,Situation maîtrisée
120.80,296.5,19.5,SAFE,12,moteur:physique,Situation maîtrisée
120.85,296.8,19.5,SAFE,12,moteur:physique,Situation maîtrisée
120.90,297.1,19.6,SAFE,12,moteur:physique,Situation maîtrisée
120.95,297.3,19.6,SAFE,12,moteur:physique,Situation maîtrisée
121.00,297.6,19.6,SAFE,12,moteur:physique,Situation maîtrisée
121.05,297.9,19.6,SAFE,12,moteur:physique,Situation maîtrisée
121.10,298.1,19.6,SAFE,12,moteur:physique,Situation maîtrisée
121.15,298.4,19.6,SAFE,12,moteur:physique,Situation maîtrisée
121.20,298.7,19.6,SAFE,12,moteur:physique,Situation maîtrisée
121.25,299.0,19.6,SAFE,12,moteur:physique,Situation maîtrisée
121.30,299.2,19.6,SAFE,12,moteur:physique,Situation maîtrisée
121.35,299.5,19.6,SAFE,12,moteur:physique,Situation maîtrisée
121.40,299.8,19.6,SAFE,12,moteur:physique,Situation maîtrisée
121.45,300.1,19.6,SAFE,13,moteur:physique,Situation maîtrisée
121.50,300.3,19.6,SAFE,13,moteur:physique,Situation maîtrisée
121.55,300.6,19.7,SAFE,13,moteur:physique,Situation maîtrisée
121.60,300.9,19.7,SAFE,13,moteur:physique,Situation maîtrisée
121.65,301.1,19.7,SAFE,13,moteur:physique,Situation maîtrisée
121.70,301.4,19.7,SAFE,13,moteur:physique,Situation maîtrisée
121.75,301.7,19.7,SAFE,13,moteur:physique,Situation maîtrisée
121.80,302.0,19.7,SAFE,13,moteur:physique,Situation maîtrisée
121.85,302.2,19.7,SAFE,13,moteur:physique,Situation maîtrisée
121.90,302.5,19.7,SAFE,13,moteur:physique,Situation maîtrisée
121.95,302.8,19.7,SAFE,13,moteur:physique,Situation maîtrisée
122.00,303.1,19.7,SAFE,14,moteur:physique,Situation maîtrisée
122.05,303.3,19.7,SAFE,14,moteur:physique,Situation maîtrisée
122.10,303.6,19.7,SAFE,14,moteur:physique,Situation maîtrisée
122.15,303.9,19.7,SAFE,14,moteur:physique,Situation maîtrisée
122.20,304.2,19.7,SAFE,14,moteur:physique,Situation maîtrisée
122.25,304.4,19.7,SAFE,14,moteur:physique,Situation maîtrisée
122.30,304.7,19.7,SAFE,14,moteur:physique,Situation maîtrisée
122.35,305.0,19.7,SAFE,14,moteur:physique,Situation maîtrisée
122.40,305.2,19.7,SAFE,14,moteur:physique,Situation maîtrisée
122.45,305.5,19.7,SAFE,14,moteur:physique,Situation maîtrisée
122.50,305.8,19.7,SAFE,14,moteur:physique,Situation maîtrisée
122.55,306.1,19.7,SAFE,14,moteur:physique,Situation maîtrisée
122.60,306.3,19.7,SAFE,14,moteur:physique,Situation maîtrisée
122.65,306.6,19.7,SAFE,14,moteur:physique,Situation maîtrisée
122.70,306.9,19.7,SAFE,14,moteur:physique,Situation maîtrisée
122.75,307.2,19.7,SAFE,14,moteur:physique,Situation maîtrisée
122.80,307.4,19.7,SAFE,14,moteur:physique,Situation maîtrisée
122.85,307.7,19.7,SAFE,14,moteur:physique,Situation maîtrisée
122.90,308.0,19.7,SAFE,14,moteur:physique,Situation maîtrisée
122.95,308.3,19.7,SAFE,14,moteur:physique,Situation maîtrisée
123.00,308.5,19.7,SAFE,14,moteur:physique,Situation maîtrisée
123.05,308.8,19.7,SAFE,14,moteur:physique,Situation maîtrisée
123.10,309.1,19.7,SAFE,14,moteur:physique,Situation maîtrisée
123.15,309.4,19.7,SAFE,14,moteur:physique,Situation maîtrisée
123.20,309.6,19.7,SAFE,14,moteur:physique,Situation maîtrisée
123.25,309.9,19.6,SAFE,14,moteur:physique,Situation maîtrisée
123.30,310.2,19.6,SAFE,14,moteur:physique,Situation maîtrisée
123.35,310.4,19.6,SAFE,14,moteur:physique,Situation maîtrisée
123.40,310.7,19.5,SAFE,14,moteur:physique,Situation maîtrisée
123.45,311.0,19.5,SAFE,14,moteur:physique,Situation maîtrisée
123.50,311.3,19.4,SAFE,14,moteur:physique,Situation maîtrisée
123.55,311.5,19.3,SAFE,15,moteur:physique,Situation maîtrisée
123.60,311.8,19.2,SAFE,14,moteur:physique,Situation maîtrisée
123.65,312.1,19.2,SAFE,14,moteur:physique,Situation maîtrisée
123.70,312.3,19.1,SAFE,14,moteur:physique,Situation maîtrisée
123.75,312.6,19.0,SAFE,14,moteur:physique,Situation maîtrisée
123.80,312.9,18.9,SAFE,14,moteur:physique,Situation maîtrisée
123.85,313.1,18.7,SAFE,14,moteur:physique,Situation maîtrisée
