t,distance_parcourue_m,vitesse_kmh,niveau,n_agents_percus,raison_arret,recommandation
0.05,0.1,5.3,SAFE,7,,Situation maîtrisée
0.10,0.2,7.1,SAFE,7,,Situation maîtrisée
0.15,0.3,8.8,SAFE,7,,Situation maîtrisée
0.20,0.4,10.6,SAFE,7,,Situation maîtrisée
0.25,0.6,12.3,SAFE,7,,Situation maîtrisée
0.30,0.7,14.1,SAFE,7,,Situation maîtrisée
0.35,1.0,15.9,SAFE,7,,Situation maîtrisée
0.40,1.2,17.6,SAFE,7,,Situation maîtrisée
0.45,1.5,19.4,SAFE,7,,Situation maîtrisée
0.50,1.7,21.2,SAFE,7,,Situation maîtrisée
0.55,2.0,22.9,SAFE,7,,Situation maîtrisée
0.60,2.3,16.0,SAFE,7,,Situation maîtrisée
0.65,2.4,3.1,SAFE,7,,Situation maîtrisée
0.70,2.4,5.3,SAFE,7,,Situation maîtrisée
0.75,2.5,7.0,SAFE,7,,Situation maîtrisée
0.80,2.6,8.2,SAFE,7,,Situation maîtrisée
0.85,2.8,9.3,SAFE,7,,Situation maîtrisée
0.90,2.9,10.2,SAFE,7,,Situation maîtrisée
0.95,3.0,11.0,SAFE,7,,Situation maîtrisée
1.00,3.2,11.9,SAFE,7,,Situation maîtrisée
1.05,3.4,12.7,SAFE,7,,Situation maîtrisée
1.10,3.6,13.5,SAFE,7,,Situation maîtrisée
1.15,3.8,14.3,SAFE,7,,Situation maîtrisée
1.20,4.0,15.0,SAFE,7,,Situation maîtrisée
1.25,4.2,15.8,SAFE,7,moteur:physique,Situation maîtrisée
1.30,4.4,16.5,SAFE,7,moteur:physique,Situation maîtrisée
1.35,4.6,17.2,SAFE,7,moteur:physique,Situation maîtrisée
1.40,4.9,17.9,SAFE,7,moteur:physique,Situation maîtrisée
1.45,5.1,18.5,SAFE,8,moteur:physique,Situation maîtrisée
1.50,5.4,19.0,SAFE,8,moteur:physique,Situation maîtrisée
1.55,5.7,18.9,SAFE,8,moteur:physique,Situation maîtrisée
1.60,5.9,19.1,SAFE,8,moteur:physique,Situation maîtrisée
1.65,6.2,19.2,SAFE,8,moteur:physique,Situation maîtrisée
1.70,6.5,19.7,SAFE,8,moteur:physique,Situation maîtrisée
1.75,6.7,20.1,SAFE,8,,Situation maîtrisée
1.80,7.0,20.7,SAFE,8,,Situation maîtrisée
1.85,7.3,21.1,SAFE,8,,Situation maîtrisée
1.90,7.6,21.8,SAFE,8,,Situation maîtrisée
1.95,7.9,22.3,SAFE,8,,Situation maîtrisée
2.00,8.2,23.0,SAFE,8,,Situation maîtrisée
2.05,8.6,23.6,SAFE,8,,Situation maîtrisée
2.10,8.9,24.3,SAFE,8,,Situation maîtrisée
2.15,9.2,24.8,SAFE,8,,Situation maîtrisée
2.20,9.6,25.4,SAFE,7,,Situation maîtrisée
2.25,9.9,25.8,SAFE,7,,Situation maîtrisée
2.30,10.3,26.2,SAFE,7,,Situation maîtrisée
2.35,10.7,26.4,SAFE,7,,Situation maîtrisée
2.40,11.0,26.7,SAFE,7,,Situation maîtrisée
2.45,11.4,26.8,SAFE,7,,Situation maîtrisée
2.50,11.8,26.9,SAFE,7,,Situation maîtrisée
2.55,12.2,26.9,SAFE,7,,Situation maîtrisée
2.60,12.5,26.9,SAFE,7,,Situation maîtrisée
2.65,12.9,26.8,SAFE,7,,Situation maîtrisée
2.70,13.3,26.8,SAFE,7,,Situation maîtrisée
2.75,13.6,26.7,SAFE,7,,Situation maîtrisée
2.80,14.0,26.7,SAFE,7,,Situation maîtrisée
2.85,14.4,26.6,SAFE,7,,Situation maîtrisée
2.90,14.8,26.6,SAFE,7,,Situation maîtrisée
2.95,15.1,26.4,SAFE,7,,Situation maîtrisée
3.00,15.5,26.5,SAFE,7,,Situation maîtrisée
3.05,15.9,26.4,SAFE,7,,Situation maîtrisée
3.10,16.2,26.4,SAFE,7,,Situation maîtrisée
3.15,16.6,26.3,SAFE,7,,Situation maîtrisée
3.20,17.0,26.4,SAFE,7,moteur:physique,Situation maîtrisée
3.25,17.3,26.3,SAFE,7,moteur:physique,Situation maîtrisée
3.30,17.7,26.4,SAFE,7,moteur:physique,Situation maîtrisée
3.35,18.1,26.3,SAFE,7,moteur:physique,Situation maîtrisée
3.40,18.4,26.4,SAFE,7,moteur:physique,Situation maîtrisée
3.45,18.8,26.4,SAFE,7,moteur:physique,Situation maîtrisée
3.50,19.1,26.4,SAFE,7,moteur:physique,Situation maîtrisée
3.55,19.5,26.4,SAFE,7,moteur:physique,Situation maîtrisée
3.60,19.9,26.5,SAFE,7,moteur:physique,Situation maîtrisée
3.65,20.2,26.4,SAFE,7,moteur:physique,Situation maîtrisée
3.70,20.6,26.5,SAFE,7,moteur:physique,Situation maîtrisée
3.75,21.0,26.4,SAFE,7,moteur:physique,Situation maîtrisée
3.80,21.4,26.5,SAFE,7,moteur:physique,Situation maîtrisée
3.85,21.7,26.5,SAFE,7,moteur:physique,Situation maîtrisée
3.90,22.1,26.5,SAFE,7,moteur:physique,Situation maîtrisée
3.95,22.5,26.5,SAFE,7,moteur:physique,Situation maîtrisée
4.00,22.8,26.5,SAFE,6,moteur:physique,Situation maîtrisée
4.05,23.2,26.5,SAFE,6,moteur:physique,Situation maîtrisée
4.10,23.6,26.5,SAFE,6,moteur:physique,Situation maîtrisée
4.15,23.9,26.5,SAFE,6,moteur:physique,Situation maîtrisée
4.20,24.3,26.6,SAFE,6,moteur:physique,Situation maîtrisée
4.25,24.7,26.5,SAFE,5,moteur:physique,Situation maîtrisée
4.30,25.0,26.6,SAFE,4,,Situation maîtrisée
4.35,25.4,26.5,SAFE,4,,Situation maîtrisée
4.40,25.8,26.6,SAFE,4,,Situation maîtrisée
4.45,26.1,26.5,SAFE,4,,Situation maîtrisée
4.50,26.5,26.6,SAFE,4,,Situation maîtrisée
4.55,26.9,26.5,SAFE,4,,Situation maîtrisée
4.60,27.2,26.6,SAFE,4,,Situation maîtrisée
4.65,27.6,26.5,SAFE,4,,Situation maîtrisée
4.70,28.0,26.6,SAFE,4,,Situation maîtrisée
4.75,28.3,26.5,SAFE,4,,Situation maîtrisée
4.80,28.7,26.6,SAFE,4,,Situation maîtrisée
4.85,29.1,26.6,SAFE,4,,Situation maîtrisée
4.90,29.5,26.6,SAFE,4,,Situation maîtrisée
4.95,29.8,26.6,SAFE,4,,Situation maîtrisée
5.00,30.2,26.6,SAFE,4,,Situation maîtrisée
5.05,30.6,26.6,SAFE,4,moteur:physique,Situation maîtrisée
5.10,30.9,26.6,SAFE,4,moteur:physique,Situation maîtrisée
5.15,31.3,26.6,SAFE,4,moteur:physique,Situation maîtrisée
5.20,31.7,26.6,SAFE,4,moteur:physique,Situation maîtrisée
5.25,32.0,26.6,SAFE,4,moteur:physique,Situation maîtrisée
5.30,32.4,26.7,SAFE,4,moteur:physique,Situation maîtrisée
5.35,32.8,26.6,SAFE,4,,Situation maîtrisée
5.40,33.1,26.7,SAFE,4,,Situation maîtrisée
5.45,33.5,26.6,SAFE,4,,Situation maîtrisée
5.50,33.9,26.7,SAFE,4,,Situation maîtrisée
5.55,34.3,26.6,SAFE,4,,Situation maîtrisée
5.60,34.6,26.7,SAFE,3,,Situation maîtrisée
5.65,35.0,26.6,SAFE,2,,Situation maîtrisée
5.70,35.4,26.7,SAFE,2,,Situation maîtrisée
5.75,35.7,26.6,SAFE,2,,Situation maîtrisée
5.80,36.1,26.7,SAFE,2,,Situation maîtrisée
5.85,36.5,26.6,SAFE,2,,Situation maîtrisée
5.90,36.8,26.7,SAFE,2,,Situation maîtrisée
5.95,37.2,26.7,SAFE,2,,Situation maîtrisée
6.00,37.6,26.7,SAFE,2,,Situation maîtrisée
6.05,38.0,26.7,SAFE,2,,Situation maîtrisée
6.10,38.3,26.7,SAFE,2,,Situation maîtrisée
6.15,38.7,26.6,SAFE,2,,Situation maîtrisée
6.20,39.1,26.7,SAFE,2,,Situation maîtrisée
6.25,39.4,26.7,SAFE,2,,Situation maîtrisée
6.30,39.8,26.7,SAFE,2,,Situation maîtrisée
6.35,40.2,26.7,SAFE,2,,Situation maîtrisée
6.40,40.6,26.8,SAFE,2,,Situation maîtrisée
6.45,40.9,26.7,SAFE,1,,Situation maîtrisée
6.50,41.3,26.8,SAFE,1,,Situation maîtrisée
6.55,41.7,26.7,SAFE,1,,Situation maîtrisée
6.60,42.0,26.8,SAFE,1,,Situation maîtrisée
6.65,42.4,26.7,SAFE,2,,Situation maîtrisée
6.70,42.8,26.8,SAFE,2,,Situation maîtrisée
6.75,43.2,26.7,SAFE,3,,Situation maîtrisée
6.80,43.5,26.8,SAFE,3,,Situation maîtrisée
6.85,43.9,26.7,SAFE,4,,Situation maîtrisée
6.90,44.3,26.8,SAFE,4,,Situation maîtrisée
6.95,44.6,26.7,SAFE,4,,Situation maîtrisée
7.00,45.0,26.8,SAFE,4,,Situation maîtrisée
7.05,45.4,26.7,SAFE,5,,Situation maîtrisée
7.10,45.8,26.8,SAFE,5,,Situation maîtrisée
7.15,46.1,26.7,SAFE,5,,Situation maîtrisée
7.20,46.5,26.8,SAFE,5,,Situation maîtrisée
7.25,46.9,26.7,SAFE,6,,Situation maîtrisée
7.30,47.2,26.8,SAFE,6,,Situation maîtrisée
7.35,47.6,26.7,SAFE,6,,Situation maîtrisée
7.40,48.0,26.8,SAFE,6,,Situation maîtrisée
7.45,48.4,26.7,SAFE,6,,Situation maîtrisée
7.50,48.7,26.8,SAFE,6,,Situation maîtrisée
7.55,49.1,26.7,SAFE,6,,Situation maîtrisée
7.60,49.5,26.8,SAFE,6,,Situation maîtrisée
7.65,49.8,26.7,SAFE,6,,Situation maîtrisée
7.70,50.2,26.8,SAFE,6,,Situation maîtrisée
7.75,50.6,26.7,SAFE,6,,Situation maîtrisée
7.80,51.0,26.8,SAFE,6,,Situation maîtrisée
7.85,51.3,26.7,SAFE,6,,Situation maîtrisée
7.90,51.7,26.8,SAFE,6,,Situation maîtrisée
7.95,52.1,26.7,SAFE,7,,Situation maîtrisée
8.00,52.4,26.8,SAFE,7,,Situation maîtrisée
8.05,52.8,26.7,SAFE,7,,Situation maîtrisée
8.10,53.2,26.8,SAFE,7,,Situation maîtrisée
8.15,53.6,26.7,SAFE,7,,Situation maîtrisée
8.20,53.9,26.8,SAFE,7,,Situation maîtrisée
8.25,54.3,26.7,SAFE,7,,Situation maîtrisée
8.30,54.7,26.8,SAFE,7,,Situation maîtrisée
8.35,55.0,26.7,SAFE,7,,Situation maîtrisée
8.40,55.4,26.8,SAFE,7,,Situation maîtrisée
8.45,55.8,26.7,SAFE,7,,Situation maîtrisée
8.50,56.2,26.8,SAFE,7,,Situation maîtrisée
8.55,56.5,26.7,SAFE,7,,Situation maîtrisée
8.60,56.9,26.8,SAFE,7,,Situation maîtrisée
8.65,57.3,26.7,SAFE,7,,Situation maîtrisée
8.70,57.6,26.8,SAFE,8,,Situation maîtrisée
8.75,58.0,26.7,SAFE,8,,Situation maîtrisée
8.80,58.4,26.8,SAFE,8,,Situation maîtrisée
8.85,58.8,26.7,SAFE,8,,Situation maîtrisée
8.90,59.1,26.8,SAFE,8,,Situation maîtrisée
8.95,59.5,26.7,SAFE,8,,Situation maîtrisée
9.00,59.9,26.8,SAFE,8,,Situation maîtrisée
9.05,60.2,26.7,SAFE,8,,Situation maîtrisée
9.10,60.6,26.8,SAFE,8,,Situation maîtrisée
9.15,61.0,26.7,SAFE,8,,Situation maîtrisée
9.20,61.4,26.8,SAFE,8,,Situation maîtrisée
9.25,61.7,26.7,SAFE,8,,Situation maîtrisée
9.30,62.1,26.8,SAFE,8,,Situation maîtrisée
9.35,62.5,26.7,SAFE,8,,Situation maîtrisée
9.40,62.9,26.8,SAFE,8,,Situation maîtrisée
9.45,63.2,26.7,SAFE,8,,Situation maîtrisée
9.50,63.6,26.8,SAFE,9,,Situation maîtrisée
9.55,64.0,26.8,SAFE,9,,Situation maîtrisée
9.60,64.3,26.8,SAFE,9,,Situation maîtrisée
9.65,64.7,26.8,SAFE,9,,Situation maîtrisée
9.70,65.1,26.8,SAFE,9,,Situation maîtrisée
9.75,65.5,26.7,SAFE,9,,Situation maîtrisée
9.80,65.8,26.8,SAFE,9,,Situation maîtrisée
9.85,66.2,26.7,SAFE,9,,Situation maîtrisée
9.90,66.6,26.9,SAFE,9,,Situation maîtrisée
9.95,66.9,26.6,SAFE,9,,Situation maîtrisée
10.00,67.3,27.1,SAFE,9,,Situation maîtrisée
10.05,67.7,26.9,SAFE,9,,Situation maîtrisée
10.10,68.1,27.0,SAFE,9,,Situation maîtrisée
10.15,68.4,26.9,SAFE,9,,Situation maîtrisée
10.20,68.8,26.9,SAFE,9,,Situation maîtrisée
10.25,69.2,26.7,SAFE,9,,Situation maîtrisée
10.30,69.6,26.8,SAFE,10,,Situation maîtrisée
10.35,69.9,26.7,SAFE,10,,Situation maîtrisée
10.40,70.3,26.7,SAFE,10,,Situation maîtrisée
10.45,70.7,26.6,SAFE,10,,Situation maîtrisée
10.50,71.0,26.7,SAFE,10,,Situation maîtrisée
10.55,71.4,26.6,SAFE,10,,Situation maîtrisée
10.60,71.8,26.7,SAFE,10,,Situation maîtrisée
10.65,72.1,26.6,SAFE,10,,Situation maîtrisée
10.70,72.5,26.7,SAFE,10,,Situation maîtrisée
10.75,72.9,26.6,SAFE,10,,Situation maîtrisée
10.80,73.3,26.7,SAFE,10,,Situation maîtrisée
10.85,73.6,26.7,SAFE,10,,Situation maîtrisée
10.90,74.0,26.7,SAFE,10,,Situation maîtrisée
10.95,74.4,26.7,SAFE,10,,Situation maîtrisée
11.00,74.7,26.8,SAFE,10,,Situation maîtrisée
11.05,75.1,26.7,SAFE,10,,Situation maîtrisée
11.10,75.5,26.8,SAFE,10,,Situation maîtrisée
11.15,75.9,26.7,SAFE,10,,Situation maîtrisée
11.20,76.2,26.8,SAFE,10,,Situation maîtrisée
11.25,76.6,26.7,SAFE,11,,Situation maîtrisée
11.30,77.0,26.8,SAFE,11,,Situation maîtrisée
11.35,77.3,26.7,SAFE,11,,Situation maîtrisée
11.40,77.7,26.8,SAFE,11,,Situation maîtrisée
11.45,78.1,26.7,SAFE,11,,Situation maîtrisée
11.50,78.5,26.8,SAFE,11,,Situation maîtrisée
11.55,78.8,26.7,SAFE,11,,Situation maîtrisée
11.60,79.2,26.8,SAFE,11,,Situation maîtrisée
11.65,79.6,26.7,SAFE,11,,Situation maîtrisée
11.70,79.9,26.7,SAFE,11,,Situation maîtrisée
11.75,80.3,26.6,SAFE,11,,Situation maîtrisée
11.80,80.7,26.6,SAFE,11,,Situation maîtrisée
11.85,81.1,26.5,SAFE,10,,Situation maîtrisée
11.90,81.4,26.4,SAFE,10,,Situation maîtrisée
11.95,81.8,26.2,SAFE,10,,Situation maîtrisée
12.00,82.1,26.1,SAFE,10,,Situation maîtrisée
12.05,82.5,25.6,SAFE,10,,Situation maîtrisée
12.10,82.9,25.2,SAFE,10,,Situation maîtrisée
12.15,83.2,24.5,SAFE,10,,Situation maîtrisée
12.20,83.5,24.0,SAFE,10,,Situation maîtrisée
12.25,83.9,23.3,SAFE,10,,Situation maîtrisée
12.30,84.2,22.7,SAFE,10,,Situation maîtrisée
12.35,84.5,22.0,SAFE,10,,Situation maîtrisée
12.40,84.8,21.5,SAFE,10,,Situation maîtrisée
12.45,85.1,20.7,SAFE,10,,Situation maîtrisée
12.50,85.4,20.3,SAFE,10,,Situation maîtrisée
12.55,85.6,19.8,SAFE,10,,Situation maîtrisée
12.60,85.9,19.6,SAFE,10,moteur:physique,Situation maîtrisée
12.65,86.2,19.5,SAFE,10,moteur:physique,Situation maîtrisée
12.70,86.5,19.7,SAFE,10,moteur:physique,Situation maîtrisée
12.75,86.7,19.9,SAFE,10,moteur:physique,Situation maîtrisée
12.80,87.0,20.3,SAFE,10,moteur:physique,Situation maîtrisée
12.85,87.3,20.7,SAFE,10,moteur:physique,Situation maîtrisée
12.90,87.6,21.3,SAFE,10,moteur:physique,Situation maîtrisée
12.95,87.9,21.7,SAFE,10,,Situation maîtrisée
13.00,88.2,22.1,SAFE,10,,Situation maîtrisée
13.05,88.5,22.3,SAFE,10,,Situation maîtrisée
13.10,88.8,22.5,SAFE,9,,Situation maîtrisée
13.15,89.1,22.3,SAFE,9,,Situation maîtrisée
13.20,89.4,22.2,SAFE,9,,Situation maîtrisée
13.25,89.7,21.9,SAFE,9,,Situation maîtrisée
13.30,90.0,21.7,WATCH,9,moteur:proportionnel,Ralentissez de 18 km/h  (22 -> 4 km/h)
13.35,90.3,21.1,WATCH,9,moteur:proportionnel,Ralentissez de 17 km/h  (21 -> 4 km/h)
13.40,90.6,20.7,DANGER,9,moteur:proportionnel,Ralentissez de 17 km/h  (21 -> 4 km/h)
13.45,90.9,19.2,DANGER,9,moteur:proportionnel,Ralentissez de 16 km/h  (19 -> 3 km/h)
13.50,91.1,14.4,WATCH,9,moteur:proportionnel,Ralentissez de 11 km/h  (14 -> 3 km/h)
13.55,91.3,9.6,WATCH,9,moteur:proportionnel,Ralentissez de 6 km/h  (10 -> 3 km/h)
13.60,91.4,4.8,SAFE,9,,Situation maîtrisée
13.65,91.4,3.4,SAFE,9,,Situation maîtrisée
13.70,91.5,3.9,SAFE,9,,Situation maîtrisée
13.75,91.5,4.8,SAFE,9,,Situation maîtrisée
13.80,91.6,5.5,SAFE,9,,Situation maîtrisée
13.85,91.7,6.3,SAFE,9,,Situation maîtrisée
13.90,91.8,7.2,SAFE,9,,Situation maîtrisée
13.95,91.9,7.9,WATCH,9,moteur:proportionnel,Ralentissez de 5 km/h  (8 -> 3 km/h)
14.00,92.0,8.6,WATCH,9,moteur:proportionnel,Ralentissez de 6 km/h  (9 -> 3 km/h)
14.05,92.1,8.9,WATCH,9,moteur:proportionnel,Ralentissez de 6 km/h  (9 -> 3 km/h)
14.10,92.3,9.0,WATCH,9,feu_rouge_devant,Ralentissez de 6 km/h  (9 -> 3 km/h)
14.15,92.4,8.8,WATCH,9,feu_rouge_devant,Ralentissez de 6 km/h  (9 -> 3 km/h)
14.20,92.5,8.6,WATCH,9,feu_rouge_devant,Ralentissez de 6 km/h  (9 -> 3 km/h)
14.25,92.6,8.3,WATCH,9,feu_rouge_devant,Ralentissez de 6 km/h  (8 -> 3 km/h)
14.30,92.7,8.1,WATCH,9,feu_rouge_devant,Ralentissez de 6 km/h  (8 -> 3 km/h)
14.35,92.9,7.7,WATCH,9,feu_rouge_devant,Ralentissez de 5 km/h  (8 -> 2 km/h)
14.40,93.0,7.5,WATCH,9,feu_rouge_devant,Ralentissez de 5 km/h  (7 -> 2 km/h)
14.45,93.1,7.1,WATCH,9,feu_rouge_devant,Ralentissez de 5 km/h  (7 -> 2 km/h)
14.50,93.2,6.8,WATCH,10,feu_rouge_devant,Ralentissez de 6 km/h  (7 -> 1 km/h)
14.55,93.2,6.4,SAFE,10,feu_rouge_devant,Situation maîtrisée
14.60,93.3,3.7,SAFE,10,feu_rouge_devant,Situation maîtrisée
14.65,93.3,0.0,SAFE,10,feu_rouge_devant,Situation maîtrisée
14.70,93.3,0.0,SAFE,10,feu_rouge_devant,Situation maîtrisée
14.75,93.3,0.0,SAFE,10,feu_rouge_devant,Situation maîtrisée
14.80,93.3,0.0,SAFE,10,feu_rouge_devant,Situation maîtrisée
14.85,93.3,0.0,SAFE,10,feu_rouge_devant,Situation maîtrisée
14.90,93.3,0.0,SAFE,10,feu_rouge_devant,Situation maîtrisée
14.95,93.3,0.0,SAFE,10,feu_rouge_devant,Situation maîtrisée
15.00,93.3,0.0,SAFE,10,feu_rouge_devant,Situation maîtrisée
15.05,93.3,0.0,SAFE,10,feu_rouge_devant,Situation maîtrisée
15.10,93.3,0.0,SAFE,10,feu_rouge_devant,Situation maîtrisée
15.15,93.3,0.0,SAFE,10,feu_rouge_devant,Situation maîtrisée
15.20,93.3,0.0,SAFE,10,feu_rouge_devant,Situation maîtrisée
15.25,93.3,0.0,SAFE,10,feu_rouge_devant,Situation maîtrisée
15.30,93.3,0.0,SAFE,10,feu_rouge_devant,Situation maîtrisée
15.35,93.3,0.0,SAFE,10,feu_rouge_devant,Situation maîtrisée
15.40,93.3,0.0,SAFE,10,feu_rouge_devant,Situation maîtrisée
15.45,93.3,0.0,SAFE,10,feu_rouge_devant,Situation maîtrisée
15.50,93.3,0.0,SAFE,10,feu_rouge_devant,Situation maîtrisée
15.55,93.3,0.0,SAFE,10,feu_rouge_devant,Situation maîtrisée
15.60,93.3,0.0,SAFE,10,feu_rouge_devant,Situation maîtrisée
15.65,93.3,0.0,SAFE,10,feu_rouge_devant,Situation maîtrisée
15.70,93.3,0.0,SAFE,10,feu_rouge_devant,Situation maîtrisée
15.75,93.3,0.0,SAFE,10,feu_rouge_devant,Situation maîtrisée
15.80,93.3,0.0,SAFE,10,feu_rouge_devant,Situation maîtrisée
15.85,93.3,0.0,SAFE,10,feu_rouge_devant,Situation maîtrisée
15.90,93.3,0.0,SAFE,10,feu_rouge_devant,Situation maîtrisée
15.95,93.3,0.0,SAFE,10,feu_rouge_devant,Situation maîtrisée
16.00,93.3,0.0,SAFE,10,feu_rouge_devant,Situation maîtrisée
16.05,93.3,0.0,SAFE,10,feu_rouge_devant,Situation maîtrisée
16.10,93.3,0.0,SAFE,10,feu_rouge_devant,Situation maîtrisée
16.15,93.3,0.0,SAFE,10,feu_rouge_devant,Situation maîtrisée
16.20,93.3,0.0,SAFE,10,feu_rouge_devant,Situation maîtrisée
16.25,93.3,0.0,SAFE,10,feu_rouge_devant,Situation maîtrisée
16.30,93.3,0.0,SAFE,10,feu_rouge_devant,Situation maîtrisée
16.35,93.3,0.0,SAFE,10,feu_rouge_devant,Situation maîtrisée
16.40,93.3,0.0,SAFE,10,feu_rouge_devant,Situation maîtrisée
16.45,93.3,0.0,SAFE,10,feu_rouge_devant,Situation maîtrisée
16.50,93.3,0.0,SAFE,10,feu_rouge_devant,Situation maîtrisée
16.55,93.3,0.0,SAFE,10,feu_rouge_devant,Situation maîtrisée
16.60,93.3,0.0,SAFE,10,feu_rouge_devant,Situation maîtrisée
16.65,93.3,0.0,SAFE,10,feu_rouge_devant,Situation maîtrisée
16.70,93.3,0.0,SAFE,9,,Situation maîtrisée
16.75,93.3,0.0,SAFE,9,,Situation maîtrisée
16.80,93.3,0.0,SAFE,9,,Situation maîtrisée
16.85,93.3,0.4,SAFE,9,,Situation maîtrisée
16.90,93.3,0.9,SAFE,9,,Situation maîtrisée
16.95,93.4,1.5,SAFE,9,,Situation maîtrisée
17.00,93.4,2.2,SAFE,9,,Situation maîtrisée
17.05,93.4,3.0,SAFE,9,,Situation maîtrisée
17.10,93.5,3.7,SAFE,9,,Situation maîtrisée
17.15,93.5,4.5,SAFE,9,,Situation maîtrisée
17.20,93.6,5.4,SAFE,9,,Situation maîtrisée
17.25,93.7,6.2,SAFE,9,,Situation maîtrisée
17.30,93.8,7.0,SAFE,9,,Situation maîtrisée
17.35,93.9,7.8,SAFE,9,,Situation maîtrisée
17.40,94.0,8.6,SAFE,8,,Situation maîtrisée
17.45,94.1,9.4,SAFE,8,,Situation maîtrisée
17.50,94.3,10.2,SAFE,8,,Situation maîtrisée
17.55,94.4,10.9,SAFE,8,,Situation maîtrisée
17.60,94.6,11.7,SAFE,8,,Situation maîtrisée
17.65,94.7,12.6,SAFE,8,,Situation maîtrisée
17.70,94.9,13.4,SAFE,8,,Situation maîtrisée
17.75,95.1,14.0,SAFE,8,,Situation maîtrisée
17.80,95.3,14.3,SAFE,7,,Situation maîtrisée
17.85,95.5,14.7,SAFE,6,,Situation maîtrisée
17.90,95.7,15.2,SAFE,6,,Situation maîtrisée
17.95,95.9,15.4,SAFE,6,,Situation maîtrisée
18.00,96.1,15.6,SAFE,6,,Situation maîtrisée
18.05,96.3,15.8,SAFE,6,,Situation maîtrisée
18.10,96.5,16.1,SAFE,6,,Situation maîtrisée
18.15,96.8,16.5,SAFE,6,,Situation maîtrisée
18.20,97.0,16.7,SAFE,6,,Situation maîtrisée
18.25,97.2,17.0,SAFE,6,,Situation maîtrisée
18.30,97.5,17.4,SAFE,6,,Situation maîtrisée
18.35,97.7,17.8,SAFE,6,,Situation maîtrisée
18.40,98.0,18.3,SAFE,6,,Situation maîtrisée
18.45,98.2,18.7,SAFE,6,,Situation maîtrisée
18.50,98.5,18.7,SAFE,6,,Situation maîtrisée
18.55,98.7,18.6,SAFE,6,,Situation maîtrisée
18.60,99.0,18.6,SAFE,6,,Situation maîtrisée
18.65,99.3,18.7,SAFE,6,,Situation maîtrisée
18.70,99.5,18.9,SAFE,5,,Situation maîtrisée
18.75,99.8,19.2,SAFE,5,,Situation maîtrisée
18.80,100.1,19.5,SAFE,5,,Situation maîtrisée
18.85,100.3,19.8,SAFE,5,,Situation maîtrisée
18.90,100.6,20.1,SAFE,5,,Situation maîtrisée
18.95,100.9,20.5,SAFE,5,,Situation maîtrisée
19.00,101.2,20.7,SAFE,5,,Situation maîtrisée
19.05,101.5,21.0,SAFE,4,,Situation maîtrisée
19.10,101.8,21.2,SAFE,4,,Situation maîtrisée
19.15,102.1,21.5,SAFE,4,,Situation maîtrisée
19.20,102.4,21.7,SAFE,4,,Situation maîtrisée
19.25,102.7,21.9,SAFE,4,,Situation maîtrisée
19.30,103.0,22.0,SAFE,4,,Situation maîtrisée
19.35,103.3,22.2,SAFE,4,,Situation maîtrisée
19.40,103.6,22.4,SAFE,4,,Situation maîtrisée
19.45,103.9,22.5,SAFE,4,,Situation maîtrisée
19.50,104.2,22.7,SAFE,4,,Situation maîtrisée
19.55,104.5,22.9,SAFE,4,,Situation maîtrisée
19.60,104.8,23.1,SAFE,4,,Situation maîtrisée
19.65,105.2,23.2,SAFE,4,,Situation maîtrisée
19.70,105.5,23.4,SAFE,4,,Situation maîtrisée
19.75,105.8,23.6,SAFE,4,,Situation maîtrisée
19.80,106.1,23.7,SAFE,4,,Situation maîtrisée
19.85,106.5,23.9,SAFE,4,,Situation maîtrisée
19.90,106.8,24.0,SAFE,4,,Situation maîtrisée
19.95,107.1,24.2,SAFE,4,,Situation maîtrisée
20.00,107.5,24.3,SAFE,4,,Situation maîtrisée
20.05,107.8,24.5,SAFE,4,,Situation maîtrisée
20.10,108.2,24.6,SAFE,4,,Situation maîtrisée
20.15,108.5,24.7,SAFE,4,,Situation maîtrisée
20.20,108.8,24.9,SAFE,5,,Situation maîtrisée
20.25,109.2,25.0,SAFE,5,,Situation maîtrisée
20.30,109.5,25.1,SAFE,5,,Situation maîtrisée
20.35,109.9,25.2,SAFE,5,,Situation maîtrisée
20.40,110.2,25.3,SAFE,5,,Situation maîtrisée
20.45,110.6,25.4,SAFE,4,,Situation maîtrisée
20.50,110.9,25.5,SAFE,4,,Situation maîtrisée
20.55,111.3,25.6,SAFE,4,,Situation maîtrisée
20.60,111.7,25.6,SAFE,4,,Situation maîtrisée
20.65,112.0,25.7,SAFE,4,,Situation maîtrisée
20.70,112.4,25.8,SAFE,4,,Situation maîtrisée
20.75,112.7,25.9,SAFE,4,,Situation maîtrisée
20.80,113.1,25.9,SAFE,4,,Situation maîtrisée
20.85,113.4,26.0,SAFE,4,,Situation maîtrisée
20.90,113.8,26.0,SAFE,4,,Situation maîtrisée
20.95,114.2,26.1,SAFE,4,,Situation maîtrisée
21.00,114.5,26.1,SAFE,4,,Situation maîtrisée
21.05,114.9,26.2,SAFE,4,,Situation maîtrisée
21.10,115.3,26.2,SAFE,3,,Situation maîtrisée
21.15,115.6,26.2,SAFE,3,,Situation maîtrisée
21.20,116.0,26.3,SAFE,3,,Situation maîtrisée
21.25,116.3,26.3,SAFE,3,,Situation maîtrisée
21.30,116.7,26.3,SAFE,3,,Situation maîtrisée
21.35,117.1,26.3,SAFE,3,,Situation maîtrisée
21.40,117.4,26.3,SAFE,3,,Situation maîtrisée
21.45,117.8,26.3,SAFE,3,,Situation maîtrisée
21.50,118.2,26.3,SAFE,3,,Situation maîtrisée
21.55,118.5,26.2,SAFE,3,,Situation maîtrisée
21.60,118.9,26.2,SAFE,3,,Situation maîtrisée
21.65,119.3,26.1,SAFE,2,,Situation maîtrisée
21.70,119.6,26.1,SAFE,2,,Situation maîtrisée
21.75,120.0,26.0,SAFE,2,,Situation maîtrisée
21.80,120.4,26.0,SAFE,2,,Situation maîtrisée
21.85,120.7,25.9,SAFE,2,,Situation maîtrisée
21.90,121.1,25.8,SAFE,2,,Situation maîtrisée
21.95,121.4,25.7,SAFE,2,,Situation maîtrisée
22.00,121.8,25.6,SAFE,2,,Situation maîtrisée
22.05,122.1,25.6,SAFE,2,,Situation maîtrisée
22.10,122.5,25.5,SAFE,2,,Situation maîtrisée
22.15,122.8,25.4,SAFE,2,,Situation maîtrisée
22.20,123.2,25.2,SAFE,2,,Situation maîtrisée
22.25,123.5,25.1,SAFE,2,,Situation maîtrisée
22.30,123.9,25.0,SAFE,2,,Situation maîtrisée
22.35,124.2,25.0,SAFE,2,,Situation maîtrisée
22.40,124.6,24.9,SAFE,2,,Situation maîtrisée
22.45,124.9,24.8,SAFE,2,,Situation maîtrisée
22.50,125.3,24.7,SAFE,2,,Situation maîtrisée
22.55,125.6,24.6,SAFE,2,,Situation maîtrisée
22.60,126.0,24.6,SAFE,2,,Situation maîtrisée
22.65,126.3,24.5,SAFE,2,,Situation maîtrisée
22.70,126.6,24.5,SAFE,2,,Situation maîtrisée
22.75,127.0,24.4,SAFE,2,,Situation maîtrisée
22.80,127.3,24.3,SAFE,2,,Situation maîtrisée
22.85,127.7,24.2,SAFE,2,,Situation maîtrisée
22.90,128.0,24.2,SAFE,1,,Situation maîtrisée
22.95,128.3,24.1,SAFE,1,,Situation maîtrisée
23.00,128.7,24.1,SAFE,1,,Situation maîtrisée
23.05,129.0,24.0,SAFE,1,,Situation maîtrisée
23.10,129.3,23.9,SAFE,1,,Situation maîtrisée
23.15,129.7,23.8,SAFE,1,,Situation maîtrisée
23.20,130.0,23.8,SAFE,1,,Situation maîtrisée
23.25,130.3,23.7,SAFE,1,,Situation maîtrisée
23.30,130.6,23.6,SAFE,1,,Situation maîtrisée
23.35,131.0,23.5,SAFE,1,,Situation maîtrisée
23.40,131.3,23.4,SAFE,1,,Situation maîtrisée
23.45,131.6,23.3,SAFE,1,,Situation maîtrisée
23.50,131.9,23.2,SAFE,1,,Situation maîtrisée
23.55,132.3,23.2,SAFE,1,,Situation maîtrisée
23.60,132.6,23.1,SAFE,1,,Situation maîtrisée
23.65,132.9,23.0,SAFE,1,,Situation maîtrisée
23.70,133.2,23.0,SAFE,1,,Situation maîtrisée
23.75,133.5,22.9,SAFE,1,,Situation maîtrisée
23.80,133.9,22.9,SAFE,1,,Situation maîtrisée
23.85,134.2,22.9,SAFE,1,,Situation maîtrisée
23.90,134.5,22.8,SAFE,1,,Situation maîtrisée
23.95,134.8,22.8,SAFE,1,,Situation maîtrisée
24.00,135.1,22.7,SAFE,1,,Situation maîtrisée
24.05,135.4,22.7,SAFE,1,,Situation maîtrisée
24.10,135.8,22.7,SAFE,1,,Situation maîtrisée
24.15,136.1,22.7,SAFE,1,,Situation maîtrisée
24.20,136.4,22.6,SAFE,1,,Situation maîtrisée
24.25,136.7,22.6,SAFE,2,,Situation maîtrisée
24.30,137.0,22.5,SAFE,2,,Situation maîtrisée
24.35,137.3,22.5,SAFE,2,,Situation maîtrisée
24.40,137.6,22.5,SAFE,2,,Situation maîtrisée
24.45,138.0,22.5,SAFE,2,,Situation maîtrisée
24.50,138.3,22.5,SAFE,2,,Situation maîtrisée
24.55,138.6,22.4,SAFE,2,,Situation maîtrisée
24.60,138.9,22.4,SAFE,2,,Situation maîtrisée
24.65,139.2,22.4,SAFE,2,,Situation maîtrisée
24.70,139.5,22.4,SAFE,2,,Situation maîtrisée
24.75,139.8,22.4,SAFE,2,,Situation maîtrisée
24.80,140.1,22.4,SAFE,2,,Situation maîtrisée
24.85,140.4,22.3,SAFE,2,,Situation maîtrisée
24.90,140.8,22.3,SAFE,2,,Situation maîtrisée
24.95,141.1,22.3,SAFE,2,,Situation maîtrisée
25.00,141.4,22.3,SAFE,3,,Situation maîtrisée
25.05,141.7,22.4,SAFE,3,,Situation maîtrisée
25.10,142.0,22.4,SAFE,3,,Situation maîtrisée
25.15,142.3,22.3,SAFE,3,,Situation maîtrisée
25.20,142.6,22.3,SAFE,3,,Situation maîtrisée
25.25,142.9,22.3,SAFE,3,,Situation maîtrisée
25.30,143.2,22.4,SAFE,3,,Situation maîtrisée
25.35,143.5,22.4,SAFE,3,,Situation maîtrisée
25.40,143.9,22.4,SAFE,3,,Situation maîtrisée
25.45,144.2,22.4,SAFE,2,,Situation maîtrisée
25.50,144.5,22.4,SAFE,2,,Situation maîtrisée
25.55,144.8,22.4,SAFE,2,,Situation maîtrisée
25.60,145.1,22.4,SAFE,2,,Situation maîtrisée
25.65,145.4,22.4,SAFE,2,,Situation maîtrisée
25.70,145.7,22.3,SAFE,2,,Situation maîtrisée
25.75,146.0,22.3,SAFE,2,,Situation maîtrisée
25.80,146.3,22.3,SAFE,2,,Situation maîtrisée
25.85,146.7,22.3,SAFE,2,,Situation maîtrisée
25.90,147.0,22.3,SAFE,2,,Situation maîtrisée
25.95,147.3,22.3,SAFE,2,,Situation maîtrisée
26.00,147.6,22.3,SAFE,2,,Situation maîtrisée
26.05,147.9,22.3,SAFE,2,,Situation maîtrisée
26.10,148.2,22.4,SAFE,2,,Situation maîtrisée
26.15,148.5,22.4,SAFE,3,,Situation maîtrisée
26.20,148.8,22.5,SAFE,3,,Situation maîtrisée
26.25,149.1,22.5,SAFE,3,,Situation maîtrisée
26.30,149.4,22.5,SAFE,3,,Situation maîtrisée
26.35,149.8,22.5,SAFE,3,,Situation maîtrisée
26.40,150.1,22.5,SAFE,3,,Situation maîtrisée
26.45,150.4,22.6,SAFE,3,,Situation maîtrisée
26.50,150.7,22.6,SAFE,3,,Situation maîtrisée
26.55,151.0,22.7,SAFE,3,,Situation maîtrisée
26.60,151.3,22.7,SAFE,3,,Situation maîtrisée
26.65,151.6,22.7,SAFE,3,,Situation maîtrisée
26.70,152.0,22.7,SAFE,3,,Situation maîtrisée
26.75,152.3,22.7,SAFE,3,moteur:physique,Situation maîtrisée
26.80,152.6,22.7,SAFE,3,moteur:physique,Situation maîtrisée
26.85,152.9,22.6,SAFE,3,moteur:physique,Situation maîtrisée
26.90,153.2,22.6,SAFE,3,moteur:physique,Situation maîtrisée
26.95,153.5,22.6,SAFE,3,moteur:physique,Situation maîtrisée
27.00,153.8,22.6,SAFE,3,moteur:physique,Situation maîtrisée
27.05,154.2,22.7,SAFE,3,moteur:physique,Situation maîtrisée
27.10,154.5,22.6,SAFE,3,moteur:physique,Situation maîtrisée
27.15,154.8,22.6,SAFE,3,moteur:physique,Situation maîtrisée
27.20,155.1,22.6,SAFE,4,moteur:physique,Situation maîtrisée
27.25,155.4,22.7,SAFE,4,moteur:physique,Situation maîtrisée
27.30,155.7,22.7,SAFE,3,moteur:physique,Situation maîtrisée
27.35,156.0,22.8,SAFE,3,moteur:physique,Situation maîtrisée
27.40,156.4,22.8,SAFE,3,moteur:physique,Situation maîtrisée
27.45,156.7,22.8,SAFE,3,moteur:physique,Situation maîtrisée
27.50,157.0,22.9,SAFE,3,moteur:physique,Situation maîtrisée
27.55,157.3,22.9,SAFE,3,moteur:physique,Situation maîtrisée
27.60,157.6,23.0,SAFE,3,moteur:physique,Situation maîtrisée
27.65,158.0,23.1,SAFE,3,moteur:physique,Situation maîtrisée
27.70,158.3,23.1,SAFE,3,moteur:physique,Situation maîtrisée
27.75,158.6,23.2,SAFE,3,moteur:physique,Situation maîtrisée
27.80,158.9,23.3,SAFE,3,moteur:physique,Situation maîtrisée
27.85,159.2,23.4,SAFE,3,moteur:physique,Situation maîtrisée
27.90,159.6,23.4,SAFE,3,moteur:physique,Situation maîtrisée
27.95,159.9,23.5,SAFE,3,,Situation maîtrisée
28.00,160.2,23.6,SAFE,3,,Situation maîtrisée
28.05,160.6,23.7,SAFE,3,,Situation maîtrisée
28.10,160.9,23.8,SAFE,3,,Situation maîtrisée
28.15,161.2,23.9,SAFE,3,,Situation maîtrisée
28.20,161.5,24.0,SAFE,3,,Situation maîtrisée
28.25,161.9,24.1,SAFE,3,,Situation maîtrisée
28.30,162.2,24.2,SAFE,3,,Situation maîtrisée
28.35,162.5,24.3,SAFE,3,,Situation maîtrisée
28.40,162.9,24.4,SAFE,3,,Situation maîtrisée
28.45,163.2,24.5,SAFE,3,,Situation maîtrisée
28.50,163.6,24.6,SAFE,3,,Situation maîtrisée
28.55,163.9,24.6,SAFE,3,,Situation maîtrisée
28.60,164.3,24.7,SAFE,3,,Situation maîtrisée
28.65,164.6,24.8,SAFE,4,,Situation maîtrisée
28.70,164.9,24.9,SAFE,4,,Situation maîtrisée
28.75,165.3,25.0,SAFE,4,,Situation maîtrisée
28.80,165.6,25.0,SAFE,4,,Situation maîtrisée
28.85,166.0,25.1,DANGER,4,moteur:proportionnel,FREINEZ — conflit non évitable par la seule vitesse
28.90,166.3,25.1,DANGER,4,moteur:proportionnel,FREINEZ — conflit non évitable par la seule vitesse
28.95,166.7,24.8,DANGER,4,moteur:proportionnel,FREINEZ — conflit non évitable par la seule vitesse
29.00,167.0,24.4,SAFE,4,,Situation maîtrisée
29.05,167.4,23.9,SAFE,4,,Situation maîtrisée
29.10,167.7,23.6,SAFE,4,,Situation maîtrisée
29.15,168.0,23.5,SAFE,3,,Situation maîtrisée
29.20,168.3,23.4,SAFE,2,,Situation maîtrisée
29.25,168.7,23.6,SAFE,2,,Situation maîtrisée
29.30,169.0,23.8,DANGER,2,moteur:proportionnel,Ralentissez de 6 km/h  (24 -> 17 km/h)
29.35,169.3,24.0,DANGER,2,moteur:proportionnel,Ralentissez de 7 km/h  (24 -> 17 km/h)
29.40,169.7,23.9,DANGER,2,moteur:proportionnel,Ralentissez de 7 km/h  (24 -> 17 km/h)
29.45,170.0,23.6,DANGER,2,moteur:proportionnel,Ralentissez de 7 km/h  (24 -> 17 km/h)
29.50,170.3,23.2,DANGER,2,moteur:proportionnel,Ralentissez de 7 km/h  (23 -> 16 km/h)
29.55,170.6,22.7,SAFE,2,,Situation maîtrisée
29.60,170.9,22.1,SAFE,2,,Situation maîtrisée
29.65,171.2,21.8,SAFE,2,,Situation maîtrisée
29.70,171.5,21.6,SAFE,2,,Situation maîtrisée
29.75,171.8,21.6,SAFE,2,,Situation maîtrisée
29.80,172.1,21.8,SAFE,2,,Situation maîtrisée
29.85,172.5,22.1,SAFE,3,,Situation maîtrisée
29.90,172.8,22.5,SAFE,2,,Situation maîtrisée
29.95,173.1,23.0,SAFE,2,,Situation maîtrisée
30.00,173.4,23.5,SAFE,2,,Situation maîtrisée
30.05,173.7,24.1,SAFE,2,,Situation maîtrisée
30.10,174.1,24.7,SAFE,2,,Situation maîtrisée
30.15,174.4,25.2,SAFE,2,,Situation maîtrisée
30.20,174.8,25.6,SAFE,2,,Situation maîtrisée
30.25,175.1,26.0,SAFE,2,,Situation maîtrisée
30.30,175.5,26.3,SAFE,2,,Situation maîtrisée
30.35,175.9,26.5,SAFE,2,,Situation maîtrisée
30.40,176.2,26.7,SAFE,2,,Situation maîtrisée
30.45,176.6,26.8,SAFE,2,,Situation maîtrisée
30.50,177.0,26.8,SAFE,2,,Situation maîtrisée
30.55,177.3,26.8,SAFE,2,,Situation maîtrisée
30.60,177.7,26.8,SAFE,2,,Situation maîtrisée
30.65,178.1,26.8,SAFE,2,,Situation maîtrisée
30.70,178.5,26.7,SAFE,2,,Situation maîtrisée
30.75,178.8,26.7,SAFE,2,,Situation maîtrisée
30.80,179.2,26.6,SAFE,2,,Situation maîtrisée
30.85,179.6,26.6,SAFE,2,,Situation maîtrisée
30.90,179.9,26.5,SAFE,2,,Situation maîtrisée
30.95,180.3,26.5,SAFE,2,,Situation maîtrisée
31.00,180.7,26.5,SAFE,2,,Situation maîtrisée
31.05,181.0,26.5,SAFE,2,,Situation maîtrisée
31.10,181.4,26.4,SAFE,2,,Situation maîtrisée
31.15,181.8,26.4,SAFE,2,,Situation maîtrisée
31.20,182.1,26.4,SAFE,2,,Situation maîtrisée
31.25,182.5,26.4,SAFE,2,,Situation maîtrisée
31.30,182.9,26.5,SAFE,2,,Situation maîtrisée
31.35,183.2,26.5,SAFE,2,,Situation maîtrisée
31.40,183.6,26.5,SAFE,2,,Situation maîtrisée
31.45,184.0,26.5,SAFE,2,,Situation maîtrisée
31.50,184.4,26.5,SAFE,2,,Situation maîtrisée
31.55,184.7,26.5,SAFE,2,,Situation maîtrisée
31.60,185.1,26.5,SAFE,2,,Situation maîtrisée
31.65,185.5,26.5,SAFE,2,,Situation maîtrisée
31.70,185.8,26.6,SAFE,2,,Situation maîtrisée
31.75,186.2,26.6,SAFE,2,,Situation maîtrisée
31.80,186.6,26.6,SAFE,2,,Situation maîtrisée
31.85,186.9,26.6,SAFE,2,,Situation maîtrisée
31.90,187.3,26.6,SAFE,2,,Situation maîtrisée
31.95,187.7,26.6,SAFE,2,,Situation maîtrisée
32.00,188.0,26.6,SAFE,2,,Situation maîtrisée
32.05,188.4,26.6,SAFE,2,,Situation maîtrisée
32.10,188.8,26.6,SAFE,2,,Situation maîtrisée
32.15,189.1,26.6,SAFE,2,,Situation maîtrisée
32.20,189.5,26.6,SAFE,2,,Situation maîtrisée
32.25,189.9,26.6,SAFE,2,,Situation maîtrisée
32.30,190.3,26.6,SAFE,2,,Situation maîtrisée
32.35,190.6,26.6,SAFE,2,,Situation maîtrisée
32.40,191.0,26.6,SAFE,2,,Situation maîtrisée
32.45,191.4,26.6,SAFE,2,,Situation maîtrisée
32.50,191.7,26.6,SAFE,2,,Situation maîtrisée
32.55,192.1,26.6,SAFE,2,,Situation maîtrisée
32.60,192.5,26.6,SAFE,2,,Situation maîtrisée
32.65,192.8,26.6,SAFE,2,,Situation maîtrisée
32.70,193.2,26.6,SAFE,2,,Situation maîtrisée
32.75,193.6,26.6,SAFE,2,,Situation maîtrisée
32.80,194.0,26.6,SAFE,2,,Situation maîtrisée
32.85,194.3,26.6,SAFE,2,,Situation maîtrisée
32.90,194.7,26.6,SAFE,2,,Situation maîtrisée
32.95,195.1,26.6,SAFE,2,,Situation maîtrisée
33.00,195.4,26.6,SAFE,2,,Situation maîtrisée
33.05,195.8,26.6,SAFE,2,,Situation maîtrisée
33.10,196.2,26.6,SAFE,2,,Situation maîtrisée
33.15,196.5,26.6,SAFE,2,,Situation maîtrisée
33.20,196.9,26.6,SAFE,2,,Situation maîtrisée
33.25,197.3,26.6,SAFE,2,,Situation maîtrisée
33.30,197.6,26.6,SAFE,2,,Situation maîtrisée
33.35,198.0,26.6,SAFE,2,,Situation maîtrisée
33.40,198.4,26.6,SAFE,2,,Situation maîtrisée
33.45,198.8,26.6,SAFE,2,,Situation maîtrisée
33.50,199.1,26.6,SAFE,2,,Situation maîtrisée
33.55,199.5,26.6,SAFE,2,,Situation maîtrisée
33.60,199.9,26.6,SAFE,2,,Situation maîtrisée
33.65,200.2,26.6,SAFE,2,,Situation maîtrisée
33.70,200.6,26.6,SAFE,2,,Situation maîtrisée
33.75,201.0,26.6,SAFE,2,,Situation maîtrisée
33.80,201.3,26.6,SAFE,2,,Situation maîtrisée
33.85,201.7,26.6,SAFE,2,,Situation maîtrisée
33.90,202.1,26.6,SAFE,2,,Situation maîtrisée
33.95,202.5,26.6,SAFE,2,,Situation maîtrisée
34.00,202.8,26.6,SAFE,2,,Situation maîtrisée
34.05,203.2,26.6,SAFE,2,,Situation maîtrisée
34.10,203.6,26.6,SAFE,2,,Situation maîtrisée
34.15,203.9,26.6,SAFE,2,,Situation maîtrisée
34.20,204.3,26.6,SAFE,2,,Situation maîtrisée
34.25,204.7,26.6,SAFE,2,,Situation maîtrisée
34.30,205.0,26.6,SAFE,2,,Situation maîtrisée
34.35,205.4,26.6,SAFE,2,,Situation maîtrisée
34.40,205.8,26.6,SAFE,2,,Situation maîtrisée
34.45,206.2,26.6,SAFE,2,,Situation maîtrisée
34.50,206.5,26.6,SAFE,2,,Situation maîtrisée
34.55,206.9,26.6,SAFE,2,,Situation maîtrisée
34.60,207.3,26.6,SAFE,2,,Situation maîtrisée
34.65,207.6,26.6,SAFE,2,,Situation maîtrisée
34.70,208.0,26.6,SAFE,2,,Situation maîtrisée
34.75,208.4,26.6,SAFE,2,,Situation maîtrisée
34.80,208.7,26.6,SAFE,2,,Situation maîtrisée
34.85,209.1,26.6,SAFE,2,,Situation maîtrisée
34.90,209.5,26.6,SAFE,2,,Situation maîtrisée
34.95,209.9,26.6,SAFE,2,,Situation maîtrisée
35.00,210.2,26.6,SAFE,2,,Situation maîtrisée
35.05,210.6,26.6,SAFE,2,,Situation maîtrisée
35.10,211.0,26.6,SAFE,2,,Situation maîtrisée
35.15,211.3,26.6,SAFE,2,,Situation maîtrisée
35.20,211.7,26.6,SAFE,2,,Situation maîtrisée
35.25,212.1,26.6,SAFE,3,,Situation maîtrisée
35.30,212.4,26.6,SAFE,3,moteur:physique,Situation maîtrisée
35.35,212.8,26.6,SAFE,3,moteur:physique,Situation maîtrisée
35.40,213.2,26.6,SAFE,3,moteur:physique,Situation maîtrisée
35.45,213.5,26.6,SAFE,3,moteur:physique,Situation maîtrisée
35.50,213.9,26.6,SAFE,3,moteur:physique,Situation maîtrisée
35.55,214.3,26.6,SAFE,3,moteur:physique,Situation maîtrisée
35.60,214.7,26.6,SAFE,3,moteur:physique,Situation maîtrisée
35.65,215.0,26.6,SAFE,3,moteur:physique,Situation maîtrisée
35.70,215.4,26.6,SAFE,3,moteur:physique,Situation maîtrisée
35.75,215.8,26.6,SAFE,3,moteur:physique,Situation maîtrisée
35.80,216.1,26.6,SAFE,3,moteur:physique,Situation maîtrisée
35.85,216.5,26.6,SAFE,3,,Situation maîtrisée
35.90,216.9,26.6,SAFE,4,,Situation maîtrisée
35.95,217.2,26.6,SAFE,5,,Situation maîtrisée
36.00,217.6,26.6,SAFE,4,,Situation maîtrisée
36.05,218.0,26.6,SAFE,4,,Situation maîtrisée
36.10,218.4,26.6,SAFE,4,,Situation maîtrisée
36.15,218.7,26.6,SAFE,4,,Situation maîtrisée
36.20,219.1,26.6,SAFE,4,,Situation maîtrisée
36.25,219.5,26.6,SAFE,4,,Situation maîtrisée
36.30,219.8,26.6,SAFE,4,,Situation maîtrisée
36.35,220.2,26.6,SAFE,4,,Situation maîtrisée
36.40,220.6,26.6,SAFE,4,,Situation maîtrisée
36.45,220.9,26.6,SAFE,5,,Situation maîtrisée
36.50,221.3,26.6,SAFE,5,,Situation maîtrisée
36.55,221.7,26.6,SAFE,5,,Situation maîtrisée
36.60,222.1,26.6,SAFE,5,,Situation maîtrisée
36.65,222.4,26.6,SAFE,5,,Situation maîtrisée
36.70,222.8,26.6,SAFE,5,,Situation maîtrisée
36.75,223.2,26.6,SAFE,6,,Situation maîtrisée
36.80,223.5,26.6,SAFE,6,,Situation maîtrisée
36.85,223.9,26.6,SAFE,7,,Situation maîtrisée
36.90,224.3,26.6,SAFE,7,,Situation maîtrisée
36.95,224.6,26.6,SAFE,7,,Situation maîtrisée
37.00,225.0,26.6,SAFE,7,,Situation maîtrisée
37.05,225.4,26.6,SAFE,7,,Situation maîtrisée
37.10,225.7,26.6,SAFE,7,,Situation maîtrisée
37.15,226.1,26.6,SAFE,7,,Situation maîtrisée
37.20,226.5,26.6,SAFE,7,,Situation maîtrisée
37.25,226.9,26.6,SAFE,7,,Situation maîtrisée
37.30,227.2,26.6,SAFE,7,,Situation maîtrisée
37.35,227.6,26.6,SAFE,7,,Situation maîtrisée
37.40,228.0,26.6,SAFE,7,,Situation maîtrisée
37.45,228.3,26.6,SAFE,7,,Situation maîtrisée
37.50,228.7,26.6,SAFE,7,,Situation maîtrisée
37.55,229.1,26.6,SAFE,8,,Situation maîtrisée
37.60,229.4,26.6,SAFE,8,,Situation maîtrisée
37.65,229.8,26.6,SAFE,9,,Situation maîtrisée
37.70,230.2,26.6,SAFE,9,,Situation maîtrisée
37.75,230.6,26.6,SAFE,9,,Situation maîtrisée
37.80,230.9,26.6,SAFE,9,,Situation maîtrisée
37.85,231.3,26.6,SAFE,9,,Situation maîtrisée
37.90,231.7,26.6,SAFE,9,,Situation maîtrisée
37.95,232.0,26.6,SAFE,9,,Situation maîtrisée
38.00,232.4,26.6,SAFE,9,,Situation maîtrisée
38.05,232.8,26.6,SAFE,9,,Situation maîtrisée
38.10,233.1,26.6,SAFE,9,,Situation maîtrisée
38.15,233.5,26.6,SAFE,9,,Situation maîtrisée
38.20,233.9,26.6,SAFE,9,,Situation maîtrisée
38.25,234.3,26.6,SAFE,9,,Situation maîtrisée
38.30,234.6,26.6,SAFE,9,,Situation maîtrisée
38.35,235.0,26.6,SAFE,9,,Situation maîtrisée
38.40,235.4,26.6,SAFE,9,,Situation maîtrisée
38.45,235.7,26.6,SAFE,9,,Situation maîtrisée
38.50,236.1,26.6,SAFE,9,,Situation maîtrisée
38.55,236.5,26.6,SAFE,9,,Situation maîtrisée
38.60,236.8,26.6,SAFE,9,,Situation maîtrisée
38.65,237.2,26.6,SAFE,9,,Situation maîtrisée
38.70,237.6,26.6,SAFE,9,,Situation maîtrisée
38.75,238.0,26.6,SAFE,9,,Situation maîtrisée
38.80,238.3,26.6,SAFE,9,,Situation maîtrisée
38.85,238.7,26.6,SAFE,9,,Situation maîtrisée
38.90,239.1,26.6,SAFE,9,,Situation maîtrisée
38.95,239.4,26.6,SAFE,9,,Situation maîtrisée
39.00,239.8,26.6,SAFE,9,,Situation maîtrisée
39.05,240.2,26.6,SAFE,9,,Situation maîtrisée
39.10,240.5,26.6,SAFE,9,,Situation maîtrisée
39.15,240.9,26.6,SAFE,9,,Situation maîtrisée
39.20,241.3,26.6,SAFE,9,,Situation maîtrisée
39.25,241.6,26.6,SAFE,9,,Situation maîtrisée
39.30,242.0,26.6,SAFE,9,,Situation maîtrisée
39.35,242.4,26.6,SAFE,9,,Situation maîtrisée
39.40,242.8,26.7,SAFE,9,,Situation maîtrisée
39.45,243.1,26.5,SAFE,9,,Situation maîtrisée
39.50,243.5,26.9,SAFE,9,,Situation maîtrisée
39.55,243.9,26.6,SAFE,9,,Situation maîtrisée
39.60,244.2,26.9,SAFE,9,,Situation maîtrisée
39.65,244.6,26.6,SAFE,10,,Situation maîtrisée
39.70,245.0,27.0,SAFE,10,,Situation maîtrisée
39.75,245.4,26.6,SAFE,10,,Situation maîtrisée
39.80,245.7,26.9,SAFE,10,,Situation maîtrisée
39.85,246.1,26.5,SAFE,10,,Situation maîtrisée
39.90,246.5,27.0,SAFE,10,,Situation maîtrisée
39.95,246.8,26.6,SAFE,10,moteur:physique,Situation maîtrisée
40.00,247.2,26.9,SAFE,10,moteur:physique,Situation maîtrisée
40.05,247.6,26.5,SAFE,10,moteur:physique,Situation maîtrisée
40.10,248.0,26.8,SAFE,10,moteur:physique,Situation maîtrisée
40.15,248.3,26.4,SAFE,10,moteur:physique,Situation maîtrisée
40.20,248.7,26.7,SAFE,10,moteur:physique,Situation maîtrisée
40.25,249.1,26.4,SAFE,10,moteur:physique,Situation maîtrisée
40.30,249.4,26.7,SAFE,9,moteur:physique,Situation maîtrisée
40.35,249.8,26.4,SAFE,9,moteur:physique,Situation maîtrisée
40.40,250.2,26.7,SAFE,9,moteur:physique,Situation maîtrisée
40.45,250.5,26.4,SAFE,9,moteur:physique,Situation maîtrisée
40.50,250.9,26.7,SAFE,9,moteur:physique,Situation maîtrisée
40.55,251.3,26.4,SAFE,9,moteur:physique,Situation maîtrisée
40.60,251.7,26.7,SAFE,9,moteur:physique,Situation maîtrisée
40.65,252.0,26.4,SAFE,9,moteur:physique,Situation maîtrisée
40.70,252.4,26.7,SAFE,9,moteur:physique,Situation maîtrisée
40.75,252.8,26.4,SAFE,9,moteur:physique,Situation maîtrisée
40.80,253.1,26.7,SAFE,9,moteur:physique,Situation maîtrisée
40.85,253.5,26.4,SAFE,9,,Situation maîtrisée
40.90,253.9,26.7,SAFE,8,,Situation maîtrisée
40.95,254.2,26.4,SAFE,8,,Situation maîtrisée
41.00,254.6,26.7,SAFE,8,,Situation maîtrisée
41.05,255.0,26.3,SAFE,8,,Situation maîtrisée
41.10,255.3,26.7,SAFE,8,,Situation maîtrisée
41.15,255.7,26.3,SAFE,8,,Situation maîtrisée
41.20,256.1,26.6,SAFE,8,,Situation maîtrisée
41.25,256.4,26.3,SAFE,9,,Situation maîtrisée
41.30,256.8,26.6,SAFE,9,,Situation maîtrisée
41.35,257.2,26.2,SAFE,9,,Situation maîtrisée
41.40,257.5,26.4,SAFE,9,feu_rouge,SAFE : arret au feu rouge
41.45,257.9,25.8,SAFE,9,feu_rouge,SAFE : arret au feu rouge
41.50,258.3,25.7,SAFE,9,feu_rouge,SAFE : arret au feu rouge
41.55,258.6,24.6,SAFE,9,feu_rouge,SAFE : arret au feu rouge
41.60,258.9,24.2,SAFE,9,feu_rouge,SAFE : arret au feu rouge
41.65,259.3,23.0,SAFE,9,feu_rouge,SAFE : arret au feu rouge
41.70,259.6,22.5,SAFE,9,feu_rouge,SAFE : arret au feu rouge
41.75,259.9,21.3,SAFE,9,feu_rouge,SAFE : arret au feu rouge
41.80,260.2,19.4,SAFE,9,feu_rouge,SAFE : arret au feu rouge
41.85,260.4,14.6,SAFE,8,feu_rouge,SAFE : arret au feu rouge
41.90,260.6,9.7,SAFE,8,feu_rouge,SAFE : arret au feu rouge
41.95,260.7,4.9,SAFE,8,feu_rouge,SAFE : arret au feu rouge
42.00,260.7,0.5,SAFE,8,feu_rouge,SAFE : arret au feu rouge
42.05,260.7,0.0,SAFE,8,feu_rouge,SAFE : arret au feu rouge
42.10,260.7,0.2,SAFE,8,feu_rouge,SAFE : arret au feu rouge
42.15,260.7,0.6,SAFE,8,feu_rouge,SAFE : arret au feu rouge
42.20,260.7,0.9,SAFE,8,feu_rouge,SAFE : arret au feu rouge
42.25,260.7,1.0,SAFE,8,feu_rouge,SAFE : arret au feu rouge
42.30,260.7,1.0,SAFE,8,feu_rouge,SAFE : arret au feu rouge
42.35,260.8,1.1,SAFE,8,feu_rouge,SAFE : arret au feu rouge
42.40,260.8,1.1,SAFE,8,feu_rouge,SAFE : arret au feu rouge
42.45,260.8,1.0,SAFE,8,feu_rouge,SAFE : arret au feu rouge
42.50,260.8,1.1,SAFE,8,feu_rouge,SAFE : arret au feu rouge
42.55,260.8,1.0,SAFE,8,feu_rouge,SAFE : arret au feu rouge
42.60,260.8,0.0,SAFE,8,feu_rouge,SAFE : arret au feu rouge
42.65,260.8,0.0,SAFE,8,feu_rouge,SAFE : arret au feu rouge
42.70,260.8,0.0,SAFE,8,feu_rouge,SAFE : arret au feu rouge
42.75,260.8,0.0,SAFE,8,feu_rouge,SAFE : arret au feu rouge
42.80,260.8,0.0,SAFE,8,feu_rouge,SAFE : arret au feu rouge
42.85,260.8,0.0,SAFE,8,feu_rouge,SAFE : arret au feu rouge
42.90,260.8,0.0,SAFE,8,feu_rouge,SAFE : arret au feu rouge
42.95,260.8,0.0,SAFE,8,feu_rouge,SAFE : arret au feu rouge
43.00,260.8,0.0,SAFE,8,feu_rouge,SAFE : arret au feu rouge
43.05,260.8,0.0,SAFE,8,feu_rouge,SAFE : arret au feu rouge
43.10,260.8,0.0,SAFE,8,feu_rouge,SAFE : arret au feu rouge
43.15,260.8,0.0,SAFE,8,feu_rouge,SAFE : arret au feu rouge
43.20,260.8,0.0,SAFE,8,feu_rouge,SAFE : arret au feu rouge
43.25,260.8,0.0,SAFE,8,feu_rouge,SAFE : arret au feu rouge
43.30,260.8,0.0,SAFE,8,feu_rouge,SAFE : arret au feu rouge
43.35,260.8,0.0,SAFE,8,feu_rouge,SAFE : arret au feu rouge
43.40,260.8,0.0,SAFE,8,feu_rouge,SAFE : arret au feu rouge
43.45,260.8,0.0,SAFE,8,feu_rouge,SAFE : arret au feu rouge
43.50,260.8,0.0,SAFE,8,feu_rouge,SAFE : arret au feu rouge
43.55,260.8,0.0,SAFE,8,feu_rouge,SAFE : arret au feu rouge
43.60,260.8,0.0,SAFE,8,feu_rouge,SAFE : arret au feu rouge
43.65,260.8,0.0,SAFE,8,feu_rouge,SAFE : arret au feu rouge
43.70,260.8,0.0,SAFE,8,feu_rouge,SAFE : arret au feu rouge
43.75,260.8,0.0,SAFE,8,feu_rouge,SAFE : arret au feu rouge
43.80,260.8,0.0,SAFE,8,feu_rouge,SAFE : arret au feu rouge
43.85,260.8,0.0,SAFE,8,feu_rouge,SAFE : arret au feu rouge
43.90,260.8,0.0,SAFE,8,feu_rouge,SAFE : arret au feu rouge
43.95,260.8,0.0,SAFE,8,feu_rouge,SAFE : arret au feu rouge
44.00,260.8,0.0,SAFE,8,feu_rouge,SAFE : arret au feu rouge
44.05,260.8,0.0,SAFE,8,feu_rouge,SAFE : arret au feu rouge
44.10,260.8,0.0,SAFE,8,feu_rouge,SAFE : arret au feu rouge
44.15,260.8,0.0,SAFE,8,feu_rouge,SAFE : arret au feu rouge
44.20,260.8,0.0,SAFE,8,feu_rouge,SAFE : arret au feu rouge
44.25,260.8,0.0,SAFE,8,feu_rouge,SAFE : arret au feu rouge
44.30,260.8,0.0,SAFE,8,feu_rouge,SAFE : arret au feu rouge
44.35,260.8,0.0,SAFE,8,feu_rouge,SAFE : arret au feu rouge
44.40,260.8,0.0,SAFE,8,feu_rouge,SAFE : arret au feu rouge
44.45,260.8,0.0,SAFE,8,feu_rouge,SAFE : arret au feu rouge
44.50,260.8,0.0,SAFE,8,feu_rouge,SAFE : arret au feu rouge
44.55,260.8,0.0,SAFE,8,feu_rouge,SAFE : arret au feu rouge
44.60,260.8,0.0,SAFE,8,feu_rouge,SAFE : arret au feu rouge
44.65,260.8,0.0,SAFE,8,feu_rouge,SAFE : arret au feu rouge
44.70,260.8,0.0,SAFE,8,feu_rouge,SAFE : arret au feu rouge
44.75,260.8,0.0,SAFE,8,feu_rouge,SAFE : arret au feu rouge
44.80,260.8,0.0,SAFE,8,feu_rouge,SAFE : arret au feu rouge
44.85,260.8,0.0,SAFE,8,feu_rouge,SAFE : arret au feu rouge
44.90,260.8,0.0,SAFE,8,feu_rouge,SAFE : arret au feu rouge
44.95,260.8,0.0,SAFE,8,feu_rouge,SAFE : arret au feu rouge
45.00,260.8,0.0,SAFE,8,feu_rouge,SAFE : arret au feu rouge
45.05,260.8,0.0,SAFE,8,feu_rouge,SAFE : arret au feu rouge
45.10,260.8,0.0,SAFE,8,feu_rouge,SAFE : arret au feu rouge
45.15,260.8,0.0,SAFE,8,feu_rouge,SAFE : arret au feu rouge
45.20,260.8,0.0,SAFE,8,feu_rouge,SAFE : arret au feu rouge
45.25,260.8,0.0,SAFE,8,feu_rouge,SAFE : arret au feu rouge
45.30,260.8,0.0,SAFE,8,feu_rouge,SAFE : arret au feu rouge
45.35,260.8,0.0,SAFE,8,feu_rouge,SAFE : arret au feu rouge
45.40,260.8,0.0,SAFE,8,feu_rouge,SAFE : arret au feu rouge
45.45,260.8,0.0,SAFE,8,feu_rouge,SAFE : arret au feu rouge
45.50,260.8,0.0,SAFE,8,feu_rouge,SAFE : arret au feu rouge
45.55,260.8,0.0,SAFE,8,feu_rouge,SAFE : arret au feu rouge
45.60,260.8,0.0,SAFE,8,feu_rouge,SAFE : arret au feu rouge
45.65,260.8,0.0,SAFE,8,feu_rouge,SAFE : arret au feu rouge
45.70,260.8,0.0,SAFE,8,feu_rouge,SAFE : arret au feu rouge
45.75,260.8,0.0,SAFE,8,feu_rouge,SAFE : arret au feu rouge
45.80,260.8,0.0,SAFE,8,feu_rouge,SAFE : arret au feu rouge
45.85,260.8,0.0,SAFE,8,feu_rouge,SAFE : arret au feu rouge
45.90,260.8,0.0,SAFE,8,feu_rouge,SAFE : arret au feu rouge
45.95,260.8,0.0,SAFE,8,feu_rouge,SAFE : arret au feu rouge
46.00,260.8,0.0,SAFE,8,feu_rouge,SAFE : arret au feu rouge
46.05,260.8,0.0,SAFE,8,feu_rouge,SAFE : arret au feu rouge
46.10,260.8,0.0,SAFE,8,feu_rouge,SAFE : arret au feu rouge
46.15,260.8,0.0,SAFE,8,feu_rouge,SAFE : arret au feu rouge
46.20,260.8,0.0,SAFE,8,feu_rouge,SAFE : arret au feu rouge
46.25,260.8,0.0,SAFE,8,feu_rouge,SAFE : arret au feu rouge
46.30,260.8,0.0,SAFE,8,feu_rouge,SAFE : arret au feu rouge
46.35,260.8,0.0,SAFE,8,feu_rouge,SAFE : arret au feu rouge
46.40,260.8,0.0,SAFE,8,feu_rouge,SAFE : arret au feu rouge
46.45,260.8,0.0,SAFE,8,feu_rouge,SAFE : arret au feu rouge
46.50,260.8,0.0,SAFE,8,feu_rouge,SAFE : arret au feu rouge
46.55,260.8,0.0,SAFE,8,feu_rouge,SAFE : arret au feu rouge
46.60,260.8,0.0,SAFE,8,feu_rouge,SAFE : arret au feu rouge
46.65,260.8,0.0,SAFE,8,feu_rouge,SAFE : arret au feu rouge
46.70,260.8,0.0,SAFE,8,feu_rouge,SAFE : arret au feu rouge
46.75,260.8,0.0,SAFE,8,feu_rouge,SAFE : arret au feu rouge
46.80,260.8,0.0,SAFE,8,feu_rouge,SAFE : arret au feu rouge
46.85,260.8,0.0,SAFE,9,feu_rouge,SAFE : arret au feu rouge
46.90,260.8,0.0,SAFE,9,feu_rouge,SAFE : arret au feu rouge
46.95,260.8,0.0,SAFE,9,feu_rouge,SAFE : arret au feu rouge
47.00,260.8,0.0,SAFE,9,feu_rouge,SAFE : arret au feu rouge
47.05,260.8,0.0,SAFE,9,feu_rouge,SAFE : arret au feu rouge
47.10,260.8,0.0,SAFE,9,feu_rouge,SAFE : arret au feu rouge
47.15,260.8,0.0,SAFE,9,feu_rouge,SAFE : arret au feu rouge
47.20,260.8,0.0,SAFE,9,feu_rouge,SAFE : arret au feu rouge
47.25,260.8,0.0,SAFE,9,feu_rouge,SAFE : arret au feu rouge
47.30,260.8,0.0,SAFE,9,feu_rouge,SAFE : arret au feu rouge
47.35,260.8,0.0,SAFE,9,feu_rouge,SAFE : arret au feu rouge
47.40,260.8,0.0,SAFE,9,feu_rouge,SAFE : arret au feu rouge
47.45,260.8,0.0,SAFE,9,feu_rouge,SAFE : arret au feu rouge
47.50,260.8,0.0,SAFE,9,feu_rouge,SAFE : arret au feu rouge
47.55,260.8,0.0,SAFE,9,feu_rouge,SAFE : arret au feu rouge
47.60,260.8,0.0,SAFE,9,feu_rouge,SAFE : arret au feu rouge
47.65,260.8,0.0,SAFE,9,feu_rouge,SAFE : arret au feu rouge
47.70,260.8,0.0,SAFE,9,feu_rouge,SAFE : arret au feu rouge
47.75,260.8,0.0,SAFE,9,feu_rouge,SAFE : arret au feu rouge
47.80,260.8,0.0,SAFE,9,feu_rouge,SAFE : arret au feu rouge
47.85,260.8,0.0,SAFE,9,feu_rouge,SAFE : arret au feu rouge
47.90,260.8,0.0,SAFE,9,feu_rouge,SAFE : arret au feu rouge
47.95,260.8,0.0,SAFE,9,feu_rouge,SAFE : arret au feu rouge
48.00,260.8,0.0,SAFE,9,feu_rouge,SAFE : arret au feu rouge
48.05,260.8,0.0,SAFE,9,feu_rouge,SAFE : arret au feu rouge
48.10,260.8,0.0,SAFE,9,feu_rouge,SAFE : arret au feu rouge
48.15,260.8,0.0,SAFE,9,feu_rouge,SAFE : arret au feu rouge
48.20,260.8,0.0,SAFE,9,feu_rouge,SAFE : arret au feu rouge
48.25,260.8,0.0,SAFE,9,feu_rouge,SAFE : arret au feu rouge
48.30,260.8,0.0,SAFE,9,feu_rouge,SAFE : arret au feu rouge
48.35,260.8,0.0,SAFE,9,feu_rouge,SAFE : arret au feu rouge
48.40,260.8,0.0,SAFE,9,feu_rouge,SAFE : arret au feu rouge
48.45,260.8,0.0,SAFE,9,feu_rouge,SAFE : arret au feu rouge
48.50,260.8,0.0,SAFE,9,feu_rouge,SAFE : arret au feu rouge
48.55,260.8,0.0,SAFE,9,feu_rouge,SAFE : arret au feu rouge
48.60,260.8,0.0,SAFE,9,feu_rouge,SAFE : arret au feu rouge
48.65,260.8,0.0,SAFE,9,feu_rouge,SAFE : arret au feu rouge
48.70,260.8,0.0,SAFE,9,feu_rouge,SAFE : arret au feu rouge
48.75,260.8,0.0,SAFE,9,feu_rouge,SAFE : arret au feu rouge
48.80,260.8,0.0,SAFE,9,feu_rouge,SAFE : arret au feu rouge
48.85,260.8,0.0,SAFE,9,feu_rouge,SAFE : arret au feu rouge
48.90,260.8,0.0,SAFE,9,feu_rouge,SAFE : arret au feu rouge
48.95,260.8,0.0,SAFE,9,feu_rouge,SAFE : arret au feu rouge
49.00,260.8,0.0,SAFE,9,feu_rouge,SAFE : arret au feu rouge
49.05,260.8,0.0,SAFE,9,feu_rouge,SAFE : arret au feu rouge
49.10,260.8,0.0,SAFE,9,feu_rouge,SAFE : arret au feu rouge
49.15,260.8,0.0,SAFE,9,feu_rouge,SAFE : arret au feu rouge
49.20,260.8,0.0,SAFE,9,feu_rouge,SAFE : arret au feu rouge
49.25,260.8,0.0,SAFE,9,feu_rouge,SAFE : arret au feu rouge
49.30,260.8,0.0,SAFE,9,feu_rouge,SAFE : arret au feu rouge
49.35,260.8,0.0,SAFE,9,feu_rouge,SAFE : arret au feu rouge
49.40,260.8,0.0,SAFE,9,feu_rouge,SAFE : arret au feu rouge
49.45,260.8,0.0,SAFE,9,feu_rouge,SAFE : arret au feu rouge
49.50,260.8,0.0,SAFE,9,feu_rouge,SAFE : arret au feu rouge
49.55,260.8,0.0,SAFE,9,feu_rouge,SAFE : arret au feu rouge
49.60,260.8,0.0,SAFE,9,feu_rouge,SAFE : arret au feu rouge
49.65,260.8,0.0,SAFE,9,feu_rouge,SAFE : arret au feu rouge
49.70,260.8,0.0,SAFE,9,feu_rouge,SAFE : arret au feu rouge
49.75,260.8,0.0,SAFE,9,feu_rouge,SAFE : arret au feu rouge
49.80,260.8,0.0,SAFE,9,feu_rouge,SAFE : arret au feu rouge
49.85,260.8,0.0,SAFE,9,feu_rouge,SAFE : arret au feu rouge
49.90,260.8,0.0,SAFE,9,feu_rouge,SAFE : arret au feu rouge
49.95,260.8,0.0,SAFE,9,feu_rouge,SAFE : arret au feu rouge
50.00,260.8,0.0,SAFE,9,feu_rouge,SAFE : arret au feu rouge
50.05,260.8,0.0,SAFE,9,feu_rouge,SAFE : arret au feu rouge
50.10,260.8,0.0,SAFE,9,feu_rouge,SAFE : arret au feu rouge
50.15,260.8,0.0,SAFE,9,feu_rouge,SAFE : arret au feu rouge
50.20,260.8,0.0,SAFE,9,feu_rouge,SAFE : arret au feu rouge
50.25,260.8,0.0,SAFE,9,feu_rouge,SAFE : arret au feu rouge
50.30,260.8,0.0,SAFE,9,feu_rouge,SAFE : arret au feu rouge
50.35,260.8,0.0,SAFE,9,feu_rouge,SAFE : arret au feu rouge
50.40,260.8,0.0,SAFE,9,feu_rouge,SAFE : arret au feu rouge
50.45,260.8,0.0,SAFE,9,feu_rouge,SAFE : arret au feu rouge
50.50,260.8,0.0,SAFE,9,feu_rouge,SAFE : arret au feu rouge
50.55,260.8,0.0,SAFE,9,feu_rouge,SAFE : arret au feu rouge
50.60,260.8,0.0,SAFE,9,feu_rouge,SAFE : arret au feu rouge
50.65,260.8,0.0,SAFE,9,feu_rouge,SAFE : arret au feu rouge
50.70,260.8,0.0,SAFE,9,feu_rouge,SAFE : arret au feu rouge
50.75,260.8,0.0,SAFE,9,feu_rouge,SAFE : arret au feu rouge
50.80,260.8,0.0,SAFE,9,feu_rouge,SAFE : arret au feu rouge
50.85,260.8,0.0,SAFE,9,feu_rouge,SAFE : arret au feu rouge
50.90,260.8,0.0,SAFE,9,feu_rouge,SAFE : arret au feu rouge
50.95,260.8,0.0,SAFE,9,feu_rouge,SAFE : arret au feu rouge
51.00,260.8,0.0,SAFE,9,feu_rouge,SAFE : arret au feu rouge
51.05,260.8,0.0,SAFE,9,feu_rouge,SAFE : arret au feu rouge
51.10,260.8,0.0,SAFE,9,feu_rouge,SAFE : arret au feu rouge
51.15,260.8,0.0,SAFE,9,feu_rouge,SAFE : arret au feu rouge
51.20,260.8,0.0,SAFE,9,feu_rouge,SAFE : arret au feu rouge
51.25,260.8,0.0,SAFE,9,feu_rouge,SAFE : arret au feu rouge
51.30,260.8,0.0,SAFE,9,feu_rouge,SAFE : arret au feu rouge
51.35,260.8,0.0,SAFE,9,feu_rouge,SAFE : arret au feu rouge
51.40,260.8,0.0,SAFE,9,feu_rouge,SAFE : arret au feu rouge
51.45,260.8,0.0,SAFE,9,feu_rouge,SAFE : arret au feu rouge
51.50,260.8,0.0,SAFE,9,feu_rouge,SAFE : arret au feu rouge
51.55,260.8,0.0,SAFE,9,feu_rouge,SAFE : arret au feu rouge
51.60,260.8,0.0,SAFE,8,feu_rouge,SAFE : arret au feu rouge
51.65,260.8,0.0,SAFE,8,feu_rouge,SAFE : arret au feu rouge
51.70,260.8,0.0,SAFE,8,feu_rouge,SAFE : arret au feu rouge
51.75,260.8,0.0,SAFE,7,feu_rouge,SAFE : arret au feu rouge
51.80,260.8,0.0,SAFE,7,feu_rouge,SAFE : arret au feu rouge
51.85,260.8,0.0,SAFE,7,feu_rouge,SAFE : arret au feu rouge
51.90,260.8,0.0,SAFE,7,feu_rouge,SAFE : arret au feu rouge
51.95,260.8,0.0,SAFE,7,feu_rouge,SAFE : arret au feu rouge
52.00,260.8,0.0,SAFE,7,feu_rouge,SAFE : arret au feu rouge
52.05,260.8,0.0,SAFE,7,feu_rouge,SAFE : arret au feu rouge
52.10,260.8,0.0,SAFE,7,feu_rouge,SAFE : arret au feu rouge
52.15,260.8,0.0,SAFE,7,feu_rouge,SAFE : arret au feu rouge
52.20,260.8,0.0,SAFE,7,feu_rouge,SAFE : arret au feu rouge
52.25,260.8,0.0,SAFE,7,feu_rouge,SAFE : arret au feu rouge
52.30,260.8,0.0,SAFE,7,feu_rouge,SAFE : arret au feu rouge
52.35,260.8,0.0,SAFE,7,feu_rouge,SAFE : arret au feu rouge
52.40,260.8,0.0,SAFE,7,feu_rouge,SAFE : arret au feu rouge
52.45,260.8,0.0,SAFE,7,feu_rouge,SAFE : arret au feu rouge
52.50,260.8,0.0,SAFE,7,feu_rouge,SAFE : arret au feu rouge
52.55,260.8,0.0,SAFE,7,feu_rouge,SAFE : arret au feu rouge
52.60,260.8,0.0,SAFE,7,feu_rouge,SAFE : arret au feu rouge
52.65,260.8,0.0,SAFE,7,feu_rouge,SAFE : arret au feu rouge
52.70,260.8,0.0,SAFE,7,feu_rouge,SAFE : arret au feu rouge
52.75,260.8,0.0,SAFE,7,feu_rouge,SAFE : arret au feu rouge
52.80,260.8,0.0,SAFE,7,feu_rouge,SAFE : arret au feu rouge
52.85,260.8,0.0,SAFE,7,feu_rouge,SAFE : arret au feu rouge
52.90,260.8,0.0,SAFE,7,feu_rouge,SAFE : arret au feu rouge
52.95,260.8,0.0,SAFE,7,feu_rouge,SAFE : arret au feu rouge
53.00,260.8,0.0,SAFE,7,feu_rouge,SAFE : arret au feu rouge
53.05,260.8,0.0,SAFE,7,feu_rouge,SAFE : arret au feu rouge
53.10,260.8,0.0,SAFE,7,feu_rouge,SAFE : arret au feu rouge
53.15,260.8,0.0,SAFE,7,feu_rouge,SAFE : arret au feu rouge
53.20,260.8,0.0,SAFE,7,feu_rouge,SAFE : arret au feu rouge
53.25,260.8,0.0,SAFE,7,feu_rouge,SAFE : arret au feu rouge
53.30,260.8,0.0,SAFE,7,feu_rouge,SAFE : arret au feu rouge
53.35,260.8,0.0,SAFE,7,feu_rouge,SAFE : arret au feu rouge
53.40,260.8,0.0,SAFE,7,feu_rouge,SAFE : arret au feu rouge
53.45,260.8,0.0,SAFE,6,feu_rouge,SAFE : arret au feu rouge
53.50,260.8,0.0,SAFE,6,feu_rouge,SAFE : arret au feu rouge
53.55,260.8,0.0,SAFE,6,feu_rouge,SAFE : arret au feu rouge
53.60,260.8,0.0,SAFE,6,feu_rouge,SAFE : arret au feu rouge
53.65,260.8,0.0,SAFE,6,feu_rouge,SAFE : arret au feu rouge
53.70,260.8,0.0,SAFE,6,feu_rouge,SAFE : arret au feu rouge
53.75,260.8,0.0,SAFE,6,feu_rouge,SAFE : arret au feu rouge
53.80,260.8,0.0,SAFE,6,feu_rouge,SAFE : arret au feu rouge
53.85,260.8,0.0,SAFE,6,feu_rouge,SAFE : arret au feu rouge
53.90,260.8,0.0,SAFE,6,feu_rouge,SAFE : arret au feu rouge
53.95,260.8,0.0,SAFE,6,feu_rouge,SAFE : arret au feu rouge
54.00,260.8,0.0,SAFE,6,feu_rouge,SAFE : arret au feu rouge
54.05,260.8,0.0,SAFE,6,feu_rouge,SAFE : arret au feu rouge
54.10,260.8,0.0,SAFE,6,feu_rouge,SAFE : arret au feu rouge
54.15,260.8,0.0,SAFE,6,feu_rouge,SAFE : arret au feu rouge
54.20,260.8,0.0,SAFE,6,feu_rouge,SAFE : arret au feu rouge
54.25,260.8,0.0,SAFE,6,feu_rouge,SAFE : arret au feu rouge
54.30,260.8,0.0,SAFE,6,feu_rouge,SAFE : arret au feu rouge
54.35,260.8,0.0,SAFE,6,feu_rouge,SAFE : arret au feu rouge
54.40,260.8,0.0,SAFE,6,feu_rouge,SAFE : arret au feu rouge
54.45,260.8,0.0,SAFE,6,feu_rouge,SAFE : arret au feu rouge
54.50,260.8,0.0,SAFE,6,feu_rouge,SAFE : arret au feu rouge
54.55,260.8,0.0,SAFE,6,feu_rouge,SAFE : arret au feu rouge
54.60,260.8,0.0,SAFE,6,feu_rouge,SAFE : arret au feu rouge
54.65,260.8,0.0,SAFE,6,feu_rouge,SAFE : arret au feu rouge
54.70,260.8,0.0,SAFE,6,feu_rouge,SAFE : arret au feu rouge
54.75,260.8,0.0,SAFE,6,feu_rouge,SAFE : arret au feu rouge
54.80,260.8,0.0,SAFE,6,feu_rouge,SAFE : arret au feu rouge
54.85,260.8,0.0,SAFE,6,feu_rouge,SAFE : arret au feu rouge
54.90,260.8,0.0,SAFE,6,feu_rouge,SAFE : arret au feu rouge
54.95,260.8,0.0,SAFE,6,feu_rouge,SAFE : arret au feu rouge
55.00,260.8,0.0,SAFE,6,feu_rouge,SAFE : arret au feu rouge
55.05,260.8,0.0,SAFE,6,feu_rouge,SAFE : arret au feu rouge
55.10,260.8,0.0,SAFE,6,feu_rouge,SAFE : arret au feu rouge
55.15,260.8,0.0,SAFE,6,feu_rouge,SAFE : arret au feu rouge
55.20,260.8,0.0,SAFE,6,feu_rouge,SAFE : arret au feu rouge
55.25,260.8,0.0,SAFE,6,feu_rouge,SAFE : arret au feu rouge
55.30,260.8,0.0,SAFE,6,feu_rouge,SAFE : arret au feu rouge
55.35,260.8,0.0,SAFE,6,feu_rouge,SAFE : arret au feu rouge
55.40,260.8,0.0,SAFE,6,feu_rouge,SAFE : arret au feu rouge
55.45,260.8,0.0,SAFE,6,feu_rouge,SAFE : arret au feu rouge
55.50,260.8,0.0,SAFE,6,feu_rouge,SAFE : arret au feu rouge
55.55,260.8,0.0,SAFE,6,feu_rouge,SAFE : arret au feu rouge
55.60,260.8,0.0,SAFE,6,feu_rouge,SAFE : arret au feu rouge
55.65,260.8,0.0,SAFE,6,feu_rouge,SAFE : arret au feu rouge
55.70,260.8,0.0,SAFE,6,feu_rouge,SAFE : arret au feu rouge
55.75,260.8,0.0,SAFE,6,feu_rouge,SAFE : arret au feu rouge
55.80,260.8,0.0,SAFE,6,feu_rouge,SAFE : arret au feu rouge
55.85,260.8,0.0,SAFE,6,feu_rouge,SAFE : arret au feu rouge
55.90,260.8,0.0,SAFE,6,feu_rouge,SAFE : arret au feu rouge
55.95,260.8,0.0,SAFE,6,feu_rouge,SAFE : arret au feu rouge
56.00,260.8,0.0,SAFE,6,feu_rouge,SAFE : arret au feu rouge
56.05,260.8,0.0,SAFE,6,feu_rouge,SAFE : arret au feu rouge
56.10,260.8,0.0,SAFE,6,feu_rouge,SAFE : arret au feu rouge
56.15,260.8,0.0,SAFE,6,feu_rouge,SAFE : arret au feu rouge
56.20,260.8,0.0,SAFE,6,feu_rouge,SAFE : arret au feu rouge
56.25,260.8,0.0,SAFE,6,feu_rouge,SAFE : arret au feu rouge
56.30,260.8,0.0,SAFE,6,feu_rouge,SAFE : arret au feu rouge
56.35,260.8,0.0,SAFE,6,feu_rouge,SAFE : arret au feu rouge
56.40,260.8,0.0,SAFE,6,feu_rouge,SAFE : arret au feu rouge
56.45,260.8,0.0,SAFE,6,feu_rouge,SAFE : arret au feu rouge
56.50,260.8,0.0,SAFE,6,feu_rouge,SAFE : arret au feu rouge
56.55,260.8,0.0,SAFE,6,feu_rouge,SAFE : arret au feu rouge
56.60,260.8,0.0,SAFE,6,feu_rouge,SAFE : arret au feu rouge
56.65,260.8,0.0,SAFE,6,feu_rouge,SAFE : arret au feu rouge
56.70,260.8,0.0,SAFE,5,feu_rouge,SAFE : arret au feu rouge
56.75,260.8,0.0,SAFE,5,feu_rouge,SAFE : arret au feu rouge
56.80,260.8,0.0,SAFE,5,feu_rouge,SAFE : arret au feu rouge
56.85,260.8,0.0,SAFE,5,feu_rouge,SAFE : arret au feu rouge
56.90,260.8,0.0,SAFE,5,feu_rouge,SAFE : arret au feu rouge
56.95,260.8,0.0,SAFE,5,feu_rouge,SAFE : arret au feu rouge
57.00,260.8,0.0,SAFE,5,feu_rouge,SAFE : arret au feu rouge
57.05,260.8,0.0,SAFE,5,feu_rouge,SAFE : arret au feu rouge
57.10,260.8,0.0,SAFE,5,feu_rouge,SAFE : arret au feu rouge
57.15,260.8,0.0,SAFE,5,feu_rouge,SAFE : arret au feu rouge
57.20,260.8,0.0,SAFE,5,feu_rouge,SAFE : arret au feu rouge
57.25,260.8,0.0,SAFE,5,feu_rouge,SAFE : arret au feu rouge
57.30,260.8,0.0,SAFE,5,feu_rouge,SAFE : arret au feu rouge
57.35,260.8,0.0,SAFE,5,feu_rouge,SAFE : arret au feu rouge
57.40,260.8,0.0,SAFE,5,feu_rouge,SAFE : arret au feu rouge
57.45,260.8,0.0,SAFE,5,feu_rouge,SAFE : arret au feu rouge
57.50,260.8,0.0,SAFE,5,feu_rouge,SAFE : arret au feu rouge
57.55,260.8,0.0,SAFE,5,feu_rouge,SAFE : arret au feu rouge
57.60,260.8,0.0,SAFE,5,feu_rouge,SAFE : arret au feu rouge
57.65,260.8,0.0,SAFE,5,feu_rouge,SAFE : arret au feu rouge
57.70,260.8,0.0,SAFE,5,feu_rouge,SAFE : arret au feu rouge
57.75,260.8,0.0,SAFE,5,feu_rouge,SAFE : arret au feu rouge
57.80,260.8,0.0,SAFE,5,feu_rouge,SAFE : arret au feu rouge
57.85,260.8,0.0,SAFE,5,feu_rouge,SAFE : arret au feu rouge
57.90,260.8,0.0,SAFE,5,feu_rouge,SAFE : arret au feu rouge
57.95,260.8,0.0,SAFE,5,feu_rouge,SAFE : arret au feu rouge
58.00,260.8,0.0,SAFE,5,feu_rouge,SAFE : arret au feu rouge
58.05,260.8,0.0,SAFE,5,feu_rouge,SAFE : arret au feu rouge
58.10,260.8,0.0,SAFE,5,feu_rouge,SAFE : arret au feu rouge
58.15,260.8,0.0,SAFE,5,feu_rouge,SAFE : arret au feu rouge
58.20,260.8,0.0,SAFE,5,feu_rouge,SAFE : arret au feu rouge
58.25,260.8,0.0,SAFE,5,feu_rouge,SAFE : arret au feu rouge
58.30,260.8,0.0,SAFE,5,feu_rouge,SAFE : arret au feu rouge
58.35,260.8,0.0,SAFE,5,feu_rouge,SAFE : arret au feu rouge
58.40,260.8,0.0,SAFE,5,feu_rouge,SAFE : arret au feu rouge
58.45,260.8,0.0,SAFE,5,feu_rouge,SAFE : arret au feu rouge
58.50,260.8,0.0,SAFE,5,feu_rouge,SAFE : arret au feu rouge
58.55,260.8,0.0,SAFE,5,feu_rouge,SAFE : arret au feu rouge
58.60,260.8,0.0,SAFE,5,feu_rouge,SAFE : arret au feu rouge
58.65,260.8,0.0,SAFE,5,feu_rouge,SAFE : arret au feu rouge
58.70,260.8,0.0,SAFE,6,feu_rouge,SAFE : arret au feu rouge
58.75,260.8,0.0,SAFE,6,feu_rouge,SAFE : arret au feu rouge
58.80,260.8,0.0,SAFE,6,feu_rouge,SAFE : arret au feu rouge
58.85,260.8,0.0,SAFE,6,feu_rouge,SAFE : arret au feu rouge
58.90,260.8,0.0,SAFE,6,feu_rouge,SAFE : arret au feu rouge
58.95,260.8,0.0,SAFE,6,feu_rouge,SAFE : arret au feu rouge
59.00,260.8,0.0,SAFE,6,feu_rouge,SAFE : arret au feu rouge
59.05,260.8,0.0,SAFE,6,feu_rouge,SAFE : arret au feu rouge
59.10,260.8,0.0,SAFE,5,feu_rouge,SAFE : arret au feu rouge
59.15,260.8,0.0,SAFE,5,feu_rouge,SAFE : arret au feu rouge
59.20,260.8,0.0,SAFE,5,feu_rouge,SAFE : arret au feu rouge
59.25,260.8,0.0,SAFE,5,feu_rouge,SAFE : arret au feu rouge
59.30,260.8,0.0,SAFE,5,feu_rouge,SAFE : arret au feu rouge
59.35,260.8,0.0,SAFE,5,feu_rouge,SAFE : arret au feu rouge
59.40,260.8,0.0,SAFE,5,feu_rouge,SAFE : arret au feu rouge
59.45,260.8,0.0,SAFE,5,feu_rouge,SAFE : arret au feu rouge
59.50,260.8,0.0,SAFE,5,feu_rouge,SAFE : arret au feu rouge
59.55,260.8,0.0,SAFE,5,feu_rouge,SAFE : arret au feu rouge
59.60,260.8,0.0,SAFE,5,feu_rouge,SAFE : arret au feu rouge
59.65,260.8,0.0,SAFE,5,feu_rouge,SAFE : arret au feu rouge
59.70,260.8,0.0,SAFE,5,feu_rouge,SAFE : arret au feu rouge
59.75,260.8,0.0,SAFE,5,feu_rouge,SAFE : arret au feu rouge
59.80,260.8,0.0,SAFE,5,feu_rouge,SAFE : arret au feu rouge
59.85,260.8,0.0,SAFE,5,feu_rouge,SAFE : arret au feu rouge
59.90,260.8,0.0,SAFE,5,feu_rouge,SAFE : arret au feu rouge
59.95,260.8,0.0,SAFE,5,feu_rouge,SAFE : arret au feu rouge
60.00,260.8,0.0,SAFE,5,feu_rouge,SAFE : arret au feu rouge
60.05,260.8,0.0,SAFE,4,feu_rouge,SAFE : arret au feu rouge
60.10,260.8,0.0,SAFE,4,feu_rouge,SAFE : arret au feu rouge
60.15,260.8,0.0,SAFE,4,feu_rouge,SAFE : arret au feu rouge
60.20,260.8,0.0,SAFE,4,feu_rouge,SAFE : arret au feu rouge
60.25,260.8,0.0,SAFE,4,feu_rouge,SAFE : arret au feu rouge
60.30,260.8,0.0,SAFE,4,feu_rouge,SAFE : arret au feu rouge
60.35,260.8,0.0,SAFE,4,feu_rouge,SAFE : arret au feu rouge
60.40,260.8,0.0,SAFE,4,feu_rouge,SAFE : arret au feu rouge
60.45,260.8,0.0,SAFE,4,feu_rouge,SAFE : arret au feu rouge
60.50,260.8,0.0,SAFE,4,feu_rouge,SAFE : arret au feu rouge
60.55,260.8,0.0,SAFE,4,feu_rouge,SAFE : arret au feu rouge
60.60,260.8,0.0,SAFE,4,feu_rouge,SAFE : arret au feu rouge
60.65,260.8,0.0,SAFE,4,feu_rouge,SAFE : arret au feu rouge
60.70,260.8,0.0,SAFE,4,feu_rouge,SAFE : arret au feu rouge
60.75,260.8,0.0,SAFE,4,feu_rouge,SAFE : arret au feu rouge
60.80,260.8,0.0,SAFE,4,feu_rouge,SAFE : arret au feu rouge
60.85,260.8,0.0,SAFE,4,feu_rouge,SAFE : arret au feu rouge
60.90,260.8,0.0,SAFE,4,feu_rouge,SAFE : arret au feu rouge
60.95,260.8,0.0,SAFE,4,feu_rouge,SAFE : arret au feu rouge
61.00,260.8,0.0,SAFE,4,feu_rouge,SAFE : arret au feu rouge
61.05,260.8,0.0,SAFE,4,feu_rouge,SAFE : arret au feu rouge
61.10,260.8,0.0,SAFE,4,feu_rouge,SAFE : arret au feu rouge
61.15,260.8,0.0,SAFE,4,feu_rouge,SAFE : arret au feu rouge
61.20,260.8,0.0,SAFE,4,feu_rouge,SAFE : arret au feu rouge
61.25,260.8,0.0,SAFE,4,feu_rouge,SAFE : arret au feu rouge
61.30,260.8,0.0,SAFE,4,feu_rouge,SAFE : arret au feu rouge
61.35,260.8,0.0,SAFE,4,feu_rouge,SAFE : arret au feu rouge
61.40,260.8,0.0,SAFE,4,feu_rouge,SAFE : arret au feu rouge
61.45,260.8,0.0,SAFE,4,feu_rouge,SAFE : arret au feu rouge
61.50,260.8,0.0,SAFE,4,feu_rouge,SAFE : arret au feu rouge
61.55,260.8,0.0,SAFE,4,feu_rouge,SAFE : arret au feu rouge
61.60,260.8,0.0,SAFE,4,feu_rouge,SAFE : arret au feu rouge
61.65,260.8,0.0,SAFE,4,feu_rouge,SAFE : arret au feu rouge
61.70,260.8,0.0,SAFE,4,feu_rouge,SAFE : arret au feu rouge
61.75,260.8,0.0,SAFE,4,feu_rouge,SAFE : arret au feu rouge
61.80,260.8,0.0,SAFE,4,feu_rouge,SAFE : arret au feu rouge
61.85,260.8,0.0,SAFE,4,feu_rouge,SAFE : arret au feu rouge
61.90,260.8,0.0,SAFE,4,feu_rouge,SAFE : arret au feu rouge
61.95,260.8,0.0,SAFE,4,feu_rouge,SAFE : arret au feu rouge
62.00,260.8,0.0,SAFE,4,feu_rouge,SAFE : arret au feu rouge
62.05,260.8,0.0,SAFE,4,feu_rouge,SAFE : arret au feu rouge
62.10,260.8,0.0,SAFE,4,feu_rouge,SAFE : arret au feu rouge
62.15,260.8,0.0,SAFE,4,feu_rouge,SAFE : arret au feu rouge
62.20,260.8,0.0,SAFE,4,feu_rouge,SAFE : arret au feu rouge
62.25,260.8,0.0,SAFE,4,feu_rouge,SAFE : arret au feu rouge
62.30,260.8,0.0,SAFE,4,feu_rouge,SAFE : arret au feu rouge
62.35,260.8,0.0,SAFE,4,feu_rouge,SAFE : arret au feu rouge
62.40,260.8,0.0,SAFE,4,feu_rouge,SAFE : arret au feu rouge
62.45,260.8,0.0,SAFE,4,feu_rouge,SAFE : arret au feu rouge
62.50,260.8,0.0,SAFE,4,feu_rouge,SAFE : arret au feu rouge
62.55,260.8,0.0,SAFE,4,feu_rouge,SAFE : arret au feu rouge
62.60,260.8,0.0,SAFE,4,feu_rouge,SAFE : arret au feu rouge
62.65,260.8,0.0,SAFE,4,feu_rouge,SAFE : arret au feu rouge
62.70,260.8,0.0,SAFE,4,feu_rouge,SAFE : arret au feu rouge
62.75,260.8,0.0,SAFE,4,feu_rouge,SAFE : arret au feu rouge
62.80,260.8,0.0,SAFE,4,feu_rouge,SAFE : arret au feu rouge
62.85,260.8,0.0,SAFE,4,feu_rouge,SAFE : arret au feu rouge
62.90,260.8,0.0,SAFE,4,feu_rouge,SAFE : arret au feu rouge
62.95,260.8,0.0,SAFE,4,feu_rouge,SAFE : arret au feu rouge
63.00,260.8,0.0,SAFE,4,feu_rouge,SAFE : arret au feu rouge
63.05,260.8,0.0,SAFE,4,feu_rouge,SAFE : arret au feu rouge
63.10,260.8,0.0,SAFE,4,feu_rouge,SAFE : arret au feu rouge
63.15,260.8,0.0,SAFE,4,feu_rouge,SAFE : arret au feu rouge
63.20,260.8,0.0,SAFE,4,feu_rouge,SAFE : arret au feu rouge
63.25,260.8,0.0,SAFE,4,feu_rouge,SAFE : arret au feu rouge
63.30,260.8,0.0,SAFE,4,feu_rouge,SAFE : arret au feu rouge
63.35,260.8,0.0,SAFE,4,feu_rouge,SAFE : arret au feu rouge
63.40,260.8,0.0,SAFE,4,feu_rouge,SAFE : arret au feu rouge
63.45,260.8,0.0,SAFE,4,feu_rouge,SAFE : arret au feu rouge
63.50,260.8,0.0,SAFE,4,feu_rouge,SAFE : arret au feu rouge
63.55,260.8,0.0,SAFE,4,feu_rouge,SAFE : arret au feu rouge
63.60,260.8,0.0,SAFE,4,feu_rouge,SAFE : arret au feu rouge
63.65,260.8,0.0,SAFE,4,feu_rouge,SAFE : arret au feu rouge
63.70,260.8,0.0,SAFE,4,feu_rouge,SAFE : arret au feu rouge
63.75,260.8,0.0,SAFE,4,feu_rouge,SAFE : arret au feu rouge
63.80,260.8,0.0,SAFE,4,feu_rouge,SAFE : arret au feu rouge
63.85,260.8,0.0,SAFE,4,feu_rouge,SAFE : arret au feu rouge
63.90,260.8,0.0,SAFE,4,feu_rouge,SAFE : arret au feu rouge
63.95,260.8,0.0,SAFE,4,feu_rouge,SAFE : arret au feu rouge
64.00,260.8,0.0,SAFE,4,feu_rouge,SAFE : arret au feu rouge
64.05,260.8,0.0,SAFE,4,feu_rouge,SAFE : arret au feu rouge
64.10,260.8,0.0,SAFE,4,feu_rouge,SAFE : arret au feu rouge
64.15,260.8,0.0,SAFE,4,feu_rouge,SAFE : arret au feu rouge
64.20,260.8,0.0,SAFE,4,feu_rouge,SAFE : arret au feu rouge
64.25,260.8,0.0,SAFE,4,feu_rouge,SAFE : arret au feu rouge
64.30,260.8,0.0,SAFE,4,feu_rouge,SAFE : arret au feu rouge
64.35,260.8,0.0,SAFE,4,,Situation maîtrisée
64.40,260.8,0.2,SAFE,4,,Situation maîtrisée
64.45,260.8,0.1,SAFE,4,,Situation maîtrisée
64.50,260.8,0.2,SAFE,4,,Situation maîtrisée
64.55,260.8,0.8,SAFE,4,,Situation maîtrisée
64.60,260.9,1.5,SAFE,4,,Situation maîtrisée
64.65,260.9,2.1,SAFE,4,,Situation maîtrisée
64.70,260.9,3.0,SAFE,4,,Situation maîtrisée
64.75,261.0,3.6,SAFE,4,feu_rouge_devant,Situation maîtrisée
64.80,261.0,2.4,SAFE,4,feu_rouge_devant,Situation maîtrisée
64.85,261.0,0.0,SAFE,4,feu_rouge_devant,Situation maîtrisée
64.90,261.0,0.0,SAFE,4,feu_rouge_devant,Situation maîtrisée
64.95,261.0,0.0,SAFE,4,feu_rouge_devant,Situation maîtrisée
65.00,261.0,0.0,SAFE,4,feu_rouge_devant,Situation maîtrisée
65.05,261.0,0.0,SAFE,4,feu_rouge_devant,Situation maîtrisée
65.10,261.0,0.0,SAFE,4,feu_rouge_devant,Situation maîtrisée
65.15,261.0,0.0,SAFE,4,feu_rouge_devant,Situation maîtrisée
65.20,261.0,0.0,SAFE,4,feu_rouge_devant,Situation maîtrisée
65.25,261.0,0.0,SAFE,4,feu_rouge_devant,Situation maîtrisée
65.30,261.0,0.0,SAFE,4,feu_rouge_devant,Situation maîtrisée
65.35,261.0,0.0,SAFE,4,feu_rouge_devant,Situation maîtrisée
65.40,261.0,0.0,SAFE,4,feu_rouge_devant,Situation maîtrisée
65.45,261.0,0.0,SAFE,4,feu_rouge_devant,Situation maîtrisée
65.50,261.0,0.0,SAFE,4,feu_rouge_devant,Situation maîtrisée
65.55,261.0,0.0,SAFE,4,feu_rouge_devant,Situation maîtrisée
65.60,261.0,0.0,SAFE,4,feu_rouge_devant,Situation maîtrisée
65.65,261.0,0.0,SAFE,4,feu_rouge_devant,Situation maîtrisée
65.70,261.0,0.0,SAFE,4,feu_rouge_devant,Situation maîtrisée
65.75,261.0,0.0,SAFE,4,feu_rouge_devant,Situation maîtrisée
65.80,261.0,0.0,SAFE,4,feu_rouge_devant,Situation maîtrisée
65.85,261.0,0.0,SAFE,4,feu_rouge_devant,Situation maîtrisée
65.90,261.0,0.0,SAFE,4,feu_rouge_devant,Situation maîtrisée
65.95,261.0,0.0,SAFE,4,feu_rouge_devant,Situation maîtrisée
66.00,261.0,0.0,SAFE,4,feu_rouge_devant,Situation maîtrisée
66.05,261.0,0.0,SAFE,4,feu_rouge_devant,Situation maîtrisée
66.10,261.0,0.0,SAFE,4,feu_rouge_devant,Situation maîtrisée
66.15,261.0,0.0,SAFE,4,feu_rouge_devant,Situation maîtrisée
66.20,261.0,0.0,SAFE,4,feu_rouge_devant,Situation maîtrisée
66.25,261.0,0.0,SAFE,4,feu_rouge_devant,Situation maîtrisée
66.30,261.0,0.0,SAFE,4,feu_rouge_devant,Situation maîtrisée
66.35,261.0,0.0,SAFE,4,feu_rouge_devant,Situation maîtrisée
66.40,261.0,0.0,SAFE,4,feu_rouge_devant,Situation maîtrisée
66.45,261.0,0.0,SAFE,4,feu_rouge_devant,Situation maîtrisée
66.50,261.0,0.0,SAFE,4,feu_rouge_devant,Situation maîtrisée
66.55,261.0,0.0,SAFE,4,feu_rouge_devant,Situation maîtrisée
66.60,261.0,0.0,SAFE,4,feu_rouge_devant,Situation maîtrisée
66.65,261.0,0.0,SAFE,4,feu_rouge_devant,Situation maîtrisée
66.70,261.0,0.0,SAFE,4,feu_rouge_devant,Situation maîtrisée
66.75,261.0,0.0,SAFE,4,feu_rouge_devant,Situation maîtrisée
66.80,261.0,0.0,SAFE,4,feu_rouge_devant,Situation maîtrisée
66.85,261.0,0.0,SAFE,4,feu_rouge_devant,Situation maîtrisée
66.90,261.0,0.0,SAFE,4,feu_rouge_devant,Situation maîtrisée
66.95,261.0,0.0,SAFE,4,feu_rouge_devant,Situation maîtrisée
67.00,261.0,0.0,SAFE,4,feu_rouge_devant,Situation maîtrisée
67.05,261.0,0.0,SAFE,4,feu_rouge_devant,Situation maîtrisée
67.10,261.0,0.0,SAFE,4,feu_rouge_devant,Situation maîtrisée
67.15,261.0,0.0,SAFE,4,feu_rouge_devant,Situation maîtrisée
67.20,261.0,0.0,SAFE,4,feu_rouge_devant,Situation maîtrisée
67.25,261.0,0.0,SAFE,4,feu_rouge_devant,Situation maîtrisée
67.30,261.0,0.0,SAFE,4,feu_rouge_devant,Situation maîtrisée
67.35,261.0,0.0,SAFE,4,feu_rouge_devant,Situation maîtrisée
67.40,261.0,0.0,SAFE,4,feu_rouge_devant,Situation maîtrisée
67.45,261.0,0.0,SAFE,4,feu_rouge_devant,Situation maîtrisée
67.50,261.0,0.0,SAFE,4,feu_rouge_devant,Situation maîtrisée
67.55,261.0,0.0,SAFE,4,feu_rouge_devant,Situation maîtrisée
67.60,261.0,0.0,SAFE,4,feu_rouge_devant,Situation maîtrisée
67.65,261.0,0.0,SAFE,4,feu_rouge_devant,Situation maîtrisée
67.70,261.0,0.0,SAFE,4,feu_rouge_devant,Situation maîtrisée
67.75,261.0,0.0,SAFE,4,feu_rouge_devant,Situation maîtrisée
67.80,261.0,0.0,SAFE,4,feu_rouge_devant,Situation maîtrisée
67.85,261.0,0.0,SAFE,4,feu_rouge_devant,Situation maîtrisée
67.90,261.0,0.0,SAFE,4,feu_rouge_devant,Situation maîtrisée
67.95,261.0,0.0,SAFE,4,feu_rouge_devant,Situation maîtrisée
68.00,261.0,0.0,SAFE,4,feu_rouge_devant,Situation maîtrisée
68.05,261.0,0.0,SAFE,4,feu_rouge_devant,Situation maîtrisée
68.10,261.0,0.0,SAFE,4,feu_rouge_devant,Situation maîtrisée
68.15,261.0,0.0,SAFE,4,feu_rouge_devant,Situation maîtrisée
68.20,261.0,0.0,SAFE,4,feu_rouge_devant,Situation maîtrisée
68.25,261.0,0.0,SAFE,4,feu_rouge_devant,Situation maîtrisée
68.30,261.0,0.0,SAFE,4,feu_rouge_devant,Situation maîtrisée
68.35,261.0,0.0,SAFE,4,feu_rouge_devant,Situation maîtrisée
68.40,261.0,0.0,SAFE,4,feu_rouge_devant,Situation maîtrisée
68.45,261.0,0.0,SAFE,4,feu_rouge_devant,Situation maîtrisée
68.50,261.0,0.0,SAFE,4,feu_rouge_devant,Situation maîtrisée
68.55,261.0,0.0,SAFE,4,feu_rouge_devant,Situation maîtrisée
68.60,261.0,0.0,SAFE,4,feu_rouge_devant,Situation maîtrisée
68.65,261.0,0.0,SAFE,4,feu_rouge_devant,Situation maîtrisée
68.70,261.0,0.0,SAFE,4,feu_rouge_devant,Situation maîtrisée
68.75,261.0,0.0,SAFE,4,feu_rouge_devant,Situation maîtrisée
68.80,261.0,0.0,SAFE,4,feu_rouge_devant,Situation maîtrisée
68.85,261.0,0.0,SAFE,4,feu_rouge_devant,Situation maîtrisée
68.90,261.0,0.0,SAFE,4,feu_rouge_devant,Situation maîtrisée
68.95,261.0,0.0,SAFE,4,feu_rouge_devant,Situation maîtrisée
69.00,261.0,0.0,SAFE,4,feu_rouge_devant,Situation maîtrisée
69.05,261.0,0.0,SAFE,4,feu_rouge_devant,Situation maîtrisée
69.10,261.0,0.0,SAFE,4,feu_rouge_devant,Situation maîtrisée
69.15,261.0,0.0,SAFE,4,feu_rouge_devant,Situation maîtrisée
69.20,261.0,0.0,SAFE,4,feu_rouge_devant,Situation maîtrisée
69.25,261.0,0.0,SAFE,4,feu_rouge_devant,Situation maîtrisée
69.30,261.0,0.0,SAFE,4,feu_rouge_devant,Situation maîtrisée
69.35,261.0,0.0,SAFE,4,feu_rouge_devant,Situation maîtrisée
69.40,261.0,0.0,SAFE,4,feu_rouge_devant,Situation maîtrisée
69.45,261.0,0.0,SAFE,4,feu_rouge_devant,Situation maîtrisée
69.50,261.0,0.0,SAFE,4,feu_rouge_devant,Situation maîtrisée
69.55,261.0,0.0,SAFE,4,feu_rouge_devant,Situation maîtrisée
69.60,261.0,0.0,SAFE,4,feu_rouge_devant,Situation maîtrisée
69.65,261.0,0.0,SAFE,4,,Situation maîtrisée
69.70,261.0,0.0,SAFE,4,,Situation maîtrisée
69.75,261.0,0.0,SAFE,4,,Situation maîtrisée
69.80,261.0,0.3,SAFE,4,,Situation maîtrisée
69.85,261.0,0.7,SAFE,4,,Situation maîtrisée
69.90,261.1,1.5,SAFE,4,,Situation maîtrisée
69.95,261.1,2.0,SAFE,4,,Situation maîtrisée
70.00,261.1,2.9,SAFE,4,,Situation maîtrisée
70.05,261.2,3.5,SAFE,4,,Situation maîtrisée
70.10,261.2,4.4,SAFE,4,,Situation maîtrisée
70.15,261.3,5.2,SAFE,4,,Situation maîtrisée
70.20,261.4,6.0,SAFE,4,,Situation maîtrisée
70.25,261.5,6.8,SAFE,4,,Situation maîtrisée
70.30,261.6,7.6,SAFE,4,,Situation maîtrisée
70.35,261.7,8.4,SAFE,4,,Situation maîtrisée
70.40,261.8,9.2,SAFE,4,,Situation maîtrisée
70.45,261.9,10.1,SAFE,4,,Situation maîtrisée
70.50,262.1,10.9,SAFE,4,,Situation maîtrisée
70.55,262.2,11.8,SAFE,4,,Situation maîtrisée
70.60,262.4,12.6,SAFE,5,,Situation maîtrisée
70.65,262.6,13.5,SAFE,5,,Situation maîtrisée
70.70,262.8,14.2,SAFE,5,,Situation maîtrisée
70.75,263.0,14.9,SAFE,5,moteur:physique,Situation maîtrisée
70.80,263.2,15.7,SAFE,5,moteur:physique,Situation maîtrisée
70.85,263.4,16.3,SAFE,5,moteur:physique,Situation maîtrisée
70.90,263.6,16.9,SAFE,5,moteur:physique,Situation maîtrisée
70.95,263.9,17.4,SAFE,5,moteur:physique,Situation maîtrisée
71.00,264.1,17.5,SAFE,5,moteur:physique,Situation maîtrisée
71.05,264.4,17.7,SAFE,5,moteur:physique,Situation maîtrisée
71.10,264.6,17.5,SAFE,5,moteur:physique,Situation maîtrisée
71.15,264.8,17.2,SAFE,5,moteur:physique,Situation maîtrisée
71.20,265.1,17.1,SAFE,5,moteur:physique,Situation maîtrisée
71.25,265.3,17.1,WATCH,5,feu_rouge_devant,Ralentissez de 4 km/h  (17 -> 13 km/h)
71.30,265.5,17.0,WATCH,5,feu_rouge_devant,Ralentissez de 4 km/h  (17 -> 13 km/h)
71.35,265.8,16.9,DANGER,5,feu_rouge_devant,Ralentissez de 11 km/h  (17 -> 6 km/h)
71.40,266.0,16.5,DANGER,5,feu_rouge_devant,Ralentissez de 11 km/h  (17 -> 6 km/h)
71.45,266.2,16.0,DANGER,5,feu_rouge_devant,Ralentissez de 10 km/h  (16 -> 6 km/h)
71.50,266.4,15.5,CRITICAL,5,feu_rouge_devant,FREINEZ de 13 km/h  (16 -> 2 km/h)
71.55,266.7,15.1,CRITICAL,5,feu_rouge_devant,FREINEZ de 13 km/h  (15 -> 2 km/h)
71.60,266.9,14.7,CRITICAL,5,feu_rouge_devant,FREINEZ de 12 km/h  (15 -> 2 km/h)
71.65,267.1,14.1,CRITICAL,5,feu_rouge_devant,FREINEZ de 12 km/h  (14 -> 2 km/h)
71.70,267.2,13.3,CRITICAL,5,feu_rouge_devant,FREINEZ de 11 km/h  (13 -> 2 km/h)
71.75,267.4,12.5,CRITICAL,5,feu_rouge_devant,FREINEZ de 10 km/h  (12 -> 2 km/h)
71.80,267.6,11.6,CRITICAL,5,feu_rouge_devant,FREINEZ de 9 km/h  (12 -> 2 km/h)
71.85,267.7,10.8,CRITICAL,5,feu_rouge_devant,FREINEZ de 9 km/h  (11 -> 2 km/h)
71.90,267.9,10.0,CRITICAL,5,feu_rouge_devant,FREINEZ de 8 km/h  (10 -> 2 km/h)
71.95,268.0,9.2,CRITICAL,6,feu_rouge_devant,FREINEZ de 7 km/h  (9 -> 2 km/h)
72.00,268.1,8.6,CRITICAL,6,feu_rouge_devant,FREINEZ de 7 km/h  (9 -> 2 km/h)
72.05,268.3,7.9,CRITICAL,6,feu_rouge_devant,FREINEZ de 6 km/h  (8 -> 1 km/h)
72.10,268.4,7.2,DANGER,6,feu_rouge_devant,Ralentissez de 5 km/h  (7 -> 2 km/h)
72.15,268.4,3.4,WATCH,6,feu_rouge_devant,Ralentissez de 2 km/h  (3 -> 2 km/h)
72.20,268.4,0.0,SAFE,6,feu_rouge_devant,Situation maîtrisée
72.25,268.4,0.0,SAFE,6,feu_rouge_devant,Situation maîtrisée
72.30,268.4,0.0,SAFE,6,feu_rouge_devant,Situation maîtrisée
72.35,268.4,0.0,SAFE,6,feu_rouge_devant,Situation maîtrisée
72.40,268.4,0.0,SAFE,6,feu_rouge_devant,Situation maîtrisée
72.45,268.4,0.0,SAFE,6,feu_rouge_devant,Situation maîtrisée
72.50,268.4,0.0,SAFE,6,feu_rouge_devant,Situation maîtrisée
72.55,268.4,0.0,SAFE,6,feu_rouge_devant,Situation maîtrisée
72.60,268.4,0.0,SAFE,6,feu_rouge_devant,Situation maîtrisée
72.65,268.4,0.0,SAFE,6,feu_rouge_devant,Situation maîtrisée
72.70,268.4,0.0,SAFE,6,feu_rouge_devant,Situation maîtrisée
72.75,268.4,0.0,SAFE,6,feu_rouge_devant,Situation maîtrisée
72.80,268.4,0.0,SAFE,6,feu_rouge_devant,Situation maîtrisée
72.85,268.4,0.0,SAFE,6,feu_rouge_devant,Situation maîtrisée
72.90,268.4,0.0,SAFE,6,feu_rouge_devant,Situation maîtrisée
72.95,268.4,0.0,SAFE,6,feu_rouge_devant,Situation maîtrisée
73.00,268.4,0.0,SAFE,6,feu_rouge_devant,Situation maîtrisée
73.05,268.4,0.0,SAFE,6,feu_rouge_devant,Situation maîtrisée
73.10,268.4,0.0,SAFE,6,feu_rouge_devant,Situation maîtrisée
73.15,268.4,0.0,SAFE,6,feu_rouge_devant,Situation maîtrisée
73.20,268.4,0.0,SAFE,6,feu_rouge_devant,Situation maîtrisée
73.25,268.4,0.0,SAFE,6,feu_rouge_devant,Situation maîtrisée
73.30,268.4,0.0,SAFE,6,feu_rouge_devant,Situation maîtrisée
73.35,268.4,0.0,SAFE,6,feu_rouge_devant,Situation maîtrisée
73.40,268.4,0.0,SAFE,6,feu_rouge_devant,Situation maîtrisée
73.45,268.4,0.0,SAFE,6,feu_rouge_devant,Situation maîtrisée
73.50,268.4,0.0,SAFE,6,feu_rouge_devant,Situation maîtrisée
73.55,268.4,0.0,SAFE,6,feu_rouge_devant,Situation maîtrisée
73.60,268.4,0.0,SAFE,6,feu_rouge_devant,Situation maîtrisée
73.65,268.4,0.0,SAFE,6,feu_rouge_devant,Situation maîtrisée
73.70,268.4,0.0,SAFE,6,feu_rouge_devant,Situation maîtrisée
73.75,268.4,0.0,SAFE,6,feu_rouge_devant,Situation maîtrisée
73.80,268.4,0.0,SAFE,6,feu_rouge_devant,Situation maîtrisée
73.85,268.4,0.0,SAFE,6,feu_rouge_devant,Situation maîtrisée
73.90,268.4,0.0,SAFE,6,feu_rouge_devant,Situation maîtrisée
73.95,268.4,0.0,SAFE,6,feu_rouge_devant,Situation maîtrisée
74.00,268.4,0.0,SAFE,6,feu_rouge_devant,Situation maîtrisée
74.05,268.4,0.0,SAFE,6,feu_rouge_devant,Situation maîtrisée
74.10,268.4,0.0,SAFE,6,feu_rouge_devant,Situation maîtrisée
74.15,268.4,0.0,SAFE,6,feu_rouge_devant,Situation maîtrisée
74.20,268.4,0.0,SAFE,6,feu_rouge_devant,Situation maîtrisée
74.25,268.4,0.0,SAFE,6,feu_rouge_devant,Situation maîtrisée
74.30,268.4,0.0,SAFE,6,feu_rouge_devant,Situation maîtrisée
74.35,268.4,0.0,SAFE,6,feu_rouge_devant,Situation maîtrisée
74.40,268.4,0.0,SAFE,6,feu_rouge_devant,Situation maîtrisée
74.45,268.4,0.0,SAFE,6,feu_rouge_devant,Situation maîtrisée
74.50,268.4,0.0,SAFE,6,feu_rouge_devant,Situation maîtrisée
74.55,268.4,0.0,SAFE,6,feu_rouge_devant,Situation maîtrisée
74.60,268.4,0.0,SAFE,6,feu_rouge_devant,Situation maîtrisée
74.65,268.4,0.0,SAFE,6,feu_rouge_devant,Situation maîtrisée
74.70,268.4,0.0,SAFE,7,feu_rouge_devant,Situation maîtrisée
74.75,268.4,0.0,SAFE,7,feu_rouge_devant,Situation maîtrisée
74.80,268.4,0.0,SAFE,7,feu_rouge_devant,Situation maîtrisée
74.85,268.4,0.0,SAFE,7,feu_rouge_devant,Situation maîtrisée
74.90,268.4,0.0,SAFE,7,feu_rouge_devant,Situation maîtrisée
74.95,268.4,0.0,SAFE,7,feu_rouge_devant,Situation maîtrisée
75.00,268.4,0.0,SAFE,7,feu_rouge_devant,Situation maîtrisée
75.05,268.4,0.0,SAFE,7,feu_rouge_devant,Situation maîtrisée
75.10,268.4,0.0,SAFE,7,feu_rouge_devant,Situation maîtrisée
75.15,268.4,0.0,SAFE,7,feu_rouge_devant,Situation maîtrisée
75.20,268.4,0.0,SAFE,7,feu_rouge_devant,Situation maîtrisée
75.25,268.4,0.0,SAFE,7,feu_rouge_devant,Situation maîtrisée
75.30,268.4,0.0,SAFE,7,feu_rouge_devant,Situation maîtrisée
75.35,268.4,0.0,SAFE,7,feu_rouge_devant,Situation maîtrisée
75.40,268.4,0.0,SAFE,7,feu_rouge_devant,Situation maîtrisée
75.45,268.4,0.0,SAFE,7,feu_rouge_devant,Situation maîtrisée
75.50,268.4,0.0,SAFE,7,feu_rouge_devant,Situation maîtrisée
75.55,268.4,0.0,SAFE,7,feu_rouge_devant,Situation maîtrisée
75.60,268.4,0.0,SAFE,7,feu_rouge_devant,Situation maîtrisée
75.65,268.4,0.0,SAFE,7,feu_rouge_devant,Situation maîtrisée
75.70,268.4,0.0,SAFE,7,feu_rouge_devant,Situation maîtrisée
75.75,268.4,0.0,SAFE,7,feu_rouge_devant,Situation maîtrisée
75.80,268.4,0.0,SAFE,7,feu_rouge_devant,Situation maîtrisée
75.85,268.4,0.0,SAFE,7,feu_rouge_devant,Situation maîtrisée
75.90,268.4,0.0,SAFE,7,feu_rouge_devant,Situation maîtrisée
75.95,268.4,0.0,SAFE,7,feu_rouge_devant,Situation maîtrisée
76.00,268.4,0.0,SAFE,7,feu_rouge_devant,Situation maîtrisée
76.05,268.4,0.0,SAFE,7,feu_rouge_devant,Situation maîtrisée
76.10,268.4,0.0,SAFE,7,feu_rouge_devant,Situation maîtrisée
76.15,268.4,0.0,SAFE,7,feu_rouge_devant,Situation maîtrisée
76.20,268.4,0.0,SAFE,7,feu_rouge_devant,Situation maîtrisée
76.25,268.4,0.0,SAFE,7,feu_rouge_devant,Situation maîtrisée
76.30,268.4,0.0,SAFE,7,feu_rouge_devant,Situation maîtrisée
76.35,268.4,0.0,SAFE,6,feu_rouge_devant,Situation maîtrisée
76.40,268.4,0.0,SAFE,6,feu_rouge_devant,Situation maîtrisée
76.45,268.4,0.0,SAFE,6,feu_rouge_devant,Situation maîtrisée
76.50,268.4,0.0,SAFE,6,feu_rouge_devant,Situation maîtrisée
76.55,268.4,0.0,SAFE,6,feu_rouge_devant,Situation maîtrisée
76.60,268.4,0.0,SAFE,6,feu_rouge_devant,Situation maîtrisée
76.65,268.4,0.0,SAFE,6,feu_rouge_devant,Situation maîtrisée
76.70,268.4,0.0,SAFE,6,feu_rouge_devant,Situation maîtrisée
76.75,268.4,0.0,SAFE,6,feu_rouge_devant,Situation maîtrisée
76.80,268.4,0.0,SAFE,6,feu_rouge_devant,Situation maîtrisée
76.85,268.4,0.0,SAFE,6,feu_rouge_devant,Situation maîtrisée
76.90,268.4,0.0,SAFE,6,feu_rouge_devant,Situation maîtrisée
76.95,268.4,0.0,SAFE,6,feu_rouge_devant,Situation maîtrisée
77.00,268.4,0.0,SAFE,6,feu_rouge_devant,Situation maîtrisée
77.05,268.4,0.0,SAFE,6,feu_rouge_devant,Situation maîtrisée
77.10,268.4,0.0,SAFE,6,feu_rouge_devant,Situation maîtrisée
77.15,268.4,0.0,SAFE,6,feu_rouge_devant,Situation maîtrisée
77.20,268.4,0.0,SAFE,7,feu_rouge_devant,Situation maîtrisée
77.25,268.4,0.0,SAFE,7,feu_rouge_devant,Situation maîtrisée
77.30,268.4,0.0,SAFE,7,feu_rouge_devant,Situation maîtrisée
77.35,268.4,0.0,SAFE,7,feu_rouge_devant,Situation maîtrisée
77.40,268.4,0.0,SAFE,7,feu_rouge_devant,Situation maîtrisée
77.45,268.4,0.0,SAFE,7,feu_rouge_devant,Situation maîtrisée
77.50,268.4,0.0,SAFE,7,feu_rouge_devant,Situation maîtrisée
77.55,268.4,0.0,SAFE,7,feu_rouge_devant,Situation maîtrisée
77.60,268.4,0.0,SAFE,7,feu_rouge_devant,Situation maîtrisée
77.65,268.4,0.0,SAFE,7,feu_rouge_devant,Situation maîtrisée
77.70,268.4,0.0,SAFE,7,feu_rouge_devant,Situation maîtrisée
77.75,268.4,0.0,SAFE,7,feu_rouge_devant,Situation maîtrisée
77.80,268.4,0.0,SAFE,7,feu_rouge_devant,Situation maîtrisée
77.85,268.4,0.0,SAFE,7,feu_rouge_devant,Situation maîtrisée
77.90,268.4,0.0,SAFE,7,feu_rouge_devant,Situation maîtrisée
77.95,268.4,0.0,SAFE,7,feu_rouge_devant,Situation maîtrisée
78.00,268.4,0.0,SAFE,7,feu_rouge_devant,Situation maîtrisée
78.05,268.4,0.0,SAFE,7,feu_rouge_devant,Situation maîtrisée
78.10,268.4,0.0,SAFE,7,feu_rouge_devant,Situation maîtrisée
78.15,268.4,0.0,SAFE,7,feu_rouge_devant,Situation maîtrisée
78.20,268.4,0.0,SAFE,7,feu_rouge_devant,Situation maîtrisée
78.25,268.4,0.0,SAFE,7,feu_rouge_devant,Situation maîtrisée
78.30,268.4,0.0,SAFE,7,feu_rouge_devant,Situation maîtrisée
78.35,268.4,0.0,SAFE,7,feu_rouge_devant,Situation maîtrisée
78.40,268.4,0.0,SAFE,7,feu_rouge_devant,Situation maîtrisée
78.45,268.4,0.0,SAFE,7,feu_rouge_devant,Situation maîtrisée
78.50,268.4,0.0,SAFE,7,feu_rouge_devant,Situation maîtrisée
78.55,268.4,0.0,SAFE,7,feu_rouge_devant,Situation maîtrisée
78.60,268.4,0.0,SAFE,7,feu_rouge_devant,Situation maîtrisée
78.65,268.4,0.0,SAFE,7,feu_rouge_devant,Situation maîtrisée
78.70,268.4,0.0,SAFE,7,feu_rouge_devant,Situation maîtrisée
78.75,268.4,0.0,SAFE,7,feu_rouge_devant,Situation maîtrisée
78.80,268.4,0.0,SAFE,7,feu_rouge_devant,Situation maîtrisée
78.85,268.4,0.0,SAFE,7,feu_rouge_devant,Situation maîtrisée
78.90,268.4,0.0,SAFE,7,feu_rouge_devant,Situation maîtrisée
78.95,268.4,0.0,SAFE,7,feu_rouge_devant,Situation maîtrisée
79.00,268.4,0.0,SAFE,7,feu_rouge_devant,Situation maîtrisée
79.05,268.4,0.0,SAFE,7,feu_rouge_devant,Situation maîtrisée
79.10,268.4,0.0,SAFE,7,feu_rouge_devant,Situation maîtrisée
79.15,268.4,0.0,SAFE,7,feu_rouge_devant,Situation maîtrisée
79.20,268.4,0.0,SAFE,7,feu_rouge_devant,Situation maîtrisée
79.25,268.4,0.0,SAFE,7,feu_rouge_devant,Situation maîtrisée
79.30,268.4,0.0,SAFE,7,feu_rouge_devant,Situation maîtrisée
79.35,268.4,0.0,SAFE,6,feu_rouge_devant,Situation maîtrisée
79.40,268.4,0.0,SAFE,6,feu_rouge_devant,Situation maîtrisée
79.45,268.4,0.0,SAFE,6,feu_rouge_devant,Situation maîtrisée
79.50,268.4,0.0,SAFE,6,feu_rouge_devant,Situation maîtrisée
79.55,268.4,0.0,SAFE,6,feu_rouge_devant,Situation maîtrisée
79.60,268.4,0.0,SAFE,6,feu_rouge_devant,Situation maîtrisée
79.65,268.4,0.0,SAFE,6,feu_rouge_devant,Situation maîtrisée
79.70,268.4,0.0,SAFE,6,feu_rouge_devant,Situation maîtrisée
79.75,268.4,0.0,SAFE,6,feu_rouge_devant,Situation maîtrisée
79.80,268.4,0.0,SAFE,6,feu_rouge_devant,Situation maîtrisée
79.85,268.4,0.0,SAFE,6,feu_rouge_devant,Situation maîtrisée
79.90,268.4,0.0,SAFE,6,feu_rouge_devant,Situation maîtrisée
79.95,268.4,0.0,SAFE,6,feu_rouge_devant,Situation maîtrisée
80.00,268.4,0.0,SAFE,6,feu_rouge_devant,Situation maîtrisée
80.05,268.4,0.0,SAFE,6,feu_rouge_devant,Situation maîtrisée
80.10,268.4,0.0,SAFE,6,feu_rouge_devant,Situation maîtrisée
80.15,268.4,0.0,SAFE,6,feu_rouge_devant,Situation maîtrisée
80.20,268.4,0.0,SAFE,6,feu_rouge_devant,Situation maîtrisée
80.25,268.4,0.0,SAFE,6,feu_rouge_devant,Situation maîtrisée
80.30,268.4,0.0,SAFE,6,feu_rouge_devant,Situation maîtrisée
80.35,268.4,0.0,SAFE,6,feu_rouge_devant,Situation maîtrisée
80.40,268.4,0.0,SAFE,6,feu_rouge_devant,Situation maîtrisée
80.45,268.4,0.0,SAFE,6,feu_rouge_devant,Situation maîtrisée
80.50,268.4,0.0,SAFE,6,feu_rouge_devant,Situation maîtrisée
80.55,268.4,0.0,SAFE,6,feu_rouge_devant,Situation maîtrisée
80.60,268.4,0.0,SAFE,6,feu_rouge_devant,Situation maîtrisée
80.65,268.4,0.0,SAFE,6,feu_rouge_devant,Situation maîtrisée
80.70,268.4,0.0,SAFE,6,feu_rouge_devant,Situation maîtrisée
80.75,268.4,0.0,SAFE,6,feu_rouge_devant,Situation maîtrisée
80.80,268.4,0.0,SAFE,6,feu_rouge_devant,Situation maîtrisée
80.85,268.4,0.0,SAFE,6,feu_rouge_devant,Situation maîtrisée
80.90,268.4,0.0,SAFE,6,feu_rouge_devant,Situation maîtrisée
80.95,268.4,0.0,SAFE,6,feu_rouge_devant,Situation maîtrisée
81.00,268.4,0.0,SAFE,6,feu_rouge_devant,Situation maîtrisée
81.05,268.4,0.0,SAFE,6,feu_rouge_devant,Situation maîtrisée
81.10,268.4,0.0,SAFE,6,feu_rouge_devant,Situation maîtrisée
81.15,268.4,0.0,SAFE,6,feu_rouge_devant,Situation maîtrisée
81.20,268.4,0.0,SAFE,6,feu_rouge_devant,Situation maîtrisée
81.25,268.4,0.0,SAFE,6,feu_rouge_devant,Situation maîtrisée
81.30,268.4,0.0,SAFE,6,feu_rouge_devant,Situation maîtrisée
81.35,268.4,0.0,SAFE,6,feu_rouge_devant,Situation maîtrisée
81.40,268.4,0.0,SAFE,6,feu_rouge_devant,Situation maîtrisée
81.45,268.4,0.0,SAFE,6,feu_rouge_devant,Situation maîtrisée
81.50,268.4,0.0,SAFE,6,feu_rouge_devant,Situation maîtrisée
81.55,268.4,0.0,SAFE,6,feu_rouge_devant,Situation maîtrisée
81.60,268.4,0.0,SAFE,6,feu_rouge_devant,Situation maîtrisée
81.65,268.4,0.0,SAFE,6,feu_rouge_devant,Situation maîtrisée
81.70,268.4,0.0,SAFE,6,feu_rouge_devant,Situation maîtrisée
81.75,268.4,0.0,SAFE,6,feu_rouge_devant,Situation maîtrisée
81.80,268.4,0.0,SAFE,6,feu_rouge_devant,Situation maîtrisée
81.85,268.4,0.0,SAFE,6,feu_rouge_devant,Situation maîtrisée
81.90,268.4,0.0,SAFE,6,feu_rouge_devant,Situation maîtrisée
81.95,268.4,0.0,SAFE,5,moteur:physique,Situation maîtrisée
82.00,268.4,0.0,SAFE,5,moteur:physique,Situation maîtrisée
82.05,268.4,0.0,SAFE,5,moteur:physique,Situation maîtrisée
82.10,268.4,0.4,SAFE,5,moteur:physique,Situation maîtrisée
82.15,268.4,0.8,SAFE,5,moteur:physique,Situation maîtrisée
82.20,268.5,1.5,SAFE,5,moteur:physique,Situation maîtrisée
82.25,268.5,2.1,SAFE,5,moteur:physique,Situation maîtrisée
82.30,268.5,2.8,SAFE,5,moteur:physique,Situation maîtrisée
82.35,268.6,3.6,SAFE,5,moteur:physique,Situation maîtrisée
82.40,268.6,4.4,SAFE,5,moteur:physique,Situation maîtrisée
82.45,268.7,5.1,SAFE,5,moteur:physique,Situation maîtrisée
82.50,268.8,6.0,SAFE,5,moteur:physique,Situation maîtrisée
82.55,268.9,6.8,SAFE,5,moteur:physique,Situation maîtrisée
82.60,269.0,7.6,SAFE,5,moteur:physique,Situation maîtrisée
82.65,269.1,8.4,SAFE,5,moteur:physique,Situation maîtrisée
82.70,269.2,9.2,SAFE,5,moteur:physique,Situation maîtrisée
82.75,269.3,10.1,SAFE,5,moteur:physique,Situation maîtrisée
82.80,269.5,10.8,SAFE,5,moteur:physique,Situation maîtrisée
82.85,269.6,11.5,SAFE,5,moteur:physique,Situation maîtrisée
82.90,269.8,12.3,SAFE,5,moteur:physique,Situation maîtrisée
82.95,270.0,13.1,SAFE,5,moteur:physique,Situation maîtrisée
83.00,270.2,14.0,SAFE,6,moteur:physique,Situation maîtrisée
83.05,270.4,14.6,SAFE,6,moteur:physique,Situation maîtrisée
83.10,270.6,15.2,SAFE,6,moteur:physique,Situation maîtrisée
83.15,270.8,16.0,SAFE,6,moteur:physique,Situation maîtrisée
83.20,271.0,16.7,SAFE,6,moteur:physique,Situation maîtrisée
83.25,271.2,17.3,SAFE,6,moteur:physique,Situation maîtrisée
83.30,271.5,17.8,SAFE,6,moteur:physique,Situation maîtrisée
83.35,271.7,18.3,SAFE,6,moteur:physique,Situation maîtrisée
83.40,272.0,18.9,SAFE,6,moteur:physique,Situation maîtrisée
83.45,272.3,18.8,DANGER,6,moteur:physique,Ralentissez de 19 km/h  (19 -> 0 km/h)
83.50,272.5,18.7,CRITICAL,6,moteur:physique,FREINEZ de 19 km/h  (19 -> 0 km/h)
83.55,272.8,18.4,CRITICAL,6,moteur:proportionnel,FREINEZ de 18 km/h  (18 -> 0 km/h)
83.60,273.0,18.1,CRITICAL,6,moteur:proportionnel,FREINEZ de 18 km/h  (18 -> 0 km/h)
83.65,273.3,15.9,SAFE,5,,Situation maîtrisée
83.70,273.5,13.5,SAFE,5,,Situation maîtrisée
83.75,273.6,13.4,SAFE,5,,Situation maîtrisée
83.80,273.8,13.9,SAFE,6,,Situation maîtrisée
83.85,274.0,14.5,SAFE,6,,Situation maîtrisée
83.90,274.2,15.2,SAFE,6,,Situation maîtrisée
83.95,274.5,15.9,SAFE,6,,Situation maîtrisée
84.00,274.7,16.6,SAFE,6,,Situation maîtrisée
84.05,274.9,17.3,SAFE,6,,Situation maîtrisée
84.10,275.2,18.0,SAFE,6,,Situation maîtrisée
84.15,275.4,18.7,SAFE,6,,Situation maîtrisée
84.20,275.7,18.9,SAFE,6,,Situation maîtrisée
84.25,275.9,19.1,SAFE,6,,Situation maîtrisée
84.30,276.2,19.2,SAFE,6,,Situation maîtrisée
84.35,276.5,19.6,SAFE,6,,Situation maîtrisée
84.40,276.8,19.9,SAFE,6,,Situation maîtrisée
84.45,277.0,20.5,SAFE,6,,Situation maîtrisée
84.50,277.3,21.0,SAFE,6,,Situation maîtrisée
84.55,277.6,21.7,SAFE,6,,Situation maîtrisée
84.60,277.9,22.2,SAFE,6,,Situation maîtrisée
84.65,278.2,22.9,SAFE,6,,Situation maîtrisée
84.70,278.6,23.3,SAFE,6,,Situation maîtrisée
84.75,278.9,23.8,SAFE,6,moteur:physique,Situation maîtrisée
84.80,279.2,24.1,SAFE,6,moteur:physique,Situation maîtrisée
84.85,279.6,24.5,SAFE,8,moteur:physique,Situation maîtrisée
84.90,279.9,24.7,SAFE,8,moteur:physique,Situation maîtrisée
84.95,280.2,24.9,SAFE,8,moteur:physique,Situation maîtrisée
85.00,280.6,25.0,SAFE,8,moteur:physique,Situation maîtrisée
85.05,280.9,25.1,SAFE,8,moteur:physique,Situation maîtrisée
85.10,281.3,25.1,SAFE,9,moteur:physique,Situation maîtrisée
85.15,281.6,25.3,SAFE,9,moteur:physique,Situation maîtrisée
85.20,282.0,25.2,SAFE,9,moteur:physique,Situation maîtrisée
85.25,282.3,25.3,SAFE,9,moteur:physique,Situation maîtrisée
85.30,282.7,25.3,SAFE,9,moteur:physique,Situation maîtrisée
85.35,283.0,25.4,SAFE,9,moteur:physique,Situation maîtrisée
85.40,283.4,25.4,SAFE,9,moteur:physique,Situation maîtrisée
85.45,283.7,25.5,SAFE,9,moteur:physique,Situation maîtrisée
85.50,284.1,25.4,SAFE,9,moteur:physique,Situation maîtrisée
85.55,284.5,25.6,SAFE,9,moteur:physique,Situation maîtrisée
85.60,284.8,25.5,SAFE,11,moteur:physique,Situation maîtrisée
85.65,285.2,25.7,SAFE,11,moteur:physique,Situation maîtrisée
85.70,285.5,25.7,SAFE,11,moteur:physique,Situation maîtrisée
85.75,285.9,25.8,SAFE,10,moteur:physique,Situation maîtrisée
85.80,286.2,25.8,SAFE,10,moteur:physique,Situation maîtrisée
85.85,286.6,25.9,SAFE,10,moteur:physique,Situation maîtrisée
85.90,287.0,25.9,SAFE,10,moteur:physique,Situation maîtrisée
85.95,287.3,26.0,SAFE,10,moteur:physique,Situation maîtrisée
86.00,287.7,26.0,SAFE,10,moteur:physique,Situation maîtrisée
86.05,288.0,26.1,SAFE,10,moteur:physique,Situation maîtrisée
86.10,288.4,26.1,SAFE,10,moteur:physique,Situation maîtrisée
86.15,288.8,26.2,SAFE,10,moteur:physique,Situation maîtrisée
86.20,289.1,26.2,SAFE,10,moteur:physique,Situation maîtrisée
86.25,289.5,26.3,SAFE,10,moteur:physique,Situation maîtrisée
86.30,289.9,26.2,SAFE,10,moteur:physique,Situation maîtrisée
86.35,290.2,26.3,SAFE,10,moteur:physique,Situation maîtrisée
86.40,290.6,26.3,SAFE,10,moteur:physique,Situation maîtrisée
86.45,291.0,26.4,SAFE,10,moteur:physique,Situation maîtrisée
86.50,291.3,26.3,SAFE,11,moteur:physique,Situation maîtrisée
86.55,291.7,26.4,SAFE,11,moteur:physique,Situation maîtrisée
86.60,292.1,26.4,SAFE,11,moteur:physique,Situation maîtrisée
86.65,292.4,26.4,SAFE,12,moteur:physique,Situation maîtrisée
86.70,292.8,26.4,SAFE,12,moteur:physique,Situation maîtrisée
86.75,293.2,26.5,SAFE,12,moteur:physique,Situation maîtrisée
86.80,293.5,26.4,SAFE,12,moteur:physique,Situation maîtrisée
86.85,293.9,26.5,SAFE,12,moteur:physique,Situation maîtrisée
86.90,294.3,26.4,SAFE,12,moteur:physique,Situation maîtrisée
86.95,294.6,26.5,SAFE,12,moteur:physique,Situation maîtrisée
87.00,295.0,26.5,SAFE,12,moteur:physique,Situation maîtrisée
87.05,295.4,26.5,SAFE,12,moteur:physique,Situation maîtrisée
87.10,295.7,26.5,SAFE,12,moteur:physique,Situation maîtrisée
87.15,296.1,26.5,SAFE,12,moteur:physique,Situation maîtrisée
87.20,296.5,26.5,SAFE,12,moteur:physique,Situation maîtrisée
87.25,296.8,26.6,SAFE,12,moteur:physique,Situation maîtrisée
87.30,297.2,26.5,SAFE,12,moteur:physique,Situation maîtrisée
87.35,297.6,26.6,SAFE,12,moteur:physique,Situation maîtrisée
87.40,297.9,26.5,SAFE,12,moteur:physique,Situation maîtrisée
87.45,298.3,26.6,SAFE,12,moteur:physique,Situation maîtrisée
87.50,298.7,26.5,SAFE,12,moteur:physique,Situation maîtrisée
87.55,299.0,26.6,SAFE,12,moteur:physique,Situation maîtrisée
87.60,299.4,26.5,SAFE,12,moteur:physique,Situation maîtrisée
87.65,299.8,26.6,SAFE,12,moteur:physique,Situation maîtrisée
87.70,300.2,26.5,SAFE,12,moteur:physique,Situation maîtrisée
87.75,300.5,26.6,SAFE,12,moteur:physique,Situation maîtrisée
87.80,300.9,26.6,SAFE,12,moteur:physique,Situation maîtrisée
87.85,301.3,26.6,SAFE,12,moteur:physique,Situation maîtrisée
87.90,301.6,26.6,SAFE,13,moteur:physique,Situation maîtrisée
87.95,302.0,26.6,SAFE,13,moteur:physique,Situation maîtrisée
88.00,302.4,26.6,SAFE,13,moteur:physique,Situation maîtrisée
88.05,302.7,26.6,SAFE,13,moteur:physique,Situation maîtrisée
88.10,303.1,26.6,SAFE,13,moteur:physique,Situation maîtrisée
88.15,303.5,26.6,SAFE,12,moteur:physique,Situation maîtrisée
88.20,303.8,26.6,SAFE,12,moteur:physique,Situation maîtrisée
88.25,304.2,26.6,SAFE,13,moteur:physique,Situation maîtrisée
88.30,304.6,26.6,SAFE,13,moteur:physique,Situation maîtrisée
88.35,305.0,26.6,SAFE,13,moteur:physique,Situation maîtrisée
88.40,305.3,26.5,SAFE,13,moteur:physique,Situation maîtrisée
88.45,305.7,26.6,SAFE,13,moteur:physique,Situation maîtrisée
88.50,306.1,26.5,DANGER,13,moteur:physique,Ralentissez de 26 km/h  (26 -> 0 km/h)
88.55,306.4,26.4,DANGER,13,moteur:physique,Ralentissez de 26 km/h  (26 -> 0 km/h)
88.60,306.8,26.1,DANGER,13,moteur:physique,Ralentissez de 26 km/h  (26 -> 0 km/h)
88.65,307.2,25.8,DANGER,12,feu_rouge,Ralentissez de 26 km/h  (26 -> 0 km/h)
88.70,307.5,25.3,DANGER,12,feu_rouge,Ralentissez de 14 km/h  (25 -> 11 km/h)
88.75,307.9,24.8,DANGER,12,feu_rouge,Ralentissez de 14 km/h  (25 -> 10 km/h)
88.80,308.2,23.9,WATCH,12,feu_rouge,Ralentissez de 14 km/h  (24 -> 10 km/h)
88.85,308.5,23.3,WATCH,12,feu_rouge,Ralentissez de 14 km/h  (23 -> 9 km/h)
88.90,308.8,22.4,SAFE,12,feu_rouge,SAFE : arret au feu rouge
88.95,309.1,19.6,SAFE,12,feu_rouge,SAFE : arret au feu rouge
89.00,309.4,14.8,SAFE,12,feu_rouge,SAFE : arret au feu rouge
89.05,309.5,9.9,SAFE,12,feu_rouge,SAFE : arret au feu rouge
89.10,309.6,5.1,SAFE,12,feu_rouge,SAFE : arret au feu rouge
89.15,309.7,0.7,SAFE,12,feu_rouge,SAFE : arret au feu rouge
89.20,309.7,0.0,SAFE,12,feu_rouge,SAFE : arret au feu rouge
89.25,309.7,0.2,SAFE,12,feu_rouge,SAFE : arret au feu rouge
89.30,309.7,0.0,SAFE,12,feu_rouge,SAFE : arret au feu rouge
89.35,309.7,0.0,SAFE,12,feu_rouge,SAFE : arret au feu rouge
89.40,309.7,0.0,SAFE,12,feu_rouge,SAFE : arret au feu rouge
89.45,309.7,0.0,SAFE,12,feu_rouge,SAFE : arret au feu rouge
89.50,309.7,0.0,SAFE,12,feu_rouge,SAFE : arret au feu rouge
89.55,309.7,0.0,SAFE,12,feu_rouge,SAFE : arret au feu rouge
89.60,309.7,0.0,SAFE,12,feu_rouge,SAFE : arret au feu rouge
89.65,309.7,0.0,SAFE,12,feu_rouge,SAFE : arret au feu rouge
89.70,309.7,0.0,SAFE,12,feu_rouge,SAFE : arret au feu rouge
89.75,309.7,0.0,SAFE,12,feu_rouge,SAFE : arret au feu rouge
89.80,309.7,0.0,SAFE,12,feu_rouge,SAFE : arret au feu rouge
89.85,309.7,0.0,SAFE,12,feu_rouge,SAFE : arret au feu rouge
89.90,309.7,0.0,SAFE,12,feu_rouge,SAFE : arret au feu rouge
89.95,309.7,0.0,SAFE,12,feu_rouge,SAFE : arret au feu rouge
90.00,309.7,0.0,SAFE,12,feu_rouge,SAFE : arret au feu rouge
90.05,309.7,0.0,SAFE,12,feu_rouge,SAFE : arret au feu rouge
90.10,309.7,0.0,SAFE,12,feu_rouge,SAFE : arret au feu rouge
90.15,309.7,0.0,SAFE,12,feu_rouge,SAFE : arret au feu rouge
90.20,309.7,0.0,SAFE,12,feu_rouge,SAFE : arret au feu rouge
90.25,309.7,0.0,SAFE,12,feu_rouge,SAFE : arret au feu rouge
90.30,309.7,0.0,SAFE,12,feu_rouge,SAFE : arret au feu rouge
90.35,309.7,0.0,SAFE,12,feu_rouge,SAFE : arret au feu rouge
90.40,309.7,0.0,SAFE,12,feu_rouge,SAFE : arret au feu rouge
90.45,309.7,0.0,SAFE,12,feu_rouge,SAFE : arret au feu rouge
90.50,309.7,0.0,SAFE,12,feu_rouge,SAFE : arret au feu rouge
90.55,309.7,0.0,SAFE,12,feu_rouge,SAFE : arret au feu rouge
90.60,309.7,0.0,SAFE,12,feu_rouge,SAFE : arret au feu rouge
90.65,309.7,0.0,SAFE,12,feu_rouge,SAFE : arret au feu rouge
90.70,309.7,0.0,SAFE,13,feu_rouge,SAFE : arret au feu rouge
90.75,309.7,0.0,SAFE,13,feu_rouge,SAFE : arret au feu rouge
90.80,309.7,0.0,SAFE,13,feu_rouge,SAFE : arret au feu rouge
90.85,309.7,0.0,SAFE,13,feu_rouge,SAFE : arret au feu rouge
90.90,309.7,0.0,SAFE,13,feu_rouge,SAFE : arret au feu rouge
90.95,309.7,0.0,SAFE,13,feu_rouge,SAFE : arret au feu rouge
91.00,309.7,0.0,SAFE,13,feu_rouge,SAFE : arret au feu rouge
91.05,309.7,0.0,SAFE,13,feu_rouge,SAFE : arret au feu rouge
91.10,309.7,0.0,SAFE,13,feu_rouge,SAFE : arret au feu rouge
91.15,309.7,0.0,SAFE,13,feu_rouge,SAFE : arret au feu rouge
91.20,309.7,0.0,SAFE,13,feu_rouge,SAFE : arret au feu rouge
91.25,309.7,0.0,SAFE,13,feu_rouge,SAFE : arret au feu rouge
91.30,309.7,0.0,SAFE,13,feu_rouge,SAFE : arret au feu rouge
91.35,309.7,0.0,SAFE,13,feu_rouge,SAFE : arret au feu rouge
91.40,309.7,0.0,SAFE,13,feu_rouge,SAFE : arret au feu rouge
91.45,309.7,0.0,SAFE,13,feu_rouge,SAFE : arret au feu rouge
91.50,309.7,0.0,SAFE,13,feu_rouge,SAFE : arret au feu rouge
91.55,309.7,0.0,SAFE,13,feu_rouge,SAFE : arret au feu rouge
91.60,309.7,0.0,SAFE,13,feu_rouge,SAFE : arret au feu rouge
91.65,309.7,0.0,SAFE,13,feu_rouge,SAFE : arret au feu rouge
91.70,309.7,0.0,SAFE,13,feu_rouge,SAFE : arret au feu rouge
91.75,309.7,0.0,SAFE,13,feu_rouge,SAFE : arret au feu rouge
91.80,309.7,0.0,SAFE,13,feu_rouge,SAFE : arret au feu rouge
91.85,309.7,0.0,SAFE,13,feu_rouge,SAFE : arret au feu rouge
91.90,309.7,0.0,SAFE,13,feu_rouge,SAFE : arret au feu rouge
91.95,309.7,0.0,SAFE,13,feu_rouge,SAFE : arret au feu rouge
92.00,309.7,0.0,SAFE,13,feu_rouge,SAFE : arret au feu rouge
92.05,309.7,0.0,SAFE,13,feu_rouge,SAFE : arret au feu rouge
92.10,309.7,0.0,SAFE,13,feu_rouge,SAFE : arret au feu rouge
92.15,309.7,0.0,SAFE,13,feu_rouge,SAFE : arret au feu rouge
92.20,309.7,0.0,SAFE,12,feu_rouge,SAFE : arret au feu rouge
92.25,309.7,0.0,SAFE,12,feu_rouge,SAFE : arret au feu rouge
92.30,309.7,0.0,SAFE,12,feu_rouge,SAFE : arret au feu rouge
92.35,309.7,0.0,SAFE,12,feu_rouge,SAFE : arret au feu rouge
92.40,309.7,0.0,SAFE,12,feu_rouge,SAFE : arret au feu rouge
92.45,309.7,0.0,SAFE,12,feu_rouge,SAFE : arret au feu rouge
92.50,309.7,0.0,SAFE,12,feu_rouge,SAFE : arret au feu rouge
92.55,309.7,0.0,SAFE,12,feu_rouge,SAFE : arret au feu rouge
92.60,309.7,0.0,SAFE,12,feu_rouge,SAFE : arret au feu rouge
92.65,309.7,0.0,SAFE,12,feu_rouge,SAFE : arret au feu rouge
92.70,309.7,0.0,SAFE,12,feu_rouge,SAFE : arret au feu rouge
92.75,309.7,0.0,SAFE,12,feu_rouge,SAFE : arret au feu rouge
92.80,309.7,0.0,SAFE,12,feu_rouge,SAFE : arret au feu rouge
92.85,309.7,0.0,SAFE,12,feu_rouge,SAFE : arret au feu rouge
92.90,309.7,0.0,SAFE,12,feu_rouge,SAFE : arret au feu rouge
92.95,309.7,0.0,SAFE,12,feu_rouge,SAFE : arret au feu rouge
93.00,309.7,0.0,SAFE,12,feu_rouge,SAFE : arret au feu rouge
93.05,309.7,0.0,SAFE,12,feu_rouge,SAFE : arret au feu rouge
93.10,309.7,0.0,SAFE,12,feu_rouge,SAFE : arret au feu rouge
93.15,309.7,0.0,SAFE,12,feu_rouge,SAFE : arret au feu rouge
93.20,309.7,0.0,SAFE,12,feu_rouge,SAFE : arret au feu rouge
93.25,309.7,0.0,SAFE,12,feu_rouge,SAFE : arret au feu rouge
93.30,309.7,0.0,SAFE,12,feu_rouge,SAFE : arret au feu rouge
93.35,309.7,0.0,SAFE,12,feu_rouge,SAFE : arret au feu rouge
93.40,309.7,0.0,SAFE,12,feu_rouge,SAFE : arret au feu rouge
93.45,309.7,0.0,SAFE,12,feu_rouge,SAFE : arret au feu rouge
93.50,309.7,0.0,SAFE,12,feu_rouge,SAFE : arret au feu rouge
93.55,309.7,0.0,SAFE,12,feu_rouge,SAFE : arret au feu rouge
93.60,309.7,0.0,SAFE,12,feu_rouge,SAFE : arret au feu rouge
93.65,309.7,0.0,SAFE,12,feu_rouge,SAFE : arret au feu rouge
93.70,309.7,0.0,SAFE,12,feu_rouge,SAFE : arret au feu rouge
93.75,309.7,0.0,SAFE,12,feu_rouge,SAFE : arret au feu rouge
93.80,309.7,0.0,SAFE,12,feu_rouge,SAFE : arret au feu rouge
93.85,309.7,0.0,SAFE,12,feu_rouge,SAFE : arret au feu rouge
93.90,309.7,0.0,SAFE,12,feu_rouge,SAFE : arret au feu rouge
93.95,309.7,0.0,SAFE,12,feu_rouge,SAFE : arret au feu rouge
94.00,309.7,0.0,SAFE,12,feu_rouge,SAFE : arret au feu rouge
94.05,309.7,0.0,SAFE,12,feu_rouge,SAFE : arret au feu rouge
94.10,309.7,0.0,SAFE,12,feu_rouge,SAFE : arret au feu rouge
94.15,309.7,0.0,SAFE,12,feu_rouge,SAFE : arret au feu rouge
94.20,309.7,0.0,SAFE,12,feu_rouge,SAFE : arret au feu rouge
94.25,309.7,0.0,SAFE,12,feu_rouge,SAFE : arret au feu rouge
94.30,309.7,0.0,SAFE,12,feu_rouge,SAFE : arret au feu rouge
94.35,309.7,0.0,SAFE,12,feu_rouge,SAFE : arret au feu rouge
94.40,309.7,0.0,SAFE,12,feu_rouge,SAFE : arret au feu rouge
94.45,309.7,0.0,SAFE,12,feu_rouge,SAFE : arret au feu rouge
94.50,309.7,0.0,SAFE,12,feu_rouge,SAFE : arret au feu rouge
94.55,309.7,0.0,SAFE,12,feu_rouge,SAFE : arret au feu rouge
94.60,309.7,0.0,SAFE,12,feu_rouge,SAFE : arret au feu rouge
94.65,309.7,0.0,SAFE,12,feu_rouge,SAFE : arret au feu rouge
94.70,309.7,0.0,SAFE,12,feu_rouge,SAFE : arret au feu rouge
94.75,309.7,0.0,SAFE,12,feu_rouge,SAFE : arret au feu rouge
94.80,309.7,0.0,SAFE,12,feu_rouge,SAFE : arret au feu rouge
94.85,309.7,0.0,SAFE,12,feu_rouge,SAFE : arret au feu rouge
94.90,309.7,0.0,SAFE,12,feu_rouge,SAFE : arret au feu rouge
94.95,309.7,0.0,SAFE,12,feu_rouge,SAFE : arret au feu rouge
95.00,309.7,0.0,SAFE,12,feu_rouge,SAFE : arret au feu rouge
95.05,309.7,0.0,SAFE,12,feu_rouge,SAFE : arret au feu rouge
95.10,309.7,0.0,SAFE,12,feu_rouge,SAFE : arret au feu rouge
95.15,309.7,0.0,SAFE,12,feu_rouge,SAFE : arret au feu rouge
95.20,309.7,0.0,SAFE,12,feu_rouge,SAFE : arret au feu rouge
95.25,309.7,0.0,SAFE,12,feu_rouge,SAFE : arret au feu rouge
95.30,309.7,0.0,SAFE,12,feu_rouge,SAFE : arret au feu rouge
95.35,309.7,0.0,SAFE,12,feu_rouge,SAFE : arret au feu rouge
95.40,309.7,0.0,SAFE,12,feu_rouge,SAFE : arret au feu rouge
95.45,309.7,0.0,SAFE,12,feu_rouge,SAFE : arret au feu rouge
95.50,309.7,0.0,SAFE,12,feu_rouge,SAFE : arret au feu rouge
95.55,309.7,0.0,SAFE,12,feu_rouge,SAFE : arret au feu rouge
95.60,309.7,0.0,SAFE,12,feu_rouge,SAFE : arret au feu rouge
95.65,309.7,0.0,SAFE,12,feu_rouge,SAFE : arret au feu rouge
95.70,309.7,0.0,SAFE,12,feu_rouge,SAFE : arret au feu rouge
95.75,309.7,0.0,SAFE,12,feu_rouge,SAFE : arret au feu rouge
95.80,309.7,0.0,SAFE,12,feu_rouge,SAFE : arret au feu rouge
95.85,309.7,0.0,SAFE,12,feu_rouge,SAFE : arret au feu rouge
95.90,309.7,0.0,SAFE,12,feu_rouge,SAFE : arret au feu rouge
95.95,309.7,0.0,SAFE,12,feu_rouge,SAFE : arret au feu rouge
96.00,309.7,0.0,SAFE,12,feu_rouge,SAFE : arret au feu rouge
96.05,309.7,0.0,SAFE,12,feu_rouge,SAFE : arret au feu rouge
96.10,309.7,0.0,SAFE,12,feu_rouge,SAFE : arret au feu rouge
96.15,309.7,0.0,SAFE,12,feu_rouge,SAFE : arret au feu rouge
96.20,309.7,0.0,SAFE,12,feu_rouge,SAFE : arret au feu rouge
96.25,309.7,0.0,SAFE,12,feu_rouge,SAFE : arret au feu rouge
96.30,309.7,0.0,SAFE,12,feu_rouge,SAFE : arret au feu rouge
96.35,309.7,0.0,SAFE,12,feu_rouge,SAFE : arret au feu rouge
96.40,309.7,0.0,SAFE,12,feu_rouge,SAFE : arret au feu rouge
96.45,309.7,0.0,SAFE,12,feu_rouge,SAFE : arret au feu rouge
96.50,309.7,0.0,SAFE,12,feu_rouge,SAFE : arret au feu rouge
96.55,309.7,0.0,SAFE,12,feu_rouge,SAFE : arret au feu rouge
96.60,309.7,0.0,SAFE,12,feu_rouge,SAFE : arret au feu rouge
96.65,309.7,0.0,SAFE,12,feu_rouge,SAFE : arret au feu rouge
96.70,309.7,0.0,SAFE,12,feu_rouge,SAFE : arret au feu rouge
96.75,309.7,0.0,SAFE,12,feu_rouge,SAFE : arret au feu rouge
96.80,309.7,0.0,SAFE,12,feu_rouge,SAFE : arret au feu rouge
96.85,309.7,0.0,SAFE,12,feu_rouge,SAFE : arret au feu rouge
96.90,309.7,0.0,SAFE,12,feu_rouge,SAFE : arret au feu rouge
96.95,309.7,0.0,SAFE,12,feu_rouge,SAFE : arret au feu rouge
97.00,309.7,0.0,SAFE,12,feu_rouge,SAFE : arret au feu rouge
97.05,309.7,0.0,SAFE,12,feu_rouge,SAFE : arret au feu rouge
97.10,309.7,0.0,SAFE,12,feu_rouge,SAFE : arret au feu rouge
97.15,309.7,0.0,SAFE,12,feu_rouge,SAFE : arret au feu rouge
97.20,309.7,0.0,SAFE,12,feu_rouge,SAFE : arret au feu rouge
97.25,309.7,0.0,SAFE,12,feu_rouge,SAFE : arret au feu rouge
97.30,309.7,0.0,SAFE,12,feu_rouge,SAFE : arret au feu rouge
97.35,309.7,0.0,SAFE,12,feu_rouge,SAFE : arret au feu rouge
97.40,309.7,0.0,SAFE,13,feu_rouge,SAFE : arret au feu rouge
97.45,309.7,0.0,SAFE,13,feu_rouge,SAFE : arret au feu rouge
97.50,309.7,0.0,SAFE,13,feu_rouge,SAFE : arret au feu rouge
97.55,309.7,0.0,SAFE,13,feu_rouge,SAFE : arret au feu rouge
97.60,309.7,0.0,SAFE,13,feu_rouge,SAFE : arret au feu rouge
97.65,309.7,0.0,SAFE,13,feu_rouge,SAFE : arret au feu rouge
97.70,309.7,0.0,SAFE,13,feu_rouge,SAFE : arret au feu rouge
97.75,309.7,0.0,SAFE,13,feu_rouge,SAFE : arret au feu rouge
97.80,309.7,0.0,SAFE,13,feu_rouge,SAFE : arret au feu rouge
97.85,309.7,0.0,SAFE,13,feu_rouge,SAFE : arret au feu rouge
97.90,309.7,0.0,SAFE,13,feu_rouge,SAFE : arret au feu rouge
97.95,309.7,0.0,SAFE,13,feu_rouge,SAFE : arret au feu rouge
98.00,309.7,0.0,SAFE,13,feu_rouge,SAFE : arret au feu rouge
98.05,309.7,0.0,SAFE,13,feu_rouge,SAFE : arret au feu rouge
98.10,309.7,0.0,SAFE,13,feu_rouge,SAFE : arret au feu rouge
98.15,309.7,0.0,SAFE,13,feu_rouge,SAFE : arret au feu rouge
98.20,309.7,0.0,SAFE,13,feu_rouge,SAFE : arret au feu rouge
98.25,309.7,0.0,SAFE,13,feu_rouge,SAFE : arret au feu rouge
98.30,309.7,0.0,SAFE,13,feu_rouge,SAFE : arret au feu rouge
98.35,309.7,0.0,SAFE,13,feu_rouge,SAFE : arret au feu rouge
98.40,309.7,0.0,SAFE,13,feu_rouge,SAFE : arret au feu rouge
98.45,309.7,0.0,SAFE,13,feu_rouge,SAFE : arret au feu rouge
98.50,309.7,0.0,SAFE,13,feu_rouge,SAFE : arret au feu rouge
98.55,309.7,0.0,SAFE,13,feu_rouge,SAFE : arret au feu rouge
98.60,309.7,0.0,SAFE,13,feu_rouge,SAFE : arret au feu rouge
98.65,309.7,0.0,SAFE,13,feu_rouge,SAFE : arret au feu rouge
98.70,309.7,0.0,SAFE,13,feu_rouge,SAFE : arret au feu rouge
98.75,309.7,0.0,SAFE,13,feu_rouge,SAFE : arret au feu rouge
98.80,309.7,0.0,SAFE,13,feu_rouge,SAFE : arret au feu rouge
98.85,309.7,0.0,SAFE,13,feu_rouge,SAFE : arret au feu rouge
98.90,309.7,0.0,SAFE,13,feu_rouge,SAFE : arret au feu rouge
98.95,309.7,0.0,SAFE,13,feu_rouge,SAFE : arret au feu rouge
99.00,309.7,0.0,SAFE,13,feu_rouge,SAFE : arret au feu rouge
99.05,309.7,0.0,SAFE,13,feu_rouge,SAFE : arret au feu rouge
99.10,309.7,0.0,SAFE,13,feu_rouge,SAFE : arret au feu rouge
99.15,309.7,0.0,SAFE,13,feu_rouge,SAFE : arret au feu rouge
99.20,309.7,0.0,SAFE,13,feu_rouge,SAFE : arret au feu rouge
99.25,309.7,0.0,SAFE,13,feu_rouge,SAFE : arret au feu rouge
99.30,309.7,0.0,SAFE,13,feu_rouge,SAFE : arret au feu rouge
99.35,309.7,0.0,SAFE,13,feu_rouge,SAFE : arret au feu rouge
99.40,309.7,0.0,SAFE,13,feu_rouge,SAFE : arret au feu rouge
99.45,309.7,0.0,SAFE,13,feu_rouge,SAFE : arret au feu rouge
99.50,309.7,0.0,SAFE,13,feu_rouge,SAFE : arret au feu rouge
99.55,309.7,0.0,SAFE,13,feu_rouge,SAFE : arret au feu rouge
99.60,309.7,0.0,SAFE,13,feu_rouge,SAFE : arret au feu rouge
99.65,309.7,0.0,SAFE,13,feu_rouge,SAFE : arret au feu rouge
99.70,309.7,0.0,SAFE,13,feu_rouge,SAFE : arret au feu rouge
99.75,309.7,0.0,SAFE,13,feu_rouge,SAFE : arret au feu rouge
99.80,309.7,0.0,SAFE,13,feu_rouge,SAFE : arret au feu rouge
99.85,309.7,0.0,SAFE,13,feu_rouge,SAFE : arret au feu rouge
99.90,309.7,0.0,SAFE,13,feu_rouge,SAFE : arret au feu rouge
99.95,309.7,0.0,SAFE,12,feu_rouge,SAFE : arret au feu rouge
100.00,309.7,0.0,SAFE,12,feu_rouge,SAFE : arret au feu rouge
100.05,309.7,0.0,SAFE,12,feu_rouge,SAFE : arret au feu rouge
100.10,309.7,0.0,SAFE,12,feu_rouge,SAFE : arret au feu rouge
100.15,309.7,0.0,SAFE,12,feu_rouge,SAFE : arret au feu rouge
100.20,309.7,0.0,SAFE,12,feu_rouge,SAFE : arret au feu rouge
100.25,309.7,0.0,SAFE,12,feu_rouge,SAFE : arret au feu rouge
100.30,309.7,0.0,SAFE,12,feu_rouge,SAFE : arret au feu rouge
100.35,309.7,0.0,SAFE,12,feu_rouge,SAFE : arret au feu rouge
100.40,309.7,0.0,SAFE,12,feu_rouge,SAFE : arret au feu rouge
100.45,309.7,0.0,SAFE,12,feu_rouge,SAFE : arret au feu rouge
100.50,309.7,0.0,SAFE,12,feu_rouge,SAFE : arret au feu rouge
100.55,309.7,0.0,SAFE,12,feu_rouge,SAFE : arret au feu rouge
100.60,309.7,0.0,SAFE,12,feu_rouge,SAFE : arret au feu rouge
100.65,309.7,0.0,SAFE,12,feu_rouge,SAFE : arret au feu rouge
100.70,309.7,0.0,SAFE,12,feu_rouge,SAFE : arret au feu rouge
100.75,309.7,0.0,SAFE,12,feu_rouge,SAFE : arret au feu rouge
100.80,309.7,0.0,SAFE,12,feu_rouge,SAFE : arret au feu rouge
100.85,309.7,0.0,SAFE,12,feu_rouge,SAFE : arret au feu rouge
100.90,309.7,0.0,SAFE,12,feu_rouge,SAFE : arret au feu rouge
100.95,309.7,0.0,SAFE,12,feu_rouge,SAFE : arret au feu rouge
101.00,309.7,0.0,SAFE,12,feu_rouge,SAFE : arret au feu rouge
101.05,309.7,0.0,SAFE,12,feu_rouge,SAFE : arret au feu rouge
101.10,309.7,0.0,SAFE,12,feu_rouge,SAFE : arret au feu rouge
101.15,309.7,0.0,SAFE,12,feu_rouge,SAFE : arret au feu rouge
101.20,309.7,0.0,SAFE,12,feu_rouge,SAFE : arret au feu rouge
101.25,309.7,0.0,SAFE,12,feu_rouge,SAFE : arret au feu rouge
101.30,309.7,0.0,SAFE,12,feu_rouge,SAFE : arret au feu rouge
101.35,309.7,0.0,SAFE,12,feu_rouge,SAFE : arret au feu rouge
101.40,309.7,0.0,SAFE,12,feu_rouge,SAFE : arret au feu rouge
101.45,309.7,0.0,SAFE,12,feu_rouge,SAFE : arret au feu rouge
101.50,309.7,0.0,SAFE,12,feu_rouge,SAFE : arret au feu rouge
101.55,309.7,0.0,SAFE,12,feu_rouge,SAFE : arret au feu rouge
101.60,309.7,0.0,SAFE,12,feu_rouge,SAFE : arret au feu rouge
101.65,309.7,0.0,SAFE,12,feu_rouge,SAFE : arret au feu rouge
101.70,309.7,0.0,SAFE,12,feu_rouge,SAFE : arret au feu rouge
101.75,309.7,0.0,SAFE,12,feu_rouge,SAFE : arret au feu rouge
101.80,309.7,0.0,SAFE,12,feu_rouge,SAFE : arret au feu rouge
101.85,309.7,0.0,SAFE,12,feu_rouge,SAFE : arret au feu rouge
101.90,309.7,0.0,SAFE,12,feu_rouge,SAFE : arret au feu rouge
101.95,309.7,0.0,SAFE,12,feu_rouge,SAFE : arret au feu rouge
102.00,309.7,0.0,SAFE,12,feu_rouge,SAFE : arret au feu rouge
102.05,309.7,0.0,SAFE,12,feu_rouge,SAFE : arret au feu rouge
102.10,309.7,0.0,SAFE,12,feu_rouge,SAFE : arret au feu rouge
102.15,309.7,0.0,SAFE,12,feu_rouge,SAFE : arret au feu rouge
102.20,309.7,0.0,SAFE,12,feu_rouge,SAFE : arret au feu rouge
102.25,309.7,0.0,SAFE,12,feu_rouge,SAFE : arret au feu rouge
102.30,309.7,0.0,SAFE,12,feu_rouge,SAFE : arret au feu rouge
102.35,309.7,0.0,SAFE,12,feu_rouge,SAFE : arret au feu rouge
102.40,309.7,0.0,SAFE,12,feu_rouge,SAFE : arret au feu rouge
102.45,309.7,0.0,SAFE,12,feu_rouge,SAFE : arret au feu rouge
102.50,309.7,0.0,SAFE,12,feu_rouge,SAFE : arret au feu rouge
102.55,309.7,0.0,SAFE,12,feu_rouge,SAFE : arret au feu rouge
102.60,309.7,0.0,SAFE,12,feu_rouge,SAFE : arret au feu rouge
102.65,309.7,0.0,SAFE,12,feu_rouge,SAFE : arret au feu rouge
102.70,309.7,0.0,SAFE,12,feu_rouge,SAFE : arret au feu rouge
102.75,309.7,0.0,SAFE,12,feu_rouge,SAFE : arret au feu rouge
102.80,309.7,0.0,SAFE,12,feu_rouge,SAFE : arret au feu rouge
102.85,309.7,0.0,SAFE,12,feu_rouge,SAFE : arret au feu rouge
102.90,309.7,0.0,SAFE,12,feu_rouge,SAFE : arret au feu rouge
102.95,309.7,0.0,SAFE,12,feu_rouge,SAFE : arret au feu rouge
103.00,309.7,0.0,SAFE,12,feu_rouge,SAFE : arret au feu rouge
103.05,309.7,0.0,SAFE,12,feu_rouge,SAFE : arret au feu rouge
103.10,309.7,0.0,SAFE,12,feu_rouge,SAFE : arret au feu rouge
103.15,309.7,0.0,SAFE,12,feu_rouge,SAFE : arret au feu rouge
103.20,309.7,0.0,SAFE,12,feu_rouge,SAFE : arret au feu rouge
103.25,309.7,0.0,SAFE,12,feu_rouge,SAFE : arret au feu rouge
103.30,309.7,0.0,SAFE,12,feu_rouge,SAFE : arret au feu rouge
103.35,309.7,0.0,SAFE,12,feu_rouge,SAFE : arret au feu rouge
103.40,309.7,0.0,SAFE,12,feu_rouge,SAFE : arret au feu rouge
103.45,309.7,0.0,SAFE,12,feu_rouge,SAFE : arret au feu rouge
103.50,309.7,0.0,SAFE,12,feu_rouge,SAFE : arret au feu rouge
103.55,309.7,0.0,SAFE,12,feu_rouge,SAFE : arret au feu rouge
103.60,309.7,0.0,SAFE,12,feu_rouge,SAFE : arret au feu rouge
103.65,309.7,0.0,SAFE,12,feu_rouge,SAFE : arret au feu rouge
103.70,309.7,0.0,SAFE,12,feu_rouge,SAFE : arret au feu rouge
103.75,309.7,0.0,SAFE,12,feu_rouge,SAFE : arret au feu rouge
103.80,309.7,0.0,SAFE,12,feu_rouge,SAFE : arret au feu rouge
103.85,309.7,0.0,SAFE,12,feu_rouge,SAFE : arret au feu rouge
103.90,309.7,0.0,SAFE,12,feu_rouge,SAFE : arret au feu rouge
103.95,309.7,0.0,SAFE,12,feu_rouge,SAFE : arret au feu rouge
104.00,309.7,0.0,SAFE,12,feu_rouge,SAFE : arret au feu rouge
104.05,309.7,0.0,SAFE,12,feu_rouge,SAFE : arret au feu rouge
104.10,309.7,0.0,SAFE,12,feu_rouge,SAFE : arret au feu rouge
104.15,309.7,0.0,SAFE,12,feu_rouge,SAFE : arret au feu rouge
104.20,309.7,0.0,SAFE,12,feu_rouge,SAFE : arret au feu rouge
104.25,309.7,0.0,SAFE,12,feu_rouge,SAFE : arret au feu rouge
104.30,309.7,0.0,SAFE,12,feu_rouge,SAFE : arret au feu rouge
104.35,309.7,0.0,SAFE,12,feu_rouge,SAFE : arret au feu rouge
104.40,309.7,0.0,SAFE,12,feu_rouge,SAFE : arret au feu rouge
104.45,309.7,0.0,SAFE,12,feu_rouge,SAFE : arret au feu rouge
104.50,309.7,0.0,SAFE,12,feu_rouge,SAFE : arret au feu rouge
104.55,309.7,0.0,SAFE,12,feu_rouge,SAFE : arret au feu rouge
104.60,309.7,0.0,SAFE,12,feu_rouge,SAFE : arret au feu rouge
104.65,309.7,0.0,SAFE,12,feu_rouge,SAFE : arret au feu rouge
104.70,309.7,0.0,SAFE,12,feu_rouge,SAFE : arret au feu rouge
104.75,309.7,0.0,SAFE,12,feu_rouge,SAFE : arret au feu rouge
104.80,309.7,0.0,SAFE,12,feu_rouge,SAFE : arret au feu rouge
104.85,309.7,0.0,SAFE,12,feu_rouge,SAFE : arret au feu rouge
104.90,309.7,0.0,SAFE,12,feu_rouge,SAFE : arret au feu rouge
104.95,309.7,0.0,SAFE,12,feu_rouge,SAFE : arret au feu rouge
105.00,309.7,0.0,SAFE,12,feu_rouge,SAFE : arret au feu rouge
105.05,309.7,0.0,SAFE,12,feu_rouge,SAFE : arret au feu rouge
105.10,309.7,0.0,SAFE,12,feu_rouge,SAFE : arret au feu rouge
105.15,309.7,0.0,SAFE,12,feu_rouge,SAFE : arret au feu rouge
105.20,309.7,0.0,SAFE,12,feu_rouge,SAFE : arret au feu rouge
105.25,309.7,0.0,SAFE,12,feu_rouge,SAFE : arret au feu rouge
105.30,309.7,0.0,SAFE,12,feu_rouge,SAFE : arret au feu rouge
105.35,309.7,0.0,SAFE,12,feu_rouge,SAFE : arret au feu rouge
105.40,309.7,0.0,SAFE,12,feu_rouge,SAFE : arret au feu rouge
105.45,309.7,0.0,SAFE,12,feu_rouge,SAFE : arret au feu rouge
105.50,309.7,0.0,SAFE,12,feu_rouge,SAFE : arret au feu rouge
105.55,309.7,0.0,SAFE,12,feu_rouge,SAFE : arret au feu rouge
105.60,309.7,0.0,SAFE,12,feu_rouge,SAFE : arret au feu rouge
105.65,309.7,0.0,SAFE,12,feu_rouge,SAFE : arret au feu rouge
105.70,309.7,0.0,SAFE,12,feu_rouge,SAFE : arret au feu rouge
105.75,309.7,0.0,SAFE,12,feu_rouge,SAFE : arret au feu rouge
105.80,309.7,0.0,SAFE,12,feu_rouge,SAFE : arret au feu rouge
105.85,309.7,0.0,SAFE,12,feu_rouge,SAFE : arret au feu rouge
105.90,309.7,0.0,SAFE,12,feu_rouge,SAFE : arret au feu rouge
105.95,309.7,0.0,SAFE,12,feu_rouge,SAFE : arret au feu rouge
106.00,309.7,0.0,SAFE,12,feu_rouge,SAFE : arret au feu rouge
106.05,309.7,0.0,SAFE,12,feu_rouge,SAFE : arret au feu rouge
106.10,309.7,0.0,SAFE,13,feu_rouge,SAFE : arret au feu rouge
106.15,309.7,0.0,SAFE,13,feu_rouge,SAFE : arret au feu rouge
106.20,309.7,0.0,SAFE,13,feu_rouge,SAFE : arret au feu rouge
106.25,309.7,0.0,SAFE,13,feu_rouge,SAFE : arret au feu rouge
106.30,309.7,0.0,SAFE,13,feu_rouge,SAFE : arret au feu rouge
106.35,309.7,0.0,SAFE,13,feu_rouge,SAFE : arret au feu rouge
106.40,309.7,0.0,SAFE,13,feu_rouge,SAFE : arret au feu rouge
106.45,309.7,0.0,SAFE,13,feu_rouge,SAFE : arret au feu rouge
106.50,309.7,0.0,SAFE,13,feu_rouge,SAFE : arret au feu rouge
106.55,309.7,0.0,SAFE,13,feu_rouge,SAFE : arret au feu rouge
106.60,309.7,0.0,SAFE,13,feu_rouge,SAFE : arret au feu rouge
106.65,309.7,0.0,SAFE,13,feu_rouge,SAFE : arret au feu rouge
106.70,309.7,0.0,SAFE,13,feu_rouge,SAFE : arret au feu rouge
106.75,309.7,0.0,SAFE,13,feu_rouge,SAFE : arret au feu rouge
106.80,309.7,0.0,SAFE,13,feu_rouge,SAFE : arret au feu rouge
106.85,309.7,0.0,SAFE,13,feu_rouge,SAFE : arret au feu rouge
106.90,309.7,0.0,SAFE,13,feu_rouge,SAFE : arret au feu rouge
106.95,309.7,0.0,SAFE,13,feu_rouge,SAFE : arret au feu rouge
107.00,309.7,0.0,SAFE,13,feu_rouge,SAFE : arret au feu rouge
107.05,309.7,0.0,SAFE,13,feu_rouge,SAFE : arret au feu rouge
107.10,309.7,0.0,SAFE,13,feu_rouge,SAFE : arret au feu rouge
107.15,309.7,0.0,SAFE,13,feu_rouge,SAFE : arret au feu rouge
107.20,309.7,0.0,SAFE,13,feu_rouge,SAFE : arret au feu rouge
107.25,309.7,0.0,SAFE,13,feu_rouge,SAFE : arret au feu rouge
107.30,309.7,0.0,SAFE,13,feu_rouge,SAFE : arret au feu rouge
107.35,309.7,0.0,SAFE,13,feu_rouge,SAFE : arret au feu rouge
107.40,309.7,0.0,SAFE,13,feu_rouge,SAFE : arret au feu rouge
107.45,309.7,0.0,SAFE,13,feu_rouge,SAFE : arret au feu rouge
107.50,309.7,0.0,SAFE,13,feu_rouge,SAFE : arret au feu rouge
107.55,309.7,0.0,SAFE,13,feu_rouge,SAFE : arret au feu rouge
107.60,309.7,0.0,SAFE,13,feu_rouge,SAFE : arret au feu rouge
107.65,309.7,0.0,SAFE,13,feu_rouge,SAFE : arret au feu rouge
107.70,309.7,0.0,SAFE,13,feu_rouge,SAFE : arret au feu rouge
107.75,309.7,0.0,SAFE,13,feu_rouge,SAFE : arret au feu rouge
107.80,309.7,0.0,SAFE,13,feu_rouge,SAFE : arret au feu rouge
107.85,309.7,0.0,SAFE,13,feu_rouge,SAFE : arret au feu rouge
107.90,309.7,0.0,SAFE,13,feu_rouge,SAFE : arret au feu rouge
107.95,309.7,0.0,SAFE,13,feu_rouge,SAFE : arret au feu rouge
108.00,309.7,0.0,SAFE,12,feu_rouge,SAFE : arret au feu rouge
108.05,309.7,0.0,SAFE,12,feu_rouge,SAFE : arret au feu rouge
108.10,309.7,0.0,SAFE,12,feu_rouge,SAFE : arret au feu rouge
108.15,309.7,0.0,SAFE,12,feu_rouge,SAFE : arret au feu rouge
108.20,309.7,0.0,SAFE,12,feu_rouge,SAFE : arret au feu rouge
108.25,309.7,0.0,SAFE,12,feu_rouge,SAFE : arret au feu rouge
108.30,309.7,0.0,SAFE,12,feu_rouge,SAFE : arret au feu rouge
108.35,309.7,0.0,SAFE,12,feu_rouge,SAFE : arret au feu rouge
108.40,309.7,0.0,SAFE,12,feu_rouge,SAFE : arret au feu rouge
108.45,309.7,0.0,SAFE,12,feu_rouge,SAFE : arret au feu rouge
108.50,309.7,0.0,SAFE,12,feu_rouge,SAFE : arret au feu rouge
108.55,309.7,0.0,SAFE,12,feu_rouge,SAFE : arret au feu rouge
108.60,309.7,0.0,SAFE,12,feu_rouge,SAFE : arret au feu rouge
108.65,309.7,0.0,SAFE,12,feu_rouge,SAFE : arret au feu rouge
108.70,309.7,0.0,SAFE,12,feu_rouge,SAFE : arret au feu rouge
108.75,309.7,0.0,SAFE,12,feu_rouge,SAFE : arret au feu rouge
108.80,309.7,0.0,SAFE,12,feu_rouge,SAFE : arret au feu rouge
108.85,309.7,0.0,SAFE,12,feu_rouge,SAFE : arret au feu rouge
108.90,309.7,0.0,SAFE,12,feu_rouge,SAFE : arret au feu rouge
108.95,309.7,0.0,SAFE,12,feu_rouge,SAFE : arret au feu rouge
109.00,309.7,0.0,SAFE,12,feu_rouge,SAFE : arret au feu rouge
109.05,309.7,0.0,SAFE,12,feu_rouge,SAFE : arret au feu rouge
109.10,309.7,0.0,SAFE,12,feu_rouge,SAFE : arret au feu rouge
109.15,309.7,0.0,SAFE,12,feu_rouge,SAFE : arret au feu rouge
109.20,309.7,0.0,SAFE,12,feu_rouge,SAFE : arret au feu rouge
109.25,309.7,0.0,SAFE,12,feu_rouge,SAFE : arret au feu rouge
109.30,309.7,0.0,SAFE,12,feu_rouge,SAFE : arret au feu rouge
109.35,309.7,0.0,SAFE,12,feu_rouge,SAFE : arret au feu rouge
109.40,309.7,0.0,SAFE,12,feu_rouge,SAFE : arret au feu rouge
109.45,309.7,0.0,SAFE,12,feu_rouge,SAFE : arret au feu rouge
109.50,309.7,0.0,SAFE,12,feu_rouge,SAFE : arret au feu rouge
109.55,309.7,0.0,SAFE,12,feu_rouge,SAFE : arret au feu rouge
109.60,309.7,0.0,SAFE,12,feu_rouge,SAFE : arret au feu rouge
109.65,309.7,0.0,SAFE,12,feu_rouge,SAFE : arret au feu rouge
109.70,309.7,0.0,SAFE,12,feu_rouge,SAFE : arret au feu rouge
109.75,309.7,0.0,SAFE,12,feu_rouge,SAFE : arret au feu rouge
109.80,309.7,0.0,SAFE,12,feu_rouge,SAFE : arret au feu rouge
109.85,309.7,0.0,SAFE,12,feu_rouge,SAFE : arret au feu rouge
109.90,309.7,0.0,SAFE,12,feu_rouge,SAFE : arret au feu rouge
109.95,309.7,0.0,SAFE,12,feu_rouge,SAFE : arret au feu rouge
110.00,309.7,0.0,SAFE,12,feu_rouge,SAFE : arret au feu rouge
110.05,309.7,0.0,SAFE,12,feu_rouge,SAFE : arret au feu rouge
110.10,309.7,0.0,SAFE,11,feu_rouge,SAFE : arret au feu rouge
110.15,309.7,0.0,SAFE,11,feu_rouge,SAFE : arret au feu rouge
110.20,309.7,0.0,SAFE,11,feu_rouge,SAFE : arret au feu rouge
110.25,309.7,0.0,SAFE,11,feu_rouge,SAFE : arret au feu rouge
110.30,309.7,0.0,SAFE,11,feu_rouge,SAFE : arret au feu rouge
110.35,309.7,0.0,SAFE,11,feu_rouge,SAFE : arret au feu rouge
110.40,309.7,0.0,SAFE,11,feu_rouge,SAFE : arret au feu rouge
110.45,309.7,0.0,SAFE,11,feu_rouge,SAFE : arret au feu rouge
110.50,309.7,0.0,SAFE,11,feu_rouge,SAFE : arret au feu rouge
110.55,309.7,0.0,SAFE,11,feu_rouge,SAFE : arret au feu rouge
110.60,309.7,0.0,SAFE,11,feu_rouge,SAFE : arret au feu rouge
110.65,309.7,0.0,SAFE,11,feu_rouge,SAFE : arret au feu rouge
110.70,309.7,0.0,SAFE,11,feu_rouge,SAFE : arret au feu rouge
110.75,309.7,0.0,SAFE,11,feu_rouge,SAFE : arret au feu rouge
110.80,309.7,0.0,SAFE,11,feu_rouge,SAFE : arret au feu rouge
110.85,309.7,0.0,SAFE,11,feu_rouge,SAFE : arret au feu rouge
110.90,309.7,0.0,SAFE,11,feu_rouge,SAFE : arret au feu rouge
110.95,309.7,0.0,SAFE,11,feu_rouge,SAFE : arret au feu rouge
111.00,309.7,0.0,SAFE,11,feu_rouge,SAFE : arret au feu rouge
111.05,309.7,0.0,SAFE,11,feu_rouge,SAFE : arret au feu rouge
111.10,309.7,0.0,SAFE,11,feu_rouge,SAFE : arret au feu rouge
111.15,309.7,0.0,SAFE,11,feu_rouge,SAFE : arret au feu rouge
111.20,309.7,0.0,SAFE,11,feu_rouge,SAFE : arret au feu rouge
111.25,309.7,0.0,SAFE,11,feu_rouge,SAFE : arret au feu rouge
111.30,309.7,0.0,SAFE,11,feu_rouge,SAFE : arret au feu rouge
111.35,309.7,0.0,SAFE,11,feu_rouge,SAFE : arret au feu rouge
111.40,309.7,0.0,SAFE,11,feu_rouge,SAFE : arret au feu rouge
111.45,309.7,0.0,SAFE,11,feu_rouge,SAFE : arret au feu rouge
111.50,309.7,0.0,SAFE,11,feu_rouge,SAFE : arret au feu rouge
111.55,309.7,0.0,SAFE,11,feu_rouge,SAFE : arret au feu rouge
111.60,309.7,0.0,SAFE,11,feu_rouge,SAFE : arret au feu rouge
111.65,309.7,0.0,SAFE,11,feu_rouge,SAFE : arret au feu rouge
111.70,309.7,0.0,SAFE,11,feu_rouge,SAFE : arret au feu rouge
111.75,309.7,0.0,SAFE,11,feu_rouge,SAFE : arret au feu rouge
111.80,309.7,0.0,SAFE,11,feu_rouge,SAFE : arret au feu rouge
111.85,309.7,0.0,SAFE,11,feu_rouge,SAFE : arret au feu rouge
111.90,309.7,0.0,SAFE,11,feu_rouge,SAFE : arret au feu rouge
111.95,309.7,0.0,SAFE,11,feu_rouge,SAFE : arret au feu rouge
112.00,309.7,0.0,SAFE,11,feu_rouge,SAFE : arret au feu rouge
112.05,309.7,0.0,SAFE,11,feu_rouge,SAFE : arret au feu rouge
112.10,309.7,0.0,SAFE,11,feu_rouge,SAFE : arret au feu rouge
112.15,309.7,0.0,SAFE,11,feu_rouge,SAFE : arret au feu rouge
112.20,309.7,0.0,SAFE,11,feu_rouge,SAFE : arret au feu rouge
112.25,309.7,0.0,SAFE,11,feu_rouge,SAFE : arret au feu rouge
112.30,309.7,0.0,SAFE,11,feu_rouge,SAFE : arret au feu rouge
112.35,309.7,0.0,SAFE,11,feu_rouge,SAFE : arret au feu rouge
112.40,309.7,0.0,SAFE,11,feu_rouge,SAFE : arret au feu rouge
112.45,309.7,0.0,SAFE,11,feu_rouge,SAFE : arret au feu rouge
112.50,309.7,0.0,SAFE,11,feu_rouge,SAFE : arret au feu rouge
112.55,309.7,0.0,SAFE,11,feu_rouge,SAFE : arret au feu rouge
112.60,309.7,0.0,SAFE,11,feu_rouge,SAFE : arret au feu rouge
112.65,309.7,0.0,SAFE,11,moteur:physique,Situation maîtrisée
112.70,309.7,0.2,SAFE,11,moteur:physique,Situation maîtrisée
112.75,309.7,0.1,SAFE,11,moteur:physique,Situation maîtrisée
112.80,309.7,0.2,SAFE,11,moteur:physique,Situation maîtrisée
112.85,309.7,0.7,SAFE,11,moteur:physique,Situation maîtrisée
112.90,309.7,1.4,SAFE,11,moteur:physique,Situation maîtrisée
112.95,309.7,2.2,SAFE,11,moteur:physique,Situation maîtrisée
113.00,309.7,2.9,SAFE,11,moteur:physique,Situation maîtrisée
113.05,309.8,3.8,SAFE,11,moteur:physique,Situation maîtrisée
113.10,309.9,4.6,SAFE,11,moteur:physique,Situation maîtrisée
113.15,309.9,5.4,SAFE,11,moteur:physique,Situation maîtrisée
113.20,310.0,6.2,SAFE,11,moteur:physique,Situation maîtrisée
