t,distance_parcourue_m,vitesse_kmh,niveau,n_agents_percus,raison_arret,recommandation
0.05,0.1,5.3,SAFE,0,,Voie libre
0.10,0.2,7.1,SAFE,0,,Voie libre
0.15,0.3,8.8,SAFE,0,,Voie libre
0.20,0.4,10.6,SAFE,0,,Voie libre
0.25,0.6,12.3,SAFE,0,,Voie libre
0.30,0.7,14.1,SAFE,0,,Voie libre
0.35,1.0,15.9,SAFE,0,,Voie libre
0.40,1.2,17.6,SAFE,0,,Voie libre
0.45,1.5,19.4,SAFE,0,,Voie libre
0.50,1.7,21.2,SAFE,0,,Voie libre
0.55,2.0,22.9,SAFE,0,,Voie libre
0.60,2.3,16.0,SAFE,0,,Voie libre
0.65,2.4,0.6,SAFE,0,,Voie libre
0.70,2.4,0.9,SAFE,0,,Voie libre
0.75,2.4,0.9,SAFE,0,,Voie libre
0.80,2.4,0.8,SAFE,0,,Voie libre
0.85,2.4,3.4,SAFE,0,,Voie libre
0.90,2.5,5.4,SAFE,0,,Voie libre
0.95,2.6,7.1,SAFE,0,,Voie libre
1.00,2.7,8.2,SAFE,0,,Voie libre
1.05,2.8,9.3,SAFE,0,,Voie libre
1.10,3.0,10.2,SAFE,0,,Voie libre
1.15,3.1,11.1,SAFE,0,,Voie libre
1.20,3.3,11.8,SAFE,0,,Voie libre
1.25,3.4,12.6,SAFE,0,,Voie libre
1.30,3.6,13.3,SAFE,0,,Voie libre
1.35,3.8,13.9,SAFE,0,,Voie libre
1.40,4.0,14.4,SAFE,0,,Voie libre
1.45,4.2,14.9,SAFE,0,,Voie libre
1.50,4.4,15.4,SAFE,0,,Voie libre
1.55,4.6,15.8,SAFE,0,,Voie libre
1.60,4.9,16.2,SAFE,0,,Voie libre
1.65,5.1,16.6,SAFE,0,,Voie libre
1.70,5.3,16.9,SAFE,0,,Voie libre
1.75,5.6,17.2,SAFE,0,,Voie libre
1.80,5.8,17.5,SAFE,0,,Voie libre
1.85,6.0,17.7,SAFE,0,,Voie libre
1.90,6.3,17.9,SAFE,0,,Voie libre
1.95,6.5,18.2,SAFE,0,,Voie libre
2.00,6.8,18.1,SAFE,0,,Voie libre
2.05,7.0,18.3,SAFE,0,,Voie libre
2.10,7.3,17.9,SAFE,0,,Voie libre
2.15,7.5,18.3,SAFE,0,,Voie libre
2.20,7.8,17.9,SAFE,0,,Voie libre
2.25,8.1,18.4,SAFE,0,,Voie libre
2.30,8.3,18.0,SAFE,0,,Voie libre
2.35,8.6,18.5,SAFE,0,,Voie libre
2.40,8.8,18.3,SAFE,0,,Voie libre
2.45,9.1,18.2,SAFE,0,,Voie libre
2.50,9.3,18.0,SAFE,0,,Voie libre
2.55,9.6,18.6,SAFE,0,,Voie libre
2.60,9.8,18.6,SAFE,0,,Voie libre
2.65,10.1,18.5,SAFE,0,,Voie libre
2.70,10.3,18.3,SAFE,0,,Voie libre
2.75,10.6,18.4,SAFE,0,,Voie libre
2.80,10.9,18.2,SAFE,0,,Voie libre
2.85,11.1,18.3,SAFE,0,,Voie libre
2.90,11.4,18.2,SAFE,0,,Voie libre
2.95,11.6,18.3,SAFE,0,,Voie libre
3.00,11.9,18.2,SAFE,0,,Voie libre
3.05,12.1,18.4,SAFE,0,,Voie libre
3.10,12.4,18.3,SAFE,0,,Voie libre
3.15,12.6,18.4,SAFE,0,,Voie libre
3.20,12.9,18.4,SAFE,0,,Voie libre
3.25,13.1,18.5,SAFE,0,,Voie libre
3.30,13.4,18.5,SAFE,0,,Voie libre
3.35,13.7,18.6,SAFE,0,,Voie libre
3.40,13.9,18.5,SAFE,1,,Situation maîtrisée
3.45,14.2,18.7,SAFE,1,,Situation maîtrisée
3.50,14.4,18.6,SAFE,1,,Situation maîtrisée
3.55,14.7,18.7,SAFE,1,,Situation maîtrisée
3.60,15.0,18.7,SAFE,1,,Situation maîtrisée
3.65,15.2,18.8,SAFE,1,,Situation maîtrisée
3.70,15.5,18.7,SAFE,1,,Situation maîtrisée
3.75,15.7,18.8,SAFE,1,,Situation maîtrisée
3.80,16.0,18.8,SAFE,1,,Situation maîtrisée
3.85,16.3,18.9,SAFE,1,,Situation maîtrisée
3.90,16.5,18.8,SAFE,1,,Situation maîtrisée
3.95,16.8,18.9,SAFE,1,,Situation maîtrisée
4.00,17.0,18.9,SAFE,1,,Situation maîtrisée
4.05,17.3,19.0,SAFE,1,,Situation maîtrisée
4.10,17.6,18.9,SAFE,1,,Situation maîtrisée
4.15,17.8,19.0,SAFE,1,,Situation maîtrisée
4.20,18.1,19.0,SAFE,1,,Situation maîtrisée
4.25,18.4,19.1,SAFE,1,,Situation maîtrisée
4.30,18.6,19.0,SAFE,1,,Situation maîtrisée
4.35,18.9,19.1,SAFE,1,,Situation maîtrisée
4.40,19.2,19.0,SAFE,1,,Situation maîtrisée
4.45,19.4,19.1,SAFE,1,,Situation maîtrisée
4.50,19.7,19.0,SAFE,1,,Situation maîtrisée
4.55,19.9,19.1,SAFE,1,,Situation maîtrisée
4.60,20.2,19.1,SAFE,1,,Situation maîtrisée
4.65,20.5,19.2,SAFE,1,,Situation maîtrisée
4.70,20.7,19.1,SAFE,1,,Situation maîtrisée
4.75,21.0,19.2,SAFE,1,,Situation maîtrisée
4.80,21.3,19.1,SAFE,1,,Situation maîtrisée
4.85,21.5,19.2,SAFE,1,,Situation maîtrisée
4.90,21.8,19.2,SAFE,1,,Situation maîtrisée
4.95,22.1,19.2,SAFE,1,,Situation maîtrisée
5.00,22.3,19.2,SAFE,1,,Situation maîtrisée
5.05,22.6,19.3,SAFE,1,,Situation maîtrisée
5.10,22.9,19.2,SAFE,1,,Situation maîtrisée
5.15,23.1,19.3,SAFE,1,,Situation maîtrisée
5.20,23.4,19.2,SAFE,1,,Situation maîtrisée
5.25,23.7,19.3,SAFE,1,,Situation maîtrisée
5.30,23.9,19.2,SAFE,1,,Situation maîtrisée
5.35,24.2,19.3,SAFE,1,,Situation maîtrisée
5.40,24.5,19.3,SAFE,1,,Situation maîtrisée
5.45,24.7,19.4,SAFE,1,,Situation maîtrisée
5.50,25.0,19.3,SAFE,1,,Situation maîtrisée
5.55,25.3,19.4,SAFE,1,,Situation maîtrisée
5.60,25.5,19.3,SAFE,1,,Situation maîtrisée
5.65,25.8,19.4,SAFE,1,,Situation maîtrisée
5.70,26.1,19.3,SAFE,1,,Situation maîtrisée
5.75,26.4,19.4,SAFE,1,,Situation maîtrisée
5.80,26.6,19.3,SAFE,1,,Situation maîtrisée
5.85,26.9,19.4,SAFE,1,,Situation maîtrisée
5.90,27.2,19.4,SAFE,1,,Situation maîtrisée
5.95,27.4,19.5,SAFE,1,,Situation maîtrisée
6.00,27.7,19.4,SAFE,1,,Situation maîtrisée
6.05,28.0,19.5,SAFE,1,,Situation maîtrisée
6.10,28.2,19.4,SAFE,1,,Situation maîtrisée
6.15,28.5,19.5,SAFE,1,,Situation maîtrisée
6.20,28.8,19.4,SAFE,1,,Situation maîtrisée
6.25,29.1,19.5,SAFE,1,,Situation maîtrisée
6.30,29.3,19.5,SAFE,1,,Situation maîtrisée
6.35,29.6,19.6,SAFE,1,,Situation maîtrisée
6.40,29.9,19.5,SAFE,1,,Situation maîtrisée
6.45,30.1,19.6,SAFE,1,,Situation maîtrisée
6.50,30.4,19.5,SAFE,1,,Situation maîtrisée
6.55,30.7,19.6,SAFE,1,,Situation maîtrisée
6.60,31.0,19.5,SAFE,1,,Situation maîtrisée
6.65,31.2,19.6,SAFE,1,,Situation maîtrisée
6.70,31.5,19.5,SAFE,1,,Situation maîtrisée
6.75,31.8,19.6,SAFE,1,,Situation maîtrisée
6.80,32.0,19.6,SAFE,1,,Situation maîtrisée
6.85,32.3,19.7,SAFE,1,,Situation maîtrisée
6.90,32.6,19.6,SAFE,1,,Situation maîtrisée
6.95,32.9,19.7,SAFE,1,,Situation maîtrisée
7.00,33.1,19.6,SAFE,1,,Situation maîtrisée
7.05,33.4,19.7,SAFE,1,,Situation maîtrisée
7.10,33.7,19.6,SAFE,1,,Situation maîtrisée
7.15,33.9,19.7,SAFE,1,,Situation maîtrisée
7.20,34.2,19.6,SAFE,1,,Situation maîtrisée
7.25,34.5,19.7,SAFE,1,,Situation maîtrisée
7.30,34.8,19.7,SAFE,1,,Situation maîtrisée
7.35,35.0,19.8,SAFE,1,,Situation maîtrisée
7.40,35.3,19.7,SAFE,1,,Situation maîtrisée
7.45,35.6,19.8,SAFE,1,,Situation maîtrisée
7.50,35.9,19.7,SAFE,1,,Situation maîtrisée
7.55,36.1,19.8,SAFE,1,,Situation maîtrisée
7.60,36.4,19.7,SAFE,1,,Situation maîtrisée
7.65,36.7,19.8,SAFE,1,,Situation maîtrisée
7.70,37.0,19.8,SAFE,1,,Situation maîtrisée
7.75,37.2,19.9,SAFE,1,,Situation maîtrisée
7.80,37.5,19.8,SAFE,1,,Situation maîtrisée
7.85,37.8,19.9,SAFE,1,,Situation maîtrisée
7.90,38.1,19.8,SAFE,1,,Situation maîtrisée
7.95,38.3,19.9,SAFE,1,,Situation maîtrisée
8.00,38.6,19.8,SAFE,1,,Situation maîtrisée
8.05,38.9,19.9,SAFE,1,,Situation maîtrisée
8.10,39.2,19.8,SAFE,1,,Situation maîtrisée
8.15,39.4,19.9,SAFE,1,,Situation maîtrisée
8.20,39.7,19.9,SAFE,1,,Situation maîtrisée
8.25,40.0,20.0,SAFE,1,,Situation maîtrisée
8.30,40.3,19.9,SAFE,1,,Situation maîtrisée
8.35,40.5,20.0,SAFE,1,,Situation maîtrisée
8.40,40.8,19.9,SAFE,1,,Situation maîtrisée
8.45,41.1,20.0,SAFE,1,,Situation maîtrisée
8.50,41.4,19.9,SAFE,1,,Situation maîtrisée
8.55,41.7,20.0,SAFE,1,,Situation maîtrisée
8.60,41.9,19.9,SAFE,1,,Situation maîtrisée
8.65,42.2,20.0,SAFE,1,,Situation maîtrisée
8.70,42.5,20.0,SAFE,1,,Situation maîtrisée
8.75,42.8,20.1,SAFE,1,,Situation maîtrisée
8.80,43.0,20.0,SAFE,1,,Situation maîtrisée
8.85,43.3,20.1,SAFE,1,,Situation maîtrisée
8.90,43.6,20.0,SAFE,1,,Situation maîtrisée
8.95,43.9,20.1,SAFE,1,,Situation maîtrisée
9.00,44.2,20.0,SAFE,1,,Situation maîtrisée
9.05,44.4,20.1,SAFE,1,,Situation maîtrisée
9.10,44.7,20.0,SAFE,1,,Situation maîtrisée
9.15,45.0,20.1,SAFE,1,,Situation maîtrisée
9.20,45.3,20.1,SAFE,1,,Situation maîtrisée
9.25,45.6,20.1,SAFE,1,,Situation maîtrisée
9.30,45.8,20.1,SAFE,1,,Situation maîtrisée
9.35,46.1,20.2,SAFE,1,,Situation maîtrisée
9.40,46.4,20.1,SAFE,1,,Situation maîtrisée
9.45,46.7,20.2,SAFE,1,,Situation maîtrisée
9.50,46.9,20.1,SAFE,1,,Situation maîtrisée
9.55,47.2,20.2,SAFE,1,,Situation maîtrisée
9.60,47.5,20.1,SAFE,1,,Situation maîtrisée
9.65,47.8,20.2,SAFE,1,,Situation maîtrisée
9.70,48.1,20.1,SAFE,1,,Situation maîtrisée
9.75,48.3,20.2,SAFE,1,,Situation maîtrisée
9.80,48.6,20.1,SAFE,1,,Situation maîtrisée
9.85,48.9,20.2,SAFE,1,,Situation maîtrisée
9.90,49.2,20.1,SAFE,1,,Situation maîtrisée
9.95,49.5,20.2,SAFE,1,,Situation maîtrisée
10.00,49.7,20.1,SAFE,1,,Situation maîtrisée
10.05,50.0,20.2,SAFE,1,,Situation maîtrisée
10.10,50.3,20.1,SAFE,1,,Situation maîtrisée
10.15,50.6,20.2,SAFE,1,,Situation maîtrisée
10.20,50.9,20.1,SAFE,1,,Situation maîtrisée
10.25,51.1,20.2,SAFE,1,,Situation maîtrisée
10.30,51.4,20.1,SAFE,1,,Situation maîtrisée
10.35,51.7,20.2,SAFE,1,,Situation maîtrisée
10.40,52.0,20.2,SAFE,1,,Situation maîtrisée
10.45,52.3,20.2,SAFE,1,,Situation maîtrisée
10.50,52.6,20.2,SAFE,1,,Situation maîtrisée
10.55,52.8,20.2,SAFE,1,,Situation maîtrisée
10.60,53.1,20.2,SAFE,1,,Situation maîtrisée
10.65,53.4,20.2,SAFE,1,,Situation maîtrisée
10.70,53.7,20.2,SAFE,1,,Situation maîtrisée
10.75,54.0,20.2,SAFE,1,,Situation maîtrisée
10.80,54.2,20.2,SAFE,1,,Situation maîtrisée
10.85,54.5,20.2,SAFE,1,,Situation maîtrisée
10.90,54.8,20.2,SAFE,1,,Situation maîtrisée
10.95,55.1,20.2,SAFE,1,,Situation maîtrisée
11.00,55.4,20.2,SAFE,1,,Situation maîtrisée
11.05,55.6,20.2,SAFE,1,,Situation maîtrisée
11.10,55.9,20.2,SAFE,1,,Situation maîtrisée
11.15,56.2,20.2,SAFE,1,,Situation maîtrisée
11.20,56.5,20.2,SAFE,1,,Situation maîtrisée
11.25,56.8,20.2,SAFE,1,,Situation maîtrisée
11.30,57.0,20.2,SAFE,1,,Situation maîtrisée
11.35,57.3,20.2,SAFE,1,,Situation maîtrisée
11.40,57.6,20.2,SAFE,1,,Situation maîtrisée
11.45,57.9,20.2,SAFE,1,,Situation maîtrisée
11.50,58.2,20.2,SAFE,1,,Situation maîtrisée
11.55,58.4,20.2,SAFE,1,,Situation maîtrisée
11.60,58.7,20.2,SAFE,1,,Situation maîtrisée
11.65,59.0,20.2,SAFE,1,,Situation maîtrisée
11.70,59.3,20.2,SAFE,1,,Situation maîtrisée
11.75,59.6,20.2,SAFE,1,,Situation maîtrisée
11.80,59.8,20.2,SAFE,1,,Situation maîtrisée
11.85,60.1,20.2,SAFE,1,,Situation maîtrisée
11.90,60.4,20.2,SAFE,1,,Situation maîtrisée
11.95,60.7,20.2,SAFE,1,,Situation maîtrisée
12.00,61.0,20.2,SAFE,1,,Situation maîtrisée
12.05,61.2,20.2,SAFE,1,,Situation maîtrisée
12.10,61.5,20.2,SAFE,1,,Situation maîtrisée
12.15,61.8,20.2,SAFE,1,,Situation maîtrisée
12.20,62.1,20.2,SAFE,1,,Situation maîtrisée
12.25,62.4,20.2,SAFE,1,,Situation maîtrisée
12.30,62.7,20.2,SAFE,1,,Situation maîtrisée
12.35,62.9,20.2,SAFE,1,,Situation maîtrisée
12.40,63.2,20.3,SAFE,1,,Situation maîtrisée
12.45,63.5,20.3,SAFE,1,,Situation maîtrisée
12.50,63.8,20.3,SAFE,1,,Situation maîtrisée
12.55,64.1,20.4,SAFE,1,,Situation maîtrisée
12.60,64.3,20.4,SAFE,1,,Situation maîtrisée
12.65,64.6,20.4,SAFE,1,,Situation maîtrisée
12.70,64.9,20.3,SAFE,1,,Situation maîtrisée
12.75,65.2,20.3,SAFE,1,,Situation maîtrisée
12.80,65.5,20.2,SAFE,1,,Situation maîtrisée
12.85,65.8,20.3,SAFE,1,,Situation maîtrisée
12.90,66.0,20.2,SAFE,1,,Situation maîtrisée
12.95,66.3,20.4,SAFE,1,,Situation maîtrisée
13.00,66.6,20.3,SAFE,1,,Situation maîtrisée
13.05,66.9,20.4,SAFE,1,,Situation maîtrisée
13.10,67.2,20.3,SAFE,1,,Situation maîtrisée
13.15,67.4,20.7,SAFE,1,,Situation maîtrisée
13.20,67.7,20.4,SAFE,1,,Situation maîtrisée
13.25,68.0,20.9,SAFE,1,,Situation maîtrisée
13.30,68.3,20.5,SAFE,1,,Situation maîtrisée
13.35,68.6,21.1,SAFE,1,,Situation maîtrisée
13.40,68.9,20.7,SAFE,1,,Situation maîtrisée
13.45,69.2,21.1,SAFE,1,,Situation maîtrisée
13.50,69.5,20.6,SAFE,1,,Situation maîtrisée
13.55,69.8,21.1,SAFE,1,,Situation maîtrisée
13.60,70.0,20.7,SAFE,1,,Situation maîtrisée
13.65,70.3,21.1,SAFE,1,,Situation maîtrisée
13.70,70.6,20.6,SAFE,1,,Situation maîtrisée
13.75,70.9,21.1,SAFE,1,,Situation maîtrisée
13.80,71.2,20.7,SAFE,1,,Situation maîtrisée
13.85,71.5,21.0,SAFE,1,,Situation maîtrisée
13.90,71.8,20.5,SAFE,1,,Situation maîtrisée
13.95,72.1,21.0,SAFE,1,,Situation maîtrisée
14.00,72.4,20.6,SAFE,1,,Situation maîtrisée
14.05,72.6,21.0,SAFE,1,,Situation maîtrisée
14.10,72.9,20.5,SAFE,1,,Situation maîtrisée
14.15,73.2,21.0,SAFE,0,,Voie libre
14.20,73.5,20.6,SAFE,0,,Voie libre
14.25,73.8,20.9,SAFE,0,,Voie libre
14.30,74.1,20.4,SAFE,0,,Voie libre
14.35,74.4,20.9,SAFE,0,,Voie libre
14.40,74.7,20.5,SAFE,0,,Voie libre
14.45,74.9,20.9,SAFE,0,,Voie libre
14.50,75.2,20.4,SAFE,0,,Voie libre
14.55,75.5,20.9,SAFE,0,,Voie libre
14.60,75.8,20.5,SAFE,0,,Voie libre
14.65,76.1,20.8,SAFE,0,,Voie libre
14.70,76.4,20.3,SAFE,0,,Voie libre
14.75,76.7,20.8,SAFE,0,,Voie libre
14.80,77.0,20.4,SAFE,0,,Voie libre
14.85,77.2,20.8,SAFE,0,,Voie libre
14.90,77.5,20.3,SAFE,0,,Voie libre
14.95,77.8,20.8,SAFE,0,,Voie libre
15.00,78.1,20.4,SAFE,0,,Voie libre
15.05,78.4,20.8,SAFE,0,,Voie libre
15.10,78.7,20.3,SAFE,0,,Voie libre
15.15,79.0,20.8,SAFE,0,,Voie libre
15.20,79.2,20.4,SAFE,0,,Voie libre
15.25,79.5,20.7,SAFE,0,feu_rouge,SAFE : arret au feu rouge
15.30,79.8,20.2,SAFE,0,feu_rouge,SAFE : arret au feu rouge
15.35,80.1,20.3,SAFE,0,feu_rouge,SAFE : arret au feu rouge
15.40,80.4,19.2,SAFE,0,feu_rouge,SAFE : arret au feu rouge
15.45,80.6,16.6,SAFE,0,feu_rouge,SAFE : arret au feu rouge
15.50,80.8,11.7,SAFE,0,feu_rouge,SAFE : arret au feu rouge
15.55,80.9,6.9,SAFE,0,feu_rouge,SAFE : arret au feu rouge
15.60,81.0,2.2,SAFE,0,feu_rouge,SAFE : arret au feu rouge
15.65,81.0,0.0,SAFE,0,feu_rouge,SAFE : arret au feu rouge
15.70,81.0,0.0,SAFE,0,feu_rouge,SAFE : arret au feu rouge
15.75,81.0,0.0,SAFE,0,feu_rouge,SAFE : arret au feu rouge
15.80,81.0,0.3,SAFE,0,feu_rouge,SAFE : arret au feu rouge
15.85,81.0,0.6,SAFE,0,feu_rouge,SAFE : arret au feu rouge
15.90,81.0,0.7,SAFE,0,feu_rouge,SAFE : arret au feu rouge
15.95,81.0,0.7,SAFE,0,feu_rouge,SAFE : arret au feu rouge
16.00,81.0,0.8,SAFE,0,feu_rouge,SAFE : arret au feu rouge
16.05,81.0,0.8,SAFE,0,feu_rouge,SAFE : arret au feu rouge
16.10,81.1,0.8,SAFE,0,feu_rouge,SAFE : arret au feu rouge
16.15,81.1,0.8,SAFE,0,feu_rouge,SAFE : arret au feu rouge
16.20,81.1,0.8,SAFE,0,feu_rouge,SAFE : arret au feu rouge
16.25,81.1,0.8,SAFE,0,feu_rouge,SAFE : arret au feu rouge
16.30,81.1,0.8,SAFE,0,feu_rouge,SAFE : arret au feu rouge
16.35,81.1,0.8,SAFE,0,feu_rouge,SAFE : arret au feu rouge
16.40,81.1,0.8,SAFE,0,feu_rouge,SAFE : arret au feu rouge
16.45,81.1,0.8,SAFE,0,feu_rouge,SAFE : arret au feu rouge
16.50,81.1,0.8,SAFE,0,feu_rouge,SAFE : arret au feu rouge
16.55,81.2,0.8,SAFE,0,feu_rouge,SAFE : arret au feu rouge
16.60,81.2,0.8,SAFE,0,feu_rouge,SAFE : arret au feu rouge
16.65,81.2,0.8,SAFE,0,feu_rouge,SAFE : arret au feu rouge
16.70,81.2,0.8,SAFE,0,feu_rouge,SAFE : arret au feu rouge
16.75,81.2,0.8,SAFE,0,feu_rouge,SAFE : arret au feu rouge
16.80,81.2,0.8,SAFE,0,feu_rouge,SAFE : arret au feu rouge
16.85,81.2,0.8,SAFE,0,feu_rouge,SAFE : arret au feu rouge
16.90,81.2,0.8,SAFE,0,feu_rouge,SAFE : arret au feu rouge
16.95,81.2,0.8,SAFE,0,feu_rouge,SAFE : arret au feu rouge
17.00,81.3,0.8,SAFE,0,feu_rouge,SAFE : arret au feu rouge
17.05,81.3,0.8,SAFE,0,feu_rouge,SAFE : arret au feu rouge
17.10,81.3,0.8,SAFE,0,feu_rouge,SAFE : arret au feu rouge
17.15,81.3,0.8,SAFE,0,feu_rouge,SAFE : arret au feu rouge
17.20,81.3,0.8,SAFE,0,feu_rouge,SAFE : arret au feu rouge
17.25,81.3,0.8,SAFE,0,feu_rouge,SAFE : arret au feu rouge
17.30,81.3,0.8,SAFE,0,feu_rouge,SAFE : arret au feu rouge
17.35,81.3,0.8,SAFE,0,feu_rouge,SAFE : arret au feu rouge
17.40,81.4,0.8,SAFE,0,feu_rouge,SAFE : arret au feu rouge
17.45,81.4,0.8,SAFE,0,feu_rouge,SAFE : arret au feu rouge
17.50,81.4,0.8,SAFE,0,feu_rouge,SAFE : arret au feu rouge
17.55,81.4,0.8,SAFE,0,feu_rouge,SAFE : arret au feu rouge
17.60,81.4,0.8,SAFE,0,feu_rouge,SAFE : arret au feu rouge
17.65,81.4,0.8,SAFE,0,feu_rouge,SAFE : arret au feu rouge
17.70,81.4,0.8,SAFE,0,feu_rouge,SAFE : arret au feu rouge
17.75,81.4,0.8,SAFE,0,feu_rouge,SAFE : arret au feu rouge
17.80,81.4,0.8,SAFE,0,feu_rouge,SAFE : arret au feu rouge
17.85,81.5,0.8,SAFE,0,feu_rouge,SAFE : arret au feu rouge
17.90,81.5,0.8,SAFE,0,feu_rouge,SAFE : arret au feu rouge
17.95,81.5,0.8,SAFE,0,feu_rouge,SAFE : arret au feu rouge
18.00,81.5,0.8,SAFE,0,feu_rouge,SAFE : arret au feu rouge
18.05,81.5,0.8,SAFE,0,feu_rouge,SAFE : arret au feu rouge
18.10,81.5,0.8,SAFE,0,feu_rouge,SAFE : arret au feu rouge
18.15,81.5,0.8,SAFE,0,feu_rouge,SAFE : arret au feu rouge
18.20,81.5,0.8,SAFE,0,feu_rouge,SAFE : arret au feu rouge
18.25,81.5,0.8,SAFE,0,feu_rouge,SAFE : arret au feu rouge
18.30,81.6,0.8,SAFE,0,feu_rouge,SAFE : arret au feu rouge
18.35,81.6,0.8,SAFE,0,feu_rouge,SAFE : arret au feu rouge
18.40,81.6,0.8,SAFE,0,feu_rouge,SAFE : arret au feu rouge
18.45,81.6,0.8,SAFE,0,feu_rouge,SAFE : arret au feu rouge
18.50,81.6,0.8,SAFE,0,feu_rouge,SAFE : arret au feu rouge
18.55,81.6,0.8,SAFE,0,feu_rouge,SAFE : arret au feu rouge
18.60,81.6,0.8,SAFE,0,feu_rouge,SAFE : arret au feu rouge
18.65,81.6,0.8,SAFE,0,feu_rouge,SAFE : arret au feu rouge
18.70,81.6,0.8,SAFE,0,feu_rouge,SAFE : arret au feu rouge
18.75,81.7,0.8,SAFE,0,feu_rouge,SAFE : arret au feu rouge
18.80,81.7,0.8,SAFE,0,feu_rouge,SAFE : arret au feu rouge
18.85,81.7,0.8,SAFE,0,feu_rouge,SAFE : arret au feu rouge
18.90,81.7,0.8,SAFE,0,feu_rouge,SAFE : arret au feu rouge
18.95,81.7,0.8,SAFE,0,feu_rouge,SAFE : arret au feu rouge
19.00,81.7,0.8,SAFE,0,feu_rouge,SAFE : arret au feu rouge
19.05,81.7,0.8,SAFE,0,feu_rouge,SAFE : arret au feu rouge
19.10,81.7,0.8,SAFE,0,feu_rouge,SAFE : arret au feu rouge
19.15,81.7,0.8,SAFE,0,feu_rouge,SAFE : arret au feu rouge
19.20,81.8,0.8,SAFE,0,feu_rouge,SAFE : arret au feu rouge
19.25,81.8,0.8,SAFE,0,feu_rouge,SAFE : arret au feu rouge
19.30,81.8,0.8,SAFE,0,feu_rouge,SAFE : arret au feu rouge
19.35,81.8,0.8,SAFE,0,feu_rouge,SAFE : arret au feu rouge
19.40,81.8,0.8,SAFE,0,feu_rouge,SAFE : arret au feu rouge
19.45,81.8,0.8,SAFE,0,feu_rouge,SAFE : arret au feu rouge
19.50,81.8,0.8,SAFE,0,feu_rouge,SAFE : arret au feu rouge
19.55,81.8,0.8,SAFE,0,feu_rouge,SAFE : arret au feu rouge
19.60,81.9,0.8,SAFE,0,feu_rouge,SAFE : arret au feu rouge
19.65,81.9,0.8,SAFE,0,feu_rouge,SAFE : arret au feu rouge
19.70,81.9,0.8,SAFE,0,feu_rouge,SAFE : arret au feu rouge
19.75,81.9,0.8,SAFE,0,feu_rouge,SAFE : arret au feu rouge
19.80,81.9,0.8,SAFE,0,feu_rouge,SAFE : arret au feu rouge
19.85,81.9,0.8,SAFE,0,feu_rouge,SAFE : arret au feu rouge
19.90,81.9,0.8,SAFE,0,feu_rouge,SAFE : arret au feu rouge
19.95,81.9,0.8,SAFE,0,feu_rouge,SAFE : arret au feu rouge
20.00,81.9,0.8,SAFE,0,feu_rouge,SAFE : arret au feu rouge
20.05,82.0,0.8,SAFE,0,feu_rouge,SAFE : arret au feu rouge
20.10,82.0,0.8,SAFE,0,feu_rouge,SAFE : arret au feu rouge
20.15,82.0,0.8,SAFE,0,feu_rouge,SAFE : arret au feu rouge
20.20,82.0,0.8,SAFE,0,feu_rouge,SAFE : arret au feu rouge
20.25,82.0,0.8,SAFE,0,feu_rouge,SAFE : arret au feu rouge
20.30,82.0,0.8,SAFE,0,feu_rouge,SAFE : arret au feu rouge
20.35,82.0,0.8,SAFE,0,feu_rouge,SAFE : arret au feu rouge
20.40,82.0,0.8,SAFE,0,feu_rouge,SAFE : arret au feu rouge
20.45,82.0,0.8,SAFE,0,feu_rouge,SAFE : arret au feu rouge
20.50,82.1,0.8,SAFE,0,feu_rouge,SAFE : arret au feu rouge
20.55,82.1,0.8,SAFE,0,feu_rouge,SAFE : arret au feu rouge
20.60,82.1,0.8,SAFE,0,feu_rouge,SAFE : arret au feu rouge
20.65,82.1,0.8,SAFE,0,feu_rouge,SAFE : arret au feu rouge
20.70,82.1,0.8,SAFE,0,feu_rouge,SAFE : arret au feu rouge
20.75,82.1,0.8,SAFE,0,feu_rouge,SAFE : arret au feu rouge
20.80,82.1,0.8,SAFE,0,feu_rouge,SAFE : arret au feu rouge
20.85,82.1,0.8,SAFE,0,feu_rouge,SAFE : arret au feu rouge
20.90,82.1,0.8,SAFE,0,feu_rouge,SAFE : arret au feu rouge
20.95,82.2,0.8,SAFE,0,feu_rouge,SAFE : arret au feu rouge
21.00,82.2,0.8,SAFE,0,feu_rouge,SAFE : arret au feu rouge
21.05,82.2,0.8,SAFE,0,feu_rouge,SAFE : arret au feu rouge
21.10,82.2,0.8,SAFE,0,feu_rouge,SAFE : arret au feu rouge
21.15,82.2,0.8,SAFE,0,feu_rouge,SAFE : arret au feu rouge
21.20,82.2,0.8,SAFE,0,feu_rouge,SAFE : arret au feu rouge
21.25,82.2,0.8,SAFE,0,feu_rouge,SAFE : arret au feu rouge
21.30,82.2,0.8,SAFE,0,feu_rouge,SAFE : arret au feu rouge
21.35,82.2,0.8,SAFE,0,feu_rouge,SAFE : arret au feu rouge
21.40,82.3,0.8,SAFE,0,feu_rouge,SAFE : arret au feu rouge
21.45,82.3,0.8,SAFE,0,feu_rouge,SAFE : arret au feu rouge
21.50,82.3,0.8,SAFE,0,feu_rouge,SAFE : arret au feu rouge
21.55,82.3,0.8,SAFE,0,feu_rouge,SAFE : arret au feu rouge
21.60,82.3,0.8,SAFE,0,feu_rouge,SAFE : arret au feu rouge
21.65,82.3,0.8,SAFE,0,feu_rouge,SAFE : arret au feu rouge
21.70,82.3,0.8,SAFE,0,feu_rouge,SAFE : arret au feu rouge
21.75,82.3,0.8,SAFE,0,feu_rouge,SAFE : arret au feu rouge
21.80,82.3,0.8,SAFE,0,feu_rouge,SAFE : arret au feu rouge
21.85,82.4,0.8,SAFE,0,feu_rouge,SAFE : arret au feu rouge
21.90,82.4,0.8,SAFE,0,feu_rouge,SAFE : arret au feu rouge
21.95,82.4,0.8,SAFE,0,feu_rouge,SAFE : arret au feu rouge
22.00,82.4,0.8,SAFE,0,feu_rouge,SAFE : arret au feu rouge
22.05,82.4,0.8,SAFE,0,feu_rouge,SAFE : arret au feu rouge
22.10,82.4,0.8,SAFE,0,feu_rouge,SAFE : arret au feu rouge
22.15,82.4,0.8,SAFE,0,feu_rouge,SAFE : arret au feu rouge
22.20,82.4,0.8,SAFE,0,feu_rouge,SAFE : arret au feu rouge
22.25,82.4,0.8,SAFE,0,feu_rouge,SAFE : arret au feu rouge
22.30,82.5,0.8,SAFE,0,feu_rouge,SAFE : arret au feu rouge
22.35,82.5,0.8,SAFE,0,feu_rouge,SAFE : arret au feu rouge
22.40,82.5,0.8,SAFE,0,feu_rouge,SAFE : arret au feu rouge
22.45,82.5,0.8,SAFE,0,feu_rouge,SAFE : arret au feu rouge
22.50,82.5,0.8,SAFE,0,feu_rouge,SAFE : arret au feu rouge
22.55,82.5,0.8,SAFE,0,feu_rouge,SAFE : arret au feu rouge
22.60,82.5,0.8,SAFE,0,feu_rouge,SAFE : arret au feu rouge
22.65,82.5,0.8,SAFE,0,feu_rouge,SAFE : arret au feu rouge
22.70,82.6,0.8,SAFE,0,feu_rouge,SAFE : arret au feu rouge
22.75,82.6,0.8,SAFE,0,feu_rouge,SAFE : arret au feu rouge
22.80,82.6,0.8,SAFE,0,feu_rouge,SAFE : arret au feu rouge
22.85,82.6,0.8,SAFE,0,feu_rouge,SAFE : arret au feu rouge
22.90,82.6,0.8,SAFE,0,feu_rouge,SAFE : arret au feu rouge
22.95,82.6,0.8,SAFE,0,feu_rouge,SAFE : arret au feu rouge
23.00,82.6,0.8,SAFE,0,feu_rouge,SAFE : arret au feu rouge
23.05,82.6,0.8,SAFE,0,feu_rouge,SAFE : arret au feu rouge
23.10,82.6,0.8,SAFE,0,feu_rouge,SAFE : arret au feu rouge
23.15,82.7,0.8,SAFE,0,feu_rouge,SAFE : arret au feu rouge
23.20,82.7,0.8,SAFE,0,feu_rouge,SAFE : arret au feu rouge
23.25,82.7,0.8,SAFE,0,feu_rouge,SAFE : arret au feu rouge
23.30,82.7,0.8,SAFE,0,feu_rouge,SAFE : arret au feu rouge
23.35,82.7,0.8,SAFE,0,feu_rouge,SAFE : arret au feu rouge
23.40,82.7,0.8,SAFE,0,feu_rouge,SAFE : arret au feu rouge
23.45,82.7,0.8,SAFE,0,feu_rouge,SAFE : arret au feu rouge
23.50,82.7,0.8,SAFE,0,feu_rouge,SAFE : arret au feu rouge
23.55,82.7,0.8,SAFE,0,feu_rouge,SAFE : arret au feu rouge
23.60,82.8,0.8,SAFE,0,feu_rouge,SAFE : arret au feu rouge
23.65,82.8,0.8,SAFE,0,feu_rouge,SAFE : arret au feu rouge
23.70,82.8,0.8,SAFE,0,feu_rouge,SAFE : arret au feu rouge
23.75,82.8,0.8,SAFE,0,feu_rouge,SAFE : arret au feu rouge
23.80,82.8,0.8,SAFE,0,feu_rouge,SAFE : arret au feu rouge
23.85,82.8,0.8,SAFE,0,feu_rouge,SAFE : arret au feu rouge
23.90,82.8,0.8,SAFE,0,feu_rouge,SAFE : arret au feu rouge
23.95,82.8,0.8,SAFE,0,feu_rouge,SAFE : arret au feu rouge
24.00,82.8,0.8,SAFE,0,feu_rouge,SAFE : arret au feu rouge
24.05,82.9,0.8,SAFE,0,feu_rouge,SAFE : arret au feu rouge
24.10,82.9,0.8,SAFE,0,feu_rouge,SAFE : arret au feu rouge
24.15,82.9,0.8,SAFE,0,feu_rouge,SAFE : arret au feu rouge
24.20,82.9,0.8,SAFE,0,feu_rouge,SAFE : arret au feu rouge
24.25,82.9,0.8,SAFE,0,feu_rouge,SAFE : arret au feu rouge
24.30,82.9,0.8,SAFE,0,feu_rouge,SAFE : arret au feu rouge
24.35,82.9,0.8,SAFE,0,feu_rouge,SAFE : arret au feu rouge
24.40,82.9,0.8,SAFE,0,feu_rouge,SAFE : arret au feu rouge
24.45,82.9,0.8,SAFE,0,feu_rouge,SAFE : arret au feu rouge
24.50,83.0,0.8,SAFE,0,feu_rouge,SAFE : arret au feu rouge
24.55,83.0,0.8,SAFE,0,feu_rouge,SAFE : arret au feu rouge
24.60,83.0,0.8,SAFE,0,feu_rouge,SAFE : arret au feu rouge
24.65,83.0,0.8,SAFE,0,feu_rouge,SAFE : arret au feu rouge
24.70,83.0,0.8,SAFE,0,feu_rouge,SAFE : arret au feu rouge
24.75,83.0,0.8,SAFE,0,feu_rouge,SAFE : arret au feu rouge
24.80,83.0,0.8,SAFE,0,feu_rouge,SAFE : arret au feu rouge
24.85,83.0,0.8,SAFE,0,feu_rouge,SAFE : arret au feu rouge
24.90,83.0,0.8,SAFE,0,feu_rouge,SAFE : arret au feu rouge
24.95,83.1,0.8,SAFE,0,feu_rouge,SAFE : arret au feu rouge
25.00,83.1,0.8,SAFE,0,feu_rouge,SAFE : arret au feu rouge
25.05,83.1,0.8,SAFE,0,feu_rouge,SAFE : arret au feu rouge
25.10,83.1,0.8,SAFE,0,feu_rouge,SAFE : arret au feu rouge
25.15,83.1,0.8,SAFE,0,feu_rouge,SAFE : arret au feu rouge
25.20,83.1,0.8,SAFE,0,feu_rouge,SAFE : arret au feu rouge
25.25,83.1,0.8,SAFE,0,feu_rouge,SAFE : arret au feu rouge
25.30,83.1,0.8,SAFE,0,feu_rouge,SAFE : arret au feu rouge
25.35,83.1,0.8,SAFE,0,feu_rouge,SAFE : arret au feu rouge
25.40,83.2,0.8,SAFE,0,feu_rouge,SAFE : arret au feu rouge
25.45,83.2,0.8,SAFE,0,feu_rouge,SAFE : arret au feu rouge
25.50,83.2,0.8,SAFE,0,feu_rouge,SAFE : arret au feu rouge
25.55,83.2,0.8,SAFE,0,feu_rouge,SAFE : arret au feu rouge
25.60,83.2,0.8,SAFE,0,feu_rouge,SAFE : arret au feu rouge
25.65,83.2,0.8,SAFE,0,feu_rouge,SAFE : arret au feu rouge
25.70,83.2,0.8,SAFE,0,feu_rouge,SAFE : arret au feu rouge
25.75,83.2,0.8,SAFE,0,feu_rouge,SAFE : arret au feu rouge
25.80,83.2,0.8,SAFE,0,feu_rouge,SAFE : arret au feu rouge
25.85,83.3,0.8,SAFE,0,feu_rouge,SAFE : arret au feu rouge
25.90,83.3,0.8,SAFE,0,feu_rouge,SAFE : arret au feu rouge
25.95,83.3,0.8,SAFE,0,feu_rouge,SAFE : arret au feu rouge
26.00,83.3,0.8,SAFE,0,feu_rouge,SAFE : arret au feu rouge
26.05,83.3,0.8,SAFE,0,feu_rouge,SAFE : arret au feu rouge
26.10,83.3,0.8,SAFE,0,feu_rouge,SAFE : arret au feu rouge
26.15,83.3,0.8,SAFE,0,feu_rouge,SAFE : arret au feu rouge
26.20,83.3,0.8,SAFE,0,feu_rouge,SAFE : arret au feu rouge
26.25,83.3,0.8,SAFE,0,feu_rouge,SAFE : arret au feu rouge
26.30,83.4,0.8,SAFE,0,feu_rouge,SAFE : arret au feu rouge
26.35,83.4,0.8,SAFE,0,feu_rouge,SAFE : arret au feu rouge
26.40,83.4,0.8,SAFE,0,feu_rouge,SAFE : arret au feu rouge
26.45,83.4,0.8,SAFE,0,feu_rouge,SAFE : arret au feu rouge
26.50,83.4,0.8,SAFE,0,feu_rouge,SAFE : arret au feu rouge
26.55,83.4,0.8,SAFE,0,feu_rouge,SAFE : arret au feu rouge
26.60,83.4,0.8,SAFE,0,feu_rouge,SAFE : arret au feu rouge
26.65,83.4,0.8,SAFE,0,feu_rouge,SAFE : arret au feu rouge
26.70,83.4,0.8,SAFE,0,feu_rouge,SAFE : arret au feu rouge
26.75,83.5,0.8,SAFE,0,feu_rouge,SAFE : arret au feu rouge
26.80,83.5,0.8,SAFE,0,feu_rouge,SAFE : arret au feu rouge
26.85,83.5,0.8,SAFE,0,feu_rouge,SAFE : arret au feu rouge
26.90,83.5,0.8,SAFE,0,feu_rouge,SAFE : arret au feu rouge
26.95,83.5,0.8,SAFE,0,feu_rouge,SAFE : arret au feu rouge
27.00,83.5,0.8,SAFE,0,feu_rouge,SAFE : arret au feu rouge
27.05,83.5,0.8,SAFE,0,feu_rouge,SAFE : arret au feu rouge
27.10,83.5,0.8,SAFE,0,feu_rouge,SAFE : arret au feu rouge
27.15,83.5,0.8,SAFE,0,feu_rouge,SAFE : arret au feu rouge
27.20,83.6,0.8,SAFE,0,feu_rouge,SAFE : arret au feu rouge
27.25,83.6,0.8,SAFE,0,feu_rouge,SAFE : arret au feu rouge
27.30,83.6,0.8,SAFE,0,feu_rouge,SAFE : arret au feu rouge
27.35,83.6,0.8,SAFE,0,feu_rouge,SAFE : arret au feu rouge
27.40,83.6,0.8,SAFE,0,feu_rouge,SAFE : arret au feu rouge
27.45,83.6,0.8,SAFE,0,feu_rouge,SAFE : arret au feu rouge
27.50,83.6,0.8,SAFE,0,feu_rouge,SAFE : arret au feu rouge
27.55,83.6,0.8,SAFE,0,feu_rouge,SAFE : arret au feu rouge
27.60,83.6,0.8,SAFE,0,feu_rouge,SAFE : arret au feu rouge
27.65,83.7,0.8,SAFE,0,feu_rouge,SAFE : arret au feu rouge
27.70,83.7,0.8,SAFE,0,feu_rouge,SAFE : arret au feu rouge
27.75,83.7,0.8,SAFE,0,feu_rouge,SAFE : arret au feu rouge
27.80,83.7,0.8,SAFE,0,feu_rouge,SAFE : arret au feu rouge
27.85,83.7,0.8,SAFE,0,feu_rouge,SAFE : arret au feu rouge
27.90,83.7,0.8,SAFE,0,feu_rouge,SAFE : arret au feu rouge
27.95,83.7,0.8,SAFE,0,feu_rouge,SAFE : arret au feu rouge
28.00,83.7,0.8,SAFE,0,feu_rouge,SAFE : arret au feu rouge
28.05,83.7,0.8,SAFE,0,feu_rouge,SAFE : arret au feu rouge
28.10,83.8,0.8,SAFE,0,feu_rouge,SAFE : arret au feu rouge
28.15,83.8,0.8,SAFE,0,feu_rouge,SAFE : arret au feu rouge
28.20,83.8,0.8,SAFE,0,feu_rouge,SAFE : arret au feu rouge
28.25,83.8,0.8,SAFE,0,feu_rouge,SAFE : arret au feu rouge
28.30,83.8,0.8,SAFE,0,feu_rouge,SAFE : arret au feu rouge
28.35,83.8,0.8,SAFE,0,feu_rouge,SAFE : arret au feu rouge
28.40,83.8,0.8,SAFE,0,feu_rouge,SAFE : arret au feu rouge
28.45,83.8,0.8,SAFE,0,feu_rouge,SAFE : arret au feu rouge
28.50,83.8,0.8,SAFE,0,feu_rouge,SAFE : arret au feu rouge
28.55,83.9,0.8,SAFE,0,feu_rouge,SAFE : arret au feu rouge
28.60,83.9,0.8,SAFE,0,feu_rouge,SAFE : arret au feu rouge
28.65,83.9,0.8,SAFE,0,feu_rouge,SAFE : arret au feu rouge
28.70,83.9,0.8,SAFE,0,feu_rouge,SAFE : arret au feu rouge
28.75,83.9,0.8,SAFE,0,feu_rouge,SAFE : arret au feu rouge
28.80,83.9,0.8,SAFE,0,feu_rouge,SAFE : arret au feu rouge
28.85,83.9,0.8,SAFE,0,feu_rouge,SAFE : arret au feu rouge
28.90,83.9,0.8,SAFE,0,feu_rouge,SAFE : arret au feu rouge
28.95,83.9,0.8,SAFE,0,feu_rouge,SAFE : arret au feu rouge
29.00,84.0,0.8,SAFE,0,feu_rouge,SAFE : arret au feu rouge
29.05,84.0,0.8,SAFE,0,feu_rouge,SAFE : arret au feu rouge
29.10,84.0,0.8,SAFE,0,feu_rouge,SAFE : arret au feu rouge
29.15,84.0,0.8,SAFE,0,feu_rouge,SAFE : arret au feu rouge
29.20,84.0,0.8,SAFE,0,feu_rouge,SAFE : arret au feu rouge
29.25,84.0,0.8,SAFE,0,feu_rouge,SAFE : arret au feu rouge
29.30,84.0,0.8,SAFE,0,feu_rouge,SAFE : arret au feu rouge
29.35,84.0,0.8,SAFE,0,feu_rouge,SAFE : arret au feu rouge
29.40,84.0,0.8,SAFE,0,feu_rouge,SAFE : arret au feu rouge
29.45,84.0,0.8,SAFE,0,feu_rouge,SAFE : arret au feu rouge
29.50,84.1,0.8,SAFE,0,feu_rouge,SAFE : arret au feu rouge
29.55,84.1,0.8,SAFE,0,feu_rouge,SAFE : arret au feu rouge
29.60,84.1,0.8,SAFE,0,feu_rouge,SAFE : arret au feu rouge
29.65,84.1,0.8,SAFE,0,feu_rouge,SAFE : arret au feu rouge
29.70,84.1,0.8,SAFE,0,feu_rouge,SAFE : arret au feu rouge
29.75,84.1,0.8,SAFE,0,feu_rouge,SAFE : arret au feu rouge
29.80,84.1,0.8,SAFE,0,feu_rouge,SAFE : arret au feu rouge
29.85,84.1,0.8,SAFE,0,feu_rouge,SAFE : arret au feu rouge
29.90,84.1,0.8,SAFE,0,feu_rouge,SAFE : arret au feu rouge
29.95,84.2,0.8,SAFE,0,feu_rouge,SAFE : arret au feu rouge
30.00,84.2,0.8,SAFE,0,feu_rouge,SAFE : arret au feu rouge
30.05,84.2,0.8,SAFE,0,feu_rouge,SAFE : arret au feu rouge
30.10,84.2,0.8,SAFE,0,feu_rouge,SAFE : arret au feu rouge
30.15,84.2,0.8,SAFE,0,feu_rouge,SAFE : arret au feu rouge
30.20,84.2,0.8,SAFE,0,feu_rouge,SAFE : arret au feu rouge
30.25,84.2,0.8,SAFE,0,feu_rouge,SAFE : arret au feu rouge
30.30,84.2,0.8,SAFE,0,feu_rouge,SAFE : arret au feu rouge
30.35,84.2,0.8,SAFE,0,feu_rouge,SAFE : arret au feu rouge
30.40,84.3,0.8,SAFE,0,feu_rouge,SAFE : arret au feu rouge
30.45,84.3,0.8,SAFE,0,feu_rouge,SAFE : arret au feu rouge
30.50,84.3,0.8,SAFE,0,feu_rouge,SAFE : arret au feu rouge
30.55,84.3,0.8,SAFE,0,feu_rouge,SAFE : arret au feu rouge
30.60,84.3,0.8,SAFE,0,feu_rouge,SAFE : arret au feu rouge
30.65,84.3,0.8,SAFE,0,feu_rouge,SAFE : arret au feu rouge
30.70,84.3,0.8,SAFE,0,feu_rouge,SAFE : arret au feu rouge
30.75,84.3,0.8,SAFE,0,feu_rouge,SAFE : arret au feu rouge
30.80,84.3,0.8,SAFE,0,feu_rouge,SAFE : arret au feu rouge
30.85,84.4,0.8,SAFE,0,feu_rouge,SAFE : arret au feu rouge
30.90,84.4,0.8,SAFE,0,feu_rouge,SAFE : arret au feu rouge
30.95,84.4,0.8,SAFE,0,feu_rouge,SAFE : arret au feu rouge
31.00,84.4,0.8,SAFE,0,feu_rouge,SAFE : arret au feu rouge
31.05,84.4,0.8,SAFE,0,feu_rouge,SAFE : arret au feu rouge
31.10,84.4,0.8,SAFE,0,feu_rouge,SAFE : arret au feu rouge
31.15,84.4,0.8,SAFE,0,feu_rouge,SAFE : arret au feu rouge
31.20,84.4,0.8,SAFE,0,feu_rouge,SAFE : arret au feu rouge
31.25,84.4,0.8,SAFE,0,feu_rouge,SAFE : arret au feu rouge
31.30,84.5,0.8,SAFE,0,feu_rouge,SAFE : arret au feu rouge
31.35,84.5,0.8,SAFE,0,feu_rouge,SAFE : arret au feu rouge
31.40,84.5,0.8,SAFE,0,feu_rouge,SAFE : arret au feu rouge
31.45,84.5,0.8,SAFE,0,feu_rouge,SAFE : arret au feu rouge
31.50,84.5,0.8,SAFE,0,feu_rouge,SAFE : arret au feu rouge
31.55,84.5,0.8,SAFE,0,feu_rouge,SAFE : arret au feu rouge
31.60,84.5,0.8,SAFE,0,feu_rouge,SAFE : arret au feu rouge
31.65,84.5,0.8,SAFE,0,feu_rouge,SAFE : arret au feu rouge
31.70,84.5,0.8,SAFE,0,feu_rouge,SAFE : arret au feu rouge
31.75,84.5,0.8,SAFE,0,feu_rouge,SAFE : arret au feu rouge
31.80,84.6,0.8,SAFE,0,feu_rouge,SAFE : arret au feu rouge
31.85,84.6,0.8,SAFE,0,feu_rouge,SAFE : arret au feu rouge
31.90,84.6,0.7,SAFE,0,feu_rouge,SAFE : arret au feu rouge
31.95,84.6,0.8,SAFE,0,feu_rouge,SAFE : arret au feu rouge
32.00,84.6,0.7,SAFE,0,feu_rouge,SAFE : arret au feu rouge
32.05,84.6,0.8,SAFE,0,feu_rouge,SAFE : arret au feu rouge
32.10,84.6,0.7,SAFE,0,feu_rouge,SAFE : arret au feu rouge
32.15,84.6,0.8,SAFE,0,feu_rouge,SAFE : arret au feu rouge
32.20,84.6,0.7,SAFE,0,feu_rouge,SAFE : arret au feu rouge
32.25,84.7,0.8,SAFE,0,feu_rouge,SAFE : arret au feu rouge
32.30,84.7,0.7,SAFE,0,feu_rouge,SAFE : arret au feu rouge
32.35,84.7,0.8,SAFE,0,feu_rouge,SAFE : arret au feu rouge
32.40,84.7,0.7,SAFE,0,feu_rouge,SAFE : arret au feu rouge
32.45,84.7,0.8,SAFE,0,feu_rouge,SAFE : arret au feu rouge
32.50,84.7,0.7,SAFE,0,feu_rouge,SAFE : arret au feu rouge
32.55,84.7,0.8,SAFE,0,feu_rouge,SAFE : arret au feu rouge
32.60,84.7,0.7,SAFE,0,feu_rouge,SAFE : arret au feu rouge
32.65,84.7,0.7,SAFE,0,feu_rouge,SAFE : arret au feu rouge
32.70,84.7,0.7,SAFE,0,feu_rouge,SAFE : arret au feu rouge
32.75,84.8,0.7,SAFE,0,feu_rouge,SAFE : arret au feu rouge
32.80,84.8,0.7,SAFE,0,feu_rouge,SAFE : arret au feu rouge
32.85,84.8,0.7,SAFE,0,feu_rouge,SAFE : arret au feu rouge
32.90,84.8,0.7,SAFE,0,feu_rouge,SAFE : arret au feu rouge
32.95,84.8,0.7,SAFE,0,feu_rouge,SAFE : arret au feu rouge
33.00,84.8,0.7,SAFE,0,feu_rouge,SAFE : arret au feu rouge
33.05,84.8,0.7,SAFE,0,feu_rouge,SAFE : arret au feu rouge
33.10,84.8,0.7,SAFE,0,feu_rouge,SAFE : arret au feu rouge
33.15,84.8,0.7,SAFE,0,feu_rouge,SAFE : arret au feu rouge
33.20,84.8,0.7,SAFE,0,feu_rouge,SAFE : arret au feu rouge
33.25,84.9,0.7,SAFE,0,feu_rouge,SAFE : arret au feu rouge
33.30,84.9,0.7,SAFE,0,feu_rouge,SAFE : arret au feu rouge
33.35,84.9,0.7,SAFE,0,feu_rouge,SAFE : arret au feu rouge
33.40,84.9,0.7,SAFE,0,feu_rouge,SAFE : arret au feu rouge
33.45,84.9,0.7,SAFE,0,feu_rouge,SAFE : arret au feu rouge
33.50,84.9,0.7,SAFE,0,feu_rouge,SAFE : arret au feu rouge
33.55,84.9,0.7,SAFE,0,feu_rouge,SAFE : arret au feu rouge
33.60,84.9,0.7,SAFE,0,feu_rouge,SAFE : arret au feu rouge
33.65,84.9,0.7,SAFE,0,feu_rouge,SAFE : arret au feu rouge
33.70,84.9,0.7,SAFE,0,feu_rouge,SAFE : arret au feu rouge
33.75,85.0,0.7,SAFE,0,feu_rouge,SAFE : arret au feu rouge
33.80,85.0,0.7,SAFE,0,feu_rouge,SAFE : arret au feu rouge
33.85,85.0,0.7,SAFE,0,feu_rouge,SAFE : arret au feu rouge
33.90,85.0,0.7,SAFE,0,feu_rouge,SAFE : arret au feu rouge
33.95,85.0,0.7,SAFE,0,feu_rouge,SAFE : arret au feu rouge
34.00,85.0,0.7,SAFE,0,feu_rouge,SAFE : arret au feu rouge
34.05,85.0,0.7,SAFE,0,feu_rouge,SAFE : arret au feu rouge
34.10,85.0,0.7,SAFE,0,feu_rouge,SAFE : arret au feu rouge
34.15,85.0,0.7,SAFE,0,feu_rouge,SAFE : arret au feu rouge
34.20,85.0,0.7,SAFE,0,feu_rouge,SAFE : arret au feu rouge
34.25,85.1,0.7,SAFE,0,feu_rouge,SAFE : arret au feu rouge
34.30,85.1,0.7,SAFE,0,,Voie libre
34.35,85.1,0.7,SAFE,0,,Voie libre
34.40,85.1,0.6,SAFE,0,,Voie libre
34.45,85.1,0.8,SAFE,0,,Voie libre
34.50,85.1,1.4,SAFE,0,,Voie libre
34.55,85.1,2.2,SAFE,0,,Voie libre
34.60,85.2,2.9,SAFE,0,,Voie libre
34.65,85.2,3.7,SAFE,0,,Voie libre
34.70,85.3,4.5,SAFE,0,,Voie libre
34.75,85.4,5.3,SAFE,0,,Voie libre
34.80,85.4,6.2,SAFE,0,,Voie libre
34.85,85.5,7.0,SAFE,0,,Voie libre
34.90,85.6,7.9,SAFE,0,,Voie libre
34.95,85.7,8.6,SAFE,0,,Voie libre
35.00,85.9,9.4,SAFE,0,,Voie libre
35.05,86.0,10.2,SAFE,0,,Voie libre
35.10,86.2,11.1,SAFE,0,,Voie libre
35.15,86.3,11.8,SAFE,0,,Voie libre
35.20,86.5,12.6,SAFE,0,,Voie libre
35.25,86.7,13.3,SAFE,0,,Voie libre
35.30,86.9,13.9,SAFE,0,,Voie libre
35.35,87.1,14.4,SAFE,0,,Voie libre
35.40,87.3,14.9,SAFE,0,,Voie libre
35.45,87.5,15.4,SAFE,0,,Voie libre
35.50,87.7,15.7,SAFE,0,,Voie libre
35.55,87.9,16.0,SAFE,0,,Voie libre
35.60,88.1,16.3,SAFE,0,,Voie libre
35.65,88.4,16.6,SAFE,0,,Voie libre
35.70,88.6,16.8,SAFE,0,,Voie libre
35.75,88.8,16.9,SAFE,0,,Voie libre
35.80,89.1,17.1,SAFE,0,,Voie libre
35.85,89.3,17.3,SAFE,0,,Voie libre
35.90,89.5,17.5,SAFE,0,,Voie libre
35.95,89.8,17.5,SAFE,0,,Voie libre
36.00,90.0,17.6,SAFE,0,,Voie libre
36.05,90.3,17.7,SAFE,0,,Voie libre
36.10,90.5,17.8,SAFE,0,,Voie libre
36.15,90.8,17.9,SAFE,0,,Voie libre
36.20,91.0,17.8,SAFE,0,,Voie libre
36.25,91.3,17.8,SAFE,0,,Voie libre
36.30,91.5,17.8,SAFE,0,,Voie libre
36.35,91.8,17.9,SAFE,0,,Voie libre
36.40,92.0,17.9,SAFE,0,,Voie libre
36.45,92.2,17.8,SAFE,0,,Voie libre
36.50,92.5,17.7,SAFE,0,,Voie libre
36.55,92.7,17.7,SAFE,0,,Voie libre
36.60,93.0,17.7,SAFE,0,,Voie libre
36.65,93.2,17.8,SAFE,0,,Voie libre
36.70,93.5,17.6,SAFE,0,,Voie libre
36.75,93.7,17.4,SAFE,0,,Voie libre
36.80,93.9,17.3,SAFE,0,,Voie libre
36.85,94.2,17.3,SAFE,0,,Voie libre
36.90,94.4,17.3,SAFE,0,,Voie libre
36.95,94.7,17.3,SAFE,0,,Voie libre
37.00,94.9,17.2,SAFE,0,,Voie libre
37.05,95.1,17.0,SAFE,0,,Voie libre
37.10,95.4,17.0,SAFE,0,,Voie libre
37.15,95.6,17.0,SAFE,0,,Voie libre
37.20,95.8,17.1,SAFE,0,,Voie libre
37.25,96.1,17.2,SAFE,0,,Voie libre
37.30,96.3,17.3,SAFE,0,,Voie libre
37.35,96.6,17.3,SAFE,0,,Voie libre
37.40,96.8,17.3,SAFE,0,,Voie libre
37.45,97.0,17.3,SAFE,0,,Voie libre
37.50,97.3,17.4,SAFE,0,,Voie libre
37.55,97.5,17.5,SAFE,0,,Voie libre
37.60,97.8,17.6,SAFE,0,,Voie libre
37.65,98.0,17.7,SAFE,0,,Voie libre
37.70,98.3,17.8,SAFE,0,,Voie libre
37.75,98.5,17.8,SAFE,0,,Voie libre
37.80,98.7,17.9,SAFE,0,,Voie libre
37.85,99.0,18.0,SAFE,0,,Voie libre
37.90,99.2,18.1,SAFE,0,,Voie libre
37.95,99.5,18.1,SAFE,0,,Voie libre
38.00,99.7,18.0,SAFE,0,,Voie libre
38.05,100.0,18.2,SAFE,0,,Voie libre
38.10,100.3,18.2,SAFE,0,,Voie libre
38.15,100.5,18.2,SAFE,0,,Voie libre
38.20,100.8,18.2,SAFE,0,,Voie libre
38.25,101.0,18.1,SAFE,0,,Voie libre
38.30,101.3,18.1,SAFE,0,,Voie libre
38.35,101.5,18.0,SAFE,0,,Voie libre
38.40,101.8,18.1,SAFE,0,,Voie libre
38.45,102.0,18.2,SAFE,0,,Voie libre
38.50,102.3,18.0,SAFE,0,,Voie libre
38.55,102.5,18.2,SAFE,0,,Voie libre
38.60,102.8,18.2,SAFE,0,,Voie libre
38.65,103.0,18.1,SAFE,0,,Voie libre
38.70,103.3,18.2,SAFE,0,,Voie libre
38.75,103.5,18.2,SAFE,0,,Voie libre
38.80,103.8,18.2,SAFE,0,,Voie libre
38.85,104.0,18.2,SAFE,0,,Voie libre
38.90,104.3,18.0,SAFE,0,,Voie libre
38.95,104.5,18.4,SAFE,0,,Voie libre
39.00,104.8,18.2,SAFE,0,,Voie libre
39.05,105.0,18.0,SAFE,0,,Voie libre
39.10,105.3,18.4,SAFE,0,,Voie libre
39.15,105.5,18.5,SAFE,0,,Voie libre
39.20,105.8,18.1,SAFE,0,,Voie libre
39.25,106.1,18.5,SAFE,0,,Voie libre
39.30,106.3,18.2,SAFE,0,,Voie libre
39.35,106.6,18.5,SAFE,0,,Voie libre
39.40,106.8,18.1,SAFE,0,,Voie libre
39.45,107.1,18.5,SAFE,0,,Voie libre
39.50,107.3,18.3,SAFE,0,,Voie libre
39.55,107.6,18.6,SAFE,0,,Voie libre
39.60,107.8,18.2,SAFE,0,,Voie libre
39.65,108.1,18.7,SAFE,0,,Voie libre
39.70,108.4,18.5,SAFE,0,,Voie libre
39.75,108.6,18.7,SAFE,0,,Voie libre
39.80,108.9,18.4,SAFE,0,,Voie libre
39.85,109.1,18.8,SAFE,0,,Voie libre
39.90,109.4,18.6,SAFE,0,,Voie libre
39.95,109.6,18.9,SAFE,0,,Voie libre
40.00,109.9,18.5,SAFE,0,,Voie libre
40.05,110.2,18.9,SAFE,1,,Situation maîtrisée
40.10,110.4,18.8,SAFE,1,,Situation maîtrisée
40.15,110.7,19.0,SAFE,1,,Situation maîtrisée
40.20,110.9,18.6,SAFE,1,,Situation maîtrisée
40.25,111.2,19.1,SAFE,1,,Situation maîtrisée
40.30,111.5,18.9,SAFE,1,,Situation maîtrisée
40.35,111.7,19.1,SAFE,1,,Situation maîtrisée
40.40,112.0,18.8,SAFE,1,,Situation maîtrisée
40.45,112.3,19.2,SAFE,1,,Situation maîtrisée
40.50,112.5,19.0,SAFE,1,,Situation maîtrisée
40.55,112.8,19.3,SAFE,1,,Situation maîtrisée
40.60,113.1,18.9,SAFE,1,,Situation maîtrisée
40.65,113.3,19.3,SAFE,1,,Situation maîtrisée
40.70,113.6,19.1,SAFE,1,,Situation maîtrisée
40.75,113.9,19.4,SAFE,1,,Situation maîtrisée
40.80,114.1,19.0,SAFE,1,,Situation maîtrisée
40.85,114.4,19.5,SAFE,1,,Situation maîtrisée
40.90,114.7,19.2,SAFE,1,,Situation maîtrisée
40.95,114.9,19.6,SAFE,1,,Situation maîtrisée
41.00,115.2,19.2,SAFE,1,,Situation maîtrisée
41.05,115.5,19.6,SAFE,1,,Situation maîtrisée
41.10,115.7,19.3,SAFE,1,,Situation maîtrisée
41.15,116.0,19.6,SAFE,1,,Situation maîtrisée
41.20,116.3,19.3,SAFE,1,,Situation maîtrisée
41.25,116.6,19.7,SAFE,1,,Situation maîtrisée
41.30,116.8,19.4,SAFE,1,,Situation maîtrisée
41.35,117.1,19.7,SAFE,1,,Situation maîtrisée
41.40,117.4,19.3,SAFE,1,,Situation maîtrisée
41.45,117.6,19.8,SAFE,1,,Situation maîtrisée
41.50,117.9,19.6,SAFE,1,,Situation maîtrisée
41.55,118.2,19.9,SAFE,1,,Situation maîtrisée
41.60,118.5,19.5,SAFE,1,,Situation maîtrisée
41.65,118.7,20.0,SAFE,1,,Situation maîtrisée
41.70,119.0,19.7,SAFE,1,,Situation maîtrisée
41.75,119.3,20.0,SAFE,1,,Situation maîtrisée
41.80,119.6,19.6,SAFE,1,,Situation maîtrisée
41.85,119.8,20.1,SAFE,1,,Situation maîtrisée
41.90,120.1,19.8,SAFE,1,,Situation maîtrisée
41.95,120.4,20.0,SAFE,1,,Situation maîtrisée
42.00,120.7,19.6,SAFE,1,,Situation maîtrisée
42.05,120.9,20.1,SAFE,1,,Situation maîtrisée
42.10,121.2,19.7,SAFE,1,,Situation maîtrisée
42.15,121.5,20.0,SAFE,1,,Situation maîtrisée
42.20,121.8,19.6,SAFE,1,,Situation maîtrisée
42.25,122.0,20.0,SAFE,1,,Situation maîtrisée
42.30,122.3,19.7,SAFE,1,,Situation maîtrisée
42.35,122.6,19.9,SAFE,1,,Situation maîtrisée
42.40,122.9,19.5,SAFE,1,,Situation maîtrisée
42.45,123.1,19.9,SAFE,1,,Situation maîtrisée
42.50,123.4,19.6,SAFE,1,,Situation maîtrisée
42.55,123.7,19.8,SAFE,1,,Situation maîtrisée
42.60,124.0,19.4,SAFE,1,,Situation maîtrisée
42.65,124.2,19.8,SAFE,1,,Situation maîtrisée
42.70,124.5,19.5,SAFE,1,,Situation maîtrisée
42.75,124.8,19.7,SAFE,1,,Situation maîtrisée
42.80,125.0,19.2,SAFE,1,,Situation maîtrisée
42.85,125.3,19.6,SAFE,1,,Situation maîtrisée
42.90,125.6,19.3,SAFE,1,,Situation maîtrisée
42.95,125.9,19.5,SAFE,1,,Situation maîtrisée
43.00,126.1,19.1,SAFE,1,,Situation maîtrisée
43.05,126.4,19.4,SAFE,1,,Situation maîtrisée
43.10,126.7,19.0,SAFE,1,,Situation maîtrisée
43.15,126.9,19.2,SAFE,1,,Situation maîtrisée
43.20,127.2,18.8,SAFE,1,,Situation maîtrisée
43.25,127.5,19.2,SAFE,1,,Situation maîtrisée
43.30,127.7,18.8,SAFE,1,,Situation maîtrisée
43.35,128.0,19.0,SAFE,1,,Situation maîtrisée
43.40,128.2,18.6,SAFE,1,,Situation maîtrisée
43.45,128.5,19.0,SAFE,1,,Situation maîtrisée
43.50,128.8,18.6,SAFE,1,,Situation maîtrisée
43.55,129.0,18.9,SAFE,1,,Situation maîtrisée
43.60,129.3,18.5,SAFE,1,,Situation maîtrisée
43.65,129.5,18.9,SAFE,1,,Situation maîtrisée
43.70,129.8,18.5,SAFE,1,,Situation maîtrisée
43.75,130.1,18.7,SAFE,1,,Situation maîtrisée
43.80,130.3,18.4,SAFE,1,,Situation maîtrisée
43.85,130.6,18.8,SAFE,1,,Situation maîtrisée
43.90,130.8,18.3,SAFE,1,,Situation maîtrisée
43.95,131.1,18.6,SAFE,1,,Situation maîtrisée
44.00,131.3,18.2,SAFE,1,,Situation maîtrisée
44.05,131.6,18.6,SAFE,1,,Situation maîtrisée
44.10,131.9,18.2,SAFE,1,,Situation maîtrisée
44.15,132.1,18.4,SAFE,1,,Situation maîtrisée
44.20,132.4,18.0,SAFE,1,,Situation maîtrisée
44.25,132.6,18.4,SAFE,1,,Situation maîtrisée
44.30,132.9,18.5,SAFE,1,,Situation maîtrisée
44.35,133.1,18.1,SAFE,1,,Situation maîtrisée
44.40,133.4,18.5,SAFE,1,,Situation maîtrisée
44.45,133.6,18.5,SAFE,1,,Situation maîtrisée
44.50,133.9,18.0,SAFE,1,,Situation maîtrisée
44.55,134.1,18.4,SAFE,1,,Situation maîtrisée
44.60,134.4,18.2,SAFE,1,,Situation maîtrisée
44.65,134.6,18.2,SAFE,1,,Situation maîtrisée
44.70,134.9,18.2,SAFE,1,,Situation maîtrisée
44.75,135.2,18.0,SAFE,1,,Situation maîtrisée
44.80,135.4,18.3,SAFE,1,,Situation maîtrisée
44.85,135.7,18.3,SAFE,1,,Situation maîtrisée
44.90,135.9,18.2,SAFE,1,,Situation maîtrisée
44.95,136.2,18.2,SAFE,1,,Situation maîtrisée
45.00,136.4,18.1,SAFE,1,,Situation maîtrisée
45.05,136.7,18.2,SAFE,1,,Situation maîtrisée
45.10,136.9,18.1,SAFE,1,,Situation maîtrisée
45.15,137.2,18.2,SAFE,1,,Situation maîtrisée
45.20,137.4,18.1,SAFE,1,,Situation maîtrisée
45.25,137.7,18.1,SAFE,1,,Situation maîtrisée
45.30,137.9,18.3,SAFE,1,,Situation maîtrisée
45.35,138.2,18.2,SAFE,1,,Situation maîtrisée
45.40,138.4,18.1,SAFE,1,,Situation maîtrisée
45.45,138.7,18.2,SAFE,1,,Situation maîtrisée
45.50,138.9,18.2,SAFE,1,,Situation maîtrisée
45.55,139.2,18.0,SAFE,1,,Situation maîtrisée
45.60,139.4,18.1,SAFE,1,,Situation maîtrisée
45.65,139.7,18.2,SAFE,1,,Situation maîtrisée
45.70,139.9,18.3,SAFE,1,,Situation maîtrisée
45.75,140.2,18.1,SAFE,1,,Situation maîtrisée
45.80,140.4,18.0,SAFE,1,,Situation maîtrisée
45.85,140.7,18.1,SAFE,1,,Situation maîtrisée
45.90,140.9,18.3,SAFE,1,,Situation maîtrisée
45.95,141.2,18.0,SAFE,1,,Situation maîtrisée
46.00,141.5,18.0,SAFE,1,,Situation maîtrisée
46.05,141.7,18.1,SAFE,1,,Situation maîtrisée
46.10,142.0,18.2,SAFE,1,,Situation maîtrisée
46.15,142.2,18.2,SAFE,1,,Situation maîtrisée
46.20,142.5,18.0,SAFE,1,,Situation maîtrisée
46.25,142.7,18.1,SAFE,1,,Situation maîtrisée
46.30,143.0,18.3,SAFE,1,,Situation maîtrisée
46.35,143.2,18.0,SAFE,1,,Situation maîtrisée
46.40,143.5,18.0,SAFE,1,,Situation maîtrisée
46.45,143.7,18.2,SAFE,1,,Situation maîtrisée
46.50,144.0,18.2,SAFE,1,,Situation maîtrisée
46.55,144.2,18.0,SAFE,1,,Situation maîtrisée
46.60,144.5,18.1,SAFE,1,,Situation maîtrisée
46.65,144.7,18.2,SAFE,1,,Situation maîtrisée
46.70,145.0,18.2,SAFE,1,,Situation maîtrisée
46.75,145.2,18.1,SAFE,1,,Situation maîtrisée
46.80,145.5,18.2,SAFE,1,,Situation maîtrisée
46.85,145.7,18.1,SAFE,1,,Situation maîtrisée
46.90,146.0,18.3,SAFE,1,,Situation maîtrisée
46.95,146.2,18.1,SAFE,1,,Situation maîtrisée
47.00,146.5,18.3,SAFE,1,,Situation maîtrisée
47.05,146.7,18.1,SAFE,1,,Situation maîtrisée
47.10,147.0,18.3,SAFE,1,,Situation maîtrisée
47.15,147.2,18.1,SAFE,1,,Situation maîtrisée
47.20,147.5,18.2,SAFE,1,,Situation maîtrisée
47.25,147.8,18.2,SAFE,1,,Situation maîtrisée
47.30,148.0,18.2,SAFE,1,,Situation maîtrisée
47.35,148.3,18.2,SAFE,1,,Situation maîtrisée
47.40,148.5,18.0,SAFE,1,,Situation maîtrisée
47.45,148.8,18.3,SAFE,1,,Situation maîtrisée
47.50,149.0,18.1,SAFE,1,,Situation maîtrisée
47.55,149.3,18.2,SAFE,1,,Situation maîtrisée
47.60,149.5,18.2,SAFE,1,,Situation maîtrisée
47.65,149.8,18.0,SAFE,1,,Situation maîtrisée
47.70,150.0,18.3,SAFE,1,,Situation maîtrisée
47.75,150.3,18.2,SAFE,1,,Situation maîtrisée
47.80,150.5,18.2,SAFE,1,,Situation maîtrisée
47.85,150.8,18.3,SAFE,1,,Situation maîtrisée
47.90,151.0,18.1,SAFE,1,,Situation maîtrisée
47.95,151.3,18.4,SAFE,1,,Situation maîtrisée
48.00,151.5,18.2,SAFE,1,,Situation maîtrisée
48.05,151.8,18.0,SAFE,1,,Situation maîtrisée
48.10,152.0,18.3,SAFE,1,,Situation maîtrisée
48.15,152.3,18.1,SAFE,1,,Situation maîtrisée
48.20,152.5,18.4,SAFE,1,,Situation maîtrisée
48.25,152.8,18.2,SAFE,1,,Situation maîtrisée
48.30,153.1,18.0,SAFE,1,,Situation maîtrisée
48.35,153.3,18.4,SAFE,1,,Situation maîtrisée
48.40,153.6,18.2,SAFE,1,,Situation maîtrisée
48.45,153.8,18.0,SAFE,1,,Situation maîtrisée
48.50,154.1,18.4,SAFE,1,,Situation maîtrisée
48.55,154.3,18.1,SAFE,1,,Situation maîtrisée
48.60,154.6,18.2,SAFE,1,,Situation maîtrisée
48.65,154.8,18.3,SAFE,1,,Situation maîtrisée
48.70,155.1,18.1,SAFE,1,,Situation maîtrisée
48.75,155.3,18.3,SAFE,1,,Situation maîtrisée
48.80,155.6,18.3,SAFE,1,,Situation maîtrisée
48.85,155.8,18.1,SAFE,1,,Situation maîtrisée
48.90,156.1,18.2,SAFE,1,,Situation maîtrisée
48.95,156.3,18.3,SAFE,1,,Situation maîtrisée
49.00,156.6,18.2,SAFE,1,,Situation maîtrisée
49.05,156.8,18.0,SAFE,1,,Situation maîtrisée
49.10,157.1,18.4,SAFE,1,,Situation maîtrisée
49.15,157.4,18.2,SAFE,1,,Situation maîtrisée
49.20,157.6,18.1,SAFE,1,,Situation maîtrisée
49.25,157.9,18.4,SAFE,1,,Situation maîtrisée
49.30,158.1,18.2,SAFE,1,,Situation maîtrisée
49.35,158.4,18.5,SAFE,1,,Situation maîtrisée
49.40,158.6,18.0,SAFE,1,,Situation maîtrisée
49.45,158.9,18.5,SAFE,1,,Situation maîtrisée
49.50,159.1,18.1,SAFE,1,,Situation maîtrisée
49.55,159.4,18.5,SAFE,1,,Situation maîtrisée
49.60,159.6,18.5,SAFE,1,,Situation maîtrisée
49.65,159.9,18.3,SAFE,1,,Situation maîtrisée
49.70,160.1,18.1,SAFE,1,,Situation maîtrisée
49.75,160.4,18.2,SAFE,1,,Situation maîtrisée
49.80,160.7,18.2,SAFE,1,,Situation maîtrisée
49.85,160.9,18.7,SAFE,1,,Situation maîtrisée
49.90,161.2,18.3,SAFE,1,,Situation maîtrisée
49.95,161.4,18.6,SAFE,1,,Situation maîtrisée
50.00,161.7,18.2,SAFE,1,,Situation maîtrisée
50.05,161.9,18.7,SAFE,1,,Situation maîtrisée
50.10,162.2,18.3,SAFE,1,,Situation maîtrisée
50.15,162.4,18.6,SAFE,1,,Situation maîtrisée
50.20,162.7,18.3,SAFE,1,,Situation maîtrisée
50.25,163.0,18.8,SAFE,1,,Situation maîtrisée
50.30,163.2,18.4,SAFE,1,,Situation maîtrisée
50.35,163.5,18.7,SAFE,1,,Situation maîtrisée
50.40,163.7,18.4,SAFE,1,,Situation maîtrisée
50.45,164.0,18.9,SAFE,1,,Situation maîtrisée
50.50,164.3,18.5,SAFE,1,,Situation maîtrisée
50.55,164.5,18.8,SAFE,1,,Situation maîtrisée
50.60,164.8,18.5,SAFE,1,,Situation maîtrisée
50.65,165.0,19.0,SAFE,1,,Situation maîtrisée
50.70,165.3,18.7,SAFE,1,,Situation maîtrisée
50.75,165.6,19.0,SAFE,1,,Situation maîtrisée
50.80,165.8,18.6,SAFE,1,,Situation maîtrisée
50.85,166.1,19.1,SAFE,1,,Situation maîtrisée
50.90,166.3,18.8,SAFE,1,,Situation maîtrisée
50.95,166.6,19.1,SAFE,1,,Situation maîtrisée
51.00,166.9,18.7,SAFE,1,,Situation maîtrisée
51.05,167.1,19.2,SAFE,1,,Situation maîtrisée
51.10,167.4,18.9,SAFE,1,,Situation maîtrisée
51.15,167.7,19.2,SAFE,1,,Situation maîtrisée
51.20,167.9,18.9,SAFE,1,,Situation maîtrisée
51.25,168.2,19.4,SAFE,1,,Situation maîtrisée
51.30,168.5,19.0,SAFE,1,,Situation maîtrisée
51.35,168.7,19.3,SAFE,1,,Situation maîtrisée
51.40,169.0,19.0,SAFE,1,,Situation maîtrisée
51.45,169.3,19.5,SAFE,1,,Situation maîtrisée
51.50,169.5,19.3,SAFE,1,,Situation maîtrisée
51.55,169.8,19.5,SAFE,1,,Situation maîtrisée
51.60,170.1,19.1,SAFE,1,,Situation maîtrisée
51.65,170.3,19.5,SAFE,1,,Situation maîtrisée
51.70,170.6,19.3,SAFE,1,,Situation maîtrisée
51.75,170.9,19.6,SAFE,1,,Situation maîtrisée
51.80,171.1,19.3,SAFE,1,,Situation maîtrisée
51.85,171.4,19.7,SAFE,1,,Situation maîtrisée
51.90,171.7,19.4,SAFE,1,,Situation maîtrisée
51.95,172.0,19.7,SAFE,1,,Situation maîtrisée
52.00,172.2,19.3,SAFE,1,,Situation maîtrisée
52.05,172.5,19.8,SAFE,1,,Situation maîtrisée
52.10,172.8,19.6,SAFE,1,,Situation maîtrisée
52.15,173.0,19.9,SAFE,1,,Situation maîtrisée
52.20,173.3,19.5,SAFE,1,,Situation maîtrisée
52.25,173.6,20.0,SAFE,1,,Situation maîtrisée
52.30,173.9,19.7,SAFE,1,,Situation maîtrisée
52.35,174.1,20.0,SAFE,1,,Situation maîtrisée
52.40,174.4,19.6,SAFE,1,,Situation maîtrisée
52.45,174.7,20.1,SAFE,1,,Situation maîtrisée
52.50,175.0,19.8,SAFE,1,,Situation maîtrisée
52.55,175.3,20.0,SAFE,1,,Situation maîtrisée
52.60,175.5,19.7,SAFE,1,,Situation maîtrisée
52.65,175.8,20.1,SAFE,1,,Situation maîtrisée
52.70,176.1,19.8,SAFE,1,,Situation maîtrisée
52.75,176.4,20.1,SAFE,1,,Situation maîtrisée
52.80,176.6,19.7,SAFE,1,,Situation maîtrisée
52.85,176.9,20.2,SAFE,1,,Situation maîtrisée
52.90,177.2,19.9,SAFE,1,,Situation maîtrisée
52.95,177.5,20.1,SAFE,1,,Situation maîtrisée
53.00,177.7,19.8,SAFE,1,,Situation maîtrisée
53.05,178.0,20.2,SAFE,1,,Situation maîtrisée
53.10,178.3,19.9,SAFE,1,,Situation maîtrisée
53.15,178.6,20.2,SAFE,1,,Situation maîtrisée
53.20,178.9,19.8,SAFE,1,,Situation maîtrisée
53.25,179.1,20.2,SAFE,1,,Situation maîtrisée
53.30,179.4,19.9,SAFE,1,,Situation maîtrisée
53.35,179.7,20.2,SAFE,1,,Situation maîtrisée
53.40,180.0,19.8,SAFE,1,,Situation maîtrisée
53.45,180.2,20.3,SAFE,1,,Situation maîtrisée
53.50,180.5,20.0,SAFE,1,,Situation maîtrisée
53.55,180.8,20.2,SAFE,1,,Situation maîtrisée
53.60,181.1,19.9,SAFE,1,,Situation maîtrisée
53.65,181.4,20.3,SAFE,1,,Situation maîtrisée
53.70,181.6,20.0,SAFE,1,,Situation maîtrisée
53.75,181.9,20.2,SAFE,1,,Situation maîtrisée
53.80,182.2,19.9,SAFE,1,,Situation maîtrisée
53.85,182.5,20.3,SAFE,1,,Situation maîtrisée
53.90,182.8,20.0,SAFE,1,,Situation maîtrisée
53.95,183.0,20.3,SAFE,1,,Situation maîtrisée
54.00,183.3,19.9,SAFE,1,,Situation maîtrisée
54.05,183.6,20.3,SAFE,1,,Situation maîtrisée
54.10,183.9,20.0,SAFE,1,,Situation maîtrisée
54.15,184.2,20.3,SAFE,1,,Situation maîtrisée
54.20,184.4,19.9,SAFE,1,,Situation maîtrisée
54.25,184.7,20.3,SAFE,1,,Situation maîtrisée
54.30,185.0,20.1,SAFE,1,,Situation maîtrisée
54.35,185.3,20.3,SAFE,1,,Situation maîtrisée
54.40,185.6,19.9,SAFE,1,,Situation maîtrisée
54.45,185.8,20.3,SAFE,1,,Situation maîtrisée
54.50,186.1,20.1,SAFE,1,,Situation maîtrisée
54.55,186.4,20.3,SAFE,1,,Situation maîtrisée
54.60,186.7,19.9,SAFE,1,,Situation maîtrisée
54.65,187.0,20.4,SAFE,1,,Situation maîtrisée
54.70,187.2,20.1,SAFE,1,,Situation maîtrisée
54.75,187.5,20.3,SAFE,1,,Situation maîtrisée
54.80,187.8,19.9,SAFE,1,,Situation maîtrisée
54.85,188.1,20.4,SAFE,1,,Situation maîtrisée
54.90,188.4,20.1,SAFE,1,,Situation maîtrisée
54.95,188.6,20.3,SAFE,1,moteur:physique,Situation maîtrisée
55.00,188.9,20.0,SAFE,1,moteur:physique,Situation maîtrisée
55.05,189.2,20.4,SAFE,1,moteur:physique,Situation maîtrisée
55.10,189.5,20.1,SAFE,1,moteur:physique,Situation maîtrisée
55.15,189.8,20.3,SAFE,1,moteur:physique,Situation maîtrisée
55.20,190.0,20.0,SAFE,1,moteur:physique,Situation maîtrisée
55.25,190.3,20.4,SAFE,1,moteur:physique,Situation maîtrisée
55.30,190.6,20.1,SAFE,1,moteur:physique,Situation maîtrisée
55.35,190.9,20.3,SAFE,1,moteur:physique,Situation maîtrisée
55.40,191.2,20.0,SAFE,1,moteur:physique,Situation maîtrisée
55.45,191.4,20.4,SAFE,1,moteur:physique,Situation maîtrisée
55.50,191.7,20.1,SAFE,1,moteur:physique,Situation maîtrisée
55.55,192.0,20.3,SAFE,1,moteur:physique,Situation maîtrisée
55.60,192.3,20.0,SAFE,1,moteur:physique,Situation maîtrisée
55.65,192.6,20.4,SAFE,1,moteur:physique,Situation maîtrisée
55.70,192.8,20.1,SAFE,1,moteur:physique,Situation maîtrisée
55.75,193.1,20.3,SAFE,1,moteur:physique,Situation maîtrisée
55.80,193.4,20.0,SAFE,1,moteur:physique,Situation maîtrisée
55.85,193.7,20.4,SAFE,1,,Situation maîtrisée
55.90,194.0,20.1,SAFE,1,,Situation maîtrisée
55.95,194.2,20.3,SAFE,1,,Situation maîtrisée
56.00,194.5,20.0,SAFE,1,,Situation maîtrisée
56.05,194.8,20.4,SAFE,1,,Situation maîtrisée
56.10,195.1,20.1,SAFE,1,,Situation maîtrisée
56.15,195.4,20.4,SAFE,1,,Situation maîtrisée
56.20,195.7,20.0,SAFE,1,,Situation maîtrisée
56.25,195.9,20.4,SAFE,1,,Situation maîtrisée
56.30,196.2,20.1,SAFE,1,,Situation maîtrisée
56.35,196.5,20.4,SAFE,1,,Situation maîtrisée
56.40,196.8,20.0,SAFE,0,,Voie libre
56.45,197.1,20.4,SAFE,0,,Voie libre
56.50,197.3,20.1,SAFE,0,,Voie libre
56.55,197.6,20.4,SAFE,0,,Voie libre
56.60,197.9,20.0,SAFE,0,,Voie libre
56.65,198.2,20.4,SAFE,0,,Voie libre
56.70,198.5,20.1,SAFE,0,,Voie libre
56.75,198.7,20.4,SAFE,0,,Voie libre
56.80,199.0,20.0,SAFE,0,,Voie libre
56.85,199.3,20.4,SAFE,0,,Voie libre
56.90,199.6,20.1,SAFE,0,,Voie libre
56.95,199.9,20.4,SAFE,0,,Voie libre
57.00,200.1,20.0,SAFE,0,,Voie libre
57.05,200.4,20.4,SAFE,0,,Voie libre
57.10,200.7,20.1,SAFE,0,,Voie libre
57.15,201.0,20.4,SAFE,0,,Voie libre
57.20,201.3,20.0,SAFE,0,,Voie libre
57.25,201.5,20.4,SAFE,0,,Voie libre
57.30,201.8,20.1,SAFE,0,,Voie libre
57.35,202.1,20.4,SAFE,0,,Voie libre
57.40,202.4,20.0,SAFE,1,,Situation maîtrisée
57.45,202.7,20.4,SAFE,1,,Situation maîtrisée
57.50,203.0,20.1,SAFE,1,,Situation maîtrisée
57.55,203.2,20.4,SAFE,1,,Situation maîtrisée
57.60,203.5,20.0,SAFE,1,,Situation maîtrisée
57.65,203.8,20.4,SAFE,1,,Situation maîtrisée
57.70,204.1,20.1,SAFE,1,,Situation maîtrisée
57.75,204.4,20.4,SAFE,1,,Situation maîtrisée
57.80,204.6,20.0,SAFE,1,,Situation maîtrisée
57.85,204.9,20.4,SAFE,1,,Situation maîtrisée
57.90,205.2,20.1,SAFE,1,,Situation maîtrisée
57.95,205.5,20.4,SAFE,1,,Situation maîtrisée
58.00,205.8,20.0,SAFE,1,,Situation maîtrisée
58.05,206.0,20.4,SAFE,1,,Situation maîtrisée
58.10,206.3,20.1,SAFE,1,,Situation maîtrisée
58.15,206.6,20.4,SAFE,1,,Situation maîtrisée
58.20,206.9,20.0,SAFE,1,,Situation maîtrisée
58.25,207.2,20.4,SAFE,1,,Situation maîtrisée
58.30,207.4,20.1,SAFE,1,,Situation maîtrisée
58.35,207.7,20.4,SAFE,1,,Situation maîtrisée
58.40,208.0,20.0,SAFE,1,,Situation maîtrisée
58.45,208.3,20.4,SAFE,1,,Situation maîtrisée
58.50,208.6,20.1,SAFE,1,,Situation maîtrisée
58.55,208.8,20.4,SAFE,1,,Situation maîtrisée
58.60,209.1,20.0,SAFE,1,,Situation maîtrisée
58.65,209.4,20.4,SAFE,1,,Situation maîtrisée
58.70,209.7,20.1,SAFE,1,,Situation maîtrisée
58.75,210.0,20.4,SAFE,1,,Situation maîtrisée
58.80,210.2,20.0,SAFE,1,,Situation maîtrisée
58.85,210.5,20.4,SAFE,1,,Situation maîtrisée
58.90,210.8,20.1,SAFE,1,,Situation maîtrisée
58.95,211.1,20.4,SAFE,1,,Situation maîtrisée
59.00,211.4,20.0,SAFE,1,,Situation maîtrisée
59.05,211.7,20.4,SAFE,1,,Situation maîtrisée
59.10,211.9,20.1,SAFE,1,,Situation maîtrisée
59.15,212.2,20.4,SAFE,1,,Situation maîtrisée
59.20,212.5,20.0,SAFE,1,,Situation maîtrisée
59.25,212.8,20.4,SAFE,1,,Situation maîtrisée
59.30,213.1,20.1,SAFE,1,,Situation maîtrisée
59.35,213.3,20.4,SAFE,1,,Situation maîtrisée
59.40,213.6,20.0,SAFE,1,,Situation maîtrisée
59.45,213.9,20.4,SAFE,2,,Situation maîtrisée
59.50,214.2,20.1,SAFE,2,,Situation maîtrisée
59.55,214.5,20.4,SAFE,2,,Situation maîtrisée
59.60,214.7,20.0,SAFE,2,,Situation maîtrisée
59.65,215.0,20.4,SAFE,2,,Situation maîtrisée
59.70,215.3,20.1,SAFE,2,,Situation maîtrisée
59.75,215.6,20.4,SAFE,2,,Situation maîtrisée
59.80,215.9,20.0,SAFE,2,,Situation maîtrisée
59.85,216.1,20.4,SAFE,2,,Situation maîtrisée
59.90,216.4,20.1,SAFE,2,,Situation maîtrisée
59.95,216.7,20.4,SAFE,2,,Situation maîtrisée
60.00,217.0,20.0,SAFE,2,,Situation maîtrisée
60.05,217.3,20.4,SAFE,2,,Situation maîtrisée
60.10,217.5,20.1,SAFE,2,,Situation maîtrisée
60.15,217.8,20.4,SAFE,2,,Situation maîtrisée
60.20,218.1,20.0,SAFE,2,,Situation maîtrisée
60.25,218.4,20.4,SAFE,2,,Situation maîtrisée
60.30,218.7,20.1,SAFE,2,,Situation maîtrisée
60.35,219.0,20.4,SAFE,2,,Situation maîtrisée
60.40,219.2,20.0,SAFE,2,,Situation maîtrisée
60.45,219.5,20.4,SAFE,2,,Situation maîtrisée
60.50,219.8,20.1,SAFE,2,,Situation maîtrisée
60.55,220.1,20.4,SAFE,2,,Situation maîtrisée
60.60,220.4,20.0,SAFE,2,,Situation maîtrisée
60.65,220.6,20.4,SAFE,2,,Situation maîtrisée
60.70,220.9,20.1,SAFE,2,,Situation maîtrisée
60.75,221.2,20.4,SAFE,2,,Situation maîtrisée
60.80,221.5,20.0,SAFE,2,,Situation maîtrisée
60.85,221.8,20.4,SAFE,2,,Situation maîtrisée
60.90,222.0,20.1,SAFE,2,,Situation maîtrisée
60.95,222.3,20.4,SAFE,2,,Situation maîtrisée
61.00,222.6,20.0,SAFE,2,,Situation maîtrisée
61.05,222.9,20.4,SAFE,2,,Situation maîtrisée
61.10,223.2,20.1,SAFE,2,,Situation maîtrisée
61.15,223.4,20.4,SAFE,2,,Situation maîtrisée
61.20,223.7,20.0,SAFE,2,,Situation maîtrisée
61.25,224.0,20.4,SAFE,2,,Situation maîtrisée
61.30,224.3,20.1,SAFE,2,,Situation maîtrisée
61.35,224.6,20.4,SAFE,2,,Situation maîtrisée
61.40,224.8,20.0,SAFE,2,,Situation maîtrisée
61.45,225.1,20.4,SAFE,2,,Situation maîtrisée
61.50,225.4,20.1,SAFE,2,,Situation maîtrisée
61.55,225.7,20.4,SAFE,2,,Situation maîtrisée
61.60,226.0,20.0,SAFE,2,,Situation maîtrisée
61.65,226.3,20.4,SAFE,2,,Situation maîtrisée
61.70,226.5,20.1,SAFE,2,,Situation maîtrisée
61.75,226.8,20.4,SAFE,2,,Situation maîtrisée
61.80,227.1,20.0,SAFE,2,,Situation maîtrisée
61.85,227.4,20.4,SAFE,2,,Situation maîtrisée
61.90,227.7,20.1,SAFE,2,,Situation maîtrisée
61.95,227.9,20.4,SAFE,2,,Situation maîtrisée
62.00,228.2,20.0,SAFE,2,,Situation maîtrisée
62.05,228.5,20.4,SAFE,2,,Situation maîtrisée
62.10,228.8,20.1,SAFE,2,,Situation maîtrisée
62.15,229.1,20.4,SAFE,2,,Situation maîtrisée
62.20,229.3,20.0,SAFE,2,,Situation maîtrisée
62.25,229.6,20.4,SAFE,2,,Situation maîtrisée
62.30,229.9,20.1,SAFE,2,,Situation maîtrisée
62.35,230.2,20.4,SAFE,2,,Situation maîtrisée
62.40,230.5,20.0,SAFE,2,,Situation maîtrisée
62.45,230.7,20.4,SAFE,2,,Situation maîtrisée
62.50,231.0,20.1,SAFE,2,,Situation maîtrisée
62.55,231.3,20.4,SAFE,2,,Situation maîtrisée
62.60,231.6,20.0,SAFE,2,,Situation maîtrisée
62.65,231.9,20.4,SAFE,2,,Situation maîtrisée
62.70,232.1,20.1,SAFE,2,,Situation maîtrisée
62.75,232.4,20.4,SAFE,2,,Situation maîtrisée
62.80,232.7,20.0,SAFE,2,,Situation maîtrisée
62.85,233.0,20.4,SAFE,2,,Situation maîtrisée
62.90,233.3,20.1,SAFE,2,,Situation maîtrisée
62.95,233.6,20.4,SAFE,2,,Situation maîtrisée
63.00,233.8,20.0,SAFE,2,,Situation maîtrisée
63.05,234.1,20.4,SAFE,2,,Situation maîtrisée
63.10,234.4,20.1,SAFE,2,,Situation maîtrisée
63.15,234.7,20.4,SAFE,2,,Situation maîtrisée
63.20,235.0,20.0,SAFE,2,,Situation maîtrisée
63.25,235.2,20.4,SAFE,2,,Situation maîtrisée
63.30,235.5,20.1,SAFE,2,,Situation maîtrisée
63.35,235.8,20.4,SAFE,2,,Situation maîtrisée
63.40,236.1,20.0,SAFE,2,,Situation maîtrisée
63.45,236.4,20.4,SAFE,2,,Situation maîtrisée
63.50,236.6,20.1,SAFE,2,,Situation maîtrisée
63.55,236.9,20.4,SAFE,2,,Situation maîtrisée
63.60,237.2,20.0,SAFE,2,,Situation maîtrisée
63.65,237.5,20.4,SAFE,2,,Situation maîtrisée
63.70,237.8,20.1,SAFE,2,,Situation maîtrisée
63.75,238.0,20.4,SAFE,2,,Situation maîtrisée
63.80,238.3,20.0,SAFE,2,,Situation maîtrisée
63.85,238.6,20.4,SAFE,2,,Situation maîtrisée
63.90,238.9,20.1,SAFE,2,,Situation maîtrisée
63.95,239.2,20.4,SAFE,2,,Situation maîtrisée
64.00,239.4,20.0,SAFE,2,,Situation maîtrisée
64.05,239.7,20.4,SAFE,2,,Situation maîtrisée
64.10,240.0,20.1,SAFE,2,,Situation maîtrisée
64.15,240.3,20.4,SAFE,2,,Situation maîtrisée
64.20,240.6,20.0,SAFE,2,,Situation maîtrisée
64.25,240.9,20.4,SAFE,2,,Situation maîtrisée
64.30,241.1,20.1,SAFE,2,,Situation maîtrisée
64.35,241.4,20.4,SAFE,2,,Situation maîtrisée
64.40,241.7,20.0,SAFE,2,,Situation maîtrisée
64.45,242.0,20.4,SAFE,2,,Situation maîtrisée
64.50,242.3,20.1,SAFE,2,,Situation maîtrisée
64.55,242.5,20.4,SAFE,2,,Situation maîtrisée
64.60,242.8,20.1,SAFE,2,,Situation maîtrisée
64.65,243.1,20.3,SAFE,2,,Situation maîtrisée
64.70,243.4,20.0,SAFE,2,,Situation maîtrisée
64.75,243.7,20.4,SAFE,2,,Situation maîtrisée
64.80,243.9,20.0,SAFE,2,,Situation maîtrisée
64.85,244.2,20.3,SAFE,2,,Situation maîtrisée
64.90,244.5,19.9,SAFE,2,,Situation maîtrisée
64.95,244.8,20.3,SAFE,2,,Situation maîtrisée
65.00,245.1,20.1,SAFE,2,,Situation maîtrisée
65.05,245.3,20.3,SAFE,2,,Situation maîtrisée
65.10,245.6,20.0,SAFE,2,,Situation maîtrisée
65.15,245.9,20.4,SAFE,2,,Situation maîtrisée
65.20,246.2,20.1,SAFE,2,,Situation maîtrisée
65.25,246.5,20.2,SAFE,2,,Situation maîtrisée
65.30,246.7,20.0,SAFE,2,,Situation maîtrisée
65.35,247.0,19.9,SAFE,2,,Situation maîtrisée
65.40,247.3,19.8,SAFE,2,,Situation maîtrisée
65.45,247.6,19.7,SAFE,2,,Situation maîtrisée
65.50,247.8,19.6,SAFE,2,,Situation maîtrisée
65.55,248.1,19.6,SAFE,2,,Situation maîtrisée
65.60,248.4,19.5,SAFE,2,,Situation maîtrisée
65.65,248.7,19.5,SAFE,2,,Situation maîtrisée
65.70,248.9,19.5,SAFE,2,,Situation maîtrisée
65.75,249.2,19.5,SAFE,2,,Situation maîtrisée
65.80,249.5,19.5,SAFE,2,,Situation maîtrisée
65.85,249.7,19.5,SAFE,2,,Situation maîtrisée
65.90,250.0,19.5,SAFE,2,,Situation maîtrisée
65.95,250.3,19.5,SAFE,2,,Situation maîtrisée
66.00,250.5,19.5,SAFE,2,,Situation maîtrisée
66.05,250.8,19.5,SAFE,2,,Situation maîtrisée
66.10,251.1,19.5,SAFE,2,,Situation maîtrisée
66.15,251.4,19.5,SAFE,2,,Situation maîtrisée
66.20,251.6,19.5,SAFE,2,,Situation maîtrisée
66.25,251.9,19.5,SAFE,2,,Situation maîtrisée
66.30,252.2,19.5,SAFE,2,,Situation maîtrisée
66.35,252.4,19.5,SAFE,2,,Situation maîtrisée
66.40,252.7,19.6,SAFE,2,,Situation maîtrisée
66.45,253.0,19.6,SAFE,2,,Situation maîtrisée
66.50,253.3,19.6,SAFE,2,,Situation maîtrisée
66.55,253.5,19.6,SAFE,2,,Situation maîtrisée
66.60,253.8,19.6,SAFE,2,,Situation maîtrisée
66.65,254.1,19.6,SAFE,2,,Situation maîtrisée
66.70,254.3,19.6,SAFE,2,,Situation maîtrisée
66.75,254.6,19.6,SAFE,2,,Situation maîtrisée
66.80,254.9,19.6,SAFE,2,,Situation maîtrisée
66.85,255.2,19.7,SAFE,2,,Situation maîtrisée
66.90,255.4,19.7,SAFE,2,,Situation maîtrisée
66.95,255.7,19.7,SAFE,2,,Situation maîtrisée
67.00,256.0,19.7,SAFE,2,,Situation maîtrisée
67.05,256.3,19.7,SAFE,2,,Situation maîtrisée
67.10,256.5,19.7,SAFE,2,,Situation maîtrisée
67.15,256.8,19.7,SAFE,2,,Situation maîtrisée
67.20,257.1,19.7,SAFE,2,,Situation maîtrisée
67.25,257.4,19.7,SAFE,2,,Situation maîtrisée
67.30,257.6,19.7,SAFE,2,,Situation maîtrisée
67.35,257.9,19.7,SAFE,2,,Situation maîtrisée
67.40,258.2,19.7,SAFE,2,,Situation maîtrisée
67.45,258.4,19.7,SAFE,2,,Situation maîtrisée
67.50,258.7,19.7,SAFE,2,,Situation maîtrisée
67.55,259.0,19.7,SAFE,2,,Situation maîtrisée
67.60,259.3,19.7,SAFE,2,moteur:physique,Situation maîtrisée
67.65,259.5,19.7,SAFE,2,moteur:physique,Situation maîtrisée
67.70,259.8,19.7,SAFE,2,moteur:physique,Situation maîtrisée
67.75,260.1,19.6,SAFE,2,moteur:physique,Situation maîtrisée
67.80,260.4,19.6,SAFE,2,moteur:physique,Situation maîtrisée
67.85,260.6,19.6,SAFE,2,moteur:physique,Situation maîtrisée
67.90,260.9,19.5,SAFE,2,moteur:physique,Situation maîtrisée
67.95,261.2,19.4,SAFE,2,moteur:physique,Situation maîtrisée
68.00,261.4,19.3,SAFE,2,moteur:physique,Situation maîtrisée
68.05,261.7,19.3,SAFE,2,moteur:physique,Situation maîtrisée
68.10,262.0,19.1,SAFE,2,moteur:physique,Situation maîtrisée
68.15,262.2,19.0,SAFE,2,moteur:physique,Situation maîtrisée
68.20,262.5,18.8,SAFE,2,moteur:physique,Situation maîtrisée
68.25,262.8,18.7,SAFE,2,moteur:physique,Situation maîtrisée
68.30,263.0,18.5,SAFE,2,moteur:physique,Situation maîtrisée
68.35,263.3,18.3,SAFE,2,moteur:physique,Situation maîtrisée
68.40,263.5,18.2,SAFE,2,moteur:physique,Situation maîtrisée
68.45,263.8,18.1,SAFE,2,moteur:physique,Situation maîtrisée
68.50,264.0,18.1,SAFE,2,moteur:physique,Situation maîtrisée
68.55,264.3,17.9,SAFE,2,moteur:physique,Situation maîtrisée
68.60,264.5,18.0,SAFE,2,moteur:physique,Situation maîtrisée
68.65,264.8,17.9,SAFE,2,moteur:physique,Situation maîtrisée
68.70,265.0,17.6,SAFE,2,moteur:physique,Situation maîtrisée
68.75,265.3,17.1,SAFE,2,moteur:physique,Situation maîtrisée
68.80,265.5,16.9,SAFE,2,moteur:physique,Situation maîtrisée
68.85,265.7,16.8,SAFE,2,moteur:physique,Situation maîtrisée
68.90,266.0,16.8,SAFE,2,moteur:physique,Situation maîtrisée
68.95,266.2,16.8,SAFE,2,moteur:physique,Situation maîtrisée
69.00,266.4,16.6,SAFE,2,moteur:physique,Situation maîtrisée
69.05,266.6,16.4,SAFE,2,moteur:physique,Situation maîtrisée
69.10,266.9,16.4,SAFE,2,moteur:physique,Situation maîtrisée
69.15,267.1,16.4,SAFE,2,moteur:physique,Situation maîtrisée
69.20,267.3,16.4,SAFE,2,moteur:physique,Situation maîtrisée
69.25,267.5,16.5,SAFE,2,moteur:physique,Situation maîtrisée
69.30,267.8,16.6,SAFE,2,moteur:physique,Situation maîtrisée
69.35,268.0,16.6,SAFE,2,moteur:physique,Situation maîtrisée
69.40,268.2,16.5,SAFE,2,moteur:physique,Situation maîtrisée
69.45,268.5,16.5,SAFE,2,moteur:physique,Situation maîtrisée
69.50,268.7,16.6,SAFE,2,,Situation maîtrisée
69.55,268.9,16.7,SAFE,2,,Situation maîtrisée
69.60,269.1,16.8,SAFE,2,,Situation maîtrisée
69.65,269.4,16.7,SAFE,2,,Situation maîtrisée
69.70,269.6,16.7,SAFE,2,,Situation maîtrisée
69.75,269.8,16.7,SAFE,2,,Situation maîtrisée
69.80,270.1,16.8,SAFE,2,,Situation maîtrisée
69.85,270.3,16.9,SAFE,2,,Situation maîtrisée
69.90,270.5,17.0,SAFE,2,,Situation maîtrisée
69.95,270.8,17.1,SAFE,2,,Situation maîtrisée
70.00,271.0,17.1,SAFE,2,,Situation maîtrisée
70.05,271.3,17.2,SAFE,2,,Situation maîtrisée
70.10,271.5,17.3,SAFE,2,,Situation maîtrisée
70.15,271.7,17.4,SAFE,2,,Situation maîtrisée
70.20,272.0,17.5,SAFE,2,,Situation maîtrisée
70.25,272.2,17.7,SAFE,2,,Situation maîtrisée
70.30,272.5,17.8,SAFE,2,,Situation maîtrisée
70.35,272.7,17.8,SAFE,2,,Situation maîtrisée
70.40,273.0,17.9,SAFE,2,,Situation maîtrisée
70.45,273.2,18.0,SAFE,2,,Situation maîtrisée
70.50,273.5,18.1,SAFE,2,,Situation maîtrisée
70.55,273.7,18.0,SAFE,2,,Situation maîtrisée
70.60,274.0,18.1,SAFE,2,,Situation maîtrisée
70.65,274.2,18.2,SAFE,1,,Situation maîtrisée
70.70,274.5,18.2,SAFE,1,,Situation maîtrisée
70.75,274.7,18.1,SAFE,1,,Situation maîtrisée
70.80,275.0,18.2,SAFE,1,,Situation maîtrisée
70.85,275.2,18.2,SAFE,1,,Situation maîtrisée
70.90,275.5,18.0,SAFE,1,,Situation maîtrisée
70.95,275.7,18.1,SAFE,1,,Situation maîtrisée
71.00,276.0,18.3,SAFE,1,,Situation maîtrisée
71.05,276.2,18.2,SAFE,1,,Situation maîtrisée
71.10,276.5,18.2,SAFE,1,,Situation maîtrisée
71.15,276.7,18.1,SAFE,1,,Situation maîtrisée
71.20,277.0,18.2,SAFE,1,,Situation maîtrisée
71.25,277.2,18.0,SAFE,1,,Situation maîtrisée
71.30,277.5,18.3,SAFE,1,,Situation maîtrisée
71.35,277.7,18.1,SAFE,1,,Situation maîtrisée
71.40,278.0,18.4,SAFE,1,,Situation maîtrisée
71.45,278.2,18.3,SAFE,1,,Situation maîtrisée
71.50,278.5,18.1,SAFE,1,,Situation maîtrisée
71.55,278.7,18.2,SAFE,1,,Situation maîtrisée
71.60,279.0,18.2,SAFE,1,,Situation maîtrisée
71.65,279.3,18.7,SAFE,1,,Situation maîtrisée
71.70,279.5,18.3,SAFE,1,,Situation maîtrisée
71.75,279.8,18.6,SAFE,1,,Situation maîtrisée
71.80,280.0,18.2,SAFE,1,,Situation maîtrisée
71.85,280.3,18.7,SAFE,1,,Situation maîtrisée
71.90,280.5,18.4,SAFE,1,,Situation maîtrisée
71.95,280.8,18.7,SAFE,1,,Situation maîtrisée
72.00,281.1,18.3,SAFE,1,,Situation maîtrisée
72.05,281.3,18.8,SAFE,1,,Situation maîtrisée
72.10,281.6,18.5,SAFE,1,,Situation maîtrisée
72.15,281.8,18.8,SAFE,1,,Situation maîtrisée
72.20,282.1,18.5,SAFE,1,,Situation maîtrisée
72.25,282.4,19.0,SAFE,1,,Situation maîtrisée
72.30,282.6,18.6,SAFE,1,,Situation maîtrisée
72.35,282.9,19.0,SAFE,1,,Situation maîtrisée
72.40,283.1,18.6,SAFE,1,,Situation maîtrisée
72.45,283.4,19.1,SAFE,1,,Situation maîtrisée
72.50,283.7,18.8,SAFE,1,,Situation maîtrisée
72.55,283.9,19.1,SAFE,1,,Situation maîtrisée
72.60,284.2,18.7,SAFE,1,,Situation maîtrisée
72.65,284.4,19.2,SAFE,1,,Situation maîtrisée
72.70,284.7,18.9,SAFE,1,,Situation maîtrisée
72.75,285.0,19.2,SAFE,1,,Situation maîtrisée
72.80,285.2,18.9,SAFE,1,,Situation maîtrisée
72.85,285.5,19.3,SAFE,1,,Situation maîtrisée
72.90,285.8,19.0,SAFE,1,,Situation maîtrisée
72.95,286.0,19.3,SAFE,1,,Situation maîtrisée
73.00,286.3,19.0,SAFE,1,,Situation maîtrisée
73.05,286.6,19.5,SAFE,1,,Situation maîtrisée
73.10,286.8,19.3,SAFE,1,,Situation maîtrisée
73.15,287.1,19.5,SAFE,1,,Situation maîtrisée
73.20,287.4,19.1,SAFE,1,,Situation maîtrisée
73.25,287.6,19.5,SAFE,1,,Situation maîtrisée
73.30,287.9,19.3,SAFE,1,,Situation maîtrisée
73.35,288.2,19.6,SAFE,1,,Situation maîtrisée
73.40,288.5,19.3,SAFE,1,,Situation maîtrisée
73.45,288.7,19.6,SAFE,1,,Situation maîtrisée
73.50,289.0,19.3,SAFE,1,,Situation maîtrisée
73.55,289.3,19.6,SAFE,1,,Situation maîtrisée
73.60,289.5,19.3,SAFE,1,,Situation maîtrisée
73.65,289.8,19.8,SAFE,2,,Situation maîtrisée
73.70,290.1,19.6,SAFE,2,,Situation maîtrisée
73.75,290.4,19.8,SAFE,2,,Situation maîtrisée
73.80,290.6,19.5,SAFE,2,,Situation maîtrisée
73.85,290.9,20.0,SAFE,2,,Situation maîtrisée
73.90,291.2,19.7,SAFE,2,,Situation maîtrisée
73.95,291.5,19.9,SAFE,2,,Situation maîtrisée
74.00,291.7,19.6,SAFE,2,,Situation maîtrisée
74.05,292.0,20.0,SAFE,2,,Situation maîtrisée
74.10,292.3,19.7,SAFE,2,,Situation maîtrisée
74.15,292.6,20.0,SAFE,2,,Situation maîtrisée
74.20,292.8,19.6,SAFE,2,,Situation maîtrisée
74.25,293.1,20.1,SAFE,2,,Situation maîtrisée
74.30,293.4,19.8,SAFE,2,,Situation maîtrisée
74.35,293.7,20.0,SAFE,2,,Situation maîtrisée
74.40,293.9,19.7,SAFE,2,,Situation maîtrisée
74.45,294.2,20.1,SAFE,2,,Situation maîtrisée
74.50,294.5,19.8,SAFE,2,,Situation maîtrisée
74.55,294.8,20.1,SAFE,2,,Situation maîtrisée
74.60,295.0,19.7,SAFE,2,,Situation maîtrisée
74.65,295.3,20.2,SAFE,2,,Situation maîtrisée
74.70,295.6,19.9,SAFE,2,,Situation maîtrisée
74.75,295.9,20.1,SAFE,2,,Situation maîtrisée
74.80,296.2,19.8,SAFE,2,,Situation maîtrisée
74.85,296.4,20.2,SAFE,2,,Situation maîtrisée
74.90,296.7,19.9,SAFE,2,,Situation maîtrisée
74.95,297.0,20.2,SAFE,2,,Situation maîtrisée
75.00,297.3,19.8,SAFE,2,,Situation maîtrisée
75.05,297.5,20.2,SAFE,2,,Situation maîtrisée
75.10,297.8,19.9,SAFE,2,,Situation maîtrisée
75.15,298.1,20.2,SAFE,2,,Situation maîtrisée
75.20,298.4,19.8,SAFE,2,,Situation maîtrisée
75.25,298.7,20.3,SAFE,2,,Situation maîtrisée
75.30,298.9,20.0,SAFE,2,,Situation maîtrisée
75.35,299.2,20.2,SAFE,2,,Situation maîtrisée
75.40,299.5,19.8,SAFE,2,,Situation maîtrisée
75.45,299.8,20.3,SAFE,2,,Situation maîtrisée
75.50,300.1,20.0,SAFE,2,,Situation maîtrisée
75.55,300.3,20.2,SAFE,2,,Situation maîtrisée
75.60,300.6,19.9,SAFE,2,,Situation maîtrisée
75.65,300.9,20.3,SAFE,1,,Situation maîtrisée
75.70,301.2,20.0,SAFE,1,,Situation maîtrisée
75.75,301.4,20.3,SAFE,1,,Situation maîtrisée
75.80,301.7,19.9,SAFE,1,,Situation maîtrisée
75.85,302.0,20.3,SAFE,1,,Situation maîtrisée
75.90,302.3,20.0,SAFE,1,,Situation maîtrisée
75.95,302.6,20.3,SAFE,1,,Situation maîtrisée
76.00,302.8,19.9,SAFE,1,,Situation maîtrisée
76.05,303.1,20.3,SAFE,1,,Situation maîtrisée
76.10,303.4,20.0,SAFE,1,,Situation maîtrisée
76.15,303.7,20.3,SAFE,1,,Situation maîtrisée
76.20,304.0,19.9,SAFE,1,,Situation maîtrisée
76.25,304.2,20.3,SAFE,1,,Situation maîtrisée
76.30,304.5,20.1,SAFE,1,,Situation maîtrisée
76.35,304.8,20.3,SAFE,1,,Situation maîtrisée
76.40,305.1,19.9,SAFE,1,,Situation maîtrisée
76.45,305.4,20.4,SAFE,1,,Situation maîtrisée
76.50,305.6,20.1,SAFE,1,,Situation maîtrisée
76.55,305.9,20.3,SAFE,1,,Situation maîtrisée
76.60,306.2,19.9,SAFE,1,,Situation maîtrisée
76.65,306.5,20.4,SAFE,1,,Situation maîtrisée
76.70,306.8,20.1,SAFE,1,,Situation maîtrisée
76.75,307.0,20.3,SAFE,1,feu_rouge,SAFE : arret au feu rouge
76.80,307.3,19.9,SAFE,1,feu_rouge,SAFE : arret au feu rouge
76.85,307.6,19.9,SAFE,1,feu_rouge,SAFE : arret au feu rouge
76.90,307.9,18.4,SAFE,1,feu_rouge,SAFE : arret au feu rouge
76.95,308.1,13.6,SAFE,1,feu_rouge,SAFE : arret au feu rouge
77.00,308.2,8.8,SAFE,1,feu_rouge,SAFE : arret au feu rouge
77.05,308.3,3.9,SAFE,1,feu_rouge,SAFE : arret au feu rouge
77.10,308.3,0.0,SAFE,1,feu_rouge,SAFE : arret au feu rouge
77.15,308.3,0.0,SAFE,1,feu_rouge,SAFE : arret au feu rouge
77.20,308.3,0.2,SAFE,1,feu_rouge,SAFE : arret au feu rouge
77.25,308.3,0.6,SAFE,1,feu_rouge,SAFE : arret au feu rouge
77.30,308.3,0.8,SAFE,1,feu_rouge,SAFE : arret au feu rouge
77.35,308.4,0.9,SAFE,1,feu_rouge,SAFE : arret au feu rouge
77.40,308.4,1.0,SAFE,1,feu_rouge,SAFE : arret au feu rouge
77.45,308.4,1.0,SAFE,1,feu_rouge,SAFE : arret au feu rouge
77.50,308.4,1.0,SAFE,1,feu_rouge,SAFE : arret au feu rouge
77.55,308.4,1.0,SAFE,1,feu_rouge,SAFE : arret au feu rouge
77.60,308.4,1.0,SAFE,1,feu_rouge,SAFE : arret au feu rouge
77.65,308.4,1.0,SAFE,1,feu_rouge,SAFE : arret au feu rouge
77.70,308.5,1.0,SAFE,1,feu_rouge,SAFE : arret au feu rouge
77.75,308.5,0.9,SAFE,1,feu_rouge,SAFE : arret au feu rouge
77.80,308.5,0.9,SAFE,1,feu_rouge,SAFE : arret au feu rouge
77.85,308.5,0.9,SAFE,1,feu_rouge,SAFE : arret au feu rouge
77.90,308.5,0.9,SAFE,1,feu_rouge,SAFE : arret au feu rouge
77.95,308.5,0.8,SAFE,1,feu_rouge,SAFE : arret au feu rouge
78.00,308.5,0.9,SAFE,1,feu_rouge,SAFE : arret au feu rouge
78.05,308.5,0.8,SAFE,1,feu_rouge,SAFE : arret au feu rouge
78.10,308.6,0.8,SAFE,1,feu_rouge,SAFE : arret au feu rouge
78.15,308.6,0.8,SAFE,1,feu_rouge,SAFE : arret au feu rouge
78.20,308.6,0.8,SAFE,1,feu_rouge,SAFE : arret au feu rouge
78.25,308.6,0.7,SAFE,1,feu_rouge,SAFE : arret au feu rouge
78.30,308.6,0.8,SAFE,1,feu_rouge,SAFE : arret au feu rouge
78.35,308.6,0.7,SAFE,1,feu_rouge,SAFE : arret au feu rouge
78.40,308.6,0.7,SAFE,1,feu_rouge,SAFE : arret au feu rouge
78.45,308.6,0.7,SAFE,1,feu_rouge,SAFE : arret au feu rouge
78.50,308.6,0.7,SAFE,1,feu_rouge,SAFE : arret au feu rouge
78.55,308.6,0.7,SAFE,1,feu_rouge,SAFE : arret au feu rouge
78.60,308.7,0.7,SAFE,1,feu_rouge,SAFE : arret au feu rouge
78.65,308.7,0.6,SAFE,1,feu_rouge,SAFE : arret au feu rouge
78.70,308.7,0.6,SAFE,1,feu_rouge,SAFE : arret au feu rouge
78.75,308.7,0.6,SAFE,1,feu_rouge,SAFE : arret au feu rouge
78.80,308.7,0.6,SAFE,1,feu_rouge,SAFE : arret au feu rouge
78.85,308.7,0.6,SAFE,1,feu_rouge,SAFE : arret au feu rouge
78.90,308.7,0.6,SAFE,1,feu_rouge,SAFE : arret au feu rouge
78.95,308.7,0.6,SAFE,1,feu_rouge,SAFE : arret au feu rouge
79.00,308.7,0.6,SAFE,1,feu_rouge,SAFE : arret au feu rouge
79.05,308.7,0.5,SAFE,1,feu_rouge,SAFE : arret au feu rouge
79.10,308.7,0.5,SAFE,1,feu_rouge,SAFE : arret au feu rouge
79.15,308.7,0.5,SAFE,1,feu_rouge,SAFE : arret au feu rouge
79.20,308.8,0.5,SAFE,1,feu_rouge,SAFE : arret au feu rouge
79.25,308.8,0.5,SAFE,1,feu_rouge,SAFE : arret au feu rouge
79.30,308.8,0.5,SAFE,1,feu_rouge,SAFE : arret au feu rouge
79.35,308.8,0.5,SAFE,1,feu_rouge,SAFE : arret au feu rouge
79.40,308.8,0.5,SAFE,1,feu_rouge,SAFE : arret au feu rouge
79.45,308.8,0.4,SAFE,1,feu_rouge,SAFE : arret au feu rouge
79.50,308.8,0.5,SAFE,1,feu_rouge,SAFE : arret au feu rouge
79.55,308.8,0.4,SAFE,1,feu_rouge,SAFE : arret au feu rouge
79.60,308.8,0.4,SAFE,1,feu_rouge,SAFE : arret au feu rouge
79.65,308.8,0.4,SAFE,1,feu_rouge,SAFE : arret au feu rouge
79.70,308.8,0.4,SAFE,1,feu_rouge,SAFE : arret au feu rouge
79.75,308.8,0.4,SAFE,1,feu_rouge,SAFE : arret au feu rouge
79.80,308.8,0.4,SAFE,1,feu_rouge,SAFE : arret au feu rouge
79.85,308.8,0.4,SAFE,1,feu_rouge,SAFE : arret au feu rouge
79.90,308.8,0.4,SAFE,1,feu_rouge,SAFE : arret au feu rouge
79.95,308.8,0.4,SAFE,1,feu_rouge,SAFE : arret au feu rouge
80.00,308.8,0.4,SAFE,1,feu_rouge,SAFE : arret au feu rouge
80.05,308.9,0.3,SAFE,1,feu_rouge,SAFE : arret au feu rouge
80.10,308.9,0.4,SAFE,1,feu_rouge,SAFE : arret au feu rouge
80.15,308.9,0.3,SAFE,1,feu_rouge,SAFE : arret au feu rouge
80.20,308.9,0.3,SAFE,1,feu_rouge,SAFE : arret au feu rouge
80.25,308.9,0.3,SAFE,1,feu_rouge,SAFE : arret au feu rouge
80.30,308.9,0.3,SAFE,1,feu_rouge,SAFE : arret au feu rouge
80.35,308.9,0.3,SAFE,1,feu_rouge,SAFE : arret au feu rouge
80.40,308.9,0.3,SAFE,1,feu_rouge,SAFE : arret au feu rouge
80.45,308.9,0.3,SAFE,1,feu_rouge,SAFE : arret au feu rouge
80.50,308.9,0.3,SAFE,1,feu_rouge,SAFE : arret au feu rouge
80.55,308.9,0.3,SAFE,1,feu_rouge,SAFE : arret au feu rouge
80.60,308.9,0.3,SAFE,1,feu_rouge,SAFE : arret au feu rouge
80.65,308.9,0.3,SAFE,1,feu_rouge,SAFE : arret au feu rouge
80.70,308.9,0.3,SAFE,1,feu_rouge,SAFE : arret au feu rouge
80.75,308.9,0.3,SAFE,1,feu_rouge,SAFE : arret au feu rouge
80.80,308.9,0.3,SAFE,1,feu_rouge,SAFE : arret au feu rouge
80.85,308.9,0.2,SAFE,1,feu_rouge,SAFE : arret au feu rouge
80.90,308.9,0.3,SAFE,1,feu_rouge,SAFE : arret au feu rouge
80.95,308.9,0.2,SAFE,1,feu_rouge,SAFE : arret au feu rouge
81.00,308.9,0.3,SAFE,1,feu_rouge,SAFE : arret au feu rouge
81.05,308.9,0.2,SAFE,1,feu_rouge,SAFE : arret au feu rouge
81.10,308.9,0.2,SAFE,1,feu_rouge,SAFE : arret au feu rouge
81.15,308.9,0.2,SAFE,1,feu_rouge,SAFE : arret au feu rouge
81.20,308.9,0.2,SAFE,1,feu_rouge,SAFE : arret au feu rouge
81.25,308.9,0.2,SAFE,1,feu_rouge,SAFE : arret au feu rouge
81.30,308.9,0.2,SAFE,1,feu_rouge,SAFE : arret au feu rouge
81.35,309.0,0.2,SAFE,1,feu_rouge,SAFE : arret au feu rouge
81.40,309.0,0.2,SAFE,1,feu_rouge,SAFE : arret au feu rouge
81.45,309.0,0.2,SAFE,1,feu_rouge,SAFE : arret au feu rouge
81.50,309.0,0.2,SAFE,1,feu_rouge,SAFE : arret au feu rouge
81.55,309.0,0.2,SAFE,1,feu_rouge,SAFE : arret au feu rouge
81.60,309.0,0.2,SAFE,1,feu_rouge,SAFE : arret au feu rouge
81.65,309.0,0.2,SAFE,1,feu_rouge,SAFE : arret au feu rouge
81.70,309.0,0.2,SAFE,1,feu_rouge,SAFE : arret au feu rouge
81.75,309.0,0.2,SAFE,1,feu_rouge,SAFE : arret au feu rouge
81.80,309.0,0.2,SAFE,1,feu_rouge,SAFE : arret au feu rouge
81.85,309.0,0.2,SAFE,1,feu_rouge,SAFE : arret au feu rouge
81.90,309.0,0.2,SAFE,1,feu_rouge,SAFE : arret au feu rouge
81.95,309.0,0.2,SAFE,1,feu_rouge,SAFE : arret au feu rouge
82.00,309.0,0.2,SAFE,1,feu_rouge,SAFE : arret au feu rouge
82.05,309.0,0.1,SAFE,1,feu_rouge,SAFE : arret au feu rouge
82.10,309.0,0.2,SAFE,1,feu_rouge,SAFE : arret au feu rouge
82.15,309.0,0.1,SAFE,1,feu_rouge,SAFE : arret au feu rouge
82.20,309.0,0.2,SAFE,1,feu_rouge,SAFE : arret au feu rouge
82.25,309.0,0.1,SAFE,1,feu_rouge,SAFE : arret au feu rouge
82.30,309.0,0.2,SAFE,1,feu_rouge,SAFE : arret au feu rouge
82.35,309.0,0.1,SAFE,1,feu_rouge,SAFE : arret au feu rouge
82.40,309.0,0.1,SAFE,1,feu_rouge,SAFE : arret au feu rouge
82.45,309.0,0.1,SAFE,1,feu_rouge,SAFE : arret au feu rouge
82.50,309.0,0.1,SAFE,1,feu_rouge,SAFE : arret au feu rouge
82.55,309.0,0.1,SAFE,1,feu_rouge,SAFE : arret au feu rouge
82.60,309.0,0.1,SAFE,1,feu_rouge,SAFE : arret au feu rouge
82.65,309.0,0.1,SAFE,1,feu_rouge,SAFE : arret au feu rouge
82.70,309.0,0.1,SAFE,1,feu_rouge,SAFE : arret au feu rouge
82.75,309.0,0.1,SAFE,1,feu_rouge,SAFE : arret au feu rouge
82.80,309.0,0.1,SAFE,1,feu_rouge,SAFE : arret au feu rouge
82.85,309.0,0.1,SAFE,1,feu_rouge,SAFE : arret au feu rouge
82.90,309.0,0.1,SAFE,1,feu_rouge,SAFE : arret au feu rouge
82.95,309.0,0.1,SAFE,1,feu_rouge,SAFE : arret au feu rouge
83.00,309.0,0.1,SAFE,1,feu_rouge,SAFE : arret au feu rouge
83.05,309.0,0.1,SAFE,1,feu_rouge,SAFE : arret au feu rouge
83.10,309.0,0.1,SAFE,1,feu_rouge,SAFE : arret au feu rouge
83.15,309.0,0.1,SAFE,1,feu_rouge,SAFE : arret au feu rouge
83.20,309.0,0.1,SAFE,1,feu_rouge,SAFE : arret au feu rouge
83.25,309.0,0.1,SAFE,1,feu_rouge,SAFE : arret au feu rouge
83.30,309.0,0.1,SAFE,1,feu_rouge,SAFE : arret au feu rouge
83.35,309.0,0.1,SAFE,1,feu_rouge,SAFE : arret au feu rouge
83.40,309.0,0.1,SAFE,1,feu_rouge,SAFE : arret au feu rouge
83.45,309.0,0.1,SAFE,1,feu_rouge,SAFE : arret au feu rouge
83.50,309.0,0.1,SAFE,1,feu_rouge,SAFE : arret au feu rouge
83.55,309.0,0.1,SAFE,1,feu_rouge,SAFE : arret au feu rouge
83.60,309.0,0.1,SAFE,1,feu_rouge,SAFE : arret au feu rouge
83.65,309.0,0.1,SAFE,1,feu_rouge,SAFE : arret au feu rouge
83.70,309.0,0.1,SAFE,1,feu_rouge,SAFE : arret au feu rouge
83.75,309.0,0.1,SAFE,1,feu_rouge,SAFE : arret au feu rouge
83.80,309.0,0.1,SAFE,1,feu_rouge,SAFE : arret au feu rouge
83.85,309.0,0.1,SAFE,1,feu_rouge,SAFE : arret au feu rouge
83.90,309.0,0.1,SAFE,1,feu_rouge,SAFE : arret au feu rouge
83.95,309.0,0.1,SAFE,1,feu_rouge,SAFE : arret au feu rouge
84.00,309.0,0.1,SAFE,1,feu_rouge,SAFE : arret au feu rouge
84.05,309.0,0.1,SAFE,1,feu_rouge,SAFE : arret au feu rouge
84.10,309.0,0.1,SAFE,1,feu_rouge,SAFE : arret au feu rouge
84.15,309.0,0.1,SAFE,1,feu_rouge,SAFE : arret au feu rouge
84.20,309.0,0.1,SAFE,1,feu_rouge,SAFE : arret au feu rouge
84.25,309.0,0.1,SAFE,1,feu_rouge,SAFE : arret au feu rouge
84.30,309.1,0.1,SAFE,1,feu_rouge,SAFE : arret au feu rouge
84.35,309.1,0.1,SAFE,1,feu_rouge,SAFE : arret au feu rouge
84.40,309.1,0.1,SAFE,1,feu_rouge,SAFE : arret au feu rouge
84.45,309.1,0.0,SAFE,1,feu_rouge,SAFE : arret au feu rouge
84.50,309.1,0.1,SAFE,1,feu_rouge,SAFE : arret au feu rouge
84.55,309.1,0.0,SAFE,1,feu_rouge,SAFE : arret au feu rouge
84.60,309.1,0.1,SAFE,1,feu_rouge,SAFE : arret au feu rouge
84.65,309.1,0.0,SAFE,1,feu_rouge,SAFE : arret au feu rouge
84.70,309.1,0.1,SAFE,1,feu_rouge,SAFE : arret au feu rouge
84.75,309.1,0.0,SAFE,1,feu_rouge,SAFE : arret au feu rouge
84.80,309.1,0.1,SAFE,1,feu_rouge,SAFE : arret au feu rouge
84.85,309.1,0.0,SAFE,1,feu_rouge,SAFE : arret au feu rouge
84.90,309.1,0.1,SAFE,1,feu_rouge,SAFE : arret au feu rouge
84.95,309.1,0.0,SAFE,1,feu_rouge,SAFE : arret au feu rouge
85.00,309.1,0.1,SAFE,1,feu_rouge,SAFE : arret au feu rouge
85.05,309.1,0.0,SAFE,1,feu_rouge,SAFE : arret au feu rouge
85.10,309.1,0.1,SAFE,1,feu_rouge,SAFE : arret au feu rouge
85.15,309.1,0.0,SAFE,1,feu_rouge,SAFE : arret au feu rouge
85.20,309.1,0.1,SAFE,1,feu_rouge,SAFE : arret au feu rouge
85.25,309.1,0.0,SAFE,1,feu_rouge,SAFE : arret au feu rouge
85.30,309.1,0.1,SAFE,1,feu_rouge,SAFE : arret au feu rouge
85.35,309.1,0.0,SAFE,1,feu_rouge,SAFE : arret au feu rouge
85.40,309.1,0.0,SAFE,1,feu_rouge,SAFE : arret au feu rouge
85.45,309.1,0.0,SAFE,1,feu_rouge,SAFE : arret au feu rouge
85.50,309.1,0.0,SAFE,1,feu_rouge,SAFE : arret au feu rouge
85.55,309.1,0.0,SAFE,1,feu_rouge,SAFE : arret au feu rouge
85.60,309.1,0.0,SAFE,1,feu_rouge,SAFE : arret au feu rouge
85.65,309.1,0.0,SAFE,1,feu_rouge,SAFE : arret au feu rouge
85.70,309.1,0.0,SAFE,1,feu_rouge,SAFE : arret au feu rouge
85.75,309.1,0.0,SAFE,1,feu_rouge,SAFE : arret au feu rouge
85.80,309.1,0.0,SAFE,1,feu_rouge,SAFE : arret au feu rouge
85.85,309.1,0.0,SAFE,1,feu_rouge,SAFE : arret au feu rouge
85.90,309.1,0.0,SAFE,1,feu_rouge,SAFE : arret au feu rouge
85.95,309.1,0.0,SAFE,1,feu_rouge,SAFE : arret au feu rouge
86.00,309.1,0.0,SAFE,1,feu_rouge,SAFE : arret au feu rouge
86.05,309.1,0.0,SAFE,1,feu_rouge,SAFE : arret au feu rouge
86.10,309.1,0.0,SAFE,1,feu_rouge,SAFE : arret au feu rouge
86.15,309.1,0.0,SAFE,1,feu_rouge,SAFE : arret au feu rouge
86.20,309.1,0.0,SAFE,1,feu_rouge,SAFE : arret au feu rouge
86.25,309.1,0.0,SAFE,1,feu_rouge,SAFE : arret au feu rouge
86.30,309.1,0.0,SAFE,1,feu_rouge,SAFE : arret au feu rouge
86.35,309.1,0.0,SAFE,1,feu_rouge,SAFE : arret au feu rouge
86.40,309.1,0.0,SAFE,1,feu_rouge,SAFE : arret au feu rouge
86.45,309.1,0.0,SAFE,1,feu_rouge,SAFE : arret au feu rouge
86.50,309.1,0.0,SAFE,1,feu_rouge,SAFE : arret au feu rouge
86.55,309.1,0.0,SAFE,1,feu_rouge,SAFE : arret au feu rouge
86.60,309.1,0.0,SAFE,1,feu_rouge,SAFE : arret au feu rouge
86.65,309.1,0.0,SAFE,1,feu_rouge,SAFE : arret au feu rouge
86.70,309.1,0.0,SAFE,1,feu_rouge,SAFE : arret au feu rouge
86.75,309.1,0.0,SAFE,1,feu_rouge,SAFE : arret au feu rouge
86.80,309.1,0.0,SAFE,1,feu_rouge,SAFE : arret au feu rouge
86.85,309.1,0.0,SAFE,1,feu_rouge,SAFE : arret au feu rouge
86.90,309.1,0.0,SAFE,1,feu_rouge,SAFE : arret au feu rouge
86.95,309.1,0.0,SAFE,1,feu_rouge,SAFE : arret au feu rouge
87.00,309.1,0.0,SAFE,1,feu_rouge,SAFE : arret au feu rouge
87.05,309.1,0.0,SAFE,1,feu_rouge,SAFE : arret au feu rouge
87.10,309.1,0.0,SAFE,1,feu_rouge,SAFE : arret au feu rouge
87.15,309.1,0.0,SAFE,1,feu_rouge,SAFE : arret au feu rouge
87.20,309.1,0.0,SAFE,1,feu_rouge,SAFE : arret au feu rouge
87.25,309.1,0.0,SAFE,1,feu_rouge,SAFE : arret au feu rouge
87.30,309.1,0.0,SAFE,1,feu_rouge,SAFE : arret au feu rouge
87.35,309.1,0.0,SAFE,1,feu_rouge,SAFE : arret au feu rouge
87.40,309.1,0.0,SAFE,1,feu_rouge,SAFE : arret au feu rouge
87.45,309.1,0.0,SAFE,1,feu_rouge,SAFE : arret au feu rouge
87.50,309.1,0.0,SAFE,1,feu_rouge,SAFE : arret au feu rouge
87.55,309.1,0.0,SAFE,1,feu_rouge,SAFE : arret au feu rouge
87.60,309.1,0.0,SAFE,1,feu_rouge,SAFE : arret au feu rouge
87.65,309.1,0.0,SAFE,1,feu_rouge,SAFE : arret au feu rouge
87.70,309.1,0.0,SAFE,1,feu_rouge,SAFE : arret au feu rouge
87.75,309.1,0.0,SAFE,1,feu_rouge,SAFE : arret au feu rouge
87.80,309.1,0.0,SAFE,1,feu_rouge,SAFE : arret au feu rouge
87.85,309.1,0.0,SAFE,1,feu_rouge,SAFE : arret au feu rouge
87.90,309.1,0.0,SAFE,1,feu_rouge,SAFE : arret au feu rouge
87.95,309.1,0.0,SAFE,1,feu_rouge,SAFE : arret au feu rouge
88.00,309.1,0.0,SAFE,1,feu_rouge,SAFE : arret au feu rouge
88.05,309.1,0.0,SAFE,1,feu_rouge,SAFE : arret au feu rouge
88.10,309.1,0.0,SAFE,1,feu_rouge,SAFE : arret au feu rouge
88.15,309.1,0.0,SAFE,1,feu_rouge,SAFE : arret au feu rouge
88.20,309.1,0.0,SAFE,1,feu_rouge,SAFE : arret au feu rouge
88.25,309.1,0.0,SAFE,1,feu_rouge,SAFE : arret au feu rouge
88.30,309.1,0.0,SAFE,1,feu_rouge,SAFE : arret au feu rouge
88.35,309.1,0.0,SAFE,1,feu_rouge,SAFE : arret au feu rouge
88.40,309.1,0.0,SAFE,1,feu_rouge,SAFE : arret au feu rouge
88.45,309.1,0.0,SAFE,1,feu_rouge,SAFE : arret au feu rouge
88.50,309.1,0.0,SAFE,1,feu_rouge,SAFE : arret au feu rouge
88.55,309.1,0.0,SAFE,1,feu_rouge,SAFE : arret au feu rouge
88.60,309.1,0.0,SAFE,1,feu_rouge,SAFE : arret au feu rouge
88.65,309.1,0.0,SAFE,1,feu_rouge,SAFE : arret au feu rouge
88.70,309.1,0.0,SAFE,1,feu_rouge,SAFE : arret au feu rouge
88.75,309.1,0.0,SAFE,1,feu_rouge,SAFE : arret au feu rouge
88.80,309.1,0.0,SAFE,1,feu_rouge,SAFE : arret au feu rouge
88.85,309.1,0.0,SAFE,1,feu_rouge,SAFE : arret au feu rouge
88.90,309.1,0.0,SAFE,1,feu_rouge,SAFE : arret au feu rouge
88.95,309.1,0.0,SAFE,1,feu_rouge,SAFE : arret au feu rouge
89.00,309.1,0.0,SAFE,1,feu_rouge,SAFE : arret au feu rouge
89.05,309.1,0.0,SAFE,1,feu_rouge,SAFE : arret au feu rouge
89.10,309.1,0.0,SAFE,1,feu_rouge,SAFE : arret au feu rouge
89.15,309.1,0.0,SAFE,1,feu_rouge,SAFE : arret au feu rouge
89.20,309.1,0.0,SAFE,1,feu_rouge,SAFE : arret au feu rouge
89.25,309.1,0.0,SAFE,1,feu_rouge,SAFE : arret au feu rouge
89.30,309.1,0.0,SAFE,1,feu_rouge,SAFE : arret au feu rouge
89.35,309.1,0.0,SAFE,1,feu_rouge,SAFE : arret au feu rouge
89.40,309.1,0.0,SAFE,1,feu_rouge,SAFE : arret au feu rouge
89.45,309.1,0.0,SAFE,1,feu_rouge,SAFE : arret au feu rouge
89.50,309.1,0.0,SAFE,1,feu_rouge,SAFE : arret au feu rouge
89.55,309.1,0.0,SAFE,1,feu_rouge,SAFE : arret au feu rouge
89.60,309.1,0.0,SAFE,1,feu_rouge,SAFE : arret au feu rouge
89.65,309.1,0.0,SAFE,1,feu_rouge,SAFE : arret au feu rouge
89.70,309.1,0.0,SAFE,1,feu_rouge,SAFE : arret au feu rouge
89.75,309.1,0.0,SAFE,1,feu_rouge,SAFE : arret au feu rouge
89.80,309.1,0.0,SAFE,1,feu_rouge,SAFE : arret au feu rouge
89.85,309.1,0.0,SAFE,1,feu_rouge,SAFE : arret au feu rouge
89.90,309.1,0.0,SAFE,1,feu_rouge,SAFE : arret au feu rouge
89.95,309.1,0.0,SAFE,1,feu_rouge,SAFE : arret au feu rouge
90.00,309.1,0.0,SAFE,1,feu_rouge,SAFE : arret au feu rouge
90.05,309.1,0.0,SAFE,1,feu_rouge,SAFE : arret au feu rouge
90.10,309.1,0.0,SAFE,1,feu_rouge,SAFE : arret au feu rouge
90.15,309.1,0.0,SAFE,1,feu_rouge,SAFE : arret au feu rouge
90.20,309.1,0.0,SAFE,1,feu_rouge,SAFE : arret au feu rouge
90.25,309.1,0.0,SAFE,1,feu_rouge,SAFE : arret au feu rouge
90.30,309.1,0.0,SAFE,1,feu_rouge,SAFE : arret au feu rouge
90.35,309.1,0.0,SAFE,1,feu_rouge,SAFE : arret au feu rouge
90.40,309.1,0.0,SAFE,1,feu_rouge,SAFE : arret au feu rouge
90.45,309.1,0.0,SAFE,1,feu_rouge,SAFE : arret au feu rouge
90.50,309.1,0.0,SAFE,1,feu_rouge,SAFE : arret au feu rouge
90.55,309.1,0.0,SAFE,1,feu_rouge,SAFE : arret au feu rouge
90.60,309.1,0.0,SAFE,1,feu_rouge,SAFE : arret au feu rouge
90.65,309.1,0.0,SAFE,1,feu_rouge,SAFE : arret au feu rouge
90.70,309.1,0.0,SAFE,1,feu_rouge,SAFE : arret au feu rouge
90.75,309.1,0.0,SAFE,1,feu_rouge,SAFE : arret au feu rouge
90.80,309.1,0.0,SAFE,1,feu_rouge,SAFE : arret au feu rouge
90.85,309.1,0.0,SAFE,1,feu_rouge,SAFE : arret au feu rouge
90.90,309.1,0.0,SAFE,1,feu_rouge,SAFE : arret au feu rouge
90.95,309.1,0.0,SAFE,1,feu_rouge,SAFE : arret au feu rouge
91.00,309.1,0.0,SAFE,1,feu_rouge,SAFE : arret au feu rouge
91.05,309.1,0.0,SAFE,1,feu_rouge,SAFE : arret au feu rouge
91.10,309.1,0.0,SAFE,1,feu_rouge,SAFE : arret au feu rouge
91.15,309.1,0.0,SAFE,1,feu_rouge,SAFE : arret au feu rouge
91.20,309.1,0.0,SAFE,1,feu_rouge,SAFE : arret au feu rouge
91.25,309.1,0.0,SAFE,1,feu_rouge,SAFE : arret au feu rouge
91.30,309.1,0.0,SAFE,1,feu_rouge,SAFE : arret au feu rouge
91.35,309.1,0.0,SAFE,1,feu_rouge,SAFE : arret au feu rouge
91.40,309.1,0.0,SAFE,1,feu_rouge,SAFE : arret au feu rouge
91.45,309.1,0.0,SAFE,1,feu_rouge,SAFE : arret au feu rouge
91.50,309.1,0.0,SAFE,1,feu_rouge,SAFE : arret au feu rouge
91.55,309.1,0.0,SAFE,1,feu_rouge,SAFE : arret au feu rouge
91.60,309.1,0.0,SAFE,1,feu_rouge,SAFE : arret au feu rouge
91.65,309.1,0.0,SAFE,1,feu_rouge,SAFE : arret au feu rouge
91.70,309.1,0.0,SAFE,1,feu_rouge,SAFE : arret au feu rouge
91.75,309.1,0.0,SAFE,1,feu_rouge,SAFE : arret au feu rouge
91.80,309.1,0.0,SAFE,1,feu_rouge,SAFE : arret au feu rouge
91.85,309.1,0.0,SAFE,1,feu_rouge,SAFE : arret au feu rouge
91.90,309.1,0.0,SAFE,1,feu_rouge,SAFE : arret au feu rouge
91.95,309.1,0.0,SAFE,1,feu_rouge,SAFE : arret au feu rouge
92.00,309.1,0.0,SAFE,1,feu_rouge,SAFE : arret au feu rouge
92.05,309.1,0.0,SAFE,1,feu_rouge,SAFE : arret au feu rouge
92.10,309.1,0.0,SAFE,1,feu_rouge,SAFE : arret au feu rouge
92.15,309.1,0.0,SAFE,1,feu_rouge,SAFE : arret au feu rouge
92.20,309.1,0.0,SAFE,1,feu_rouge,SAFE : arret au feu rouge
92.25,309.1,0.0,SAFE,1,feu_rouge,SAFE : arret au feu rouge
92.30,309.1,0.0,SAFE,1,feu_rouge,SAFE : arret au feu rouge
92.35,309.1,0.0,SAFE,1,feu_rouge,SAFE : arret au feu rouge
92.40,309.1,0.0,SAFE,1,feu_rouge,SAFE : arret au feu rouge
92.45,309.1,0.0,SAFE,1,feu_rouge,SAFE : arret au feu rouge
92.50,309.1,0.0,SAFE,1,feu_rouge,SAFE : arret au feu rouge
92.55,309.1,0.0,SAFE,1,feu_rouge,SAFE : arret au feu rouge
92.60,309.1,0.0,SAFE,1,feu_rouge,SAFE : arret au feu rouge
92.65,309.1,0.0,SAFE,1,feu_rouge,SAFE : arret au feu rouge
92.70,309.1,0.0,SAFE,1,feu_rouge,SAFE : arret au feu rouge
92.75,309.1,0.0,SAFE,1,feu_rouge,SAFE : arret au feu rouge
92.80,309.1,0.0,SAFE,1,feu_rouge,SAFE : arret au feu rouge
92.85,309.1,0.0,SAFE,1,feu_rouge,SAFE : arret au feu rouge
92.90,309.1,0.0,SAFE,1,feu_rouge,SAFE : arret au feu rouge
92.95,309.1,0.0,SAFE,1,feu_rouge,SAFE : arret au feu rouge
93.00,309.1,0.0,SAFE,1,feu_rouge,SAFE : arret au feu rouge
93.05,309.1,0.0,SAFE,1,feu_rouge,SAFE : arret au feu rouge
93.10,309.1,0.0,SAFE,1,feu_rouge,SAFE : arret au feu rouge
93.15,309.1,0.0,SAFE,1,feu_rouge,SAFE : arret au feu rouge
93.20,309.1,0.0,SAFE,1,feu_rouge,SAFE : arret au feu rouge
93.25,309.1,0.0,SAFE,1,feu_rouge,SAFE : arret au feu rouge
93.30,309.1,0.0,SAFE,1,feu_rouge,SAFE : arret au feu rouge
93.35,309.1,0.0,SAFE,1,feu_rouge,SAFE : arret au feu rouge
93.40,309.1,0.0,SAFE,1,feu_rouge,SAFE : arret au feu rouge
93.45,309.1,0.0,SAFE,1,feu_rouge,SAFE : arret au feu rouge
93.50,309.1,0.0,SAFE,1,feu_rouge,SAFE : arret au feu rouge
93.55,309.1,0.0,SAFE,1,feu_rouge,SAFE : arret au feu rouge
93.60,309.1,0.0,SAFE,1,feu_rouge,SAFE : arret au feu rouge
93.65,309.1,0.0,SAFE,1,feu_rouge,SAFE : arret au feu rouge
93.70,309.1,0.0,SAFE,1,feu_rouge,SAFE : arret au feu rouge
93.75,309.1,0.0,SAFE,1,feu_rouge,SAFE : arret au feu rouge
93.80,309.1,0.0,SAFE,1,feu_rouge,SAFE : arret au feu rouge
93.85,309.1,0.0,SAFE,1,feu_rouge,SAFE : arret au feu rouge
93.90,309.1,0.0,SAFE,1,feu_rouge,SAFE : arret au feu rouge
93.95,309.1,0.0,SAFE,1,feu_rouge,SAFE : arret au feu rouge
94.00,309.1,0.0,SAFE,1,feu_rouge,SAFE : arret au feu rouge
94.05,309.1,0.0,SAFE,1,feu_rouge,SAFE : arret au feu rouge
94.10,309.1,0.0,SAFE,1,feu_rouge,SAFE : arret au feu rouge
94.15,309.1,0.0,SAFE,1,feu_rouge,SAFE : arret au feu rouge
94.20,309.1,0.0,SAFE,1,feu_rouge,SAFE : arret au feu rouge
94.25,309.1,0.0,SAFE,1,feu_rouge,SAFE : arret au feu rouge
94.30,309.1,0.0,SAFE,1,feu_rouge,SAFE : arret au feu rouge
94.35,309.1,0.0,SAFE,1,feu_rouge,SAFE : arret au feu rouge
94.40,309.1,0.0,SAFE,1,feu_rouge,SAFE : arret au feu rouge
94.45,309.1,0.0,SAFE,1,feu_rouge,SAFE : arret au feu rouge
94.50,309.1,0.0,SAFE,1,feu_rouge,SAFE : arret au feu rouge
94.55,309.1,0.0,SAFE,1,feu_rouge,SAFE : arret au feu rouge
94.60,309.1,0.0,SAFE,1,feu_rouge,SAFE : arret au feu rouge
94.65,309.1,0.0,SAFE,1,feu_rouge,SAFE : arret au feu rouge
94.70,309.1,0.0,SAFE,1,feu_rouge,SAFE : arret au feu rouge
94.75,309.1,0.0,SAFE,1,feu_rouge,SAFE : arret au feu rouge
94.80,309.1,0.0,SAFE,1,feu_rouge,SAFE : arret au feu rouge
94.85,309.1,0.0,SAFE,1,feu_rouge,SAFE : arret au feu rouge
94.90,309.1,0.0,SAFE,1,feu_rouge,SAFE : arret au feu rouge
94.95,309.1,0.0,SAFE,1,feu_rouge,SAFE : arret au feu rouge
95.00,309.1,0.0,SAFE,1,feu_rouge,SAFE : arret au feu rouge
95.05,309.1,0.0,SAFE,1,feu_rouge,SAFE : arret au feu rouge
95.10,309.1,0.0,SAFE,1,feu_rouge,SAFE : arret au feu rouge
95.15,309.1,0.0,SAFE,1,feu_rouge,SAFE : arret au feu rouge
95.20,309.1,0.0,SAFE,1,feu_rouge,SAFE : arret au feu rouge
95.25,309.1,0.0,SAFE,1,feu_rouge,SAFE : arret au feu rouge
95.30,309.1,0.0,SAFE,1,feu_rouge,SAFE : arret au feu rouge
95.35,309.1,0.0,SAFE,1,feu_rouge,SAFE : arret au feu rouge
95.40,309.1,0.0,SAFE,1,feu_rouge,SAFE : arret au feu rouge
95.45,309.1,0.0,SAFE,1,feu_rouge,SAFE : arret au feu rouge
95.50,309.1,0.0,SAFE,1,feu_rouge,SAFE : arret au feu rouge
95.55,309.1,0.0,SAFE,1,feu_rouge,SAFE : arret au feu rouge
95.60,309.1,0.0,SAFE,1,feu_rouge,SAFE : arret au feu rouge
95.65,309.1,0.0,SAFE,1,feu_rouge,SAFE : arret au feu rouge
95.70,309.1,0.0,SAFE,1,feu_rouge,SAFE : arret au feu rouge
95.75,309.1,0.0,SAFE,1,feu_rouge,SAFE : arret au feu rouge
95.80,309.1,0.0,SAFE,1,feu_rouge,SAFE : arret au feu rouge
95.85,309.1,0.0,SAFE,1,feu_rouge,SAFE : arret au feu rouge
95.90,309.1,0.0,SAFE,1,feu_rouge,SAFE : arret au feu rouge
95.95,309.1,0.0,SAFE,1,feu_rouge,SAFE : arret au feu rouge
96.00,309.1,0.0,SAFE,1,feu_rouge,SAFE : arret au feu rouge
96.05,309.1,0.0,SAFE,1,feu_rouge,SAFE : arret au feu rouge
96.10,309.1,0.0,SAFE,1,feu_rouge,SAFE : arret au feu rouge
96.15,309.1,0.0,SAFE,1,feu_rouge,SAFE : arret au feu rouge
96.20,309.1,0.0,SAFE,1,feu_rouge,SAFE : arret au feu rouge
96.25,309.1,0.0,SAFE,1,feu_rouge,SAFE : arret au feu rouge
96.30,309.1,0.0,SAFE,1,feu_rouge,SAFE : arret au feu rouge
96.35,309.1,0.0,SAFE,1,feu_rouge,SAFE : arret au feu rouge
96.40,309.1,0.0,SAFE,1,feu_rouge,SAFE : arret au feu rouge
96.45,309.1,0.0,SAFE,1,feu_rouge,SAFE : arret au feu rouge
96.50,309.1,0.0,SAFE,1,feu_rouge,SAFE : arret au feu rouge
96.55,309.1,0.0,SAFE,1,feu_rouge,SAFE : arret au feu rouge
96.60,309.1,0.0,SAFE,1,feu_rouge,SAFE : arret au feu rouge
96.65,309.1,0.0,SAFE,1,feu_rouge,SAFE : arret au feu rouge
96.70,309.1,0.0,SAFE,1,feu_rouge,SAFE : arret au feu rouge
96.75,309.1,0.0,SAFE,1,feu_rouge,SAFE : arret au feu rouge
96.80,309.1,0.0,SAFE,1,feu_rouge,SAFE : arret au feu rouge
96.85,309.1,0.0,SAFE,1,feu_rouge,SAFE : arret au feu rouge
96.90,309.1,0.0,SAFE,1,feu_rouge,SAFE : arret au feu rouge
96.95,309.1,0.0,SAFE,1,feu_rouge,SAFE : arret au feu rouge
97.00,309.1,0.0,SAFE,1,feu_rouge,SAFE : arret au feu rouge
97.05,309.1,0.0,SAFE,1,feu_rouge,SAFE : arret au feu rouge
97.10,309.1,0.0,SAFE,1,feu_rouge,SAFE : arret au feu rouge
97.15,309.1,0.0,SAFE,1,feu_rouge,SAFE : arret au feu rouge
97.20,309.1,0.0,SAFE,1,feu_rouge,SAFE : arret au feu rouge
97.25,309.1,0.0,SAFE,1,feu_rouge,SAFE : arret au feu rouge
97.30,309.1,0.0,SAFE,1,feu_rouge,SAFE : arret au feu rouge
97.35,309.1,0.0,SAFE,1,feu_rouge,SAFE : arret au feu rouge
97.40,309.1,0.0,SAFE,1,feu_rouge,SAFE : arret au feu rouge
97.45,309.1,0.0,SAFE,1,feu_rouge,SAFE : arret au feu rouge
97.50,309.1,0.0,SAFE,1,feu_rouge,SAFE : arret au feu rouge
97.55,309.1,0.0,SAFE,1,feu_rouge,SAFE : arret au feu rouge
97.60,309.1,0.0,SAFE,1,feu_rouge,SAFE : arret au feu rouge
97.65,309.1,0.0,SAFE,1,feu_rouge,SAFE : arret au feu rouge
97.70,309.1,0.0,SAFE,1,feu_rouge,SAFE : arret au feu rouge
97.75,309.1,0.0,SAFE,1,feu_rouge,SAFE : arret au feu rouge
97.80,309.1,0.0,SAFE,1,feu_rouge,SAFE : arret au feu rouge
97.85,309.1,0.0,SAFE,1,feu_rouge,SAFE : arret au feu rouge
97.90,309.1,0.0,SAFE,1,feu_rouge,SAFE : arret au feu rouge
97.95,309.1,0.0,SAFE,1,feu_rouge,SAFE : arret au feu rouge
98.00,309.1,0.0,SAFE,1,feu_rouge,SAFE : arret au feu rouge
98.05,309.1,0.0,SAFE,1,feu_rouge,SAFE : arret au feu rouge
98.10,309.1,0.0,SAFE,1,feu_rouge,SAFE : arret au feu rouge
98.15,309.1,0.0,SAFE,1,feu_rouge,SAFE : arret au feu rouge
98.20,309.1,0.0,SAFE,1,feu_rouge,SAFE : arret au feu rouge
98.25,309.1,0.0,SAFE,1,feu_rouge,SAFE : arret au feu rouge
98.30,309.1,0.0,SAFE,1,feu_rouge,SAFE : arret au feu rouge
98.35,309.1,0.0,SAFE,1,feu_rouge,SAFE : arret au feu rouge
98.40,309.1,0.0,SAFE,1,feu_rouge,SAFE : arret au feu rouge
98.45,309.1,0.0,SAFE,1,feu_rouge,SAFE : arret au feu rouge
98.50,309.1,0.0,SAFE,1,feu_rouge,SAFE : arret au feu rouge
98.55,309.1,0.0,SAFE,1,feu_rouge,SAFE : arret au feu rouge
98.60,309.1,0.0,SAFE,1,feu_rouge,SAFE : arret au feu rouge
98.65,309.1,0.0,SAFE,1,feu_rouge,SAFE : arret au feu rouge
98.70,309.1,0.0,SAFE,1,feu_rouge,SAFE : arret au feu rouge
98.75,309.1,0.0,SAFE,1,feu_rouge,SAFE : arret au feu rouge
98.80,309.1,0.0,SAFE,1,feu_rouge,SAFE : arret au feu rouge
98.85,309.1,0.0,SAFE,1,feu_rouge,SAFE : arret au feu rouge
98.90,309.1,0.0,SAFE,1,feu_rouge,SAFE : arret au feu rouge
98.95,309.1,0.0,SAFE,1,feu_rouge,SAFE : arret au feu rouge
99.00,309.1,0.0,SAFE,1,feu_rouge,SAFE : arret au feu rouge
99.05,309.1,0.0,SAFE,1,feu_rouge,SAFE : arret au feu rouge
99.10,309.1,0.0,SAFE,1,feu_rouge,SAFE : arret au feu rouge
99.15,309.1,0.0,SAFE,1,feu_rouge,SAFE : arret au feu rouge
99.20,309.1,0.0,SAFE,1,feu_rouge,SAFE : arret au feu rouge
99.25,309.1,0.0,SAFE,1,feu_rouge,SAFE : arret au feu rouge
99.30,309.1,0.0,SAFE,1,feu_rouge,SAFE : arret au feu rouge
99.35,309.1,0.0,SAFE,1,feu_rouge,SAFE : arret au feu rouge
99.40,309.1,0.0,SAFE,1,feu_rouge,SAFE : arret au feu rouge
99.45,309.1,0.0,SAFE,1,feu_rouge,SAFE : arret au feu rouge
99.50,309.1,0.0,SAFE,1,feu_rouge,SAFE : arret au feu rouge
99.55,309.1,0.0,SAFE,1,feu_rouge,SAFE : arret au feu rouge
99.60,309.1,0.0,SAFE,1,feu_rouge,SAFE : arret au feu rouge
99.65,309.1,0.0,SAFE,1,feu_rouge,SAFE : arret au feu rouge
99.70,309.1,0.0,SAFE,1,feu_rouge,SAFE : arret au feu rouge
99.75,309.1,0.0,SAFE,1,feu_rouge,SAFE : arret au feu rouge
99.80,309.1,0.0,SAFE,1,feu_rouge,SAFE : arret au feu rouge
99.85,309.1,0.0,SAFE,1,feu_rouge,SAFE : arret au feu rouge
99.90,309.1,0.0,SAFE,1,feu_rouge,SAFE : arret au feu rouge
99.95,309.1,0.0,SAFE,1,feu_rouge,SAFE : arret au feu rouge
100.00,309.1,0.0,SAFE,1,feu_rouge,SAFE : arret au feu rouge
100.05,309.1,0.0,SAFE,1,feu_rouge,SAFE : arret au feu rouge
100.10,309.1,0.0,SAFE,1,feu_rouge,SAFE : arret au feu rouge
100.15,309.1,0.0,SAFE,1,feu_rouge,SAFE : arret au feu rouge
100.20,309.1,0.0,SAFE,1,feu_rouge,SAFE : arret au feu rouge
100.25,309.1,0.0,SAFE,1,feu_rouge,SAFE : arret au feu rouge
100.30,309.1,0.0,SAFE,1,feu_rouge,SAFE : arret au feu rouge
100.35,309.1,0.0,SAFE,1,feu_rouge,SAFE : arret au feu rouge
100.40,309.1,0.0,SAFE,1,feu_rouge,SAFE : arret au feu rouge
100.45,309.1,0.0,SAFE,1,feu_rouge,SAFE : arret au feu rouge
100.50,309.1,0.0,SAFE,1,feu_rouge,SAFE : arret au feu rouge
100.55,309.1,0.0,SAFE,1,feu_rouge,SAFE : arret au feu rouge
100.60,309.1,0.0,SAFE,1,feu_rouge,SAFE : arret au feu rouge
100.65,309.1,0.0,SAFE,1,feu_rouge,SAFE : arret au feu rouge
100.70,309.1,0.0,SAFE,1,feu_rouge,SAFE : arret au feu rouge
100.75,309.1,0.0,SAFE,1,feu_rouge,SAFE : arret au feu rouge
100.80,309.1,0.0,SAFE,1,feu_rouge,SAFE : arret au feu rouge
100.85,309.1,0.0,SAFE,1,feu_rouge,SAFE : arret au feu rouge
100.90,309.1,0.0,SAFE,1,feu_rouge,SAFE : arret au feu rouge
100.95,309.1,0.0,SAFE,1,feu_rouge,SAFE : arret au feu rouge
101.00,309.1,0.0,SAFE,1,feu_rouge,SAFE : arret au feu rouge
101.05,309.1,0.0,SAFE,1,feu_rouge,SAFE : arret au feu rouge
101.10,309.1,0.0,SAFE,1,feu_rouge,SAFE : arret au feu rouge
101.15,309.1,0.0,SAFE,1,feu_rouge,SAFE : arret au feu rouge
101.20,309.1,0.0,SAFE,1,feu_rouge,SAFE : arret au feu rouge
101.25,309.1,0.0,SAFE,1,feu_rouge,SAFE : arret au feu rouge
101.30,309.1,0.0,SAFE,1,feu_rouge,SAFE : arret au feu rouge
101.35,309.1,0.0,SAFE,1,feu_rouge,SAFE : arret au feu rouge
101.40,309.1,0.0,SAFE,1,feu_rouge,SAFE : arret au feu rouge
101.45,309.1,0.0,SAFE,1,feu_rouge,SAFE : arret au feu rouge
101.50,309.1,0.0,SAFE,1,feu_rouge,SAFE : arret au feu rouge
101.55,309.1,0.0,SAFE,1,feu_rouge,SAFE : arret au feu rouge
101.60,309.1,0.0,SAFE,1,feu_rouge,SAFE : arret au feu rouge
101.65,309.1,0.0,SAFE,1,feu_rouge,SAFE : arret au feu rouge
101.70,309.1,0.0,SAFE,1,feu_rouge,SAFE : arret au feu rouge
101.75,309.1,0.0,SAFE,1,feu_rouge,SAFE : arret au feu rouge
101.80,309.1,0.0,SAFE,1,feu_rouge,SAFE : arret au feu rouge
101.85,309.1,0.0,SAFE,1,feu_rouge,SAFE : arret au feu rouge
101.90,309.1,0.0,SAFE,1,feu_rouge,SAFE : arret au feu rouge
101.95,309.1,0.0,SAFE,1,feu_rouge,SAFE : arret au feu rouge
102.00,309.1,0.0,SAFE,1,feu_rouge,SAFE : arret au feu rouge
102.05,309.1,0.0,SAFE,1,feu_rouge,SAFE : arret au feu rouge
102.10,309.1,0.0,SAFE,1,feu_rouge,SAFE : arret au feu rouge
102.15,309.1,0.0,SAFE,1,feu_rouge,SAFE : arret au feu rouge
102.20,309.1,0.0,SAFE,1,feu_rouge,SAFE : arret au feu rouge
102.25,309.1,0.0,SAFE,1,feu_rouge,SAFE : arret au feu rouge
102.30,309.1,0.0,SAFE,1,feu_rouge,SAFE : arret au feu rouge
102.35,309.1,0.0,SAFE,1,feu_rouge,SAFE : arret au feu rouge
102.40,309.1,0.0,SAFE,1,feu_rouge,SAFE : arret au feu rouge
102.45,309.1,0.0,SAFE,1,feu_rouge,SAFE : arret au feu rouge
102.50,309.1,0.0,SAFE,1,feu_rouge,SAFE : arret au feu rouge
102.55,309.1,0.0,SAFE,1,feu_rouge,SAFE : arret au feu rouge
102.60,309.1,0.0,SAFE,1,feu_rouge,SAFE : arret au feu rouge
102.65,309.1,0.0,SAFE,1,feu_rouge,SAFE : arret au feu rouge
102.70,309.1,0.0,SAFE,1,feu_rouge,SAFE : arret au feu rouge
102.75,309.1,0.0,SAFE,1,feu_rouge,SAFE : arret au feu rouge
102.80,309.1,0.0,SAFE,1,feu_rouge,SAFE : arret au feu rouge
102.85,309.1,0.0,SAFE,1,feu_rouge,SAFE : arret au feu rouge
102.90,309.1,0.0,SAFE,1,feu_rouge,SAFE : arret au feu rouge
102.95,309.1,0.0,SAFE,1,feu_rouge,SAFE : arret au feu rouge
103.00,309.1,0.0,SAFE,1,feu_rouge,SAFE : arret au feu rouge
103.05,309.1,0.0,SAFE,1,feu_rouge,SAFE : arret au feu rouge
103.10,309.1,0.0,SAFE,1,feu_rouge,SAFE : arret au feu rouge
103.15,309.1,0.0,SAFE,1,feu_rouge,SAFE : arret au feu rouge
103.20,309.1,0.0,SAFE,1,feu_rouge,SAFE : arret au feu rouge
103.25,309.1,0.0,SAFE,1,feu_rouge,SAFE : arret au feu rouge
103.30,309.1,0.0,SAFE,1,feu_rouge,SAFE : arret au feu rouge
103.35,309.1,0.0,SAFE,1,feu_rouge,SAFE : arret au feu rouge
103.40,309.1,0.0,SAFE,1,feu_rouge,SAFE : arret au feu rouge
103.45,309.1,0.0,SAFE,1,feu_rouge,SAFE : arret au feu rouge
103.50,309.1,0.0,SAFE,1,feu_rouge,SAFE : arret au feu rouge
103.55,309.1,0.0,SAFE,1,feu_rouge,SAFE : arret au feu rouge
103.60,309.1,0.0,SAFE,1,feu_rouge,SAFE : arret au feu rouge
103.65,309.1,0.0,SAFE,1,feu_rouge,SAFE : arret au feu rouge
103.70,309.1,0.0,SAFE,1,feu_rouge,SAFE : arret au feu rouge
103.75,309.1,0.0,SAFE,1,feu_rouge,SAFE : arret au feu rouge
103.80,309.1,0.0,SAFE,1,feu_rouge,SAFE : arret au feu rouge
103.85,309.1,0.0,SAFE,1,feu_rouge,SAFE : arret au feu rouge
103.90,309.1,0.0,SAFE,1,feu_rouge,SAFE : arret au feu rouge
103.95,309.1,0.0,SAFE,1,feu_rouge,SAFE : arret au feu rouge
104.00,309.1,0.0,SAFE,1,feu_rouge,SAFE : arret au feu rouge
104.05,309.1,0.0,SAFE,1,feu_rouge,SAFE : arret au feu rouge
104.10,309.1,0.0,SAFE,1,feu_rouge,SAFE : arret au feu rouge
104.15,309.1,0.0,SAFE,1,feu_rouge,SAFE : arret au feu rouge
104.20,309.1,0.0,SAFE,1,feu_rouge,SAFE : arret au feu rouge
104.25,309.1,0.0,SAFE,1,feu_rouge,SAFE : arret au feu rouge
104.30,309.1,0.0,SAFE,1,feu_rouge,SAFE : arret au feu rouge
104.35,309.1,0.0,SAFE,1,feu_rouge,SAFE : arret au feu rouge
104.40,309.1,0.0,SAFE,1,feu_rouge,SAFE : arret au feu rouge
104.45,309.1,0.0,SAFE,1,feu_rouge,SAFE : arret au feu rouge
104.50,309.1,0.0,SAFE,1,feu_rouge,SAFE : arret au feu rouge
104.55,309.1,0.0,SAFE,1,feu_rouge,SAFE : arret au feu rouge
104.60,309.1,0.0,SAFE,1,feu_rouge,SAFE : arret au feu rouge
104.65,309.1,0.0,SAFE,1,feu_rouge,SAFE : arret au feu rouge
104.70,309.1,0.0,SAFE,1,feu_rouge,SAFE : arret au feu rouge
104.75,309.1,0.0,SAFE,1,feu_rouge,SAFE : arret au feu rouge
104.80,309.1,0.0,SAFE,1,feu_rouge,SAFE : arret au feu rouge
104.85,309.1,0.0,SAFE,1,feu_rouge,SAFE : arret au feu rouge
104.90,309.1,0.0,SAFE,1,feu_rouge,SAFE : arret au feu rouge
104.95,309.1,0.0,SAFE,1,feu_rouge,SAFE : arret au feu rouge
105.00,309.1,0.0,SAFE,1,feu_rouge,SAFE : arret au feu rouge
105.05,309.1,0.0,SAFE,1,feu_rouge,SAFE : arret au feu rouge
105.10,309.1,0.0,SAFE,1,feu_rouge,SAFE : arret au feu rouge
105.15,309.1,0.0,SAFE,1,feu_rouge,SAFE : arret au feu rouge
105.20,309.1,0.0,SAFE,1,feu_rouge,SAFE : arret au feu rouge
105.25,309.1,0.0,SAFE,1,feu_rouge,SAFE : arret au feu rouge
105.30,309.1,0.0,SAFE,1,feu_rouge,SAFE : arret au feu rouge
105.35,309.1,0.0,SAFE,1,feu_rouge,SAFE : arret au feu rouge
105.40,309.1,0.0,SAFE,1,feu_rouge,SAFE : arret au feu rouge
105.45,309.1,0.0,SAFE,1,feu_rouge,SAFE : arret au feu rouge
105.50,309.1,0.0,SAFE,1,feu_rouge,SAFE : arret au feu rouge
105.55,309.1,0.0,SAFE,1,feu_rouge,SAFE : arret au feu rouge
105.60,309.1,0.0,SAFE,1,feu_rouge,SAFE : arret au feu rouge
105.65,309.1,0.0,SAFE,1,feu_rouge,SAFE : arret au feu rouge
105.70,309.1,0.0,SAFE,1,feu_rouge,SAFE : arret au feu rouge
105.75,309.1,0.0,SAFE,1,feu_rouge,SAFE : arret au feu rouge
105.80,309.1,0.0,SAFE,1,feu_rouge,SAFE : arret au feu rouge
105.85,309.1,0.0,SAFE,1,feu_rouge,SAFE : arret au feu rouge
105.90,309.1,0.0,SAFE,1,feu_rouge,SAFE : arret au feu rouge
105.95,309.1,0.0,SAFE,1,feu_rouge,SAFE : arret au feu rouge
106.00,309.1,0.0,SAFE,1,feu_rouge,SAFE : arret au feu rouge
106.05,309.1,0.0,SAFE,1,feu_rouge,SAFE : arret au feu rouge
106.10,309.1,0.0,SAFE,1,feu_rouge,SAFE : arret au feu rouge
106.15,309.1,0.0,SAFE,1,feu_rouge,SAFE : arret au feu rouge
106.20,309.1,0.0,SAFE,1,feu_rouge,SAFE : arret au feu rouge
106.25,309.1,0.0,SAFE,1,feu_rouge,SAFE : arret au feu rouge
106.30,309.1,0.0,SAFE,1,feu_rouge,SAFE : arret au feu rouge
106.35,309.1,0.0,SAFE,1,feu_rouge,SAFE : arret au feu rouge
106.40,309.1,0.0,SAFE,1,feu_rouge,SAFE : arret au feu rouge
106.45,309.1,0.0,SAFE,1,feu_rouge,SAFE : arret au feu rouge
106.50,309.1,0.0,SAFE,1,feu_rouge,SAFE : arret au feu rouge
106.55,309.1,0.0,SAFE,1,feu_rouge,SAFE : arret au feu rouge
106.60,309.1,0.0,SAFE,1,feu_rouge,SAFE : arret au feu rouge
106.65,309.1,0.0,SAFE,1,feu_rouge,SAFE : arret au feu rouge
106.70,309.1,0.0,SAFE,1,feu_rouge,SAFE : arret au feu rouge
106.75,309.1,0.0,SAFE,1,feu_rouge,SAFE : arret au feu rouge
106.80,309.1,0.0,SAFE,1,feu_rouge,SAFE : arret au feu rouge
106.85,309.1,0.0,SAFE,1,feu_rouge,SAFE : arret au feu rouge
106.90,309.1,0.0,SAFE,1,feu_rouge,SAFE : arret au feu rouge
106.95,309.1,0.0,SAFE,1,feu_rouge,SAFE : arret au feu rouge
107.00,309.1,0.0,SAFE,1,feu_rouge,SAFE : arret au feu rouge
107.05,309.1,0.0,SAFE,1,feu_rouge,SAFE : arret au feu rouge
107.10,309.1,0.0,SAFE,1,feu_rouge,SAFE : arret au feu rouge
107.15,309.1,0.0,SAFE,1,feu_rouge,SAFE : arret au feu rouge
107.20,309.1,0.0,SAFE,1,feu_rouge,SAFE : arret au feu rouge
107.25,309.1,0.0,SAFE,1,feu_rouge,SAFE : arret au feu rouge
107.30,309.1,0.0,SAFE,1,feu_rouge,SAFE : arret au feu rouge
107.35,309.1,0.0,SAFE,1,feu_rouge,SAFE : arret au feu rouge
107.40,309.1,0.0,SAFE,1,feu_rouge,SAFE : arret au feu rouge
107.45,309.1,0.0,SAFE,1,feu_rouge,SAFE : arret au feu rouge
107.50,309.1,0.0,SAFE,1,feu_rouge,SAFE : arret au feu rouge
107.55,309.1,0.0,SAFE,1,feu_rouge,SAFE : arret au feu rouge
107.60,309.1,0.0,SAFE,1,feu_rouge,SAFE : arret au feu rouge
107.65,309.1,0.0,SAFE,1,feu_rouge,SAFE : arret au feu rouge
107.70,309.1,0.0,SAFE,1,feu_rouge,SAFE : arret au feu rouge
107.75,309.1,0.0,SAFE,1,feu_rouge,SAFE : arret au feu rouge
107.80,309.1,0.0,SAFE,1,feu_rouge,SAFE : arret au feu rouge
107.85,309.1,0.0,SAFE,1,feu_rouge,SAFE : arret au feu rouge
107.90,309.1,0.0,SAFE,1,feu_rouge,SAFE : arret au feu rouge
107.95,309.1,0.0,SAFE,1,feu_rouge,SAFE : arret au feu rouge
108.00,309.1,0.0,SAFE,1,feu_rouge,SAFE : arret au feu rouge
108.05,309.1,0.0,SAFE,1,feu_rouge,SAFE : arret au feu rouge
108.10,309.1,0.0,SAFE,1,feu_rouge,SAFE : arret au feu rouge
108.15,309.1,0.0,SAFE,1,feu_rouge,SAFE : arret au feu rouge
108.20,309.1,0.0,SAFE,1,feu_rouge,SAFE : arret au feu rouge
108.25,309.1,0.0,SAFE,1,feu_rouge,SAFE : arret au feu rouge
108.30,309.1,0.0,SAFE,1,feu_rouge,SAFE : arret au feu rouge
108.35,309.1,0.0,SAFE,1,feu_rouge,SAFE : arret au feu rouge
108.40,309.1,0.0,SAFE,1,feu_rouge,SAFE : arret au feu rouge
108.45,309.1,0.0,SAFE,1,feu_rouge,SAFE : arret au feu rouge
108.50,309.1,0.0,SAFE,1,feu_rouge,SAFE : arret au feu rouge
108.55,309.1,0.0,SAFE,1,feu_rouge,SAFE : arret au feu rouge
108.60,309.1,0.0,SAFE,1,feu_rouge,SAFE : arret au feu rouge
108.65,309.1,0.0,SAFE,1,feu_rouge,SAFE : arret au feu rouge
108.70,309.1,0.0,SAFE,1,feu_rouge,SAFE : arret au feu rouge
108.75,309.1,0.0,SAFE,1,feu_rouge,SAFE : arret au feu rouge
108.80,309.1,0.0,SAFE,1,feu_rouge,SAFE : arret au feu rouge
108.85,309.1,0.0,SAFE,1,feu_rouge,SAFE : arret au feu rouge
108.90,309.1,0.0,SAFE,1,feu_rouge,SAFE : arret au feu rouge
108.95,309.1,0.0,SAFE,1,feu_rouge,SAFE : arret au feu rouge
109.00,309.1,0.0,SAFE,1,feu_rouge,SAFE : arret au feu rouge
109.05,309.1,0.0,SAFE,1,feu_rouge,SAFE : arret au feu rouge
109.10,309.1,0.0,SAFE,1,feu_rouge,SAFE : arret au feu rouge
109.15,309.1,0.0,SAFE,1,feu_rouge,SAFE : arret au feu rouge
109.20,309.1,0.0,SAFE,1,feu_rouge,SAFE : arret au feu rouge
109.25,309.1,0.0,SAFE,1,feu_rouge,SAFE : arret au feu rouge
109.30,309.1,0.0,SAFE,1,feu_rouge,SAFE : arret au feu rouge
109.35,309.1,0.0,SAFE,1,feu_rouge,SAFE : arret au feu rouge
109.40,309.1,0.0,SAFE,1,feu_rouge,SAFE : arret au feu rouge
109.45,309.1,0.0,SAFE,1,feu_rouge,SAFE : arret au feu rouge
109.50,309.1,0.0,SAFE,1,feu_rouge,SAFE : arret au feu rouge
109.55,309.1,0.0,SAFE,1,feu_rouge,SAFE : arret au feu rouge
109.60,309.1,0.0,SAFE,1,feu_rouge,SAFE : arret au feu rouge
109.65,309.1,0.0,SAFE,1,feu_rouge,SAFE : arret au feu rouge
109.70,309.1,0.0,SAFE,1,feu_rouge,SAFE : arret au feu rouge
109.75,309.1,0.0,SAFE,1,feu_rouge,SAFE : arret au feu rouge
109.80,309.1,0.0,SAFE,1,feu_rouge,SAFE : arret au feu rouge
109.85,309.1,0.0,SAFE,1,feu_rouge,SAFE : arret au feu rouge
109.90,309.1,0.0,SAFE,1,feu_rouge,SAFE : arret au feu rouge
109.95,309.1,0.0,SAFE,1,feu_rouge,SAFE : arret au feu rouge
110.00,309.1,0.0,SAFE,1,feu_rouge,SAFE : arret au feu rouge
110.05,309.1,0.0,SAFE,1,feu_rouge,SAFE : arret au feu rouge
110.10,309.1,0.0,SAFE,1,feu_rouge,SAFE : arret au feu rouge
110.15,309.1,0.0,SAFE,1,feu_rouge,SAFE : arret au feu rouge
110.20,309.1,0.0,SAFE,1,feu_rouge,SAFE : arret au feu rouge
110.25,309.1,0.0,SAFE,1,feu_rouge,SAFE : arret au feu rouge
110.30,309.1,0.0,SAFE,1,feu_rouge,SAFE : arret au feu rouge
110.35,309.1,0.0,SAFE,1,feu_rouge,SAFE : arret au feu rouge
110.40,309.1,0.0,SAFE,1,feu_rouge,SAFE : arret au feu rouge
110.45,309.1,0.0,SAFE,1,feu_rouge,SAFE : arret au feu rouge
110.50,309.1,0.0,SAFE,1,feu_rouge,SAFE : arret au feu rouge
110.55,309.1,0.0,SAFE,1,feu_rouge,SAFE : arret au feu rouge
110.60,309.1,0.0,SAFE,1,feu_rouge,SAFE : arret au feu rouge
110.65,309.1,0.0,SAFE,1,feu_rouge,SAFE : arret au feu rouge
110.70,309.1,0.0,SAFE,1,feu_rouge,SAFE : arret au feu rouge
110.75,309.1,0.0,SAFE,1,feu_rouge,SAFE : arret au feu rouge
110.80,309.1,0.0,SAFE,1,feu_rouge,SAFE : arret au feu rouge
110.85,309.1,0.0,SAFE,1,feu_rouge,SAFE : arret au feu rouge
110.90,309.1,0.0,SAFE,1,feu_rouge,SAFE : arret au feu rouge
110.95,309.1,0.0,SAFE,1,feu_rouge,SAFE : arret au feu rouge
111.00,309.1,0.0,SAFE,1,feu_rouge,SAFE : arret au feu rouge
111.05,309.1,0.0,SAFE,1,feu_rouge,SAFE : arret au feu rouge
111.10,309.1,0.0,SAFE,1,feu_rouge,SAFE : arret au feu rouge
111.15,309.1,0.0,SAFE,1,feu_rouge,SAFE : arret au feu rouge
111.20,309.1,0.0,SAFE,1,feu_rouge,SAFE : arret au feu rouge
111.25,309.1,0.0,SAFE,1,feu_rouge,SAFE : arret au feu rouge
111.30,309.1,0.0,SAFE,1,feu_rouge,SAFE : arret au feu rouge
111.35,309.1,0.0,SAFE,1,feu_rouge,SAFE : arret au feu rouge
111.40,309.1,0.0,SAFE,1,feu_rouge,SAFE : arret au feu rouge
111.45,309.1,0.0,SAFE,1,feu_rouge,SAFE : arret au feu rouge
111.50,309.1,0.0,SAFE,1,feu_rouge,SAFE : arret au feu rouge
111.55,309.1,0.0,SAFE,1,feu_rouge,SAFE : arret au feu rouge
111.60,309.1,0.0,SAFE,1,feu_rouge,SAFE : arret au feu rouge
111.65,309.1,0.0,SAFE,1,feu_rouge,SAFE : arret au feu rouge
111.70,309.1,0.0,SAFE,1,feu_rouge,SAFE : arret au feu rouge
111.75,309.1,0.0,SAFE,1,feu_rouge,SAFE : arret au feu rouge
111.80,309.1,0.0,SAFE,1,feu_rouge,SAFE : arret au feu rouge
111.85,309.1,0.0,SAFE,1,feu_rouge,SAFE : arret au feu rouge
111.90,309.1,0.0,SAFE,1,feu_rouge,SAFE : arret au feu rouge
111.95,309.1,0.0,SAFE,1,feu_rouge,SAFE : arret au feu rouge
112.00,309.1,0.0,SAFE,1,feu_rouge,SAFE : arret au feu rouge
112.05,309.1,0.0,SAFE,1,feu_rouge,SAFE : arret au feu rouge
112.10,309.1,0.0,SAFE,1,feu_rouge,SAFE : arret au feu rouge
112.15,309.1,0.0,SAFE,1,feu_rouge,SAFE : arret au feu rouge
112.20,309.1,0.0,SAFE,1,feu_rouge,SAFE : arret au feu rouge
112.25,309.1,0.0,SAFE,1,feu_rouge,SAFE : arret au feu rouge
112.30,309.1,0.0,SAFE,1,feu_rouge,SAFE : arret au feu rouge
112.35,309.1,0.0,SAFE,1,feu_rouge,SAFE : arret au feu rouge
112.40,309.1,0.0,SAFE,1,feu_rouge,SAFE : arret au feu rouge
112.45,309.1,0.0,SAFE,1,feu_rouge,SAFE : arret au feu rouge
112.50,309.1,0.0,SAFE,1,feu_rouge,SAFE : arret au feu rouge
112.55,309.1,0.0,SAFE,1,feu_rouge,SAFE : arret au feu rouge
112.60,309.1,0.0,SAFE,1,feu_rouge,SAFE : arret au feu rouge
112.65,309.1,0.0,SAFE,1,,Situation maîtrisée
112.70,309.1,0.0,SAFE,1,,Situation maîtrisée
112.75,309.1,0.0,SAFE,1,,Situation maîtrisée
112.80,309.1,0.4,SAFE,1,,Situation maîtrisée
112.85,309.1,0.8,SAFE,1,,Situation maîtrisée
112.90,309.1,1.7,SAFE,1,,Situation maîtrisée
112.95,309.2,2.2,SAFE,1,,Situation maîtrisée
113.00,309.2,3.0,SAFE,1,,Situation maîtrisée
113.05,309.3,3.9,SAFE,1,,Situation maîtrisée
113.10,309.3,4.6,SAFE,1,,Situation maîtrisée
113.15,309.4,5.4,SAFE,1,,Situation maîtrisée
113.20,309.5,6.3,SAFE,1,,Situation maîtrisée
113.25,309.6,7.0,SAFE,1,,Situation maîtrisée
113.30,309.7,8.0,SAFE,1,,Situation maîtrisée
113.35,309.8,8.7,SAFE,1,,Situation maîtrisée
113.40,309.9,9.6,SAFE,1,,Situation maîtrisée
113.45,310.1,10.4,SAFE,1,,Situation maîtrisée
113.50,310.2,11.2,SAFE,1,,Situation maîtrisée
113.55,310.4,12.0,SAFE,1,,Situation maîtrisée
113.60,310.5,12.7,SAFE,1,,Situation maîtrisée
113.65,310.7,13.4,SAFE,1,,Situation maîtrisée
113.70,310.9,14.0,SAFE,1,,Situation maîtrisée
113.75,311.1,14.5,SAFE,1,,Situation maîtrisée
113.80,311.3,15.0,SAFE,1,,Situation maîtrisée
113.85,311.5,15.5,SAFE,1,,Situation maîtrisée
113.90,311.8,15.9,SAFE,1,,Situation maîtrisée
113.95,312.0,16.2,SAFE,1,,Situation maîtrisée
114.00,312.2,16.5,SAFE,1,,Situation maîtrisée
114.05,312.4,16.7,SAFE,1,,Situation maîtrisée
114.10,312.7,16.9,SAFE,1,,Situation maîtrisée
114.15,312.9,17.1,SAFE,1,,Situation maîtrisée
114.20,313.1,17.3,SAFE,1,,Situation maîtrisée
114.25,313.4,17.4,SAFE,1,,Situation maîtrisée
114.30,313.6,17.5,SAFE,1,,Situation maîtrisée
114.35,313.9,17.6,SAFE,1,,Situation maîtrisée
114.40,314.1,17.7,SAFE,1,,Situation maîtrisée
114.45,314.4,17.7,SAFE,1,,Situation maîtrisée
114.50,314.6,17.6,SAFE,1,,Situation maîtrisée
114.55,314.8,17.6,SAFE,1,,Situation maîtrisée
114.60,315.1,17.7,SAFE,1,,Situation maîtrisée
114.65,315.3,17.7,SAFE,1,,Situation maîtrisée
114.70,315.6,17.6,SAFE,1,,Situation maîtrisée
114.75,315.8,17.5,SAFE,1,,Situation maîtrisée
114.80,316.1,17.5,SAFE,1,,Situation maîtrisée
114.85,316.3,17.5,SAFE,1,,Situation maîtrisée
114.90,316.5,17.5,SAFE,1,,Situation maîtrisée
114.95,316.8,17.4,SAFE,1,,Situation maîtrisée
115.00,317.0,17.2,SAFE,1,,Situation maîtrisée
115.05,317.3,17.1,SAFE,1,,Situation maîtrisée
115.10,317.5,17.1,SAFE,1,,Situation maîtrisée
115.15,317.7,17.1,SAFE,1,,Situation maîtrisée
115.20,318.0,17.2,SAFE,1,,Situation maîtrisée
115.25,318.2,17.2,SAFE,1,,Situation maîtrisée
115.30,318.4,17.2,SAFE,1,,Situation maîtrisée
115.35,318.7,17.0,SAFE,1,,Situation maîtrisée
115.40,318.9,17.1,SAFE,1,,Situation maîtrisée
115.45,319.1,17.1,SAFE,1,,Situation maîtrisée
115.50,319.4,17.2,SAFE,1,,Situation maîtrisée
115.55,319.6,17.3,SAFE,1,,Situation maîtrisée
115.60,319.9,17.4,SAFE,1,,Situation maîtrisée
115.65,320.1,17.3,SAFE,1,,Situation maîtrisée
115.70,320.3,17.3,SAFE,1,,Situation maîtrisée
115.75,320.6,17.4,SAFE,1,,Situation maîtrisée
115.80,320.8,17.5,SAFE,1,,Situation maîtrisée
115.85,321.1,17.6,SAFE,2,,Situation maîtrisée
115.90,321.3,17.7,SAFE,2,,Situation maîtrisée
115.95,321.6,17.7,SAFE,2,,Situation maîtrisée
116.00,321.8,17.7,SAFE,2,,Situation maîtrisée
116.05,322.0,17.8,SAFE,3,,Situation maîtrisée
116.10,322.3,17.9,SAFE,3,,Situation maîtrisée
