t,distance_parcourue_m,vitesse_kmh,niveau,n_agents_percus,raison_arret,recommandation
0.05,0.1,5.3,SAFE,7,,Situation maîtrisée
0.10,0.2,7.1,SAFE,7,,Situation maîtrisée
0.15,0.3,8.8,SAFE,7,,Situation maîtrisée
0.20,0.4,10.6,SAFE,7,,Situation maîtrisée
0.25,0.6,12.3,SAFE,7,,Situation maîtrisée
0.30,0.7,14.1,SAFE,7,,Situation maîtrisée
0.35,1.0,15.9,SAFE,7,,Situation maîtrisée
0.40,1.2,17.6,SAFE,7,,Situation maîtrisée
0.45,1.5,19.4,SAFE,7,,Situation maîtrisée
0.50,1.7,21.2,SAFE,7,,Situation maîtrisée
0.55,2.0,22.9,SAFE,7,,Situation maîtrisée
0.60,2.3,16.0,SAFE,7,,Situation maîtrisée
0.65,2.4,0.6,SAFE,7,,Situation maîtrisée
0.70,2.4,0.9,SAFE,7,,Situation maîtrisée
0.75,2.4,0.9,SAFE,7,,Situation maîtrisée
0.80,2.4,0.8,SAFE,7,,Situation maîtrisée
0.85,2.4,3.4,SAFE,7,,Situation maîtrisée
0.90,2.5,5.4,SAFE,7,,Situation maîtrisée
0.95,2.6,7.1,SAFE,7,,Situation maîtrisée
1.00,2.7,8.2,SAFE,7,,Situation maîtrisée
1.05,2.8,9.3,SAFE,7,,Situation maîtrisée
1.10,3.0,10.2,SAFE,7,,Situation maîtrisée
1.15,3.1,11.1,SAFE,7,,Situation maîtrisée
1.20,3.3,11.8,SAFE,7,,Situation maîtrisée
1.25,3.4,12.6,SAFE,7,,Situation maîtrisée
1.30,3.6,13.3,SAFE,7,moteur:physique,Situation maîtrisée
1.35,3.8,13.9,SAFE,7,moteur:physique,Situation maîtrisée
1.40,4.0,14.4,SAFE,7,moteur:physique,Situation maîtrisée
1.45,4.2,14.9,SAFE,7,moteur:physique,Situation maîtrisée
1.50,4.4,15.4,SAFE,7,moteur:physique,Situation maîtrisée
1.55,4.6,15.8,SAFE,7,moteur:physique,Situation maîtrisée
1.60,4.9,16.2,SAFE,7,moteur:physique,Situation maîtrisée
1.65,5.1,16.6,SAFE,7,moteur:physique,Situation maîtrisée
1.70,5.3,16.9,SAFE,7,moteur:physique,Situation maîtrisée
1.75,5.6,17.2,SAFE,8,moteur:physique,Situation maîtrisée
1.80,5.8,17.5,SAFE,8,,Situation maîtrisée
1.85,6.0,17.7,SAFE,8,,Situation maîtrisée
1.90,6.3,17.9,SAFE,8,,Situation maîtrisée
1.95,6.5,18.2,SAFE,8,,Situation maîtrisée
2.00,6.8,18.1,SAFE,8,,Situation maîtrisée
2.05,7.0,18.3,SAFE,8,,Situation maîtrisée
2.10,7.3,17.9,SAFE,8,,Situation maîtrisée
2.15,7.5,18.3,SAFE,8,,Situation maîtrisée
2.20,7.8,17.9,SAFE,7,,Situation maîtrisée
2.25,8.1,18.4,SAFE,7,,Situation maîtrisée
2.30,8.3,18.0,SAFE,7,,Situation maîtrisée
2.35,8.6,18.5,SAFE,7,,Situation maîtrisée
2.40,8.8,18.3,SAFE,7,,Situation maîtrisée
2.45,9.1,18.2,SAFE,7,,Situation maîtrisée
2.50,9.3,18.0,SAFE,7,,Situation maîtrisée
2.55,9.6,18.6,SAFE,7,,Situation maîtrisée
2.60,9.8,18.6,SAFE,7,,Situation maîtrisée
2.65,10.1,18.5,SAFE,7,,Situation maîtrisée
2.70,10.3,18.3,SAFE,7,,Situation maîtrisée
2.75,10.6,18.4,SAFE,7,,Situation maîtrisée
2.80,10.9,18.2,SAFE,7,,Situation maîtrisée
2.85,11.1,18.3,SAFE,7,moteur:physique,Situation maîtrisée
2.90,11.4,18.2,SAFE,7,moteur:physique,Situation maîtrisée
2.95,11.6,18.3,SAFE,7,moteur:physique,Situation maîtrisée
3.00,11.9,18.2,SAFE,7,moteur:physique,Situation maîtrisée
3.05,12.1,18.4,SAFE,7,moteur:physique,Situation maîtrisée
3.10,12.4,18.3,SAFE,7,moteur:physique,Situation maîtrisée
3.15,12.6,18.4,SAFE,7,moteur:physique,Situation maîtrisée
3.20,12.9,18.4,SAFE,7,moteur:physique,Situation maîtrisée
3.25,13.1,18.5,SAFE,7,,Situation maîtrisée
3.30,13.4,18.5,SAFE,7,,Situation maîtrisée
3.35,13.7,18.6,SAFE,7,,Situation maîtrisée
3.40,13.9,18.5,SAFE,7,,Situation maîtrisée
3.45,14.2,18.7,SAFE,7,,Situation maîtrisée
3.50,14.4,18.6,SAFE,7,,Situation maîtrisée
3.55,14.7,18.7,SAFE,7,,Situation maîtrisée
3.60,15.0,18.7,SAFE,6,,Situation maîtrisée
3.65,15.2,18.8,SAFE,6,,Situation maîtrisée
3.70,15.5,18.7,SAFE,6,,Situation maîtrisée
3.75,15.7,18.8,SAFE,6,,Situation maîtrisée
3.80,16.0,18.8,SAFE,6,,Situation maîtrisée
3.85,16.3,18.9,SAFE,6,,Situation maîtrisée
3.90,16.5,18.8,SAFE,6,,Situation maîtrisée
3.95,16.8,18.9,SAFE,6,,Situation maîtrisée
4.00,17.0,18.9,SAFE,6,,Situation maîtrisée
4.05,17.3,19.0,SAFE,6,,Situation maîtrisée
4.10,17.6,18.9,SAFE,6,,Situation maîtrisée
4.15,17.8,19.0,SAFE,6,,Situation maîtrisée
4.20,18.1,19.0,SAFE,6,,Situation maîtrisée
4.25,18.4,19.1,SAFE,6,,Situation maîtrisée
4.30,18.6,19.0,SAFE,5,,Situation maîtrisée
4.35,18.9,19.1,SAFE,5,,Situation maîtrisée
4.40,19.2,19.0,SAFE,5,,Situation maîtrisée
4.45,19.4,19.1,SAFE,5,,Situation maîtrisée
4.50,19.7,19.0,SAFE,5,,Situation maîtrisée
4.55,19.9,19.1,SAFE,5,,Situation maîtrisée
4.60,20.2,19.1,SAFE,5,,Situation maîtrisée
4.65,20.5,19.2,SAFE,5,,Situation maîtrisée
4.70,20.7,19.1,SAFE,5,,Situation maîtrisée
4.75,21.0,19.2,SAFE,5,,Situation maîtrisée
4.80,21.3,19.1,SAFE,5,,Situation maîtrisée
4.85,21.5,19.2,SAFE,5,,Situation maîtrisée
4.90,21.8,19.2,SAFE,5,,Situation maîtrisée
4.95,22.1,19.2,SAFE,5,,Situation maîtrisée
5.00,22.3,19.2,SAFE,5,,Situation maîtrisée
5.05,22.6,19.3,SAFE,5,,Situation maîtrisée
5.10,22.9,19.2,SAFE,5,,Situation maîtrisée
5.15,23.1,19.3,SAFE,5,,Situation maîtrisée
5.20,23.4,19.2,SAFE,5,,Situation maîtrisée
5.25,23.7,19.3,SAFE,5,,Situation maîtrisée
5.30,23.9,19.2,SAFE,5,,Situation maîtrisée
5.35,24.2,19.3,SAFE,5,,Situation maîtrisée
5.40,24.5,19.3,SAFE,5,,Situation maîtrisée
5.45,24.7,19.4,SAFE,5,,Situation maîtrisée
5.50,25.0,19.3,SAFE,5,,Situation maîtrisée
5.55,25.3,19.4,SAFE,5,,Situation maîtrisée
5.60,25.5,19.3,SAFE,5,,Situation maîtrisée
5.65,25.8,19.4,SAFE,5,,Situation maîtrisée
5.70,26.1,19.3,SAFE,5,,Situation maîtrisée
5.75,26.4,19.4,SAFE,5,,Situation maîtrisée
5.80,26.6,19.3,SAFE,5,,Situation maîtrisée
5.85,26.9,19.4,SAFE,5,,Situation maîtrisée
5.90,27.2,19.4,SAFE,5,,Situation maîtrisée
5.95,27.4,19.5,SAFE,5,,Situation maîtrisée
6.00,27.7,19.4,SAFE,5,,Situation maîtrisée
6.05,28.0,19.5,SAFE,5,,Situation maîtrisée
6.10,28.2,19.4,SAFE,5,,Situation maîtrisée
6.15,28.5,19.5,SAFE,5,,Situation maîtrisée
6.20,28.8,19.4,SAFE,5,,Situation maîtrisée
6.25,29.1,19.5,SAFE,5,,Situation maîtrisée
6.30,29.3,19.5,SAFE,5,,Situation maîtrisée
6.35,29.6,19.6,SAFE,5,moteur:physique,Situation maîtrisée
6.40,29.9,19.5,SAFE,5,moteur:physique,Situation maîtrisée
6.45,30.1,19.6,SAFE,5,moteur:physique,Situation maîtrisée
6.50,30.4,19.5,SAFE,5,moteur:physique,Situation maîtrisée
6.55,30.7,19.6,SAFE,5,moteur:physique,Situation maîtrisée
6.60,31.0,19.5,SAFE,5,moteur:physique,Situation maîtrisée
6.65,31.2,19.6,SAFE,5,moteur:physique,Situation maîtrisée
6.70,31.5,19.5,SAFE,4,moteur:physique,Situation maîtrisée
6.75,31.8,19.6,SAFE,4,,Situation maîtrisée
6.80,32.0,19.6,SAFE,4,,Situation maîtrisée
6.85,32.3,19.7,SAFE,4,,Situation maîtrisée
6.90,32.6,19.6,SAFE,4,,Situation maîtrisée
6.95,32.9,19.7,SAFE,4,,Situation maîtrisée
7.00,33.1,19.6,SAFE,3,,Situation maîtrisée
7.05,33.4,19.7,SAFE,3,,Situation maîtrisée
7.10,33.7,19.6,SAFE,2,,Situation maîtrisée
7.15,33.9,19.7,SAFE,2,,Situation maîtrisée
7.20,34.2,19.6,SAFE,2,,Situation maîtrisée
7.25,34.5,19.7,SAFE,2,,Situation maîtrisée
7.30,34.8,19.7,SAFE,2,,Situation maîtrisée
7.35,35.0,19.8,SAFE,2,,Situation maîtrisée
7.40,35.3,19.7,SAFE,2,,Situation maîtrisée
7.45,35.6,19.8,SAFE,2,,Situation maîtrisée
7.50,35.9,19.7,SAFE,2,,Situation maîtrisée
7.55,36.1,19.8,SAFE,2,,Situation maîtrisée
7.60,36.4,19.7,SAFE,2,,Situation maîtrisée
7.65,36.7,19.8,SAFE,2,,Situation maîtrisée
7.70,37.0,19.8,SAFE,2,,Situation maîtrisée
7.75,37.2,19.9,SAFE,2,,Situation maîtrisée
7.80,37.5,19.8,SAFE,2,,Situation maîtrisée
7.85,37.8,19.9,SAFE,2,,Situation maîtrisée
7.90,38.1,19.8,SAFE,2,,Situation maîtrisée
7.95,38.3,19.9,SAFE,2,,Situation maîtrisée
8.00,38.6,19.8,SAFE,2,,Situation maîtrisée
8.05,38.9,19.9,SAFE,2,,Situation maîtrisée
8.10,39.2,19.8,SAFE,2,,Situation maîtrisée
8.15,39.4,19.9,SAFE,2,,Situation maîtrisée
8.20,39.7,19.9,SAFE,2,,Situation maîtrisée
8.25,40.0,20.0,SAFE,2,,Situation maîtrisée
8.30,40.3,19.9,SAFE,2,,Situation maîtrisée
8.35,40.5,20.0,SAFE,2,,Situation maîtrisée
8.40,40.8,19.9,SAFE,2,,Situation maîtrisée
8.45,41.1,20.0,SAFE,3,,Situation maîtrisée
8.50,41.4,19.9,SAFE,3,,Situation maîtrisée
8.55,41.7,20.0,SAFE,3,,Situation maîtrisée
8.60,41.9,19.9,SAFE,3,,Situation maîtrisée
8.65,42.2,20.0,SAFE,3,,Situation maîtrisée
8.70,42.5,20.0,SAFE,3,,Situation maîtrisée
8.75,42.8,20.1,SAFE,3,,Situation maîtrisée
8.80,43.0,20.0,SAFE,3,,Situation maîtrisée
8.85,43.3,20.1,SAFE,3,,Situation maîtrisée
8.90,43.6,20.0,SAFE,3,,Situation maîtrisée
8.95,43.9,20.1,SAFE,4,,Situation maîtrisée
9.00,44.2,20.0,SAFE,4,,Situation maîtrisée
9.05,44.4,20.1,SAFE,5,,Situation maîtrisée
9.10,44.7,20.0,SAFE,5,,Situation maîtrisée
9.15,45.0,20.1,SAFE,5,,Situation maîtrisée
9.20,45.3,20.1,SAFE,5,,Situation maîtrisée
9.25,45.6,20.1,SAFE,5,,Situation maîtrisée
9.30,45.8,20.1,SAFE,5,,Situation maîtrisée
9.35,46.1,20.2,SAFE,5,,Situation maîtrisée
9.40,46.4,20.1,SAFE,5,,Situation maîtrisée
9.45,46.7,20.2,SAFE,6,,Situation maîtrisée
9.50,46.9,20.1,SAFE,6,,Situation maîtrisée
9.55,47.2,20.2,SAFE,6,,Situation maîtrisée
9.60,47.5,20.1,SAFE,7,,Situation maîtrisée
9.65,47.8,20.2,SAFE,7,,Situation maîtrisée
9.70,48.1,20.1,SAFE,7,,Situation maîtrisée
9.75,48.3,20.2,SAFE,7,,Situation maîtrisée
9.80,48.6,20.1,SAFE,7,,Situation maîtrisée
9.85,48.9,20.2,SAFE,7,,Situation maîtrisée
9.90,49.2,20.1,SAFE,7,,Situation maîtrisée
9.95,49.5,20.2,SAFE,7,,Situation maîtrisée
10.00,49.7,20.1,SAFE,7,,Situation maîtrisée
10.05,50.0,20.2,SAFE,7,,Situation maîtrisée
10.10,50.3,20.1,SAFE,7,,Situation maîtrisée
10.15,50.6,20.2,SAFE,7,,Situation maîtrisée
10.20,50.9,20.1,SAFE,7,,Situation maîtrisée
10.25,51.1,20.2,SAFE,7,,Situation maîtrisée
10.30,51.4,20.1,SAFE,7,,Situation maîtrisée
10.35,51.7,20.2,SAFE,7,,Situation maîtrisée
10.40,52.0,20.2,SAFE,7,,Situation maîtrisée
10.45,52.3,20.2,SAFE,7,,Situation maîtrisée
10.50,52.6,20.2,SAFE,7,,Situation maîtrisée
10.55,52.8,20.2,SAFE,7,,Situation maîtrisée
10.60,53.1,20.2,SAFE,7,,Situation maîtrisée
10.65,53.4,20.2,SAFE,7,,Situation maîtrisée
10.70,53.7,20.2,SAFE,7,,Situation maîtrisée
10.75,54.0,20.2,SAFE,7,,Situation maîtrisée
10.80,54.2,20.2,SAFE,8,,Situation maîtrisée
10.85,54.5,20.2,SAFE,8,,Situation maîtrisée
10.90,54.8,20.2,SAFE,8,,Situation maîtrisée
10.95,55.1,20.2,SAFE,8,,Situation maîtrisée
11.00,55.4,20.2,SAFE,8,,Situation maîtrisée
11.05,55.6,20.2,SAFE,8,,Situation maîtrisée
11.10,55.9,20.2,SAFE,9,,Situation maîtrisée
11.15,56.2,20.2,SAFE,9,,Situation maîtrisée
11.20,56.5,20.2,SAFE,9,,Situation maîtrisée
11.25,56.8,20.2,SAFE,9,,Situation maîtrisée
11.30,57.0,20.2,SAFE,9,,Situation maîtrisée
11.35,57.3,20.2,SAFE,9,,Situation maîtrisée
11.40,57.6,20.2,SAFE,9,,Situation maîtrisée
11.45,57.9,20.2,SAFE,9,,Situation maîtrisée
11.50,58.2,20.2,SAFE,9,,Situation maîtrisée
11.55,58.4,20.2,SAFE,9,,Situation maîtrisée
11.60,58.7,20.2,SAFE,10,,Situation maîtrisée
11.65,59.0,20.2,SAFE,11,,Situation maîtrisée
11.70,59.3,20.2,SAFE,11,,Situation maîtrisée
11.75,59.6,20.2,SAFE,11,,Situation maîtrisée
11.80,59.8,20.2,SAFE,11,,Situation maîtrisée
11.85,60.1,20.2,SAFE,12,,Situation maîtrisée
11.90,60.4,20.2,SAFE,12,,Situation maîtrisée
11.95,60.7,20.2,SAFE,12,,Situation maîtrisée
12.00,61.0,20.2,SAFE,12,,Situation maîtrisée
12.05,61.2,20.2,SAFE,12,,Situation maîtrisée
12.10,61.5,20.2,SAFE,12,,Situation maîtrisée
12.15,61.8,20.2,SAFE,12,,Situation maîtrisée
12.20,62.1,20.2,SAFE,12,,Situation maîtrisée
12.25,62.4,20.2,SAFE,12,,Situation maîtrisée
12.30,62.7,20.2,SAFE,12,,Situation maîtrisée
12.35,62.9,20.2,SAFE,12,,Situation maîtrisée
12.40,63.2,20.3,SAFE,12,,Situation maîtrisée
12.45,63.5,20.3,SAFE,12,,Situation maîtrisée
12.50,63.8,20.3,SAFE,12,,Situation maîtrisée
12.55,64.1,20.4,SAFE,12,,Situation maîtrisée
12.60,64.3,20.4,SAFE,12,,Situation maîtrisée
12.65,64.6,20.4,SAFE,12,,Situation maîtrisée
12.70,64.9,20.3,SAFE,12,,Situation maîtrisée
12.75,65.2,20.3,SAFE,12,,Situation maîtrisée
12.80,65.5,20.2,SAFE,12,,Situation maîtrisée
12.85,65.8,20.3,SAFE,12,,Situation maîtrisée
12.90,66.0,20.2,SAFE,12,,Situation maîtrisée
12.95,66.3,20.4,SAFE,12,,Situation maîtrisée
13.00,66.6,20.3,SAFE,12,,Situation maîtrisée
13.05,66.9,20.4,SAFE,12,,Situation maîtrisée
13.10,67.2,20.3,SAFE,12,,Situation maîtrisée
13.15,67.4,20.7,SAFE,12,,Situation maîtrisée
13.20,67.7,20.4,SAFE,12,,Situation maîtrisée
13.25,68.0,20.9,SAFE,12,,Situation maîtrisée
13.30,68.3,20.5,SAFE,12,,Situation maîtrisée
13.35,68.6,21.1,SAFE,12,,Situation maîtrisée
13.40,68.9,20.7,SAFE,12,,Situation maîtrisée
13.45,69.2,21.1,SAFE,12,,Situation maîtrisée
13.50,69.5,20.6,SAFE,12,,Situation maîtrisée
13.55,69.8,21.1,SAFE,12,,Situation maîtrisée
13.60,70.0,20.7,SAFE,12,,Situation maîtrisée
13.65,70.3,21.1,SAFE,12,,Situation maîtrisée
13.70,70.6,20.6,SAFE,12,,Situation maîtrisée
13.75,70.9,21.1,SAFE,12,,Situation maîtrisée
13.80,71.2,20.7,SAFE,13,,Situation maîtrisée
13.85,71.5,21.0,SAFE,13,,Situation maîtrisée
13.90,71.8,20.5,SAFE,13,,Situation maîtrisée
13.95,72.1,21.0,SAFE,13,,Situation maîtrisée
14.00,72.4,20.6,SAFE,13,,Situation maîtrisée
14.05,72.6,21.0,SAFE,13,,Situation maîtrisée
14.10,72.9,20.5,SAFE,12,,Situation maîtrisée
14.15,73.2,21.0,SAFE,12,,Situation maîtrisée
14.20,73.5,20.6,SAFE,12,,Situation maîtrisée
14.25,73.8,20.9,SAFE,12,,Situation maîtrisée
14.30,74.1,20.4,SAFE,12,,Situation maîtrisée
14.35,74.4,20.9,SAFE,12,moteur:physique,Situation maîtrisée
14.40,74.7,20.5,SAFE,12,,Situation maîtrisée
14.45,74.9,20.9,SAFE,12,moteur:physique,Situation maîtrisée
14.50,75.2,20.4,SAFE,12,,Situation maîtrisée
14.55,75.5,20.9,DANGER,12,moteur:physique,Ralentissez de 13 km/h  (21 -> 8 km/h)
14.60,75.8,20.4,DANGER,12,moteur:physique,Ralentissez de 13 km/h  (20 -> 8 km/h)
14.65,76.1,20.6,DANGER,12,moteur:physique,Ralentissez de 14 km/h  (21 -> 6 km/h)
14.70,76.4,19.8,CRITICAL,12,moteur:proportionnel,FREINEZ de 15 km/h  (20 -> 5 km/h)
14.75,76.6,19.9,CRITICAL,11,moteur:proportionnel,FREINEZ de 16 km/h  (20 -> 4 km/h)
14.80,76.9,18.9,CRITICAL,11,moteur:proportionnel,FREINEZ de 15 km/h  (19 -> 4 km/h)
14.85,77.2,17.6,CRITICAL,11,moteur:proportionnel,FREINEZ de 15 km/h  (18 -> 3 km/h)
14.90,77.4,12.8,CRITICAL,11,moteur:proportionnel,FREINEZ de 10 km/h  (13 -> 2 km/h)
14.95,77.5,7.9,CRITICAL,11,moteur:proportionnel,FREINEZ de 6 km/h  (8 -> 2 km/h)
15.00,77.6,3.2,DANGER,11,moteur:proportionnel,Ralentissez de 1 km/h  (3 -> 2 km/h)
15.05,77.6,0.0,SAFE,11,,Situation maîtrisée
15.10,77.6,0.0,SAFE,11,,Situation maîtrisée
15.15,77.6,0.5,SAFE,11,,Situation maîtrisée
15.20,77.6,1.3,SAFE,11,,Situation maîtrisée
15.25,77.6,2.1,DANGER,11,moteur:proportionnel,Vigilance — situation à la limite
15.30,77.6,0.0,SAFE,11,,Situation maîtrisée
15.35,77.6,0.5,SAFE,11,,Situation maîtrisée
15.40,77.7,1.2,SAFE,11,,Situation maîtrisée
15.45,77.7,1.9,DANGER,11,moteur:proportionnel,Vigilance — situation à la limite
15.50,77.7,0.0,SAFE,11,,Situation maîtrisée
15.55,77.7,0.4,SAFE,11,,Situation maîtrisée
15.60,77.7,1.0,SAFE,12,moteur:physique,Situation maîtrisée
15.65,77.7,1.8,DANGER,12,moteur:physique,Vigilance — situation à la limite
15.70,77.7,0.0,SAFE,12,moteur:physique,Situation maîtrisée
15.75,77.7,0.5,SAFE,12,moteur:physique,Situation maîtrisée
15.80,77.7,1.0,SAFE,12,moteur:physique,Situation maîtrisée
15.85,77.8,1.8,DANGER,12,moteur:physique,Vigilance — situation à la limite
15.90,77.8,0.0,SAFE,12,moteur:physique,Situation maîtrisée
15.95,77.8,0.4,SAFE,12,moteur:physique,Situation maîtrisée
16.00,77.8,1.2,WATCH,12,moteur:physique,Vigilance — situation à la limite
16.05,77.8,0.0,SAFE,12,moteur:physique,Situation maîtrisée
16.10,77.8,0.4,SAFE,12,moteur:physique,Situation maîtrisée
16.15,77.8,1.1,SAFE,12,,Situation maîtrisée
16.20,77.8,1.6,WATCH,12,moteur:proportionnel,Vigilance — situation à la limite
16.25,77.8,0.0,SAFE,12,,Situation maîtrisée
16.30,77.8,0.4,SAFE,12,,Situation maîtrisée
16.35,77.8,1.0,SAFE,12,,Situation maîtrisée
16.40,77.9,1.7,DANGER,12,moteur:proportionnel,Vigilance — situation à la limite
16.45,77.9,0.0,SAFE,12,,Situation maîtrisée
16.50,77.9,0.4,SAFE,11,,Situation maîtrisée
16.55,77.9,1.1,SAFE,11,,Situation maîtrisée
16.60,77.9,1.9,DANGER,11,moteur:proportionnel,Vigilance — situation à la limite
16.65,77.9,0.0,SAFE,11,,Situation maîtrisée
16.70,77.9,0.4,SAFE,11,,Situation maîtrisée
16.75,77.9,1.2,SAFE,11,,Situation maîtrisée
16.80,77.9,2.1,WATCH,11,moteur:proportionnel,Vigilance — situation à la limite
16.85,77.9,0.0,SAFE,11,,Situation maîtrisée
16.90,77.9,0.6,SAFE,11,,Situation maîtrisée
16.95,78.0,1.3,SAFE,11,,Situation maîtrisée
17.00,78.0,2.1,SAFE,11,,Situation maîtrisée
17.05,78.0,2.7,WATCH,11,moteur:proportionnel,Vigilance — situation à la limite
17.10,78.0,0.0,SAFE,11,,Situation maîtrisée
17.15,78.0,0.6,SAFE,11,,Situation maîtrisée
17.20,78.0,1.5,SAFE,11,,Situation maîtrisée
17.25,78.1,2.1,SAFE,11,,Situation maîtrisée
17.30,78.1,3.0,WATCH,11,moteur:proportionnel,Vigilance — situation à la limite
17.35,78.1,0.0,SAFE,11,,Situation maîtrisée
17.40,78.1,0.6,SAFE,11,,Situation maîtrisée
17.45,78.2,1.7,SAFE,11,,Situation maîtrisée
17.50,78.2,2.5,SAFE,11,,Situation maîtrisée
17.55,78.2,3.2,SAFE,11,,Situation maîtrisée
17.60,78.3,3.9,WATCH,11,moteur:proportionnel,Ralentissez de 1 km/h  (4 -> 2 km/h)
17.65,78.3,1.3,SAFE,11,,Situation maîtrisée
17.70,78.3,0.8,SAFE,11,,Situation maîtrisée
17.75,78.3,1.9,SAFE,11,,Situation maîtrisée
17.80,78.4,2.7,CRITICAL,11,moteur:proportionnel,FREINEZ de 2 km/h  (3 -> 1 km/h)
17.85,78.4,0.0,SAFE,11,feu_rouge_devant,Situation maîtrisée
17.90,78.4,0.0,SAFE,11,feu_rouge_devant,Situation maîtrisée
17.95,78.4,0.0,SAFE,11,feu_rouge_devant,Situation maîtrisée
18.00,78.4,0.0,SAFE,11,feu_rouge_devant,Situation maîtrisée
18.05,78.4,0.0,SAFE,11,feu_rouge_devant,Situation maîtrisée
18.10,78.4,0.0,SAFE,11,feu_rouge_devant,Situation maîtrisée
18.15,78.4,0.0,SAFE,11,feu_rouge_devant,Situation maîtrisée
18.20,78.4,0.0,SAFE,11,feu_rouge_devant,Situation maîtrisée
18.25,78.4,0.0,SAFE,11,feu_rouge_devant,Situation maîtrisée
18.30,78.4,0.0,SAFE,11,feu_rouge_devant,Situation maîtrisée
18.35,78.4,0.0,SAFE,11,feu_rouge_devant,Situation maîtrisée
18.40,78.4,0.0,SAFE,11,feu_rouge_devant,Situation maîtrisée
18.45,78.4,0.0,SAFE,11,feu_rouge_devant,Situation maîtrisée
18.50,78.4,0.0,SAFE,11,feu_rouge_devant,Situation maîtrisée
18.55,78.4,0.0,SAFE,11,feu_rouge_devant,Situation maîtrisée
18.60,78.4,0.0,CRITICAL,11,feu_rouge_devant,Vigilance — situation à la limite
18.65,78.4,0.0,CRITICAL,11,feu_rouge_devant,Vigilance — situation à la limite
18.70,78.4,0.0,CRITICAL,11,feu_rouge_devant,Vigilance — situation à la limite
18.75,78.4,0.0,CRITICAL,11,feu_rouge_devant,Vigilance — situation à la limite
18.80,78.4,0.0,CRITICAL,11,feu_rouge_devant,Vigilance — situation à la limite
18.85,78.4,0.0,CRITICAL,11,feu_rouge_devant,FREINEZ — conflit non évitable par la seule vitesse
18.90,78.4,0.0,CRITICAL,11,feu_rouge_devant,FREINEZ — conflit non évitable par la seule vitesse
18.95,78.4,0.0,WATCH,11,feu_rouge_devant,FREINEZ — conflit non évitable par la seule vitesse
19.00,78.4,0.0,SAFE,11,feu_rouge_devant,Situation maîtrisée
19.05,78.4,0.0,SAFE,11,feu_rouge_devant,Situation maîtrisée
19.10,78.4,0.0,SAFE,11,feu_rouge_devant,Situation maîtrisée
19.15,78.4,0.0,SAFE,11,feu_rouge_devant,Situation maîtrisée
19.20,78.4,0.0,SAFE,11,feu_rouge_devant,Situation maîtrisée
19.25,78.4,0.0,SAFE,11,feu_rouge_devant,Situation maîtrisée
19.30,78.4,0.0,SAFE,11,feu_rouge_devant,Situation maîtrisée
19.35,78.4,0.0,SAFE,11,feu_rouge_devant,Situation maîtrisée
19.40,78.4,0.0,SAFE,11,feu_rouge_devant,Situation maîtrisée
19.45,78.4,0.0,SAFE,11,feu_rouge_devant,Situation maîtrisée
19.50,78.4,0.0,SAFE,11,feu_rouge_devant,Situation maîtrisée
19.55,78.4,0.0,SAFE,11,feu_rouge_devant,Situation maîtrisée
19.60,78.4,0.0,SAFE,11,feu_rouge_devant,Situation maîtrisée
19.65,78.4,0.0,SAFE,11,feu_rouge_devant,Situation maîtrisée
19.70,78.4,0.0,SAFE,11,feu_rouge_devant,Situation maîtrisée
19.75,78.4,0.0,SAFE,11,feu_rouge_devant,Situation maîtrisée
19.80,78.4,0.0,SAFE,11,feu_rouge_devant,Situation maîtrisée
19.85,78.4,0.0,SAFE,11,feu_rouge_devant,Situation maîtrisée
19.90,78.4,0.0,SAFE,11,feu_rouge_devant,Situation maîtrisée
19.95,78.4,0.0,SAFE,11,feu_rouge_devant,Situation maîtrisée
20.00,78.4,0.0,SAFE,11,feu_rouge_devant,Situation maîtrisée
20.05,78.4,0.0,SAFE,11,feu_rouge_devant,Situation maîtrisée
20.10,78.4,0.0,SAFE,11,feu_rouge_devant,Situation maîtrisée
20.15,78.4,0.0,SAFE,11,feu_rouge_devant,Situation maîtrisée
20.20,78.4,0.0,SAFE,11,feu_rouge_devant,Situation maîtrisée
20.25,78.4,0.0,SAFE,11,feu_rouge_devant,Situation maîtrisée
20.30,78.4,0.0,SAFE,11,feu_rouge_devant,Situation maîtrisée
20.35,78.4,0.0,SAFE,11,feu_rouge_devant,Situation maîtrisée
20.40,78.4,0.0,SAFE,11,feu_rouge_devant,Situation maîtrisée
20.45,78.4,0.0,SAFE,11,feu_rouge_devant,Situation maîtrisée
20.50,78.4,0.0,SAFE,11,feu_rouge_devant,Situation maîtrisée
20.55,78.4,0.0,SAFE,11,feu_rouge_devant,Situation maîtrisée
20.60,78.4,0.0,SAFE,11,feu_rouge_devant,Situation maîtrisée
20.65,78.4,0.0,SAFE,10,feu_rouge_devant,Situation maîtrisée
20.70,78.4,0.0,SAFE,10,feu_rouge_devant,Situation maîtrisée
20.75,78.4,0.0,SAFE,10,feu_rouge_devant,Situation maîtrisée
20.80,78.4,0.0,SAFE,10,feu_rouge_devant,Situation maîtrisée
20.85,78.4,0.0,SAFE,10,feu_rouge_devant,Situation maîtrisée
20.90,78.4,0.0,SAFE,10,feu_rouge_devant,Situation maîtrisée
20.95,78.4,0.0,SAFE,10,feu_rouge_devant,Situation maîtrisée
21.00,78.4,0.0,SAFE,10,feu_rouge_devant,Situation maîtrisée
21.05,78.4,0.0,SAFE,10,feu_rouge_devant,Situation maîtrisée
21.10,78.4,0.0,SAFE,10,feu_rouge_devant,Situation maîtrisée
21.15,78.4,0.0,SAFE,10,feu_rouge_devant,Situation maîtrisée
21.20,78.4,0.0,SAFE,10,feu_rouge_devant,Situation maîtrisée
21.25,78.4,0.0,SAFE,10,feu_rouge_devant,Situation maîtrisée
21.30,78.4,0.0,SAFE,10,feu_rouge_devant,Situation maîtrisée
21.35,78.4,0.0,SAFE,10,feu_rouge_devant,Situation maîtrisée
21.40,78.4,0.0,SAFE,10,feu_rouge_devant,Situation maîtrisée
21.45,78.4,0.0,SAFE,10,feu_rouge_devant,Situation maîtrisée
21.50,78.4,0.0,SAFE,10,feu_rouge_devant,Situation maîtrisée
21.55,78.4,0.0,SAFE,10,feu_rouge_devant,Situation maîtrisée
21.60,78.4,0.0,SAFE,10,feu_rouge_devant,Situation maîtrisée
21.65,78.4,0.0,SAFE,10,feu_rouge_devant,Situation maîtrisée
21.70,78.4,0.0,SAFE,10,feu_rouge_devant,Situation maîtrisée
21.75,78.4,0.0,SAFE,10,feu_rouge_devant,Situation maîtrisée
21.80,78.4,0.0,SAFE,10,feu_rouge_devant,Situation maîtrisée
21.85,78.4,0.0,SAFE,9,feu_rouge_devant,Situation maîtrisée
21.90,78.4,0.0,SAFE,9,feu_rouge_devant,Situation maîtrisée
21.95,78.4,0.0,SAFE,9,feu_rouge_devant,Situation maîtrisée
22.00,78.4,0.0,SAFE,9,feu_rouge_devant,Situation maîtrisée
22.05,78.4,0.0,SAFE,9,feu_rouge_devant,Situation maîtrisée
22.10,78.4,0.0,SAFE,9,feu_rouge_devant,Situation maîtrisée
22.15,78.4,0.0,SAFE,9,feu_rouge_devant,Situation maîtrisée
22.20,78.4,0.0,SAFE,9,feu_rouge_devant,Situation maîtrisée
22.25,78.4,0.0,SAFE,9,feu_rouge_devant,Situation maîtrisée
22.30,78.4,0.0,SAFE,9,feu_rouge_devant,Situation maîtrisée
22.35,78.4,0.0,SAFE,9,feu_rouge_devant,Situation maîtrisée
22.40,78.4,0.0,SAFE,9,feu_rouge_devant,Situation maîtrisée
22.45,78.4,0.0,SAFE,9,feu_rouge_devant,Situation maîtrisée
22.50,78.4,0.0,SAFE,9,feu_rouge_devant,Situation maîtrisée
22.55,78.4,0.0,SAFE,9,feu_rouge_devant,Situation maîtrisée
22.60,78.4,0.0,SAFE,9,feu_rouge_devant,Situation maîtrisée
22.65,78.4,0.0,SAFE,9,feu_rouge_devant,Situation maîtrisée
22.70,78.4,0.0,SAFE,9,feu_rouge_devant,Situation maîtrisée
22.75,78.4,0.0,SAFE,9,feu_rouge_devant,Situation maîtrisée
22.80,78.4,0.0,SAFE,9,feu_rouge_devant,Situation maîtrisée
22.85,78.4,0.0,SAFE,9,feu_rouge_devant,Situation maîtrisée
22.90,78.4,0.0,SAFE,9,feu_rouge_devant,Situation maîtrisée
22.95,78.4,0.0,SAFE,9,feu_rouge_devant,Situation maîtrisée
23.00,78.4,0.0,SAFE,9,feu_rouge_devant,Situation maîtrisée
23.05,78.4,0.0,SAFE,9,feu_rouge_devant,Situation maîtrisée
23.10,78.4,0.0,SAFE,9,feu_rouge_devant,Situation maîtrisée
23.15,78.4,0.0,SAFE,9,feu_rouge_devant,Situation maîtrisée
23.20,78.4,0.2,SAFE,9,feu_rouge_devant,Situation maîtrisée
23.25,78.4,0.1,SAFE,9,feu_rouge_devant,Situation maîtrisée
23.30,78.4,0.0,SAFE,9,feu_rouge_devant,Situation maîtrisée
23.35,78.4,0.0,SAFE,9,feu_rouge_devant,Situation maîtrisée
23.40,78.4,0.0,SAFE,9,feu_rouge_devant,Situation maîtrisée
23.45,78.4,0.0,SAFE,9,feu_rouge_devant,Situation maîtrisée
23.50,78.4,0.0,SAFE,9,feu_rouge_devant,Situation maîtrisée
23.55,78.4,0.0,SAFE,9,feu_rouge_devant,Situation maîtrisée
23.60,78.4,0.0,SAFE,9,feu_rouge_devant,Situation maîtrisée
23.65,78.4,0.0,SAFE,9,feu_rouge_devant,Situation maîtrisée
23.70,78.4,0.0,SAFE,9,feu_rouge_devant,Situation maîtrisée
23.75,78.4,0.0,SAFE,9,feu_rouge_devant,Situation maîtrisée
23.80,78.4,0.0,SAFE,10,feu_rouge_devant,Situation maîtrisée
23.85,78.4,0.0,SAFE,10,feu_rouge_devant,Situation maîtrisée
23.90,78.4,0.0,SAFE,10,feu_rouge_devant,Situation maîtrisée
23.95,78.4,0.0,SAFE,10,feu_rouge_devant,Situation maîtrisée
24.00,78.4,0.0,SAFE,10,feu_rouge_devant,Situation maîtrisée
24.05,78.4,0.0,SAFE,10,feu_rouge_devant,Situation maîtrisée
24.10,78.4,0.0,SAFE,10,feu_rouge_devant,Situation maîtrisée
24.15,78.4,0.0,SAFE,10,feu_rouge_devant,Situation maîtrisée
24.20,78.4,0.0,SAFE,10,feu_rouge_devant,Situation maîtrisée
24.25,78.4,0.0,SAFE,10,feu_rouge_devant,Situation maîtrisée
24.30,78.4,0.0,SAFE,10,feu_rouge_devant,Situation maîtrisée
24.35,78.4,0.0,SAFE,10,feu_rouge_devant,Situation maîtrisée
24.40,78.4,0.0,SAFE,10,feu_rouge_devant,Situation maîtrisée
24.45,78.4,0.0,SAFE,10,feu_rouge_devant,Situation maîtrisée
24.50,78.4,0.0,SAFE,10,feu_rouge_devant,Situation maîtrisée
24.55,78.4,0.0,SAFE,10,feu_rouge_devant,Situation maîtrisée
24.60,78.4,0.0,SAFE,10,feu_rouge_devant,Situation maîtrisée
24.65,78.4,0.0,SAFE,10,feu_rouge_devant,Situation maîtrisée
24.70,78.4,0.0,SAFE,10,feu_rouge_devant,Situation maîtrisée
24.75,78.4,0.0,SAFE,10,feu_rouge_devant,Situation maîtrisée
24.80,78.4,0.0,SAFE,10,feu_rouge_devant,Situation maîtrisée
24.85,78.4,0.0,SAFE,10,feu_rouge_devant,Situation maîtrisée
24.90,78.4,0.0,SAFE,10,feu_rouge_devant,Situation maîtrisée
24.95,78.4,0.0,SAFE,10,feu_rouge_devant,Situation maîtrisée
25.00,78.4,0.0,SAFE,10,feu_rouge_devant,Situation maîtrisée
25.05,78.4,0.0,SAFE,10,feu_rouge_devant,Situation maîtrisée
25.10,78.4,0.0,SAFE,10,feu_rouge_devant,Situation maîtrisée
25.15,78.4,0.0,SAFE,10,feu_rouge_devant,Situation maîtrisée
25.20,78.4,0.0,SAFE,10,feu_rouge_devant,Situation maîtrisée
25.25,78.4,0.0,SAFE,10,feu_rouge_devant,Situation maîtrisée
25.30,78.4,0.0,SAFE,10,feu_rouge_devant,Situation maîtrisée
25.35,78.4,0.0,SAFE,10,feu_rouge_devant,Situation maîtrisée
25.40,78.4,0.0,SAFE,10,feu_rouge_devant,Situation maîtrisée
25.45,78.4,0.0,SAFE,10,feu_rouge_devant,Situation maîtrisée
25.50,78.4,0.0,SAFE,10,feu_rouge_devant,Situation maîtrisée
25.55,78.4,0.0,SAFE,10,feu_rouge_devant,Situation maîtrisée
25.60,78.4,0.0,SAFE,10,feu_rouge_devant,Situation maîtrisée
25.65,78.4,0.0,SAFE,10,feu_rouge_devant,Situation maîtrisée
25.70,78.4,0.0,SAFE,10,feu_rouge_devant,Situation maîtrisée
25.75,78.4,0.0,SAFE,10,feu_rouge_devant,Situation maîtrisée
25.80,78.4,0.0,SAFE,10,feu_rouge_devant,Situation maîtrisée
25.85,78.4,0.0,SAFE,10,feu_rouge_devant,Situation maîtrisée
25.90,78.4,0.0,SAFE,10,feu_rouge_devant,Situation maîtrisée
25.95,78.4,0.0,SAFE,10,feu_rouge_devant,Situation maîtrisée
26.00,78.4,0.0,SAFE,10,feu_rouge_devant,Situation maîtrisée
26.05,78.4,0.0,SAFE,10,feu_rouge_devant,Situation maîtrisée
26.10,78.4,0.0,SAFE,10,feu_rouge_devant,Situation maîtrisée
26.15,78.4,0.0,SAFE,10,feu_rouge_devant,Situation maîtrisée
26.20,78.4,0.0,SAFE,10,feu_rouge_devant,Situation maîtrisée
26.25,78.4,0.0,SAFE,10,feu_rouge_devant,Situation maîtrisée
26.30,78.4,0.0,SAFE,10,feu_rouge_devant,Situation maîtrisée
26.35,78.4,0.0,SAFE,10,feu_rouge_devant,Situation maîtrisée
26.40,78.4,0.0,SAFE,10,feu_rouge_devant,Situation maîtrisée
26.45,78.4,0.0,SAFE,10,feu_rouge_devant,Situation maîtrisée
26.50,78.4,0.0,SAFE,10,feu_rouge_devant,Situation maîtrisée
26.55,78.4,0.0,SAFE,10,feu_rouge_devant,Situation maîtrisée
26.60,78.4,0.0,SAFE,10,feu_rouge_devant,Situation maîtrisée
26.65,78.4,0.0,SAFE,10,feu_rouge_devant,Situation maîtrisée
26.70,78.4,0.0,SAFE,10,feu_rouge_devant,Situation maîtrisée
26.75,78.4,0.0,SAFE,10,feu_rouge_devant,Situation maîtrisée
26.80,78.4,0.0,SAFE,10,feu_rouge_devant,Situation maîtrisée
26.85,78.4,0.0,SAFE,10,feu_rouge_devant,Situation maîtrisée
26.90,78.4,0.0,SAFE,10,feu_rouge_devant,Situation maîtrisée
26.95,78.4,0.0,SAFE,10,feu_rouge_devant,Situation maîtrisée
27.00,78.4,0.0,SAFE,10,feu_rouge_devant,Situation maîtrisée
27.05,78.4,0.0,SAFE,10,feu_rouge_devant,Situation maîtrisée
27.10,78.4,0.0,SAFE,10,feu_rouge_devant,Situation maîtrisée
27.15,78.4,0.0,SAFE,10,feu_rouge_devant,Situation maîtrisée
27.20,78.4,0.0,SAFE,10,feu_rouge_devant,Situation maîtrisée
27.25,78.4,0.0,SAFE,10,feu_rouge_devant,Situation maîtrisée
27.30,78.4,0.0,SAFE,10,feu_rouge_devant,Situation maîtrisée
27.35,78.4,0.0,SAFE,10,feu_rouge_devant,Situation maîtrisée
27.40,78.4,0.0,SAFE,10,feu_rouge_devant,Situation maîtrisée
27.45,78.4,0.0,SAFE,10,feu_rouge_devant,Situation maîtrisée
27.50,78.4,0.0,SAFE,10,feu_rouge_devant,Situation maîtrisée
27.55,78.4,0.0,SAFE,10,feu_rouge_devant,Situation maîtrisée
27.60,78.4,0.0,SAFE,10,feu_rouge_devant,Situation maîtrisée
27.65,78.4,0.0,SAFE,10,feu_rouge_devant,Situation maîtrisée
27.70,78.4,0.0,SAFE,10,feu_rouge_devant,Situation maîtrisée
27.75,78.4,0.0,SAFE,9,feu_rouge_devant,Situation maîtrisée
27.80,78.4,0.0,SAFE,9,feu_rouge_devant,Situation maîtrisée
27.85,78.4,0.0,SAFE,9,feu_rouge_devant,Situation maîtrisée
27.90,78.4,0.0,SAFE,9,feu_rouge_devant,Situation maîtrisée
27.95,78.4,0.0,SAFE,9,feu_rouge_devant,Situation maîtrisée
28.00,78.4,0.0,SAFE,9,feu_rouge_devant,Situation maîtrisée
28.05,78.4,0.0,SAFE,9,feu_rouge_devant,Situation maîtrisée
28.10,78.4,0.0,SAFE,9,feu_rouge_devant,Situation maîtrisée
28.15,78.4,0.2,SAFE,9,,Situation maîtrisée
28.20,78.4,0.2,SAFE,9,,Situation maîtrisée
28.25,78.4,0.5,SAFE,9,,Situation maîtrisée
28.30,78.4,0.8,SAFE,9,,Situation maîtrisée
28.35,78.4,1.6,SAFE,9,,Situation maîtrisée
28.40,78.4,2.3,SAFE,9,,Situation maîtrisée
28.45,78.5,3.0,WATCH,9,moteur:proportionnel,Vigilance — situation à la limite
28.50,78.5,0.0,SAFE,9,,Situation maîtrisée
28.55,78.5,0.7,SAFE,9,,Situation maîtrisée
28.60,78.5,1.0,SAFE,9,,Situation maîtrisée
28.65,78.5,1.7,SAFE,9,,Situation maîtrisée
28.70,78.6,2.2,SAFE,9,,Situation maîtrisée
28.75,78.6,3.1,SAFE,9,,Situation maîtrisée
28.80,78.6,3.9,SAFE,9,,Situation maîtrisée
28.85,78.7,4.6,WATCH,9,moteur:proportionnel,Vigilance — situation à la limite
28.90,78.8,4.2,SAFE,9,,Situation maîtrisée
28.95,78.8,4.2,SAFE,9,,Situation maîtrisée
29.00,78.9,4.7,SAFE,9,,Situation maîtrisée
29.05,79.0,5.3,WATCH,9,moteur:proportionnel,Vigilance — situation à la limite
29.10,79.0,4.5,SAFE,9,,Situation maîtrisée
29.15,79.1,4.6,SAFE,8,,Situation maîtrisée
29.20,79.2,5.0,SAFE,8,,Situation maîtrisée
29.25,79.2,5.9,WATCH,8,moteur:proportionnel,Vigilance — situation à la limite
29.30,79.3,6.2,WATCH,8,feu_rouge,Vigilance — situation à la limite
29.35,79.4,6.6,WATCH,8,feu_rouge,Vigilance — situation à la limite
29.40,79.5,6.1,WATCH,8,feu_rouge,Vigilance — situation à la limite
29.45,79.6,3.9,SAFE,8,feu_rouge,SAFE : arret au feu rouge
29.50,79.6,0.0,SAFE,8,feu_rouge,SAFE : arret au feu rouge
29.55,79.6,0.0,SAFE,8,feu_rouge,SAFE : arret au feu rouge
29.60,79.6,0.1,SAFE,8,feu_rouge,SAFE : arret au feu rouge
29.65,79.6,0.4,SAFE,8,feu_rouge,SAFE : arret au feu rouge
29.70,79.6,0.6,SAFE,8,feu_rouge,SAFE : arret au feu rouge
29.75,79.6,0.6,SAFE,8,feu_rouge,SAFE : arret au feu rouge
29.80,79.6,0.7,SAFE,8,feu_rouge,SAFE : arret au feu rouge
29.85,79.6,0.7,SAFE,8,feu_rouge,SAFE : arret au feu rouge
29.90,79.6,0.8,SAFE,8,feu_rouge,SAFE : arret au feu rouge
29.95,79.6,0.8,SAFE,8,feu_rouge,SAFE : arret au feu rouge
30.00,79.7,0.8,SAFE,8,feu_rouge,SAFE : arret au feu rouge
30.05,79.7,0.8,SAFE,8,feu_rouge,SAFE : arret au feu rouge
30.10,79.7,0.8,SAFE,8,feu_rouge,SAFE : arret au feu rouge
30.15,79.7,0.8,SAFE,8,feu_rouge,SAFE : arret au feu rouge
30.20,79.7,0.8,SAFE,8,feu_rouge,SAFE : arret au feu rouge
30.25,79.7,0.8,SAFE,8,feu_rouge,SAFE : arret au feu rouge
30.30,79.7,0.8,SAFE,8,feu_rouge,SAFE : arret au feu rouge
30.35,79.7,0.8,SAFE,8,feu_rouge,SAFE : arret au feu rouge
30.40,79.7,0.8,SAFE,8,feu_rouge,SAFE : arret au feu rouge
30.45,79.8,0.8,SAFE,8,feu_rouge,SAFE : arret au feu rouge
30.50,79.8,0.8,SAFE,8,feu_rouge,SAFE : arret au feu rouge
30.55,79.8,0.8,SAFE,8,feu_rouge,SAFE : arret au feu rouge
30.60,79.8,0.8,SAFE,8,feu_rouge,SAFE : arret au feu rouge
30.65,79.8,0.8,SAFE,8,feu_rouge,SAFE : arret au feu rouge
30.70,79.8,0.8,SAFE,8,feu_rouge,SAFE : arret au feu rouge
30.75,79.8,0.8,SAFE,8,feu_rouge,SAFE : arret au feu rouge
30.80,79.8,0.8,SAFE,8,feu_rouge,SAFE : arret au feu rouge
30.85,79.8,0.8,SAFE,8,feu_rouge,SAFE : arret au feu rouge
30.90,79.9,0.8,SAFE,8,feu_rouge,SAFE : arret au feu rouge
30.95,79.9,0.8,SAFE,8,feu_rouge,SAFE : arret au feu rouge
31.00,79.9,0.8,SAFE,8,feu_rouge,SAFE : arret au feu rouge
31.05,79.9,0.8,SAFE,8,feu_rouge,SAFE : arret au feu rouge
31.10,79.9,0.8,SAFE,8,feu_rouge,SAFE : arret au feu rouge
31.15,79.9,0.8,SAFE,8,feu_rouge,SAFE : arret au feu rouge
31.20,79.9,0.8,SAFE,8,feu_rouge,SAFE : arret au feu rouge
31.25,79.9,0.8,SAFE,8,feu_rouge,SAFE : arret au feu rouge
31.30,79.9,0.8,SAFE,8,feu_rouge,SAFE : arret au feu rouge
31.35,80.0,0.8,SAFE,8,feu_rouge,SAFE : arret au feu rouge
31.40,80.0,0.8,SAFE,8,feu_rouge,SAFE : arret au feu rouge
31.45,80.0,0.8,SAFE,8,feu_rouge,SAFE : arret au feu rouge
31.50,80.0,0.8,SAFE,8,feu_rouge,SAFE : arret au feu rouge
31.55,80.0,0.8,SAFE,8,feu_rouge,SAFE : arret au feu rouge
31.60,80.0,0.8,SAFE,8,feu_rouge,SAFE : arret au feu rouge
31.65,80.0,0.8,SAFE,8,feu_rouge,SAFE : arret au feu rouge
31.70,80.0,0.8,SAFE,8,feu_rouge,SAFE : arret au feu rouge
31.75,80.0,0.8,SAFE,8,feu_rouge,SAFE : arret au feu rouge
31.80,80.1,0.8,SAFE,8,feu_rouge,SAFE : arret au feu rouge
31.85,80.1,0.8,SAFE,8,feu_rouge,SAFE : arret au feu rouge
31.90,80.1,0.8,SAFE,9,feu_rouge,SAFE : arret au feu rouge
31.95,80.1,0.8,SAFE,9,feu_rouge,SAFE : arret au feu rouge
32.00,80.1,0.8,SAFE,9,feu_rouge,SAFE : arret au feu rouge
32.05,80.1,0.8,SAFE,9,feu_rouge,SAFE : arret au feu rouge
32.10,80.1,0.8,SAFE,9,feu_rouge,SAFE : arret au feu rouge
32.15,80.1,0.8,SAFE,9,feu_rouge,SAFE : arret au feu rouge
32.20,80.1,0.8,SAFE,9,feu_rouge,SAFE : arret au feu rouge
32.25,80.2,0.8,SAFE,9,feu_rouge,SAFE : arret au feu rouge
32.30,80.2,0.8,SAFE,9,feu_rouge,SAFE : arret au feu rouge
32.35,80.2,0.8,SAFE,9,feu_rouge,SAFE : arret au feu rouge
32.40,80.2,0.8,SAFE,9,feu_rouge,SAFE : arret au feu rouge
32.45,80.2,0.8,SAFE,9,feu_rouge,SAFE : arret au feu rouge
32.50,80.2,0.8,SAFE,9,feu_rouge,SAFE : arret au feu rouge
32.55,80.2,0.8,SAFE,9,feu_rouge,SAFE : arret au feu rouge
32.60,80.2,0.8,SAFE,9,feu_rouge,SAFE : arret au feu rouge
32.65,80.2,0.8,SAFE,9,feu_rouge,SAFE : arret au feu rouge
32.70,80.3,0.8,SAFE,9,feu_rouge,SAFE : arret au feu rouge
32.75,80.3,0.8,SAFE,9,feu_rouge,SAFE : arret au feu rouge
32.80,80.3,0.8,SAFE,9,feu_rouge,SAFE : arret au feu rouge
32.85,80.3,0.8,SAFE,9,feu_rouge,SAFE : arret au feu rouge
32.90,80.3,0.8,SAFE,9,feu_rouge,SAFE : arret au feu rouge
32.95,80.3,0.8,SAFE,9,feu_rouge,SAFE : arret au feu rouge
33.00,80.3,0.8,SAFE,9,feu_rouge,SAFE : arret au feu rouge
33.05,80.3,0.8,SAFE,9,feu_rouge,SAFE : arret au feu rouge
33.10,80.3,0.8,SAFE,9,feu_rouge,SAFE : arret au feu rouge
33.15,80.4,0.8,SAFE,9,feu_rouge,SAFE : arret au feu rouge
33.20,80.4,0.8,SAFE,9,feu_rouge,SAFE : arret au feu rouge
33.25,80.4,0.8,SAFE,9,feu_rouge,SAFE : arret au feu rouge
33.30,80.4,0.8,SAFE,9,feu_rouge,SAFE : arret au feu rouge
33.35,80.4,0.8,SAFE,9,feu_rouge,SAFE : arret au feu rouge
33.40,80.4,0.8,SAFE,9,feu_rouge,SAFE : arret au feu rouge
33.45,80.4,0.8,SAFE,9,feu_rouge,SAFE : arret au feu rouge
33.50,80.4,0.8,SAFE,9,feu_rouge,SAFE : arret au feu rouge
33.55,80.4,0.8,SAFE,9,feu_rouge,SAFE : arret au feu rouge
33.60,80.5,0.8,SAFE,9,feu_rouge,SAFE : arret au feu rouge
33.65,80.5,0.8,SAFE,9,feu_rouge,SAFE : arret au feu rouge
33.70,80.5,0.8,SAFE,9,feu_rouge,SAFE : arret au feu rouge
33.75,80.5,0.8,SAFE,9,feu_rouge,SAFE : arret au feu rouge
33.80,80.5,0.8,SAFE,9,feu_rouge,SAFE : arret au feu rouge
33.85,80.5,0.8,SAFE,9,feu_rouge,SAFE : arret au feu rouge
33.90,80.5,0.8,SAFE,9,feu_rouge,SAFE : arret au feu rouge
33.95,80.5,0.8,SAFE,9,feu_rouge,SAFE : arret au feu rouge
34.00,80.6,0.8,SAFE,9,feu_rouge,SAFE : arret au feu rouge
34.05,80.6,0.8,SAFE,9,feu_rouge,SAFE : arret au feu rouge
34.10,80.6,0.8,SAFE,9,feu_rouge,SAFE : arret au feu rouge
34.15,80.6,0.8,SAFE,9,feu_rouge,SAFE : arret au feu rouge
34.20,80.6,0.8,SAFE,9,feu_rouge,SAFE : arret au feu rouge
34.25,80.6,0.8,SAFE,9,feu_rouge,SAFE : arret au feu rouge
34.30,80.6,0.8,SAFE,9,feu_rouge,SAFE : arret au feu rouge
34.35,80.6,0.8,SAFE,9,feu_rouge,SAFE : arret au feu rouge
34.40,80.6,0.8,SAFE,9,feu_rouge,SAFE : arret au feu rouge
34.45,80.7,0.8,SAFE,9,feu_rouge,SAFE : arret au feu rouge
34.50,80.7,0.8,SAFE,9,feu_rouge,SAFE : arret au feu rouge
34.55,80.7,0.8,SAFE,9,feu_rouge,SAFE : arret au feu rouge
34.60,80.7,0.8,SAFE,9,feu_rouge,SAFE : arret au feu rouge
34.65,80.7,0.8,SAFE,9,feu_rouge,SAFE : arret au feu rouge
34.70,80.7,0.8,SAFE,9,feu_rouge,SAFE : arret au feu rouge
34.75,80.7,0.8,SAFE,9,feu_rouge,SAFE : arret au feu rouge
34.80,80.7,0.8,SAFE,9,feu_rouge,SAFE : arret au feu rouge
34.85,80.7,0.8,SAFE,9,feu_rouge,SAFE : arret au feu rouge
34.90,80.8,0.8,SAFE,9,feu_rouge,SAFE : arret au feu rouge
34.95,80.8,0.8,SAFE,9,feu_rouge,SAFE : arret au feu rouge
35.00,80.8,0.8,SAFE,9,feu_rouge,SAFE : arret au feu rouge
35.05,80.8,0.8,SAFE,9,feu_rouge,SAFE : arret au feu rouge
35.10,80.8,0.8,SAFE,9,feu_rouge,SAFE : arret au feu rouge
35.15,80.8,0.8,SAFE,9,feu_rouge,SAFE : arret au feu rouge
35.20,80.8,0.8,SAFE,9,feu_rouge,SAFE : arret au feu rouge
35.25,80.8,0.8,SAFE,9,feu_rouge,SAFE : arret au feu rouge
35.30,80.9,0.8,SAFE,9,feu_rouge,SAFE : arret au feu rouge
35.35,80.9,0.8,SAFE,9,feu_rouge,SAFE : arret au feu rouge
35.40,80.9,0.8,SAFE,9,feu_rouge,SAFE : arret au feu rouge
35.45,80.9,0.8,SAFE,9,feu_rouge,SAFE : arret au feu rouge
35.50,80.9,0.8,SAFE,9,feu_rouge,SAFE : arret au feu rouge
35.55,80.9,0.8,SAFE,9,feu_rouge,SAFE : arret au feu rouge
35.60,80.9,0.8,SAFE,9,feu_rouge,SAFE : arret au feu rouge
35.65,80.9,0.8,SAFE,9,feu_rouge,SAFE : arret au feu rouge
35.70,80.9,0.8,SAFE,9,feu_rouge,SAFE : arret au feu rouge
35.75,81.0,0.8,SAFE,9,feu_rouge,SAFE : arret au feu rouge
35.80,81.0,0.8,SAFE,9,feu_rouge,SAFE : arret au feu rouge
35.85,81.0,0.8,SAFE,9,feu_rouge,SAFE : arret au feu rouge
35.90,81.0,0.8,SAFE,9,feu_rouge,SAFE : arret au feu rouge
35.95,81.0,0.8,SAFE,9,feu_rouge,SAFE : arret au feu rouge
36.00,81.0,0.8,SAFE,9,feu_rouge,SAFE : arret au feu rouge
36.05,81.0,0.8,SAFE,9,feu_rouge,SAFE : arret au feu rouge
36.10,81.0,0.8,SAFE,9,feu_rouge,SAFE : arret au feu rouge
36.15,81.0,0.8,SAFE,9,feu_rouge,SAFE : arret au feu rouge
36.20,81.1,0.8,SAFE,9,feu_rouge,SAFE : arret au feu rouge
36.25,81.1,0.8,SAFE,9,feu_rouge,SAFE : arret au feu rouge
36.30,81.1,0.8,SAFE,9,feu_rouge,SAFE : arret au feu rouge
36.35,81.1,0.8,SAFE,9,feu_rouge,SAFE : arret au feu rouge
36.40,81.1,0.8,SAFE,9,feu_rouge,SAFE : arret au feu rouge
36.45,81.1,0.8,SAFE,9,feu_rouge,SAFE : arret au feu rouge
36.50,81.1,0.8,SAFE,9,feu_rouge,SAFE : arret au feu rouge
36.55,81.1,0.8,SAFE,9,feu_rouge,SAFE : arret au feu rouge
36.60,81.2,0.8,SAFE,9,feu_rouge,SAFE : arret au feu rouge
36.65,81.2,0.8,SAFE,9,feu_rouge,SAFE : arret au feu rouge
36.70,81.2,0.8,SAFE,9,feu_rouge,SAFE : arret au feu rouge
36.75,81.2,0.8,SAFE,9,feu_rouge,SAFE : arret au feu rouge
36.80,81.2,0.8,SAFE,9,feu_rouge,SAFE : arret au feu rouge
36.85,81.2,0.8,SAFE,9,feu_rouge,SAFE : arret au feu rouge
36.90,81.2,0.8,SAFE,9,feu_rouge,SAFE : arret au feu rouge
36.95,81.2,0.8,SAFE,9,feu_rouge,SAFE : arret au feu rouge
37.00,81.2,0.8,SAFE,9,feu_rouge,SAFE : arret au feu rouge
37.05,81.3,0.8,SAFE,9,feu_rouge,SAFE : arret au feu rouge
37.10,81.3,0.8,SAFE,9,feu_rouge,SAFE : arret au feu rouge
37.15,81.3,0.8,SAFE,9,feu_rouge,SAFE : arret au feu rouge
37.20,81.3,0.8,SAFE,9,feu_rouge,SAFE : arret au feu rouge
37.25,81.3,0.8,SAFE,9,feu_rouge,SAFE : arret au feu rouge
37.30,81.3,0.8,SAFE,9,feu_rouge,SAFE : arret au feu rouge
37.35,81.3,0.8,SAFE,9,feu_rouge,SAFE : arret au feu rouge
37.40,81.3,0.8,SAFE,9,feu_rouge,SAFE : arret au feu rouge
37.45,81.3,0.8,SAFE,9,feu_rouge,SAFE : arret au feu rouge
37.50,81.4,0.8,SAFE,9,feu_rouge,SAFE : arret au feu rouge
37.55,81.4,0.8,SAFE,9,feu_rouge,SAFE : arret au feu rouge
37.60,81.4,0.8,SAFE,9,feu_rouge,SAFE : arret au feu rouge
37.65,81.4,0.8,SAFE,9,feu_rouge,SAFE : arret au feu rouge
37.70,81.4,0.8,SAFE,9,feu_rouge,SAFE : arret au feu rouge
37.75,81.4,0.8,SAFE,9,feu_rouge,SAFE : arret au feu rouge
37.80,81.4,0.8,SAFE,9,feu_rouge,SAFE : arret au feu rouge
37.85,81.4,0.8,SAFE,9,feu_rouge,SAFE : arret au feu rouge
37.90,81.4,0.8,SAFE,9,feu_rouge,SAFE : arret au feu rouge
37.95,81.5,0.8,SAFE,9,feu_rouge,SAFE : arret au feu rouge
38.00,81.5,0.8,SAFE,9,feu_rouge,SAFE : arret au feu rouge
38.05,81.5,0.8,SAFE,9,feu_rouge,SAFE : arret au feu rouge
38.10,81.5,0.8,SAFE,9,feu_rouge,SAFE : arret au feu rouge
38.15,81.5,0.8,SAFE,9,feu_rouge,SAFE : arret au feu rouge
38.20,81.5,0.8,SAFE,9,feu_rouge,SAFE : arret au feu rouge
38.25,81.5,0.8,SAFE,9,feu_rouge,SAFE : arret au feu rouge
38.30,81.5,0.8,SAFE,9,feu_rouge,SAFE : arret au feu rouge
38.35,81.6,0.8,SAFE,9,feu_rouge,SAFE : arret au feu rouge
38.40,81.6,0.8,SAFE,9,feu_rouge,SAFE : arret au feu rouge
38.45,81.6,0.8,SAFE,9,feu_rouge,SAFE : arret au feu rouge
38.50,81.6,0.8,SAFE,9,feu_rouge,SAFE : arret au feu rouge
38.55,81.6,0.8,SAFE,9,feu_rouge,SAFE : arret au feu rouge
38.60,81.6,0.8,SAFE,9,feu_rouge,SAFE : arret au feu rouge
38.65,81.6,0.8,SAFE,9,feu_rouge,SAFE : arret au feu rouge
38.70,81.6,0.8,SAFE,9,feu_rouge,SAFE : arret au feu rouge
38.75,81.6,0.8,SAFE,9,feu_rouge,SAFE : arret au feu rouge
38.80,81.7,0.8,SAFE,9,feu_rouge,SAFE : arret au feu rouge
38.85,81.7,0.8,SAFE,9,feu_rouge,SAFE : arret au feu rouge
38.90,81.7,0.8,SAFE,9,feu_rouge,SAFE : arret au feu rouge
38.95,81.7,0.8,SAFE,9,feu_rouge,SAFE : arret au feu rouge
39.00,81.7,0.8,SAFE,9,feu_rouge,SAFE : arret au feu rouge
39.05,81.7,0.8,SAFE,9,feu_rouge,SAFE : arret au feu rouge
39.10,81.7,0.8,SAFE,9,feu_rouge,SAFE : arret au feu rouge
39.15,81.7,0.8,SAFE,10,feu_rouge,SAFE : arret au feu rouge
39.20,81.7,0.8,SAFE,10,feu_rouge,SAFE : arret au feu rouge
39.25,81.8,0.8,SAFE,10,feu_rouge,SAFE : arret au feu rouge
39.30,81.8,0.8,SAFE,10,feu_rouge,SAFE : arret au feu rouge
39.35,81.8,0.8,SAFE,10,feu_rouge,SAFE : arret au feu rouge
39.40,81.8,0.8,SAFE,10,feu_rouge,SAFE : arret au feu rouge
39.45,81.8,0.8,SAFE,10,feu_rouge,SAFE : arret au feu rouge
39.50,81.8,0.8,SAFE,10,feu_rouge,SAFE : arret au feu rouge
39.55,81.8,0.8,CRITICAL,10,feu_rouge,FREINEZ — conflit non évitable par la seule vitesse
39.60,81.8,0.2,SAFE,10,feu_rouge,SAFE : arret au feu rouge
39.65,81.8,0.1,SAFE,10,feu_rouge,SAFE : arret au feu rouge
39.70,81.8,0.0,SAFE,10,feu_rouge,SAFE : arret au feu rouge
39.75,81.8,0.1,SAFE,10,feu_rouge,SAFE : arret au feu rouge
39.80,81.8,0.0,SAFE,10,feu_rouge,SAFE : arret au feu rouge
39.85,81.8,0.0,SAFE,10,feu_rouge,SAFE : arret au feu rouge
39.90,81.8,0.0,SAFE,10,feu_rouge,SAFE : arret au feu rouge
39.95,81.8,0.0,SAFE,10,feu_rouge,SAFE : arret au feu rouge
40.00,81.8,0.0,SAFE,10,feu_rouge,SAFE : arret au feu rouge
40.05,81.8,0.0,SAFE,10,feu_rouge,SAFE : arret au feu rouge
40.10,81.8,0.0,SAFE,10,feu_rouge,SAFE : arret au feu rouge
40.15,81.8,0.0,SAFE,10,feu_rouge,SAFE : arret au feu rouge
40.20,81.8,0.0,SAFE,10,feu_rouge,SAFE : arret au feu rouge
40.25,81.8,0.0,SAFE,10,feu_rouge,SAFE : arret au feu rouge
40.30,81.8,0.0,SAFE,10,feu_rouge,SAFE : arret au feu rouge
40.35,81.8,0.0,SAFE,10,feu_rouge,SAFE : arret au feu rouge
40.40,81.8,0.0,SAFE,10,feu_rouge,SAFE : arret au feu rouge
40.45,81.8,0.0,SAFE,10,feu_rouge,SAFE : arret au feu rouge
40.50,81.8,0.0,SAFE,10,feu_rouge,SAFE : arret au feu rouge
40.55,81.8,0.0,SAFE,10,feu_rouge,SAFE : arret au feu rouge
40.60,81.8,0.0,SAFE,10,feu_rouge,SAFE : arret au feu rouge
40.65,81.8,0.0,SAFE,10,feu_rouge,SAFE : arret au feu rouge
40.70,81.8,0.0,SAFE,10,feu_rouge,SAFE : arret au feu rouge
40.75,81.8,0.0,SAFE,10,feu_rouge,SAFE : arret au feu rouge
40.80,81.8,0.0,SAFE,10,feu_rouge,SAFE : arret au feu rouge
40.85,81.8,0.0,SAFE,10,feu_rouge,SAFE : arret au feu rouge
40.90,81.8,0.0,SAFE,10,feu_rouge,SAFE : arret au feu rouge
40.95,81.8,0.0,SAFE,10,feu_rouge,SAFE : arret au feu rouge
41.00,81.8,0.0,SAFE,10,feu_rouge,SAFE : arret au feu rouge
41.05,81.8,0.0,SAFE,10,feu_rouge,SAFE : arret au feu rouge
41.10,81.8,0.0,SAFE,10,feu_rouge,SAFE : arret au feu rouge
41.15,81.8,0.0,SAFE,10,feu_rouge,SAFE : arret au feu rouge
41.20,81.8,0.0,SAFE,10,feu_rouge,SAFE : arret au feu rouge
41.25,81.8,0.0,SAFE,10,feu_rouge,SAFE : arret au feu rouge
41.30,81.8,0.0,SAFE,10,feu_rouge,SAFE : arret au feu rouge
41.35,81.8,0.0,SAFE,10,feu_rouge,SAFE : arret au feu rouge
41.40,81.8,0.0,SAFE,10,feu_rouge,SAFE : arret au feu rouge
41.45,81.8,0.0,SAFE,10,feu_rouge,SAFE : arret au feu rouge
41.50,81.8,0.0,SAFE,10,feu_rouge,SAFE : arret au feu rouge
41.55,81.8,0.0,SAFE,10,feu_rouge,SAFE : arret au feu rouge
41.60,81.8,0.0,SAFE,10,feu_rouge,SAFE : arret au feu rouge
41.65,81.8,0.0,SAFE,10,feu_rouge,SAFE : arret au feu rouge
41.70,81.8,0.0,SAFE,10,feu_rouge,SAFE : arret au feu rouge
41.75,81.8,0.0,SAFE,9,feu_rouge,SAFE : arret au feu rouge
41.80,81.8,0.0,SAFE,9,feu_rouge,SAFE : arret au feu rouge
41.85,81.8,0.0,SAFE,9,feu_rouge,SAFE : arret au feu rouge
41.90,81.8,0.0,SAFE,9,feu_rouge,SAFE : arret au feu rouge
41.95,81.8,0.0,SAFE,9,feu_rouge,SAFE : arret au feu rouge
42.00,81.8,0.0,SAFE,9,feu_rouge,SAFE : arret au feu rouge
42.05,81.8,0.0,SAFE,9,feu_rouge,SAFE : arret au feu rouge
42.10,81.8,0.0,SAFE,9,feu_rouge,SAFE : arret au feu rouge
42.15,81.8,0.0,SAFE,9,feu_rouge,SAFE : arret au feu rouge
42.20,81.8,0.0,SAFE,9,feu_rouge,SAFE : arret au feu rouge
42.25,81.8,0.0,SAFE,9,feu_rouge,SAFE : arret au feu rouge
42.30,81.8,0.0,SAFE,9,feu_rouge,SAFE : arret au feu rouge
42.35,81.8,0.0,SAFE,9,feu_rouge,SAFE : arret au feu rouge
42.40,81.8,0.0,SAFE,9,feu_rouge,SAFE : arret au feu rouge
42.45,81.8,0.0,SAFE,9,feu_rouge,SAFE : arret au feu rouge
42.50,81.8,0.0,SAFE,9,feu_rouge,SAFE : arret au feu rouge
42.55,81.8,0.0,SAFE,9,feu_rouge,SAFE : arret au feu rouge
42.60,81.8,0.0,SAFE,9,feu_rouge,SAFE : arret au feu rouge
42.65,81.8,0.0,SAFE,9,feu_rouge,SAFE : arret au feu rouge
42.70,81.8,0.0,SAFE,9,feu_rouge,SAFE : arret au feu rouge
42.75,81.8,0.0,SAFE,9,feu_rouge,SAFE : arret au feu rouge
42.80,81.8,0.0,SAFE,9,feu_rouge,SAFE : arret au feu rouge
42.85,81.8,0.0,SAFE,9,feu_rouge,SAFE : arret au feu rouge
42.90,81.8,0.0,SAFE,9,feu_rouge,SAFE : arret au feu rouge
42.95,81.8,0.0,SAFE,10,feu_rouge,SAFE : arret au feu rouge
43.00,81.8,0.0,SAFE,10,feu_rouge,SAFE : arret au feu rouge
43.05,81.8,0.0,SAFE,10,feu_rouge,SAFE : arret au feu rouge
43.10,81.8,0.0,SAFE,10,feu_rouge,SAFE : arret au feu rouge
43.15,81.8,0.0,SAFE,10,feu_rouge,SAFE : arret au feu rouge
43.20,81.8,0.0,SAFE,10,feu_rouge,SAFE : arret au feu rouge
43.25,81.8,0.0,SAFE,10,feu_rouge,SAFE : arret au feu rouge
43.30,81.8,0.0,SAFE,10,feu_rouge,SAFE : arret au feu rouge
43.35,81.8,0.0,SAFE,10,feu_rouge,SAFE : arret au feu rouge
43.40,81.8,0.0,SAFE,10,feu_rouge,SAFE : arret au feu rouge
43.45,81.8,0.0,SAFE,10,feu_rouge,SAFE : arret au feu rouge
43.50,81.8,0.0,SAFE,10,feu_rouge,SAFE : arret au feu rouge
43.55,81.8,0.0,SAFE,10,feu_rouge,SAFE : arret au feu rouge
43.60,81.8,0.0,SAFE,10,feu_rouge,SAFE : arret au feu rouge
43.65,81.8,0.0,SAFE,10,feu_rouge,SAFE : arret au feu rouge
43.70,81.8,0.0,SAFE,9,feu_rouge,SAFE : arret au feu rouge
43.75,81.8,0.0,SAFE,9,feu_rouge,SAFE : arret au feu rouge
43.80,81.8,0.0,SAFE,9,feu_rouge,SAFE : arret au feu rouge
43.85,81.8,0.0,SAFE,9,feu_rouge,SAFE : arret au feu rouge
43.90,81.8,0.0,SAFE,9,feu_rouge,SAFE : arret au feu rouge
43.95,81.8,0.0,SAFE,9,feu_rouge,SAFE : arret au feu rouge
44.00,81.8,0.0,SAFE,9,feu_rouge,SAFE : arret au feu rouge
44.05,81.8,0.0,SAFE,9,feu_rouge,SAFE : arret au feu rouge
44.10,81.8,0.0,SAFE,9,feu_rouge,SAFE : arret au feu rouge
44.15,81.8,0.0,SAFE,9,feu_rouge,SAFE : arret au feu rouge
44.20,81.8,0.0,SAFE,9,feu_rouge,SAFE : arret au feu rouge
44.25,81.8,0.0,SAFE,9,feu_rouge,SAFE : arret au feu rouge
44.30,81.8,0.0,SAFE,9,feu_rouge,SAFE : arret au feu rouge
44.35,81.8,0.0,SAFE,9,feu_rouge,SAFE : arret au feu rouge
44.40,81.8,0.0,SAFE,9,feu_rouge,SAFE : arret au feu rouge
44.45,81.8,0.0,SAFE,9,feu_rouge,SAFE : arret au feu rouge
44.50,81.8,0.0,SAFE,9,feu_rouge,SAFE : arret au feu rouge
44.55,81.8,0.0,SAFE,9,feu_rouge,SAFE : arret au feu rouge
44.60,81.8,0.0,SAFE,9,feu_rouge,SAFE : arret au feu rouge
44.65,81.8,0.0,SAFE,9,feu_rouge,SAFE : arret au feu rouge
44.70,81.8,0.0,SAFE,9,feu_rouge,SAFE : arret au feu rouge
44.75,81.8,0.0,SAFE,9,feu_rouge,SAFE : arret au feu rouge
44.80,81.8,0.0,SAFE,9,feu_rouge,SAFE : arret au feu rouge
44.85,81.8,0.0,SAFE,9,feu_rouge,SAFE : arret au feu rouge
44.90,81.8,0.0,SAFE,9,feu_rouge,SAFE : arret au feu rouge
44.95,81.8,0.0,SAFE,9,feu_rouge,SAFE : arret au feu rouge
45.00,81.8,0.0,SAFE,9,feu_rouge,SAFE : arret au feu rouge
45.05,81.8,0.0,SAFE,9,feu_rouge,SAFE : arret au feu rouge
45.10,81.8,0.0,SAFE,8,feu_rouge,SAFE : arret au feu rouge
45.15,81.8,0.0,SAFE,8,feu_rouge,SAFE : arret au feu rouge
45.20,81.8,0.0,SAFE,8,feu_rouge,SAFE : arret au feu rouge
45.25,81.8,0.0,SAFE,8,feu_rouge,SAFE : arret au feu rouge
45.30,81.8,0.0,SAFE,8,feu_rouge,SAFE : arret au feu rouge
45.35,81.8,0.0,SAFE,8,feu_rouge,SAFE : arret au feu rouge
45.40,81.8,0.0,SAFE,8,feu_rouge,SAFE : arret au feu rouge
45.45,81.8,0.0,SAFE,8,feu_rouge,SAFE : arret au feu rouge
45.50,81.8,0.0,SAFE,8,feu_rouge,SAFE : arret au feu rouge
45.55,81.8,0.0,SAFE,8,feu_rouge,SAFE : arret au feu rouge
45.60,81.8,0.0,SAFE,8,feu_rouge,SAFE : arret au feu rouge
45.65,81.8,0.0,SAFE,8,feu_rouge,SAFE : arret au feu rouge
45.70,81.8,0.0,SAFE,8,feu_rouge,SAFE : arret au feu rouge
45.75,81.8,0.0,SAFE,8,feu_rouge,SAFE : arret au feu rouge
45.80,81.8,0.0,SAFE,8,feu_rouge,SAFE : arret au feu rouge
45.85,81.8,0.0,SAFE,8,feu_rouge,SAFE : arret au feu rouge
45.90,81.8,0.0,SAFE,8,feu_rouge,SAFE : arret au feu rouge
45.95,81.8,0.0,SAFE,8,feu_rouge,SAFE : arret au feu rouge
46.00,81.8,0.0,SAFE,8,feu_rouge,SAFE : arret au feu rouge
46.05,81.8,0.0,SAFE,8,feu_rouge,SAFE : arret au feu rouge
46.10,81.8,0.0,SAFE,8,feu_rouge,SAFE : arret au feu rouge
46.15,81.8,0.0,SAFE,8,feu_rouge,SAFE : arret au feu rouge
46.20,81.8,0.0,SAFE,8,feu_rouge,SAFE : arret au feu rouge
46.25,81.8,0.0,SAFE,8,feu_rouge,SAFE : arret au feu rouge
46.30,81.8,0.0,SAFE,8,feu_rouge,SAFE : arret au feu rouge
46.35,81.8,0.0,SAFE,8,feu_rouge,SAFE : arret au feu rouge
46.40,81.8,0.0,SAFE,8,feu_rouge,SAFE : arret au feu rouge
46.45,81.8,0.0,SAFE,8,feu_rouge,SAFE : arret au feu rouge
46.50,81.8,0.0,SAFE,8,feu_rouge,SAFE : arret au feu rouge
46.55,81.8,0.0,SAFE,8,feu_rouge,SAFE : arret au feu rouge
46.60,81.8,0.0,SAFE,8,feu_rouge,SAFE : arret au feu rouge
46.65,81.8,0.0,SAFE,8,feu_rouge,SAFE : arret au feu rouge
46.70,81.8,0.0,SAFE,8,feu_rouge,SAFE : arret au feu rouge
46.75,81.8,0.0,SAFE,8,feu_rouge,SAFE : arret au feu rouge
46.80,81.8,0.0,SAFE,8,feu_rouge,SAFE : arret au feu rouge
46.85,81.8,0.0,SAFE,8,feu_rouge,SAFE : arret au feu rouge
46.90,81.8,0.0,SAFE,8,feu_rouge,SAFE : arret au feu rouge
46.95,81.8,0.0,SAFE,8,feu_rouge,SAFE : arret au feu rouge
47.00,81.8,0.0,SAFE,8,feu_rouge,SAFE : arret au feu rouge
47.05,81.8,0.0,SAFE,8,feu_rouge,SAFE : arret au feu rouge
47.10,81.8,0.0,SAFE,8,feu_rouge,SAFE : arret au feu rouge
47.15,81.8,0.0,SAFE,8,feu_rouge,SAFE : arret au feu rouge
47.20,81.8,0.0,SAFE,8,feu_rouge,SAFE : arret au feu rouge
47.25,81.8,0.0,SAFE,8,feu_rouge,SAFE : arret au feu rouge
47.30,81.8,0.0,SAFE,8,feu_rouge,SAFE : arret au feu rouge
47.35,81.8,0.0,SAFE,8,feu_rouge,SAFE : arret au feu rouge
47.40,81.8,0.0,SAFE,8,feu_rouge,SAFE : arret au feu rouge
47.45,81.8,0.0,SAFE,8,feu_rouge,SAFE : arret au feu rouge
47.50,81.8,0.0,SAFE,8,feu_rouge,SAFE : arret au feu rouge
47.55,81.8,0.0,SAFE,8,feu_rouge,SAFE : arret au feu rouge
47.60,81.8,0.0,SAFE,8,feu_rouge,SAFE : arret au feu rouge
47.65,81.8,0.0,SAFE,8,feu_rouge,SAFE : arret au feu rouge
47.70,81.8,0.0,SAFE,8,feu_rouge,SAFE : arret au feu rouge
47.75,81.8,0.0,SAFE,8,feu_rouge,SAFE : arret au feu rouge
47.80,81.8,0.0,SAFE,8,feu_rouge,SAFE : arret au feu rouge
47.85,81.8,0.0,SAFE,8,feu_rouge,SAFE : arret au feu rouge
47.90,81.8,0.0,SAFE,8,feu_rouge,SAFE : arret au feu rouge
47.95,81.8,0.0,SAFE,8,feu_rouge,SAFE : arret au feu rouge
48.00,81.8,0.0,SAFE,8,feu_rouge,SAFE : arret au feu rouge
48.05,81.8,0.0,SAFE,8,feu_rouge,SAFE : arret au feu rouge
48.10,81.8,0.0,SAFE,8,feu_rouge,SAFE : arret au feu rouge
48.15,81.8,0.0,SAFE,8,feu_rouge,SAFE : arret au feu rouge
48.20,81.8,0.0,SAFE,8,feu_rouge,SAFE : arret au feu rouge
48.25,81.8,0.0,SAFE,8,feu_rouge,SAFE : arret au feu rouge
48.30,81.8,0.0,SAFE,8,feu_rouge,SAFE : arret au feu rouge
48.35,81.8,0.0,SAFE,8,feu_rouge,SAFE : arret au feu rouge
48.40,81.8,0.0,SAFE,8,feu_rouge,SAFE : arret au feu rouge
48.45,81.8,0.0,SAFE,8,feu_rouge,SAFE : arret au feu rouge
48.50,81.8,0.0,SAFE,8,feu_rouge,SAFE : arret au feu rouge
48.55,81.8,0.0,SAFE,8,feu_rouge,SAFE : arret au feu rouge
48.60,81.8,0.0,SAFE,8,feu_rouge,SAFE : arret au feu rouge
48.65,81.8,0.0,SAFE,9,feu_rouge,SAFE : arret au feu rouge
48.70,81.8,0.0,SAFE,9,feu_rouge,SAFE : arret au feu rouge
48.75,81.8,0.0,SAFE,9,feu_rouge,SAFE : arret au feu rouge
48.80,81.8,0.0,SAFE,9,feu_rouge,SAFE : arret au feu rouge
48.85,81.8,0.0,SAFE,9,feu_rouge,SAFE : arret au feu rouge
48.90,81.8,0.0,SAFE,9,feu_rouge,SAFE : arret au feu rouge
48.95,81.8,0.0,SAFE,9,feu_rouge,SAFE : arret au feu rouge
49.00,81.8,0.0,SAFE,9,feu_rouge,SAFE : arret au feu rouge
49.05,81.8,0.0,SAFE,9,feu_rouge,SAFE : arret au feu rouge
49.10,81.8,0.0,SAFE,9,feu_rouge,SAFE : arret au feu rouge
49.15,81.8,0.0,SAFE,9,feu_rouge,SAFE : arret au feu rouge
49.20,81.8,0.0,SAFE,9,feu_rouge,SAFE : arret au feu rouge
49.25,81.8,0.0,SAFE,9,feu_rouge,SAFE : arret au feu rouge
49.30,81.8,0.0,SAFE,9,feu_rouge,SAFE : arret au feu rouge
49.35,81.8,0.0,SAFE,9,feu_rouge,SAFE : arret au feu rouge
49.40,81.8,0.0,SAFE,9,feu_rouge,SAFE : arret au feu rouge
49.45,81.8,0.0,SAFE,9,feu_rouge,SAFE : arret au feu rouge
49.50,81.8,0.0,SAFE,9,feu_rouge,SAFE : arret au feu rouge
49.55,81.8,0.0,SAFE,9,feu_rouge,SAFE : arret au feu rouge
49.60,81.8,0.0,SAFE,8,feu_rouge,SAFE : arret au feu rouge
49.65,81.8,0.0,SAFE,8,feu_rouge,SAFE : arret au feu rouge
49.70,81.8,0.0,SAFE,8,feu_rouge,SAFE : arret au feu rouge
49.75,81.8,0.0,SAFE,8,feu_rouge,SAFE : arret au feu rouge
49.80,81.8,0.0,SAFE,8,feu_rouge,SAFE : arret au feu rouge
49.85,81.8,0.0,SAFE,8,feu_rouge,SAFE : arret au feu rouge
49.90,81.8,0.0,SAFE,8,feu_rouge,SAFE : arret au feu rouge
49.95,81.8,0.0,SAFE,8,feu_rouge,SAFE : arret au feu rouge
50.00,81.8,0.0,SAFE,8,feu_rouge,SAFE : arret au feu rouge
50.05,81.8,0.0,SAFE,8,feu_rouge,SAFE : arret au feu rouge
50.10,81.8,0.0,SAFE,8,feu_rouge,SAFE : arret au feu rouge
50.15,81.8,0.0,SAFE,8,feu_rouge,SAFE : arret au feu rouge
50.20,81.8,0.0,SAFE,8,feu_rouge,SAFE : arret au feu rouge
50.25,81.8,0.0,SAFE,8,feu_rouge,SAFE : arret au feu rouge
50.30,81.8,0.0,SAFE,8,feu_rouge,SAFE : arret au feu rouge
50.35,81.8,0.0,SAFE,8,feu_rouge,SAFE : arret au feu rouge
50.40,81.8,0.0,SAFE,7,feu_rouge,SAFE : arret au feu rouge
50.45,81.8,0.0,SAFE,7,feu_rouge,SAFE : arret au feu rouge
50.50,81.8,0.0,SAFE,7,feu_rouge,SAFE : arret au feu rouge
50.55,81.8,0.0,SAFE,7,feu_rouge,SAFE : arret au feu rouge
50.60,81.8,0.0,SAFE,7,feu_rouge,SAFE : arret au feu rouge
50.65,81.8,0.0,SAFE,7,feu_rouge,SAFE : arret au feu rouge
50.70,81.8,0.0,SAFE,7,feu_rouge,SAFE : arret au feu rouge
50.75,81.8,0.0,SAFE,7,feu_rouge,SAFE : arret au feu rouge
50.80,81.8,0.0,SAFE,7,feu_rouge,SAFE : arret au feu rouge
50.85,81.8,0.0,SAFE,7,feu_rouge,SAFE : arret au feu rouge
50.90,81.8,0.0,SAFE,7,feu_rouge,SAFE : arret au feu rouge
50.95,81.8,0.0,SAFE,7,feu_rouge,SAFE : arret au feu rouge
51.00,81.8,0.0,SAFE,7,feu_rouge,SAFE : arret au feu rouge
51.05,81.8,0.0,SAFE,7,feu_rouge,SAFE : arret au feu rouge
51.10,81.8,0.0,SAFE,7,feu_rouge,SAFE : arret au feu rouge
51.15,81.8,0.0,SAFE,7,feu_rouge,SAFE : arret au feu rouge
51.20,81.8,0.0,SAFE,7,feu_rouge,SAFE : arret au feu rouge
51.25,81.8,0.0,SAFE,7,feu_rouge,SAFE : arret au feu rouge
51.30,81.8,0.0,SAFE,7,feu_rouge,SAFE : arret au feu rouge
51.35,81.8,0.0,SAFE,7,feu_rouge,SAFE : arret au feu rouge
51.40,81.8,0.0,CRITICAL,7,feu_rouge,Vigilance — situation à la limite
51.45,81.8,0.0,CRITICAL,7,feu_rouge,Vigilance — situation à la limite
51.50,81.8,0.0,CRITICAL,7,feu_rouge,Vigilance — situation à la limite
51.55,81.8,0.0,SAFE,7,feu_rouge,SAFE : arret au feu rouge
51.60,81.8,0.0,SAFE,7,feu_rouge,SAFE : arret au feu rouge
51.65,81.8,0.0,SAFE,7,feu_rouge,SAFE : arret au feu rouge
51.70,81.8,0.0,SAFE,7,feu_rouge,SAFE : arret au feu rouge
51.75,81.8,0.0,SAFE,7,feu_rouge,SAFE : arret au feu rouge
51.80,81.8,0.0,SAFE,7,feu_rouge,SAFE : arret au feu rouge
51.85,81.8,0.0,SAFE,7,feu_rouge,SAFE : arret au feu rouge
51.90,81.8,0.0,SAFE,7,feu_rouge,SAFE : arret au feu rouge
51.95,81.8,0.0,SAFE,7,feu_rouge,SAFE : arret au feu rouge
52.00,81.8,0.0,SAFE,7,feu_rouge,SAFE : arret au feu rouge
52.05,81.8,0.0,SAFE,7,feu_rouge,SAFE : arret au feu rouge
52.10,81.8,0.0,SAFE,7,feu_rouge,SAFE : arret au feu rouge
52.15,81.8,0.0,SAFE,7,feu_rouge,SAFE : arret au feu rouge
52.20,81.8,0.0,SAFE,6,feu_rouge,SAFE : arret au feu rouge
52.25,81.8,0.0,SAFE,6,feu_rouge,SAFE : arret au feu rouge
52.30,81.8,0.0,SAFE,6,feu_rouge,SAFE : arret au feu rouge
52.35,81.8,0.0,SAFE,6,feu_rouge,SAFE : arret au feu rouge
52.40,81.8,0.0,SAFE,6,feu_rouge,SAFE : arret au feu rouge
52.45,81.8,0.0,SAFE,6,feu_rouge,SAFE : arret au feu rouge
52.50,81.8,0.0,SAFE,6,feu_rouge,SAFE : arret au feu rouge
52.55,81.8,0.0,SAFE,6,feu_rouge,SAFE : arret au feu rouge
52.60,81.8,0.0,SAFE,6,feu_rouge,SAFE : arret au feu rouge
52.65,81.8,0.0,SAFE,6,feu_rouge,SAFE : arret au feu rouge
52.70,81.8,0.0,SAFE,6,feu_rouge,SAFE : arret au feu rouge
52.75,81.8,0.0,SAFE,6,feu_rouge,SAFE : arret au feu rouge
52.80,81.8,0.0,SAFE,6,feu_rouge,SAFE : arret au feu rouge
52.85,81.8,0.0,SAFE,6,feu_rouge,SAFE : arret au feu rouge
52.90,81.8,0.0,SAFE,6,feu_rouge,SAFE : arret au feu rouge
52.95,81.8,0.0,SAFE,6,feu_rouge,SAFE : arret au feu rouge
53.00,81.8,0.0,SAFE,6,feu_rouge,SAFE : arret au feu rouge
53.05,81.8,0.0,SAFE,5,feu_rouge,SAFE : arret au feu rouge
53.10,81.8,0.0,SAFE,5,feu_rouge,SAFE : arret au feu rouge
53.15,81.8,0.0,SAFE,5,feu_rouge,SAFE : arret au feu rouge
53.20,81.8,0.0,SAFE,5,feu_rouge,SAFE : arret au feu rouge
53.25,81.8,0.0,SAFE,5,feu_rouge,SAFE : arret au feu rouge
53.30,81.8,0.0,SAFE,5,feu_rouge,SAFE : arret au feu rouge
53.35,81.8,0.0,SAFE,5,feu_rouge,SAFE : arret au feu rouge
53.40,81.8,0.0,SAFE,5,feu_rouge,SAFE : arret au feu rouge
53.45,81.8,0.0,SAFE,5,feu_rouge,SAFE : arret au feu rouge
53.50,81.8,0.0,SAFE,5,feu_rouge,SAFE : arret au feu rouge
53.55,81.8,0.0,SAFE,5,feu_rouge,SAFE : arret au feu rouge
53.60,81.8,0.0,SAFE,5,feu_rouge,SAFE : arret au feu rouge
53.65,81.8,0.0,SAFE,5,feu_rouge,SAFE : arret au feu rouge
53.70,81.8,0.0,SAFE,5,feu_rouge,SAFE : arret au feu rouge
53.75,81.8,0.0,SAFE,5,feu_rouge,SAFE : arret au feu rouge
53.80,81.8,0.0,SAFE,5,feu_rouge,SAFE : arret au feu rouge
53.85,81.8,0.0,SAFE,5,feu_rouge,SAFE : arret au feu rouge
53.90,81.8,0.0,SAFE,5,feu_rouge,SAFE : arret au feu rouge
53.95,81.8,0.0,SAFE,5,feu_rouge,SAFE : arret au feu rouge
54.00,81.8,0.0,SAFE,5,feu_rouge,SAFE : arret au feu rouge
54.05,81.8,0.0,SAFE,5,feu_rouge,SAFE : arret au feu rouge
54.10,81.8,0.0,SAFE,5,feu_rouge,SAFE : arret au feu rouge
54.15,81.8,0.0,SAFE,5,feu_rouge,SAFE : arret au feu rouge
54.20,81.8,0.0,SAFE,5,feu_rouge,SAFE : arret au feu rouge
54.25,81.8,0.0,SAFE,5,feu_rouge,SAFE : arret au feu rouge
54.30,81.8,0.0,SAFE,5,feu_rouge,SAFE : arret au feu rouge
54.35,81.8,0.0,SAFE,5,feu_rouge,SAFE : arret au feu rouge
54.40,81.8,0.0,SAFE,5,feu_rouge,SAFE : arret au feu rouge
54.45,81.8,0.0,SAFE,5,feu_rouge,SAFE : arret au feu rouge
54.50,81.8,0.0,SAFE,5,feu_rouge,SAFE : arret au feu rouge
54.55,81.8,0.0,SAFE,5,feu_rouge,SAFE : arret au feu rouge
54.60,81.8,0.0,SAFE,5,feu_rouge,SAFE : arret au feu rouge
54.65,81.8,0.0,SAFE,5,feu_rouge,SAFE : arret au feu rouge
54.70,81.8,0.0,SAFE,5,feu_rouge,SAFE : arret au feu rouge
54.75,81.8,0.0,SAFE,5,feu_rouge,SAFE : arret au feu rouge
54.80,81.8,0.0,SAFE,5,feu_rouge,SAFE : arret au feu rouge
54.85,81.8,0.0,SAFE,5,feu_rouge,SAFE : arret au feu rouge
54.90,81.8,0.0,SAFE,5,feu_rouge,SAFE : arret au feu rouge
54.95,81.8,0.0,SAFE,5,feu_rouge,SAFE : arret au feu rouge
55.00,81.8,0.0,SAFE,5,feu_rouge,SAFE : arret au feu rouge
55.05,81.8,0.0,SAFE,5,feu_rouge,SAFE : arret au feu rouge
55.10,81.8,0.0,SAFE,5,feu_rouge,SAFE : arret au feu rouge
55.15,81.8,0.0,SAFE,5,feu_rouge,SAFE : arret au feu rouge
55.20,81.8,0.0,SAFE,5,feu_rouge,SAFE : arret au feu rouge
55.25,81.8,0.0,SAFE,6,feu_rouge,SAFE : arret au feu rouge
55.30,81.8,0.0,SAFE,6,feu_rouge,SAFE : arret au feu rouge
55.35,81.8,0.0,SAFE,6,feu_rouge,SAFE : arret au feu rouge
55.40,81.8,0.0,SAFE,6,feu_rouge,SAFE : arret au feu rouge
55.45,81.8,0.0,SAFE,6,feu_rouge,SAFE : arret au feu rouge
55.50,81.8,0.0,SAFE,6,feu_rouge,SAFE : arret au feu rouge
55.55,81.8,0.0,SAFE,6,feu_rouge,SAFE : arret au feu rouge
55.60,81.8,0.0,SAFE,6,feu_rouge,SAFE : arret au feu rouge
55.65,81.8,0.0,SAFE,6,feu_rouge,SAFE : arret au feu rouge
55.70,81.8,0.0,SAFE,6,feu_rouge,SAFE : arret au feu rouge
55.75,81.8,0.0,SAFE,6,feu_rouge,SAFE : arret au feu rouge
55.80,81.8,0.0,SAFE,6,feu_rouge,SAFE : arret au feu rouge
55.85,81.8,0.0,SAFE,6,feu_rouge,SAFE : arret au feu rouge
55.90,81.8,0.0,SAFE,6,feu_rouge,SAFE : arret au feu rouge
55.95,81.8,0.0,SAFE,6,feu_rouge,SAFE : arret au feu rouge
56.00,81.8,0.0,SAFE,6,feu_rouge,SAFE : arret au feu rouge
56.05,81.8,0.0,SAFE,6,feu_rouge,SAFE : arret au feu rouge
56.10,81.8,0.0,SAFE,6,feu_rouge,SAFE : arret au feu rouge
56.15,81.8,0.0,SAFE,6,feu_rouge,SAFE : arret au feu rouge
56.20,81.8,0.0,SAFE,6,feu_rouge,SAFE : arret au feu rouge
56.25,81.8,0.0,SAFE,6,feu_rouge,SAFE : arret au feu rouge
56.30,81.8,0.0,SAFE,6,feu_rouge,SAFE : arret au feu rouge
56.35,81.8,0.0,SAFE,6,feu_rouge,SAFE : arret au feu rouge
56.40,81.8,0.0,SAFE,6,feu_rouge,SAFE : arret au feu rouge
56.45,81.8,0.0,SAFE,6,feu_rouge,SAFE : arret au feu rouge
56.50,81.8,0.0,SAFE,6,feu_rouge,SAFE : arret au feu rouge
56.55,81.8,0.0,SAFE,6,feu_rouge,SAFE : arret au feu rouge
56.60,81.8,0.0,SAFE,6,feu_rouge,SAFE : arret au feu rouge
56.65,81.8,0.0,SAFE,6,feu_rouge,SAFE : arret au feu rouge
56.70,81.8,0.0,SAFE,6,feu_rouge,SAFE : arret au feu rouge
56.75,81.8,0.0,SAFE,6,feu_rouge,SAFE : arret au feu rouge
56.80,81.8,0.0,SAFE,6,feu_rouge,SAFE : arret au feu rouge
56.85,81.8,0.0,SAFE,6,feu_rouge,SAFE : arret au feu rouge
56.90,81.8,0.0,SAFE,6,feu_rouge,SAFE : arret au feu rouge
56.95,81.8,0.0,SAFE,6,feu_rouge,SAFE : arret au feu rouge
57.00,81.8,0.0,SAFE,6,feu_rouge,SAFE : arret au feu rouge
57.05,81.8,0.0,SAFE,6,feu_rouge,SAFE : arret au feu rouge
57.10,81.8,0.0,SAFE,6,feu_rouge,SAFE : arret au feu rouge
57.15,81.8,0.0,SAFE,6,feu_rouge,SAFE : arret au feu rouge
57.20,81.8,0.0,SAFE,6,feu_rouge,SAFE : arret au feu rouge
57.25,81.8,0.0,SAFE,6,feu_rouge,SAFE : arret au feu rouge
57.30,81.8,0.0,SAFE,6,feu_rouge,SAFE : arret au feu rouge
57.35,81.8,0.0,SAFE,6,feu_rouge,SAFE : arret au feu rouge
57.40,81.8,0.0,SAFE,6,feu_rouge,SAFE : arret au feu rouge
57.45,81.8,0.0,SAFE,6,feu_rouge,SAFE : arret au feu rouge
57.50,81.8,0.0,SAFE,6,feu_rouge,SAFE : arret au feu rouge
57.55,81.8,0.0,SAFE,6,feu_rouge,SAFE : arret au feu rouge
57.60,81.8,0.0,SAFE,6,feu_rouge,SAFE : arret au feu rouge
57.65,81.8,0.0,SAFE,5,feu_rouge,SAFE : arret au feu rouge
57.70,81.8,0.0,SAFE,5,feu_rouge,SAFE : arret au feu rouge
57.75,81.8,0.0,SAFE,5,feu_rouge,SAFE : arret au feu rouge
57.80,81.8,0.0,SAFE,5,feu_rouge,SAFE : arret au feu rouge
57.85,81.8,0.0,SAFE,5,feu_rouge,SAFE : arret au feu rouge
57.90,81.8,0.0,SAFE,5,feu_rouge,SAFE : arret au feu rouge
57.95,81.8,0.0,SAFE,5,feu_rouge,SAFE : arret au feu rouge
58.00,81.8,0.0,SAFE,5,feu_rouge,SAFE : arret au feu rouge
58.05,81.8,0.0,SAFE,5,feu_rouge,SAFE : arret au feu rouge
58.10,81.8,0.0,SAFE,5,feu_rouge,SAFE : arret au feu rouge
58.15,81.8,0.0,SAFE,5,feu_rouge,SAFE : arret au feu rouge
58.20,81.8,0.0,SAFE,5,feu_rouge,SAFE : arret au feu rouge
58.25,81.8,0.0,SAFE,5,feu_rouge,SAFE : arret au feu rouge
58.30,81.8,0.0,SAFE,5,feu_rouge,SAFE : arret au feu rouge
58.35,81.8,0.0,SAFE,5,feu_rouge,SAFE : arret au feu rouge
58.40,81.8,0.0,SAFE,5,feu_rouge,SAFE : arret au feu rouge
58.45,81.8,0.0,SAFE,5,feu_rouge,SAFE : arret au feu rouge
58.50,81.8,0.0,SAFE,5,feu_rouge,SAFE : arret au feu rouge
58.55,81.8,0.0,SAFE,5,feu_rouge,SAFE : arret au feu rouge
58.60,81.8,0.0,SAFE,5,feu_rouge,SAFE : arret au feu rouge
58.65,81.8,0.0,SAFE,5,feu_rouge,SAFE : arret au feu rouge
58.70,81.8,0.0,SAFE,5,feu_rouge,SAFE : arret au feu rouge
58.75,81.8,0.0,SAFE,5,feu_rouge,SAFE : arret au feu rouge
58.80,81.8,0.0,SAFE,5,feu_rouge,SAFE : arret au feu rouge
58.85,81.8,0.0,SAFE,5,feu_rouge,SAFE : arret au feu rouge
58.90,81.8,0.0,SAFE,5,feu_rouge,SAFE : arret au feu rouge
58.95,81.8,0.0,SAFE,5,feu_rouge,SAFE : arret au feu rouge
59.00,81.8,0.0,SAFE,5,feu_rouge,SAFE : arret au feu rouge
59.05,81.8,0.0,SAFE,5,feu_rouge,SAFE : arret au feu rouge
59.10,81.8,0.0,SAFE,5,feu_rouge,SAFE : arret au feu rouge
59.15,81.8,0.0,SAFE,5,feu_rouge,SAFE : arret au feu rouge
59.20,81.8,0.0,SAFE,5,feu_rouge,SAFE : arret au feu rouge
59.25,81.8,0.0,SAFE,5,feu_rouge,SAFE : arret au feu rouge
59.30,81.8,0.0,SAFE,5,feu_rouge,SAFE : arret au feu rouge
59.35,81.8,0.0,SAFE,5,feu_rouge,SAFE : arret au feu rouge
59.40,81.8,0.0,SAFE,5,feu_rouge,SAFE : arret au feu rouge
59.45,81.8,0.0,SAFE,5,feu_rouge,SAFE : arret au feu rouge
59.50,81.8,0.0,SAFE,5,feu_rouge,SAFE : arret au feu rouge
59.55,81.8,0.0,SAFE,5,feu_rouge,SAFE : arret au feu rouge
59.60,81.8,0.0,SAFE,5,feu_rouge,SAFE : arret au feu rouge
59.65,81.8,0.0,SAFE,5,feu_rouge,SAFE : arret au feu rouge
59.70,81.8,0.0,SAFE,5,feu_rouge,SAFE : arret au feu rouge
59.75,81.8,0.0,SAFE,5,feu_rouge,SAFE : arret au feu rouge
59.80,81.8,0.0,SAFE,5,feu_rouge,SAFE : arret au feu rouge
59.85,81.8,0.0,SAFE,5,feu_rouge,SAFE : arret au feu rouge
59.90,81.8,0.0,SAFE,5,feu_rouge,SAFE : arret au feu rouge
59.95,81.8,0.0,SAFE,5,feu_rouge,SAFE : arret au feu rouge
60.00,81.8,0.0,SAFE,5,feu_rouge,SAFE : arret au feu rouge
60.05,81.8,0.0,SAFE,5,feu_rouge,SAFE : arret au feu rouge
60.10,81.8,0.0,SAFE,5,feu_rouge,SAFE : arret au feu rouge
60.15,81.8,0.0,SAFE,5,feu_rouge,SAFE : arret au feu rouge
60.20,81.8,0.0,SAFE,5,feu_rouge,SAFE : arret au feu rouge
60.25,81.8,0.0,SAFE,5,feu_rouge,SAFE : arret au feu rouge
60.30,81.8,0.0,SAFE,5,feu_rouge,SAFE : arret au feu rouge
60.35,81.8,0.0,SAFE,5,feu_rouge,SAFE : arret au feu rouge
60.40,81.8,0.0,SAFE,5,feu_rouge,SAFE : arret au feu rouge
60.45,81.8,0.0,SAFE,5,feu_rouge,SAFE : arret au feu rouge
60.50,81.8,0.0,SAFE,5,feu_rouge,SAFE : arret au feu rouge
60.55,81.8,0.0,SAFE,5,feu_rouge,SAFE : arret au feu rouge
60.60,81.8,0.0,SAFE,5,feu_rouge,SAFE : arret au feu rouge
60.65,81.8,0.0,SAFE,5,feu_rouge,SAFE : arret au feu rouge
60.70,81.8,0.0,SAFE,5,feu_rouge,SAFE : arret au feu rouge
60.75,81.8,0.0,SAFE,4,feu_rouge,SAFE : arret au feu rouge
60.80,81.8,0.0,SAFE,4,feu_rouge,SAFE : arret au feu rouge
60.85,81.8,0.0,SAFE,4,feu_rouge,SAFE : arret au feu rouge
60.90,81.8,0.0,SAFE,4,feu_rouge,SAFE : arret au feu rouge
60.95,81.8,0.0,SAFE,4,feu_rouge,SAFE : arret au feu rouge
61.00,81.8,0.0,SAFE,4,feu_rouge,SAFE : arret au feu rouge
61.05,81.8,0.0,SAFE,4,feu_rouge,SAFE : arret au feu rouge
61.10,81.8,0.0,SAFE,4,feu_rouge,SAFE : arret au feu rouge
61.15,81.8,0.0,SAFE,4,feu_rouge,SAFE : arret au feu rouge
61.20,81.8,0.0,SAFE,4,feu_rouge,SAFE : arret au feu rouge
61.25,81.8,0.0,SAFE,4,feu_rouge,SAFE : arret au feu rouge
61.30,81.8,0.0,SAFE,4,feu_rouge,SAFE : arret au feu rouge
61.35,81.8,0.0,SAFE,4,feu_rouge,SAFE : arret au feu rouge
61.40,81.8,0.0,SAFE,4,feu_rouge,SAFE : arret au feu rouge
61.45,81.8,0.0,SAFE,4,feu_rouge,SAFE : arret au feu rouge
61.50,81.8,0.0,SAFE,4,feu_rouge,SAFE : arret au feu rouge
61.55,81.8,0.0,SAFE,4,feu_rouge,SAFE : arret au feu rouge
61.60,81.8,0.0,SAFE,4,feu_rouge,SAFE : arret au feu rouge
61.65,81.8,0.0,SAFE,4,feu_rouge,SAFE : arret au feu rouge
61.70,81.8,0.0,SAFE,4,feu_rouge,SAFE : arret au feu rouge
61.75,81.8,0.0,SAFE,4,feu_rouge,SAFE : arret au feu rouge
61.80,81.8,0.0,SAFE,4,feu_rouge,SAFE : arret au feu rouge
61.85,81.8,0.0,SAFE,4,feu_rouge,SAFE : arret au feu rouge
61.90,81.8,0.0,CRITICAL,4,feu_rouge,Vigilance — situation à la limite
61.95,81.8,0.0,SAFE,4,feu_rouge,SAFE : arret au feu rouge
62.00,81.8,0.0,SAFE,4,feu_rouge,SAFE : arret au feu rouge
62.05,81.8,0.0,SAFE,4,feu_rouge,SAFE : arret au feu rouge
62.10,81.8,0.0,SAFE,4,feu_rouge,SAFE : arret au feu rouge
62.15,81.8,0.0,SAFE,4,feu_rouge,SAFE : arret au feu rouge
62.20,81.8,0.0,SAFE,4,feu_rouge,SAFE : arret au feu rouge
62.25,81.8,0.0,SAFE,4,feu_rouge,SAFE : arret au feu rouge
62.30,81.8,0.0,SAFE,4,feu_rouge,SAFE : arret au feu rouge
62.35,81.8,0.0,SAFE,4,feu_rouge,SAFE : arret au feu rouge
62.40,81.8,0.0,SAFE,4,feu_rouge,SAFE : arret au feu rouge
62.45,81.8,0.0,SAFE,4,feu_rouge,SAFE : arret au feu rouge
62.50,81.8,0.0,SAFE,4,feu_rouge,SAFE : arret au feu rouge
62.55,81.8,0.0,SAFE,4,feu_rouge,SAFE : arret au feu rouge
62.60,81.8,0.0,SAFE,4,feu_rouge,SAFE : arret au feu rouge
62.65,81.8,0.0,SAFE,4,feu_rouge,SAFE : arret au feu rouge
62.70,81.8,0.0,SAFE,4,feu_rouge,SAFE : arret au feu rouge
62.75,81.8,0.0,SAFE,4,feu_rouge,SAFE : arret au feu rouge
62.80,81.8,0.0,SAFE,4,feu_rouge,SAFE : arret au feu rouge
62.85,81.8,0.0,SAFE,4,feu_rouge,SAFE : arret au feu rouge
62.90,81.8,0.0,SAFE,4,feu_rouge,SAFE : arret au feu rouge
62.95,81.8,0.0,SAFE,4,feu_rouge,SAFE : arret au feu rouge
63.00,81.8,0.0,SAFE,4,feu_rouge,SAFE : arret au feu rouge
63.05,81.8,0.0,SAFE,4,feu_rouge,SAFE : arret au feu rouge
63.10,81.8,0.0,SAFE,4,feu_rouge,SAFE : arret au feu rouge
63.15,81.8,0.0,SAFE,4,feu_rouge,SAFE : arret au feu rouge
63.20,81.8,0.0,SAFE,4,feu_rouge,SAFE : arret au feu rouge
63.25,81.8,0.0,SAFE,4,feu_rouge,SAFE : arret au feu rouge
63.30,81.8,0.0,SAFE,4,feu_rouge,SAFE : arret au feu rouge
63.35,81.8,0.0,SAFE,4,feu_rouge,SAFE : arret au feu rouge
63.40,81.8,0.0,SAFE,4,feu_rouge,SAFE : arret au feu rouge
63.45,81.8,0.0,SAFE,4,feu_rouge,SAFE : arret au feu rouge
63.50,81.8,0.0,SAFE,4,feu_rouge,SAFE : arret au feu rouge
63.55,81.8,0.0,SAFE,4,feu_rouge,SAFE : arret au feu rouge
63.60,81.8,0.0,SAFE,4,feu_rouge,SAFE : arret au feu rouge
63.65,81.8,0.0,SAFE,4,feu_rouge,SAFE : arret au feu rouge
63.70,81.8,0.0,SAFE,4,feu_rouge,SAFE : arret au feu rouge
63.75,81.8,0.0,SAFE,4,feu_rouge,SAFE : arret au feu rouge
63.80,81.8,0.0,CRITICAL,4,feu_rouge,Vigilance — situation à la limite
63.85,81.8,0.0,SAFE,4,feu_rouge,SAFE : arret au feu rouge
63.90,81.8,0.0,SAFE,4,feu_rouge,SAFE : arret au feu rouge
63.95,81.8,0.0,SAFE,4,feu_rouge,SAFE : arret au feu rouge
64.00,81.8,0.0,SAFE,4,feu_rouge,SAFE : arret au feu rouge
64.05,81.8,0.0,SAFE,4,feu_rouge,SAFE : arret au feu rouge
64.10,81.8,0.0,SAFE,4,feu_rouge,SAFE : arret au feu rouge
64.15,81.8,0.0,SAFE,4,feu_rouge,SAFE : arret au feu rouge
64.20,81.8,0.0,SAFE,4,feu_rouge,SAFE : arret au feu rouge
64.25,81.8,0.0,SAFE,4,feu_rouge,SAFE : arret au feu rouge
64.30,81.8,0.0,SAFE,4,feu_rouge,SAFE : arret au feu rouge
64.35,81.8,0.0,SAFE,4,,Situation maîtrisée
64.40,81.8,0.2,SAFE,4,moteur:physique,Situation maîtrisée
64.45,81.8,0.2,SAFE,4,,Situation maîtrisée
64.50,81.8,0.3,SAFE,4,,Situation maîtrisée
64.55,81.8,0.9,CRITICAL,4,moteur:proportionnel,Vigilance — situation à la limite
64.60,81.8,0.0,CRITICAL,4,moteur:proportionnel,Vigilance — situation à la limite
64.65,81.8,0.0,CRITICAL,4,moteur:proportionnel,Vigilance — situation à la limite
64.70,81.8,0.0,CRITICAL,4,moteur:proportionnel,Vigilance — situation à la limite
64.75,81.8,0.0,CRITICAL,4,moteur:proportionnel,Vigilance — situation à la limite
64.80,81.8,0.0,CRITICAL,4,moteur:proportionnel,Vigilance — situation à la limite
64.85,81.8,0.0,CRITICAL,4,moteur:proportionnel,Vigilance — situation à la limite
64.90,81.8,0.0,CRITICAL,4,moteur:proportionnel,Vigilance — situation à la limite
64.95,81.8,0.0,CRITICAL,4,moteur:proportionnel,Vigilance — situation à la limite
65.00,81.8,0.0,CRITICAL,4,moteur:proportionnel,Vigilance — situation à la limite
65.05,81.8,0.0,CRITICAL,4,moteur:proportionnel,Vigilance — situation à la limite
65.10,81.8,0.0,CRITICAL,4,moteur:proportionnel,Vigilance — situation à la limite
65.15,81.8,0.0,CRITICAL,4,moteur:proportionnel,Vigilance — situation à la limite
65.20,81.8,0.0,CRITICAL,4,moteur:proportionnel,Vigilance — situation à la limite
65.25,81.8,0.0,CRITICAL,4,moteur:proportionnel,Vigilance — situation à la limite
65.30,81.8,0.0,CRITICAL,4,moteur:proportionnel,Vigilance — situation à la limite
65.35,81.8,0.0,CRITICAL,4,moteur:proportionnel,Vigilance — situation à la limite
65.40,81.8,0.0,SAFE,4,,Situation maîtrisée
65.45,81.8,0.0,CRITICAL,4,moteur:proportionnel,Vigilance — situation à la limite
65.50,81.8,0.0,CRITICAL,4,moteur:proportionnel,Vigilance — situation à la limite
65.55,81.8,0.0,CRITICAL,4,moteur:proportionnel,Vigilance — situation à la limite
65.60,81.8,0.0,CRITICAL,4,moteur:proportionnel,Vigilance — situation à la limite
65.65,81.8,0.0,CRITICAL,4,moteur:proportionnel,Vigilance — situation à la limite
65.70,81.8,0.0,SAFE,4,,Situation maîtrisée
65.75,81.8,0.0,SAFE,4,,Situation maîtrisée
65.80,81.8,0.0,SAFE,4,,Situation maîtrisée
65.85,81.8,0.2,SAFE,4,,Situation maîtrisée
65.90,81.8,0.6,SAFE,4,,Situation maîtrisée
65.95,81.9,1.3,DANGER,4,moteur:proportionnel,Vigilance — situation à la limite
66.00,81.9,0.0,SAFE,4,,Situation maîtrisée
66.05,81.9,0.4,SAFE,4,,Situation maîtrisée
66.10,81.9,0.9,SAFE,4,,Situation maîtrisée
66.15,81.9,1.5,WATCH,4,moteur:proportionnel,Vigilance — situation à la limite
66.20,81.9,0.0,SAFE,4,,Situation maîtrisée
66.25,81.9,0.4,SAFE,4,,Situation maîtrisée
66.30,81.9,1.2,SAFE,4,,Situation maîtrisée
66.35,81.9,1.9,SAFE,5,,Situation maîtrisée
66.40,82.0,2.7,WATCH,5,moteur:proportionnel,Vigilance — situation à la limite
66.45,82.0,0.0,SAFE,5,,Situation maîtrisée
66.50,82.0,0.5,SAFE,5,,Situation maîtrisée
66.55,82.0,1.5,SAFE,5,,Situation maîtrisée
66.60,82.0,2.2,SAFE,5,,Situation maîtrisée
66.65,82.1,3.0,SAFE,5,,Situation maîtrisée
66.70,82.1,3.8,SAFE,5,,Situation maîtrisée
66.75,82.2,4.7,WATCH,5,moteur:proportionnel,Vigilance — situation à la limite
66.80,82.2,3.0,SAFE,5,,Situation maîtrisée
66.85,82.2,1.9,SAFE,5,,Situation maîtrisée
66.90,82.3,2.9,SAFE,5,,Situation maîtrisée
66.95,82.3,3.8,SAFE,5,,Situation maîtrisée
67.00,82.4,4.5,SAFE,5,,Situation maîtrisée
67.05,82.5,5.5,SAFE,5,,Situation maîtrisée
67.10,82.5,6.3,WATCH,5,moteur:proportionnel,Vigilance — situation à la limite
67.15,82.6,6.9,WATCH,5,moteur:proportionnel,Vigilance — situation à la limite
67.20,82.7,7.2,WATCH,5,moteur:proportionnel,Vigilance — situation à la limite
67.25,82.8,7.3,WATCH,5,moteur:proportionnel,Vigilance — situation à la limite
67.30,82.9,7.2,SAFE,5,,Situation maîtrisée
67.35,83.0,7.1,SAFE,5,,Situation maîtrisée
67.40,83.1,7.2,SAFE,5,,Situation maîtrisée
67.45,83.2,7.6,SAFE,5,,Situation maîtrisée
67.50,83.3,8.1,SAFE,5,,Situation maîtrisée
67.55,83.5,8.8,SAFE,5,,Situation maîtrisée
67.60,83.6,9.5,SAFE,5,,Situation maîtrisée
67.65,83.7,10.3,WATCH,5,moteur:proportionnel,Vigilance — situation à la limite
67.70,83.9,10.9,WATCH,5,moteur:proportionnel,Ralentissez de 1 km/h  (11 -> 10 km/h)
67.75,84.0,11.2,WATCH,5,moteur:proportionnel,Ralentissez de 1 km/h  (11 -> 10 km/h)
67.80,84.2,11.2,WATCH,5,moteur:proportionnel,Ralentissez de 2 km/h  (11 -> 9 km/h)
67.85,84.3,11.1,WATCH,5,moteur:proportionnel,Ralentissez de 2 km/h  (11 -> 9 km/h)
67.90,84.5,10.8,SAFE,5,,Situation maîtrisée
67.95,84.6,10.7,SAFE,5,,Situation maîtrisée
68.00,84.8,10.7,SAFE,5,,Situation maîtrisée
68.05,84.9,11.0,SAFE,5,,Situation maîtrisée
68.10,85.1,11.4,SAFE,5,,Situation maîtrisée
68.15,85.3,12.0,SAFE,5,,Situation maîtrisée
68.20,85.4,12.6,SAFE,5,,Situation maîtrisée
68.25,85.6,13.2,SAFE,5,,Situation maîtrisée
68.30,85.8,13.8,SAFE,5,,Situation maîtrisée
68.35,86.0,14.3,DANGER,5,moteur:proportionnel,Ralentissez de 8 km/h  (14 -> 7 km/h)
68.40,86.2,14.7,DANGER,5,moteur:proportionnel,Ralentissez de 8 km/h  (15 -> 6 km/h)
68.45,86.4,14.5,DANGER,5,moteur:proportionnel,Ralentissez de 8 km/h  (15 -> 6 km/h)
68.50,86.6,14.1,DANGER,5,moteur:proportionnel,Ralentissez de 8 km/h  (14 -> 6 km/h)
68.55,86.8,13.7,DANGER,5,moteur:proportionnel,Ralentissez de 8 km/h  (14 -> 6 km/h)
68.60,87.0,13.1,SAFE,5,,Situation maîtrisée
68.65,87.2,12.8,SAFE,5,,Situation maîtrisée
68.70,87.3,12.8,SAFE,5,,Situation maîtrisée
68.75,87.5,13.0,SAFE,5,,Situation maîtrisée
68.80,87.7,13.3,SAFE,5,,Situation maîtrisée
68.85,87.9,13.8,SAFE,5,,Situation maîtrisée
68.90,88.1,14.2,CRITICAL,5,moteur:proportionnel,FREINEZ de 9 km/h  (14 -> 5 km/h)
68.95,88.3,14.5,CRITICAL,5,moteur:proportionnel,FREINEZ de 9 km/h  (14 -> 5 km/h)
69.00,88.5,14.3,SAFE,5,,Situation maîtrisée
69.05,88.7,14.1,SAFE,5,,Situation maîtrisée
69.10,88.9,14.1,SAFE,5,,Situation maîtrisée
69.15,89.1,14.4,SAFE,5,,Situation maîtrisée
69.20,89.3,14.7,SAFE,5,,Situation maîtrisée
69.25,89.5,14.9,SAFE,5,,Situation maîtrisée
69.30,89.7,15.2,SAFE,5,,Situation maîtrisée
69.35,89.9,15.5,SAFE,5,,Situation maîtrisée
69.40,90.1,15.8,SAFE,5,,Situation maîtrisée
69.45,90.3,16.1,SAFE,5,,Situation maîtrisée
69.50,90.6,16.3,SAFE,5,,Situation maîtrisée
69.55,90.8,16.4,SAFE,5,,Situation maîtrisée
69.60,91.0,16.6,SAFE,5,,Situation maîtrisée
69.65,91.3,16.8,SAFE,5,,Situation maîtrisée
69.70,91.5,16.8,SAFE,5,,Situation maîtrisée
69.75,91.7,16.8,SAFE,5,,Situation maîtrisée
69.80,91.9,16.8,SAFE,5,,Situation maîtrisée
69.85,92.2,16.9,SAFE,5,,Situation maîtrisée
69.90,92.4,17.1,SAFE,5,,Situation maîtrisée
69.95,92.7,17.0,SAFE,5,,Situation maîtrisée
70.00,92.9,16.9,SAFE,5,,Situation maîtrisée
70.05,93.1,16.9,SAFE,5,,Situation maîtrisée
70.10,93.4,17.0,SAFE,5,,Situation maîtrisée
70.15,93.6,17.1,SAFE,5,,Situation maîtrisée
70.20,93.8,17.0,WATCH,5,feu_rouge_devant,Ralentissez de 11 km/h  (17 -> 6 km/h)
70.25,94.0,16.6,WATCH,5,feu_rouge_devant,Ralentissez de 10 km/h  (17 -> 6 km/h)
70.30,94.3,16.3,WATCH,5,feu_rouge_devant,Ralentissez de 10 km/h  (16 -> 6 km/h)
70.35,94.5,16.0,WATCH,5,feu_rouge_devant,Ralentissez de 10 km/h  (16 -> 6 km/h)
70.40,94.7,15.6,DANGER,5,feu_rouge_devant,Ralentissez de 10 km/h  (16 -> 5 km/h)
70.45,94.9,15.1,DANGER,5,feu_rouge_devant,Ralentissez de 10 km/h  (15 -> 5 km/h)
70.50,95.1,14.5,DANGER,5,feu_rouge_devant,Ralentissez de 10 km/h  (15 -> 5 km/h)
70.55,95.3,13.9,DANGER,5,feu_rouge_devant,Ralentissez de 9 km/h  (14 -> 5 km/h)
70.60,95.5,13.3,DANGER,5,feu_rouge_devant,Ralentissez de 9 km/h  (13 -> 4 km/h)
70.65,95.7,12.8,DANGER,5,feu_rouge_devant,Ralentissez de 9 km/h  (13 -> 4 km/h)
70.70,95.9,12.2,DANGER,5,feu_rouge_devant,Ralentissez de 8 km/h  (12 -> 4 km/h)
70.75,96.0,11.6,DANGER,5,feu_rouge_devant,Ralentissez de 8 km/h  (12 -> 3 km/h)
70.80,96.2,11.0,DANGER,5,feu_rouge_devant,Ralentissez de 8 km/h  (11 -> 3 km/h)
70.85,96.3,10.5,DANGER,5,feu_rouge_devant,Ralentissez de 8 km/h  (11 -> 3 km/h)
70.90,96.5,10.0,WATCH,5,moteur:proportionnel,Ralentissez de 7 km/h  (10 -> 2 km/h)
70.95,96.6,9.6,WATCH,5,moteur:proportionnel,Ralentissez de 7 km/h  (10 -> 2 km/h)
71.00,96.7,9.2,WATCH,5,moteur:proportionnel,Ralentissez de 6 km/h  (9 -> 3 km/h)
71.05,96.9,8.9,WATCH,5,moteur:proportionnel,Ralentissez de 6 km/h  (9 -> 3 km/h)
71.10,97.0,8.5,WATCH,5,moteur:proportionnel,Ralentissez de 6 km/h  (8 -> 3 km/h)
71.15,97.1,8.2,WATCH,5,moteur:proportionnel,Ralentissez de 5 km/h  (8 -> 3 km/h)
71.20,97.2,7.7,WATCH,5,moteur:proportionnel,Ralentissez de 5 km/h  (8 -> 3 km/h)
71.25,97.3,7.4,SAFE,5,,Situation maîtrisée
71.30,97.4,7.2,SAFE,6,,Situation maîtrisée
71.35,97.5,7.2,SAFE,6,,Situation maîtrisée
71.40,97.6,7.5,SAFE,6,,Situation maîtrisée
71.45,97.7,8.0,WATCH,6,moteur:proportionnel,Ralentissez de 8 km/h  (8 -> 0 km/h)
71.50,97.8,8.4,WATCH,6,moteur:proportionnel,Ralentissez de 8 km/h  (8 -> 0 km/h)
71.55,98.0,8.6,WATCH,6,moteur:proportionnel,Ralentissez de 9 km/h  (9 -> 0 km/h)
71.60,98.1,8.6,SAFE,5,,Situation maîtrisée
71.65,98.2,8.6,SAFE,5,,Situation maîtrisée
71.70,98.3,8.7,SAFE,5,,Situation maîtrisée
71.75,98.4,9.1,SAFE,5,,Situation maîtrisée
71.80,98.6,9.5,SAFE,5,,Situation maîtrisée
71.85,98.7,10.2,SAFE,5,,Situation maîtrisée
71.90,98.9,10.7,SAFE,5,,Situation maîtrisée
71.95,99.0,11.3,SAFE,5,,Situation maîtrisée
72.00,99.2,11.8,SAFE,5,,Situation maîtrisée
72.05,99.3,12.4,SAFE,5,,Situation maîtrisée
72.10,99.5,12.9,SAFE,5,,Situation maîtrisée
72.15,99.7,13.5,SAFE,5,,Situation maîtrisée
72.20,99.9,13.9,SAFE,5,,Situation maîtrisée
72.25,100.1,14.3,SAFE,5,,Situation maîtrisée
72.30,100.3,14.6,SAFE,5,,Situation maîtrisée
72.35,100.5,15.0,SAFE,5,,Situation maîtrisée
72.40,100.7,15.3,SAFE,5,,Situation maîtrisée
72.45,100.9,15.6,SAFE,5,,Situation maîtrisée
72.50,101.1,15.9,SAFE,5,,Situation maîtrisée
72.55,101.4,16.1,SAFE,5,,Situation maîtrisée
72.60,101.6,16.4,SAFE,5,,Situation maîtrisée
72.65,101.8,16.6,SAFE,5,,Situation maîtrisée
72.70,102.0,16.8,SAFE,5,,Situation maîtrisée
72.75,102.3,17.1,SAFE,5,,Situation maîtrisée
72.80,102.5,17.3,SAFE,5,,Situation maîtrisée
72.85,102.8,17.5,SAFE,5,,Situation maîtrisée
72.90,103.0,17.6,SAFE,5,,Situation maîtrisée
72.95,103.2,17.8,SAFE,5,,Situation maîtrisée
73.00,103.5,18.0,SAFE,5,,Situation maîtrisée
73.05,103.7,18.2,SAFE,5,,Situation maîtrisée
73.10,104.0,18.1,SAFE,5,,Situation maîtrisée
73.15,104.3,18.2,SAFE,5,,Situation maîtrisée
73.20,104.5,18.1,SAFE,5,,Situation maîtrisée
73.25,104.8,18.0,SAFE,5,,Situation maîtrisée
73.30,105.0,18.2,SAFE,5,,Situation maîtrisée
73.35,105.3,18.1,SAFE,5,,Situation maîtrisée
73.40,105.5,18.2,SAFE,5,,Situation maîtrisée
73.45,105.8,18.0,SAFE,5,,Situation maîtrisée
73.50,106.0,18.4,SAFE,4,,Situation maîtrisée
73.55,106.3,18.3,SAFE,4,,Situation maîtrisée
73.60,106.5,18.1,SAFE,4,,Situation maîtrisée
73.65,106.8,18.0,SAFE,4,,Situation maîtrisée
73.70,107.0,18.4,SAFE,4,,Situation maîtrisée
73.75,107.3,18.5,SAFE,4,,Situation maîtrisée
73.80,107.5,18.4,SAFE,4,,Situation maîtrisée
73.85,107.8,18.3,SAFE,4,,Situation maîtrisée
73.90,108.0,18.2,SAFE,4,,Situation maîtrisée
73.95,108.3,18.2,SAFE,4,,Situation maîtrisée
74.00,108.6,18.2,SAFE,4,,Situation maîtrisée
74.05,108.8,18.2,SAFE,4,,Situation maîtrisée
74.10,109.1,18.2,SAFE,4,,Situation maîtrisée
74.15,109.3,18.2,SAFE,4,,Situation maîtrisée
74.20,109.6,18.2,SAFE,4,,Situation maîtrisée
74.25,109.8,18.3,SAFE,4,,Situation maîtrisée
74.30,110.1,18.3,SAFE,4,,Situation maîtrisée
74.35,110.3,18.4,SAFE,4,,Situation maîtrisée
74.40,110.6,18.4,SAFE,4,,Situation maîtrisée
74.45,110.8,18.5,SAFE,3,,Situation maîtrisée
74.50,111.1,18.5,SAFE,3,,Situation maîtrisée
74.55,111.4,18.6,SAFE,3,,Situation maîtrisée
74.60,111.6,18.6,SAFE,3,,Situation maîtrisée
74.65,111.9,18.6,SAFE,3,,Situation maîtrisée
74.70,112.1,18.7,SAFE,3,,Situation maîtrisée
74.75,112.4,18.7,SAFE,3,,Situation maîtrisée
74.80,112.6,18.8,SAFE,3,,Situation maîtrisée
74.85,112.9,18.8,SAFE,3,,Situation maîtrisée
74.90,113.2,18.8,SAFE,3,,Situation maîtrisée
74.95,113.4,18.9,SAFE,3,,Situation maîtrisée
75.00,113.7,18.9,SAFE,3,,Situation maîtrisée
75.05,114.0,19.0,SAFE,3,,Situation maîtrisée
75.10,114.2,19.0,SAFE,3,,Situation maîtrisée
75.15,114.5,19.0,SAFE,3,,Situation maîtrisée
75.20,114.8,19.0,SAFE,3,,Situation maîtrisée
75.25,115.0,19.1,SAFE,3,,Situation maîtrisée
75.30,115.3,19.1,SAFE,3,,Situation maîtrisée
75.35,115.5,19.1,SAFE,3,,Situation maîtrisée
75.40,115.8,19.2,SAFE,2,,Situation maîtrisée
75.45,116.1,19.2,SAFE,2,,Situation maîtrisée
75.50,116.3,19.2,SAFE,2,,Situation maîtrisée
75.55,116.6,19.2,SAFE,2,,Situation maîtrisée
75.60,116.9,19.2,SAFE,2,,Situation maîtrisée
75.65,117.1,19.3,SAFE,2,,Situation maîtrisée
75.70,117.4,19.3,SAFE,2,,Situation maîtrisée
75.75,117.7,19.3,SAFE,2,,Situation maîtrisée
75.80,118.0,19.3,SAFE,2,,Situation maîtrisée
75.85,118.2,19.3,SAFE,2,,Situation maîtrisée
75.90,118.5,19.4,SAFE,2,,Situation maîtrisée
75.95,118.8,19.4,SAFE,2,,Situation maîtrisée
76.00,119.0,19.4,SAFE,2,,Situation maîtrisée
76.05,119.3,19.4,SAFE,2,,Situation maîtrisée
76.10,119.6,19.4,SAFE,2,,Situation maîtrisée
76.15,119.8,19.4,SAFE,2,,Situation maîtrisée
76.20,120.1,19.4,SAFE,2,,Situation maîtrisée
76.25,120.4,19.4,SAFE,1,,Situation maîtrisée
76.30,120.6,19.4,SAFE,1,,Situation maîtrisée
76.35,120.9,19.4,SAFE,1,,Situation maîtrisée
76.40,121.2,19.4,SAFE,1,,Situation maîtrisée
76.45,121.5,19.4,SAFE,1,,Situation maîtrisée
76.50,121.7,19.4,SAFE,1,,Situation maîtrisée
76.55,122.0,19.4,SAFE,1,,Situation maîtrisée
76.60,122.3,19.4,SAFE,1,,Situation maîtrisée
76.65,122.5,19.4,SAFE,1,,Situation maîtrisée
76.70,122.8,19.4,SAFE,1,,Situation maîtrisée
76.75,123.1,19.4,SAFE,1,,Situation maîtrisée
76.80,123.3,19.3,SAFE,1,,Situation maîtrisée
76.85,123.6,19.3,SAFE,1,,Situation maîtrisée
76.90,123.9,19.3,SAFE,1,,Situation maîtrisée
76.95,124.1,19.3,SAFE,1,,Situation maîtrisée
77.00,124.4,19.2,SAFE,1,,Situation maîtrisée
77.05,124.7,19.2,SAFE,1,,Situation maîtrisée
77.10,124.9,19.2,SAFE,1,,Situation maîtrisée
77.15,125.2,19.1,SAFE,1,,Situation maîtrisée
77.20,125.5,19.1,SAFE,1,,Situation maîtrisée
77.25,125.7,19.1,SAFE,1,,Situation maîtrisée
77.30,126.0,19.0,SAFE,1,,Situation maîtrisée
77.35,126.3,19.0,SAFE,1,,Situation maîtrisée
77.40,126.5,18.9,SAFE,1,,Situation maîtrisée
77.45,126.8,18.9,SAFE,1,,Situation maîtrisée
77.50,127.1,18.8,SAFE,1,,Situation maîtrisée
77.55,127.3,18.8,SAFE,1,,Situation maîtrisée
77.60,127.6,18.7,SAFE,1,,Situation maîtrisée
77.65,127.8,18.7,SAFE,1,,Situation maîtrisée
77.70,128.1,18.6,SAFE,1,,Situation maîtrisée
77.75,128.4,18.6,SAFE,1,,Situation maîtrisée
77.80,128.6,18.6,SAFE,1,,Situation maîtrisée
77.85,128.9,18.5,SAFE,1,,Situation maîtrisée
77.90,129.1,18.5,SAFE,1,,Situation maîtrisée
77.95,129.4,18.4,SAFE,1,,Situation maîtrisée
78.00,129.6,18.4,SAFE,1,,Situation maîtrisée
78.05,129.9,18.4,SAFE,1,,Situation maîtrisée
78.10,130.1,18.3,SAFE,1,,Situation maîtrisée
78.15,130.4,18.3,SAFE,1,,Situation maîtrisée
78.20,130.7,18.2,SAFE,1,,Situation maîtrisée
78.25,130.9,18.2,SAFE,1,,Situation maîtrisée
78.30,131.2,18.1,SAFE,1,,Situation maîtrisée
78.35,131.4,18.1,SAFE,1,,Situation maîtrisée
78.40,131.7,18.1,SAFE,1,,Situation maîtrisée
78.45,131.9,18.3,SAFE,1,,Situation maîtrisée
78.50,132.2,18.6,SAFE,1,,Situation maîtrisée
78.55,132.4,18.5,SAFE,1,,Situation maîtrisée
78.60,132.7,18.3,SAFE,1,,Situation maîtrisée
78.65,132.9,18.2,SAFE,1,,Situation maîtrisée
78.70,133.2,18.1,SAFE,1,,Situation maîtrisée
78.75,133.4,18.2,SAFE,1,,Situation maîtrisée
78.80,133.7,18.4,SAFE,1,,Situation maîtrisée
78.85,134.0,18.3,SAFE,1,,Situation maîtrisée
78.90,134.2,18.1,SAFE,1,,Situation maîtrisée
78.95,134.5,18.0,SAFE,1,,Situation maîtrisée
79.00,134.7,18.5,SAFE,1,,Situation maîtrisée
79.05,135.0,18.3,SAFE,1,,Situation maîtrisée
79.10,135.2,18.1,SAFE,1,,Situation maîtrisée
79.15,135.5,18.2,SAFE,1,,Situation maîtrisée
79.20,135.7,18.3,SAFE,1,,Situation maîtrisée
79.25,136.0,18.2,SAFE,1,,Situation maîtrisée
79.30,136.2,18.0,SAFE,1,,Situation maîtrisée
79.35,136.5,18.4,SAFE,1,,Situation maîtrisée
79.40,136.7,18.2,SAFE,1,,Situation maîtrisée
79.45,137.0,18.2,SAFE,1,,Situation maîtrisée
79.50,137.2,18.4,SAFE,1,,Situation maîtrisée
79.55,137.5,18.2,SAFE,1,,Situation maîtrisée
79.60,137.7,18.2,SAFE,1,,Situation maîtrisée
79.65,138.0,18.2,SAFE,1,,Situation maîtrisée
79.70,138.2,18.0,SAFE,1,,Situation maîtrisée
79.75,138.5,18.2,SAFE,1,,Situation maîtrisée
79.80,138.8,18.0,SAFE,1,,Situation maîtrisée
79.85,139.0,18.1,SAFE,1,,Situation maîtrisée
79.90,139.3,18.3,SAFE,1,,Situation maîtrisée
79.95,139.5,18.0,SAFE,1,,Situation maîtrisée
80.00,139.8,18.3,SAFE,1,,Situation maîtrisée
80.05,140.0,18.0,SAFE,1,,Situation maîtrisée
80.10,140.3,18.1,SAFE,1,,Situation maîtrisée
80.15,140.5,18.2,SAFE,1,,Situation maîtrisée
80.20,140.8,18.2,SAFE,1,,Situation maîtrisée
80.25,141.0,18.1,SAFE,1,,Situation maîtrisée
80.30,141.3,18.3,SAFE,1,,Situation maîtrisée
80.35,141.5,18.0,SAFE,1,,Situation maîtrisée
80.40,141.8,18.1,SAFE,1,,Situation maîtrisée
80.45,142.0,18.3,SAFE,1,,Situation maîtrisée
80.50,142.3,18.0,SAFE,1,,Situation maîtrisée
80.55,142.5,18.2,SAFE,1,,Situation maîtrisée
80.60,142.8,18.1,SAFE,1,,Situation maîtrisée
80.65,143.0,18.1,SAFE,1,,Situation maîtrisée
80.70,143.3,18.3,SAFE,1,,Situation maîtrisée
80.75,143.5,18.0,SAFE,1,,Situation maîtrisée
80.80,143.8,18.3,SAFE,1,,Situation maîtrisée
80.85,144.0,18.2,SAFE,1,,Situation maîtrisée
80.90,144.3,18.1,SAFE,1,,Situation maîtrisée
80.95,144.5,18.3,SAFE,1,,Situation maîtrisée
81.00,144.8,18.1,SAFE,1,,Situation maîtrisée
81.05,145.1,18.3,SAFE,1,,Situation maîtrisée
81.10,145.3,18.0,SAFE,1,,Situation maîtrisée
81.15,145.6,18.2,SAFE,1,,Situation maîtrisée
81.20,145.8,18.0,SAFE,1,,Situation maîtrisée
81.25,146.1,18.2,SAFE,1,,Situation maîtrisée
81.30,146.3,18.2,SAFE,1,,Situation maîtrisée
81.35,146.6,18.2,SAFE,1,,Situation maîtrisée
81.40,146.8,18.1,SAFE,1,,Situation maîtrisée
81.45,147.1,18.2,SAFE,1,,Situation maîtrisée
81.50,147.3,18.0,SAFE,1,,Situation maîtrisée
81.55,147.6,18.1,SAFE,1,,Situation maîtrisée
81.60,147.8,18.3,SAFE,2,,Situation maîtrisée
81.65,148.1,18.1,SAFE,2,,Situation maîtrisée
81.70,148.3,18.3,SAFE,2,,Situation maîtrisée
81.75,148.6,18.1,SAFE,2,,Situation maîtrisée
81.80,148.8,18.3,SAFE,2,,Situation maîtrisée
81.85,149.1,18.1,SAFE,2,,Situation maîtrisée
81.90,149.3,18.2,SAFE,2,,Situation maîtrisée
81.95,149.6,18.1,SAFE,2,,Situation maîtrisée
82.00,149.8,18.2,SAFE,2,,Situation maîtrisée
82.05,150.1,18.1,SAFE,2,,Situation maîtrisée
82.10,150.3,18.2,SAFE,2,,Situation maîtrisée
82.15,150.6,18.2,SAFE,2,,Situation maîtrisée
82.20,150.9,18.2,SAFE,2,,Situation maîtrisée
82.25,151.1,18.1,SAFE,2,,Situation maîtrisée
82.30,151.4,18.2,SAFE,2,,Situation maîtrisée
82.35,151.6,18.3,SAFE,2,,Situation maîtrisée
82.40,151.9,18.0,SAFE,2,,Situation maîtrisée
82.45,152.1,18.3,SAFE,2,,Situation maîtrisée
82.50,152.4,18.2,SAFE,2,,Situation maîtrisée
82.55,152.6,18.2,SAFE,2,,Situation maîtrisée
82.60,152.9,18.2,SAFE,2,,Situation maîtrisée
82.65,153.1,18.1,SAFE,2,,Situation maîtrisée
82.70,153.4,18.4,SAFE,2,,Situation maîtrisée
82.75,153.6,18.2,SAFE,2,,Situation maîtrisée
82.80,153.9,18.2,SAFE,2,moteur:physique,Situation maîtrisée
82.85,154.1,18.1,SAFE,2,moteur:physique,Situation maîtrisée
82.90,154.4,18.4,SAFE,2,moteur:physique,Situation maîtrisée
82.95,154.6,18.5,SAFE,2,moteur:physique,Situation maîtrisée
83.00,154.9,18.2,SAFE,2,moteur:physique,Situation maîtrisée
83.05,155.2,18.2,SAFE,2,moteur:physique,Situation maîtrisée
83.10,155.4,18.3,SAFE,2,moteur:physique,Situation maîtrisée
83.15,155.7,18.1,SAFE,2,moteur:physique,Situation maîtrisée
83.20,155.9,18.4,SAFE,2,moteur:physique,Situation maîtrisée
83.25,156.2,18.1,SAFE,2,moteur:physique,Situation maîtrisée
83.30,156.4,18.4,SAFE,2,moteur:physique,Situation maîtrisée
83.35,156.7,18.2,SAFE,3,moteur:physique,Situation maîtrisée
83.40,156.9,18.0,SAFE,3,moteur:physique,Situation maîtrisée
83.45,157.2,18.3,SAFE,3,moteur:physique,Situation maîtrisée
83.50,157.4,18.2,SAFE,3,moteur:physique,Situation maîtrisée
83.55,157.7,18.0,SAFE,3,moteur:physique,Situation maîtrisée
83.60,157.9,18.4,SAFE,3,moteur:physique,Situation maîtrisée
83.65,158.2,18.2,SAFE,3,moteur:physique,Situation maîtrisée
83.70,158.4,18.2,SAFE,3,moteur:physique,Situation maîtrisée
83.75,158.7,18.2,SAFE,3,moteur:physique,Situation maîtrisée
83.80,158.9,18.4,SAFE,3,moteur:physique,Situation maîtrisée
83.85,159.2,18.4,SAFE,3,,Situation maîtrisée
83.90,159.5,18.3,SAFE,3,,Situation maîtrisée
83.95,159.7,18.1,SAFE,3,,Situation maîtrisée
84.00,160.0,18.3,SAFE,4,,Situation maîtrisée
84.05,160.2,18.3,SAFE,4,,Situation maîtrisée
84.10,160.5,18.1,SAFE,4,,Situation maîtrisée
84.15,160.7,18.2,SAFE,4,,Situation maîtrisée
84.20,161.0,18.4,SAFE,4,,Situation maîtrisée
84.25,161.2,18.2,SAFE,4,,Situation maîtrisée
84.30,161.5,18.1,SAFE,3,,Situation maîtrisée
84.35,161.7,18.3,SAFE,3,,Situation maîtrisée
84.40,162.0,18.7,SAFE,3,,Situation maîtrisée
84.45,162.2,18.4,SAFE,3,,Situation maîtrisée
84.50,162.5,18.6,SAFE,3,,Situation maîtrisée
84.55,162.8,18.2,SAFE,3,,Situation maîtrisée
84.60,163.0,18.7,SAFE,3,,Situation maîtrisée
84.65,163.3,18.4,SAFE,3,,Situation maîtrisée
84.70,163.5,18.7,SAFE,3,,Situation maîtrisée
84.75,163.8,18.3,SAFE,3,,Situation maîtrisée
84.80,164.0,18.8,SAFE,3,,Situation maîtrisée
84.85,164.3,18.6,SAFE,3,,Situation maîtrisée
84.90,164.6,18.8,SAFE,3,,Situation maîtrisée
84.95,164.8,18.4,SAFE,3,,Situation maîtrisée
85.00,165.1,18.9,SAFE,3,,Situation maîtrisée
85.05,165.3,18.7,SAFE,3,,Situation maîtrisée
85.10,165.6,18.9,SAFE,3,,Situation maîtrisée
85.15,165.9,18.6,SAFE,3,,Situation maîtrisée
85.20,166.1,19.0,SAFE,4,,Situation maîtrisée
85.25,166.4,18.8,SAFE,4,,Situation maîtrisée
85.30,166.6,19.1,SAFE,4,,Situation maîtrisée
85.35,166.9,18.7,SAFE,4,,Situation maîtrisée
85.40,167.2,19.1,SAFE,4,,Situation maîtrisée
85.45,167.4,18.9,SAFE,4,,Situation maîtrisée
85.50,167.7,19.2,SAFE,4,,Situation maîtrisée
85.55,168.0,18.8,SAFE,4,,Situation maîtrisée
85.60,168.2,19.3,SAFE,4,,Situation maîtrisée
85.65,168.5,19.1,SAFE,4,,Situation maîtrisée
85.70,168.8,19.3,SAFE,4,,Situation maîtrisée
85.75,169.0,19.0,SAFE,4,,Situation maîtrisée
85.80,169.3,19.4,SAFE,4,,Situation maîtrisée
85.85,169.6,19.2,SAFE,4,,Situation maîtrisée
85.90,169.8,19.5,SAFE,4,,Situation maîtrisée
85.95,170.1,19.2,SAFE,4,,Situation maîtrisée
86.00,170.4,19.5,SAFE,4,,Situation maîtrisée
86.05,170.6,19.2,SAFE,4,,Situation maîtrisée
86.10,170.9,19.6,SAFE,4,,Situation maîtrisée
86.15,171.2,19.2,SAFE,4,,Situation maîtrisée
86.20,171.4,19.7,SAFE,4,,Situation maîtrisée
86.25,171.7,19.4,SAFE,3,,Situation maîtrisée
86.30,172.0,19.6,SAFE,3,,Situation maîtrisée
86.35,172.3,19.3,SAFE,3,,Situation maîtrisée
86.40,172.5,19.8,SAFE,3,,Situation maîtrisée
86.45,172.8,19.6,SAFE,3,,Situation maîtrisée
86.50,173.1,19.8,SAFE,3,,Situation maîtrisée
86.55,173.3,19.5,SAFE,3,,Situation maîtrisée
86.60,173.6,20.0,SAFE,3,,Situation maîtrisée
86.65,173.9,19.7,SAFE,3,,Situation maîtrisée
86.70,174.2,20.0,SAFE,3,,Situation maîtrisée
86.75,174.4,19.6,SAFE,3,,Situation maîtrisée
86.80,174.7,20.1,SAFE,3,,Situation maîtrisée
86.85,175.0,19.8,SAFE,3,,Situation maîtrisée
86.90,175.3,20.0,SAFE,3,,Situation maîtrisée
86.95,175.6,19.7,SAFE,3,,Situation maîtrisée
87.00,175.8,20.1,SAFE,3,,Situation maîtrisée
87.05,176.1,19.8,SAFE,4,,Situation maîtrisée
87.10,176.4,20.1,SAFE,4,,Situation maîtrisée
87.15,176.7,19.7,SAFE,4,,Situation maîtrisée
87.20,176.9,20.2,SAFE,4,,Situation maîtrisée
87.25,177.2,19.9,SAFE,4,,Situation maîtrisée
87.30,177.5,20.1,SAFE,4,,Situation maîtrisée
87.35,177.8,19.8,SAFE,4,,Situation maîtrisée
87.40,178.0,20.2,SAFE,4,,Situation maîtrisée
87.45,178.3,19.9,SAFE,4,,Situation maîtrisée
87.50,178.6,20.2,SAFE,4,,Situation maîtrisée
87.55,178.9,19.8,SAFE,4,,Situation maîtrisée
87.60,179.2,20.2,SAFE,4,,Situation maîtrisée
87.65,179.4,19.9,SAFE,4,,Situation maîtrisée
87.70,179.7,20.2,SAFE,4,,Situation maîtrisée
87.75,180.0,19.8,SAFE,4,,Situation maîtrisée
87.80,180.3,20.3,SAFE,4,,Situation maîtrisée
87.85,180.6,20.0,SAFE,4,,Situation maîtrisée
87.90,180.8,20.2,SAFE,4,,Situation maîtrisée
87.95,181.1,19.9,SAFE,4,,Situation maîtrisée
88.00,181.4,20.3,SAFE,4,,Situation maîtrisée
88.05,181.7,20.0,SAFE,4,,Situation maîtrisée
88.10,181.9,20.2,SAFE,4,,Situation maîtrisée
88.15,182.2,19.9,SAFE,4,,Situation maîtrisée
88.20,182.5,20.3,SAFE,4,,Situation maîtrisée
88.25,182.8,20.0,SAFE,4,,Situation maîtrisée
88.30,183.1,20.3,SAFE,4,,Situation maîtrisée
88.35,183.3,19.9,SAFE,4,,Situation maîtrisée
88.40,183.6,20.3,SAFE,4,,Situation maîtrisée
88.45,183.9,20.0,SAFE,4,,Situation maîtrisée
88.50,184.2,20.3,SAFE,4,,Situation maîtrisée
88.55,184.5,19.9,SAFE,4,,Situation maîtrisée
88.60,184.7,20.3,SAFE,4,,Situation maîtrisée
88.65,185.0,20.0,SAFE,4,,Situation maîtrisée
88.70,185.3,20.3,SAFE,4,,Situation maîtrisée
88.75,185.6,19.9,SAFE,4,,Situation maîtrisée
88.80,185.9,20.3,SAFE,4,,Situation maîtrisée
88.85,186.1,20.1,SAFE,4,,Situation maîtrisée
88.90,186.4,20.3,SAFE,4,,Situation maîtrisée
88.95,186.7,19.9,SAFE,4,,Situation maîtrisée
89.00,187.0,20.4,SAFE,4,,Situation maîtrisée
89.05,187.3,20.1,SAFE,4,,Situation maîtrisée
89.10,187.5,20.3,SAFE,4,,Situation maîtrisée
89.15,187.8,19.9,SAFE,4,,Situation maîtrisée
89.20,188.1,20.4,SAFE,4,,Situation maîtrisée
89.25,188.4,20.1,SAFE,4,,Situation maîtrisée
89.30,188.7,20.3,SAFE,4,,Situation maîtrisée
89.35,188.9,20.0,SAFE,4,,Situation maîtrisée
89.40,189.2,20.4,SAFE,4,,Situation maîtrisée
89.45,189.5,20.1,SAFE,4,,Situation maîtrisée
89.50,189.8,20.3,SAFE,4,,Situation maîtrisée
89.55,190.1,20.0,SAFE,4,,Situation maîtrisée
89.60,190.3,20.4,SAFE,4,,Situation maîtrisée
89.65,190.6,20.1,SAFE,5,,Situation maîtrisée
89.70,190.9,20.3,SAFE,5,,Situation maîtrisée
89.75,191.2,20.0,SAFE,5,,Situation maîtrisée
89.80,191.5,20.4,SAFE,5,,Situation maîtrisée
89.85,191.7,20.1,SAFE,5,,Situation maîtrisée
89.90,192.0,20.3,SAFE,5,,Situation maîtrisée
89.95,192.3,20.0,SAFE,5,,Situation maîtrisée
90.00,192.6,20.4,SAFE,5,,Situation maîtrisée
90.05,192.9,20.1,SAFE,5,,Situation maîtrisée
90.10,193.2,20.3,SAFE,5,,Situation maîtrisée
90.15,193.4,20.0,SAFE,5,,Situation maîtrisée
90.20,193.7,20.4,SAFE,5,,Situation maîtrisée
90.25,194.0,20.1,SAFE,5,,Situation maîtrisée
90.30,194.3,20.3,SAFE,5,,Situation maîtrisée
90.35,194.6,20.0,SAFE,5,,Situation maîtrisée
90.40,194.8,20.4,SAFE,5,,Situation maîtrisée
90.45,195.1,20.1,SAFE,5,,Situation maîtrisée
90.50,195.4,20.3,SAFE,5,,Situation maîtrisée
90.55,195.7,20.0,SAFE,5,,Situation maîtrisée
90.60,196.0,20.4,SAFE,5,,Situation maîtrisée
90.65,196.2,20.1,SAFE,5,,Situation maîtrisée
90.70,196.5,20.4,SAFE,5,,Situation maîtrisée
90.75,196.8,20.0,SAFE,5,,Situation maîtrisée
90.80,197.1,20.4,SAFE,5,,Situation maîtrisée
90.85,197.4,20.1,WATCH,5,moteur:proportionnel,Ralentissez de 17 km/h  (20 -> 3 km/h)
90.90,197.6,20.3,WATCH,5,moteur:proportionnel,Ralentissez de 17 km/h  (20 -> 3 km/h)
90.95,197.9,19.6,WATCH,5,moteur:proportionnel,Ralentissez de 18 km/h  (20 -> 2 km/h)
91.00,198.2,19.5,WATCH,5,moteur:proportionnel,Ralentissez de 18 km/h  (20 -> 1 km/h)
91.05,198.5,18.8,DANGER,5,moteur:proportionnel,Ralentissez de 18 km/h  (19 -> 1 km/h)
91.10,198.7,18.5,DANGER,5,moteur:proportionnel,Ralentissez de 18 km/h  (19 -> 1 km/h)
91.15,198.9,14.9,DANGER,5,moteur:proportionnel,Ralentissez de 14 km/h  (15 -> 1 km/h)
91.20,199.1,10.1,CRITICAL,5,moteur:proportionnel,FREINEZ de 9 km/h  (10 -> 1 km/h)
91.25,199.2,5.2,CRITICAL,5,moteur:proportionnel,FREINEZ de 5 km/h  (5 -> 1 km/h)
91.30,199.2,0.5,SAFE,5,,Situation maîtrisée
91.35,199.2,0.0,SAFE,5,,Situation maîtrisée
91.40,199.2,0.0,SAFE,5,,Situation maîtrisée
91.45,199.3,1.1,CRITICAL,5,moteur:proportionnel,Vigilance — situation à la limite
91.50,199.3,0.0,SAFE,5,,Situation maîtrisée
91.55,199.3,0.3,SAFE,5,,Situation maîtrisée
91.60,199.3,0.9,CRITICAL,5,moteur:proportionnel,Vigilance — situation à la limite
91.65,199.3,0.0,SAFE,5,,Situation maîtrisée
91.70,199.3,0.4,SAFE,5,,Situation maîtrisée
91.75,199.3,0.9,CRITICAL,5,moteur:proportionnel,Vigilance — situation à la limite
91.80,199.3,0.0,SAFE,5,,Situation maîtrisée
91.85,199.3,0.4,SAFE,5,,Situation maîtrisée
91.90,199.3,1.0,CRITICAL,5,moteur:proportionnel,Vigilance — situation à la limite
91.95,199.3,0.0,SAFE,5,,Situation maîtrisée
92.00,199.3,0.4,SAFE,5,,Situation maîtrisée
92.05,199.3,0.8,SAFE,5,,Situation maîtrisée
92.10,199.3,1.6,CRITICAL,5,moteur:proportionnel,FREINEZ de 2 km/h  (2 -> 0 km/h)
92.15,199.3,0.0,SAFE,5,,Situation maîtrisée
92.20,199.3,0.4,SAFE,5,,Situation maîtrisée
92.25,199.3,1.1,SAFE,5,,Situation maîtrisée
92.30,199.4,1.6,CRITICAL,5,moteur:proportionnel,FREINEZ de 2 km/h  (2 -> 0 km/h)
92.35,199.4,0.0,SAFE,5,,Situation maîtrisée
92.40,199.4,0.4,SAFE,5,,Situation maîtrisée
92.45,199.4,1.2,SAFE,5,,Situation maîtrisée
92.50,199.4,1.8,WATCH,5,moteur:proportionnel,Ralentissez de 2 km/h  (2 -> 0 km/h)
92.55,199.4,0.0,SAFE,5,,Situation maîtrisée
92.60,199.4,0.7,SAFE,5,,Situation maîtrisée
92.65,199.4,1.2,SAFE,5,,Situation maîtrisée
92.70,199.4,2.1,DANGER,5,moteur:proportionnel,Ralentissez de 2 km/h  (2 -> 0 km/h)
92.75,199.4,0.0,SAFE,5,,Situation maîtrisée
92.80,199.4,0.4,SAFE,5,,Situation maîtrisée
92.85,199.5,1.2,SAFE,5,,Situation maîtrisée
92.90,199.5,1.8,WATCH,5,moteur:proportionnel,Ralentissez de 2 km/h  (2 -> 0 km/h)
92.95,199.5,0.0,SAFE,5,,Situation maîtrisée
93.00,199.5,0.6,SAFE,5,,Situation maîtrisée
93.05,199.5,1.2,SAFE,5,,Situation maîtrisée
93.10,199.5,2.0,CRITICAL,5,moteur:proportionnel,FREINEZ de 2 km/h  (2 -> 0 km/h)
93.15,199.5,0.0,CRITICAL,5,moteur:proportionnel,Vigilance — situation à la limite
93.20,199.5,0.0,CRITICAL,5,moteur:proportionnel,Vigilance — situation à la limite
93.25,199.5,0.0,CRITICAL,5,moteur:proportionnel,Vigilance — situation à la limite
93.30,199.5,0.0,CRITICAL,5,moteur:proportionnel,Vigilance — situation à la limite
93.35,199.5,0.0,CRITICAL,5,moteur:proportionnel,Vigilance — situation à la limite
93.40,199.5,0.0,CRITICAL,5,moteur:proportionnel,Vigilance — situation à la limite
93.45,199.5,0.0,CRITICAL,5,moteur:proportionnel,Vigilance — situation à la limite
93.50,199.5,0.0,SAFE,5,,Situation maîtrisée
93.55,199.5,0.0,SAFE,5,,Situation maîtrisée
93.60,199.5,0.0,SAFE,5,,Situation maîtrisée
93.65,199.5,0.3,SAFE,5,,Situation maîtrisée
93.70,199.5,0.8,SAFE,5,,Situation maîtrisée
93.75,199.6,1.5,WATCH,5,moteur:proportionnel,Vigilance — situation à la limite
93.80,199.6,0.0,SAFE,5,,Situation maîtrisée
93.85,199.6,0.4,SAFE,5,,Situation maîtrisée
93.90,199.6,1.0,DANGER,5,moteur:proportionnel,FREINEZ — conflit non évitable par la seule vitesse
93.95,199.6,0.0,DANGER,5,moteur:proportionnel,FREINEZ — conflit non évitable par la seule vitesse
94.00,199.6,0.0,DANGER,5,moteur:proportionnel,FREINEZ — conflit non évitable par la seule vitesse
94.05,199.6,0.0,DANGER,5,moteur:proportionnel,FREINEZ — conflit non évitable par la seule vitesse
94.10,199.6,0.0,DANGER,5,moteur:proportionnel,FREINEZ — conflit non évitable par la seule vitesse
94.15,199.6,0.0,DANGER,5,moteur:proportionnel,FREINEZ — conflit non évitable par la seule vitesse
94.20,199.6,0.0,DANGER,5,moteur:proportionnel,FREINEZ — conflit non évitable par la seule vitesse
94.25,199.6,0.0,DANGER,5,moteur:proportionnel,FREINEZ — conflit non évitable par la seule vitesse
94.30,199.6,0.0,DANGER,5,moteur:proportionnel,FREINEZ — conflit non évitable par la seule vitesse
94.35,199.6,0.0,DANGER,5,moteur:proportionnel,FREINEZ — conflit non évitable par la seule vitesse
94.40,199.6,0.0,DANGER,5,moteur:proportionnel,FREINEZ — conflit non évitable par la seule vitesse
94.45,199.6,0.0,CRITICAL,5,moteur:proportionnel,FREINEZ — conflit non évitable par la seule vitesse
94.50,199.6,0.0,CRITICAL,5,moteur:proportionnel,FREINEZ — conflit non évitable par la seule vitesse
94.55,199.6,0.0,CRITICAL,5,moteur:proportionnel,FREINEZ — conflit non évitable par la seule vitesse
94.60,199.6,0.0,CRITICAL,5,moteur:proportionnel,FREINEZ — conflit non évitable par la seule vitesse
94.65,199.6,0.0,CRITICAL,5,moteur:proportionnel,FREINEZ — conflit non évitable par la seule vitesse
94.70,199.6,0.0,CRITICAL,5,moteur:proportionnel,FREINEZ — conflit non évitable par la seule vitesse
94.75,199.6,0.0,CRITICAL,5,moteur:proportionnel,FREINEZ — conflit non évitable par la seule vitesse
94.80,199.6,0.0,CRITICAL,5,moteur:proportionnel,FREINEZ — conflit non évitable par la seule vitesse
94.85,199.6,0.0,CRITICAL,5,moteur:proportionnel,FREINEZ — conflit non évitable par la seule vitesse
94.90,199.6,0.0,SAFE,5,,Situation maîtrisée
94.95,199.6,0.0,SAFE,5,,Situation maîtrisée
95.00,199.6,0.0,SAFE,5,,Situation maîtrisée
95.05,199.6,0.3,SAFE,5,,Situation maîtrisée
95.10,199.6,0.6,SAFE,5,,Situation maîtrisée
95.15,199.6,1.2,SAFE,5,,Situation maîtrisée
95.20,199.6,2.2,SAFE,5,,Situation maîtrisée
95.25,199.7,2.8,SAFE,5,,Situation maîtrisée
95.30,199.7,3.6,SAFE,5,,Situation maîtrisée
95.35,199.8,4.4,SAFE,5,,Situation maîtrisée
95.40,199.8,5.2,SAFE,5,,Situation maîtrisée
95.45,199.9,6.0,SAFE,5,,Situation maîtrisée
95.50,200.0,6.9,SAFE,5,,Situation maîtrisée
95.55,200.1,7.8,SAFE,5,,Situation maîtrisée
95.60,200.2,8.5,SAFE,5,,Situation maîtrisée
95.65,200.3,9.3,SAFE,5,,Situation maîtrisée
95.70,200.5,10.1,SAFE,5,,Situation maîtrisée
95.75,200.6,11.0,SAFE,6,,Situation maîtrisée
95.80,200.8,11.7,SAFE,5,,Situation maîtrisée
95.85,201.0,12.5,SAFE,5,,Situation maîtrisée
95.90,201.1,13.2,SAFE,5,,Situation maîtrisée
95.95,201.3,13.8,SAFE,5,,Situation maîtrisée
96.00,201.5,14.4,SAFE,5,,Situation maîtrisée
96.05,201.7,15.0,SAFE,5,,Situation maîtrisée
96.10,201.9,15.5,SAFE,5,,Situation maîtrisée
96.15,202.2,15.9,SAFE,5,,Situation maîtrisée
96.20,202.4,16.3,SAFE,5,,Situation maîtrisée
96.25,202.6,16.7,SAFE,5,,Situation maîtrisée
96.30,202.8,17.1,SAFE,5,,Situation maîtrisée
96.35,203.1,17.4,SAFE,5,,Situation maîtrisée
96.40,203.3,17.7,SAFE,5,,Situation maîtrisée
96.45,203.6,18.0,SAFE,5,,Situation maîtrisée
96.50,203.8,18.2,SAFE,5,,Situation maîtrisée
96.55,204.1,18.3,SAFE,5,,Situation maîtrisée
96.60,204.3,18.1,SAFE,5,,Situation maîtrisée
96.65,204.6,18.3,SAFE,5,,Situation maîtrisée
96.70,204.8,18.2,SAFE,4,,Situation maîtrisée
96.75,205.1,18.3,SAFE,4,,Situation maîtrisée
96.80,205.3,18.4,SAFE,4,,Situation maîtrisée
96.85,205.6,18.2,SAFE,4,,Situation maîtrisée
96.90,205.9,18.2,SAFE,4,,Situation maîtrisée
96.95,206.1,18.1,SAFE,4,,Situation maîtrisée
97.00,206.4,18.1,SAFE,4,,Situation maîtrisée
97.05,206.6,18.1,SAFE,4,,Situation maîtrisée
97.10,206.9,18.2,SAFE,4,,Situation maîtrisée
97.15,207.1,18.2,SAFE,4,,Situation maîtrisée
97.20,207.4,18.3,SAFE,4,,Situation maîtrisée
97.25,207.6,18.3,SAFE,4,,Situation maîtrisée
97.30,207.9,18.5,SAFE,4,,Situation maîtrisée
97.35,208.1,18.5,SAFE,4,,Situation maîtrisée
97.40,208.4,18.6,SAFE,4,,Situation maîtrisée
97.45,208.6,18.6,SAFE,4,,Situation maîtrisée
97.50,208.9,18.8,SAFE,4,,Situation maîtrisée
97.55,209.2,18.8,SAFE,4,,Situation maîtrisée
97.60,209.4,18.9,SAFE,5,,Situation maîtrisée
97.65,209.7,18.9,SAFE,5,,Situation maîtrisée
97.70,210.0,19.1,SAFE,5,,Situation maîtrisée
97.75,210.2,19.0,SAFE,5,,Situation maîtrisée
97.80,210.5,19.2,SAFE,5,,Situation maîtrisée
97.85,210.8,19.2,SAFE,5,,Situation maîtrisée
97.90,211.0,19.3,SAFE,5,,Situation maîtrisée
97.95,211.3,19.2,SAFE,5,,Situation maîtrisée
98.00,211.6,19.4,SAFE,5,,Situation maîtrisée
98.05,211.8,19.3,SAFE,5,,Situation maîtrisée
98.10,212.1,19.4,SAFE,5,,Situation maîtrisée
98.15,212.4,19.4,SAFE,5,,Situation maîtrisée
98.20,212.6,19.5,SAFE,5,,Situation maîtrisée
98.25,212.9,19.4,SAFE,5,,Situation maîtrisée
98.30,213.2,19.6,SAFE,5,,Situation maîtrisée
98.35,213.4,19.5,SAFE,5,,Situation maîtrisée
98.40,213.7,19.6,SAFE,5,,Situation maîtrisée
98.45,214.0,19.5,SAFE,5,moteur:physique,Situation maîtrisée
98.50,214.3,19.6,SAFE,5,moteur:physique,Situation maîtrisée
98.55,214.5,19.6,SAFE,5,moteur:physique,Situation maîtrisée
98.60,214.8,19.7,SAFE,5,moteur:physique,Situation maîtrisée
98.65,215.1,19.6,SAFE,5,moteur:physique,Situation maîtrisée
98.70,215.4,19.7,SAFE,5,moteur:physique,Situation maîtrisée
98.75,215.6,19.6,SAFE,5,moteur:physique,Situation maîtrisée
98.80,215.9,19.7,SAFE,5,moteur:physique,Situation maîtrisée
98.85,216.2,19.6,SAFE,5,moteur:physique,Situation maîtrisée
98.90,216.4,19.7,SAFE,5,moteur:physique,Situation maîtrisée
98.95,216.7,19.6,SAFE,5,moteur:physique,Situation maîtrisée
99.00,217.0,19.7,SAFE,5,moteur:physique,Situation maîtrisée
99.05,217.3,19.7,SAFE,6,,Situation maîtrisée
99.10,217.5,19.7,WATCH,6,moteur:proportionnel,Ralentissez de 20 km/h  (20 -> 0 km/h)
99.15,217.8,19.6,DANGER,6,moteur:proportionnel,Ralentissez de 20 km/h  (20 -> 0 km/h)
99.20,218.1,19.4,SAFE,5,,Situation maîtrisée
99.25,218.3,19.0,SAFE,5,,Situation maîtrisée
99.30,218.6,18.9,SAFE,5,,Situation maîtrisée
99.35,218.9,18.6,SAFE,5,,Situation maîtrisée
99.40,219.1,18.6,SAFE,5,,Situation maîtrisée
99.45,219.4,18.4,SAFE,5,,Situation maîtrisée
99.50,219.6,18.5,SAFE,5,,Situation maîtrisée
99.55,219.9,18.4,SAFE,5,moteur:physique,Situation maîtrisée
99.60,220.2,18.5,SAFE,5,moteur:physique,Situation maîtrisée
99.65,220.4,18.5,SAFE,5,moteur:physique,Situation maîtrisée
99.70,220.7,18.6,SAFE,5,moteur:physique,Situation maîtrisée
99.75,220.9,18.6,SAFE,5,moteur:physique,Situation maîtrisée
99.80,221.2,18.7,SAFE,5,moteur:physique,Situation maîtrisée
99.85,221.4,18.7,SAFE,6,moteur:physique,Situation maîtrisée
99.90,221.7,18.8,SAFE,6,moteur:physique,Situation maîtrisée
99.95,222.0,18.8,SAFE,6,moteur:physique,Situation maîtrisée
100.00,222.2,19.0,SAFE,6,moteur:physique,Situation maîtrisée
100.05,222.5,18.9,SAFE,6,moteur:physique,Situation maîtrisée
100.10,222.8,19.1,SAFE,6,,Situation maîtrisée
100.15,223.0,19.1,SAFE,6,,Situation maîtrisée
100.20,223.3,19.2,SAFE,6,,Situation maîtrisée
100.25,223.6,19.2,SAFE,6,,Situation maîtrisée
100.30,223.8,19.3,SAFE,6,,Situation maîtrisée
100.35,224.1,19.2,SAFE,6,,Situation maîtrisée
100.40,224.4,19.4,SAFE,6,,Situation maîtrisée
100.45,224.6,19.3,SAFE,6,,Situation maîtrisée
100.50,224.9,19.4,SAFE,6,,Situation maîtrisée
100.55,225.2,19.4,SAFE,6,,Situation maîtrisée
100.60,225.4,19.5,SAFE,6,,Situation maîtrisée
100.65,225.7,19.5,SAFE,6,,Situation maîtrisée
100.70,226.0,19.6,SAFE,6,,Situation maîtrisée
100.75,226.2,19.5,SAFE,6,,Situation maîtrisée
100.80,226.5,19.6,SAFE,6,,Situation maîtrisée
100.85,226.8,19.5,SAFE,6,,Situation maîtrisée
100.90,227.1,19.6,SAFE,7,,Situation maîtrisée
100.95,227.3,19.6,SAFE,7,,Situation maîtrisée
101.00,227.6,19.7,SAFE,6,,Situation maîtrisée
101.05,227.9,19.6,SAFE,6,,Situation maîtrisée
101.10,228.2,19.7,SAFE,6,,Situation maîtrisée
101.15,228.4,19.6,SAFE,6,,Situation maîtrisée
101.20,228.7,19.7,SAFE,6,,Situation maîtrisée
101.25,229.0,19.6,SAFE,6,,Situation maîtrisée
101.30,229.2,19.7,SAFE,7,,Situation maîtrisée
101.35,229.5,19.7,SAFE,7,,Situation maîtrisée
101.40,229.8,19.7,SAFE,7,,Situation maîtrisée
101.45,230.1,19.7,SAFE,7,,Situation maîtrisée
101.50,230.3,19.8,SAFE,7,,Situation maîtrisée
101.55,230.6,19.7,SAFE,7,,Situation maîtrisée
101.60,230.9,19.8,SAFE,7,,Situation maîtrisée
101.65,231.2,19.7,SAFE,7,,Situation maîtrisée
101.70,231.4,19.8,SAFE,7,,Situation maîtrisée
101.75,231.7,19.7,SAFE,7,,Situation maîtrisée
101.80,232.0,19.8,SAFE,7,,Situation maîtrisée
101.85,232.3,19.7,SAFE,7,,Situation maîtrisée
101.90,232.5,19.8,SAFE,7,,Situation maîtrisée
101.95,232.8,19.7,SAFE,7,,Situation maîtrisée
102.00,233.1,19.8,CRITICAL,7,moteur:proportionnel,FREINEZ de 20 km/h  (20 -> 0 km/h)
102.05,233.4,19.6,SAFE,7,,Situation maîtrisée
102.10,233.6,19.5,CRITICAL,7,moteur:proportionnel,FREINEZ de 20 km/h  (20 -> 0 km/h)
102.15,233.9,19.2,SAFE,7,,Situation maîtrisée
102.20,234.2,19.1,CRITICAL,7,moteur:proportionnel,FREINEZ de 19 km/h  (19 -> 0 km/h)
102.25,234.4,18.7,SAFE,7,,Situation maîtrisée
102.30,234.7,18.5,SAFE,7,,Situation maîtrisée
102.35,234.9,18.2,SAFE,7,,Situation maîtrisée
102.40,235.2,18.1,SAFE,7,,Situation maîtrisée
102.45,235.4,18.5,CRITICAL,7,moteur:proportionnel,FREINEZ de 18 km/h  (18 -> 0 km/h)
102.50,235.7,16.5,SAFE,7,,Situation maîtrisée
102.55,235.9,15.1,SAFE,7,,Situation maîtrisée
102.60,236.1,15.6,SAFE,7,,Situation maîtrisée
102.65,236.3,16.0,SAFE,7,,Situation maîtrisée
102.70,236.6,16.4,SAFE,7,,Situation maîtrisée
102.75,236.8,16.8,SAFE,7,,Situation maîtrisée
102.80,237.0,17.1,CRITICAL,7,moteur:proportionnel,FREINEZ de 17 km/h  (17 -> 0 km/h)
102.85,237.3,17.3,CRITICAL,7,moteur:proportionnel,FREINEZ de 17 km/h  (17 -> 0 km/h)
102.90,237.5,17.0,CRITICAL,7,moteur:proportionnel,FREINEZ de 17 km/h  (17 -> 0 km/h)
102.95,237.7,16.4,WATCH,7,moteur:proportionnel,Ralentissez de 16 km/h  (16 -> 0 km/h)
103.00,238.0,15.8,SAFE,7,,Situation maîtrisée
103.05,238.2,15.5,SAFE,7,,Situation maîtrisée
103.10,238.4,15.5,SAFE,7,,Situation maîtrisée
103.15,238.6,15.6,WATCH,7,moteur:proportionnel,Ralentissez de 16 km/h  (16 -> 0 km/h)
103.20,238.8,15.7,CRITICAL,7,moteur:proportionnel,FREINEZ de 16 km/h  (16 -> 0 km/h)
103.25,239.0,15.4,WATCH,7,moteur:proportionnel,Ralentissez de 15 km/h  (15 -> 0 km/h)
103.30,239.2,15.1,WATCH,7,moteur:proportionnel,Ralentissez de 15 km/h  (15 -> 0 km/h)
103.35,239.5,14.8,WATCH,7,moteur:proportionnel,Ralentissez de 15 km/h  (15 -> 0 km/h)
103.40,239.7,14.4,SAFE,7,,Situation maîtrisée
103.45,239.9,14.1,SAFE,7,,Situation maîtrisée
103.50,240.0,14.1,SAFE,7,,Situation maîtrisée
103.55,240.2,14.2,WATCH,7,moteur:proportionnel,Ralentissez de 14 km/h  (14 -> 0 km/h)
103.60,240.4,14.4,WATCH,7,moteur:proportionnel,Ralentissez de 14 km/h  (14 -> 0 km/h)
103.65,240.6,14.3,WATCH,7,moteur:proportionnel,Ralentissez de 14 km/h  (14 -> 0 km/h)
103.70,240.8,14.0,WATCH,7,moteur:proportionnel,Ralentissez de 14 km/h  (14 -> 0 km/h)
103.75,241.0,13.7,WATCH,7,moteur:proportionnel,Vigilance — situation à la limite
103.80,241.2,13.3,WATCH,7,moteur:proportionnel,Vigilance — situation à la limite
103.85,241.4,13.0,WATCH,7,moteur:proportionnel,Vigilance — situation à la limite
103.90,241.6,12.6,SAFE,7,,Situation maîtrisée
103.95,241.8,12.3,SAFE,7,,Situation maîtrisée
104.00,241.9,12.3,SAFE,7,,Situation maîtrisée
104.05,242.1,12.5,WATCH,7,moteur:proportionnel,Ralentissez de 12 km/h  (12 -> 0 km/h)
104.10,242.3,12.7,WATCH,7,moteur:proportionnel,Ralentissez de 13 km/h  (13 -> 0 km/h)
104.15,242.4,12.7,WATCH,7,moteur:proportionnel,Ralentissez de 13 km/h  (13 -> 0 km/h)
104.20,242.6,12.5,WATCH,7,moteur:proportionnel,Ralentissez de 12 km/h  (12 -> 0 km/h)
104.25,242.8,12.2,WATCH,7,moteur:proportionnel,Ralentissez de 12 km/h  (12 -> 0 km/h)
104.30,243.0,11.9,WATCH,7,moteur:proportionnel,Ralentissez de 12 km/h  (12 -> 0 km/h)
104.35,243.1,11.5,WATCH,7,moteur:proportionnel,Vigilance — situation à la limite
104.40,243.3,11.2,SAFE,7,,Situation maîtrisée
104.45,243.4,10.9,SAFE,7,,Situation maîtrisée
104.50,243.6,10.9,SAFE,7,,Situation maîtrisée
104.55,243.7,11.2,WATCH,7,moteur:proportionnel,Vigilance — situation à la limite
104.60,243.9,11.4,WATCH,7,feu_rouge_devant,Vigilance — situation à la limite
104.65,244.1,11.4,WATCH,7,feu_rouge_devant,Ralentissez de 1 km/h  (11 -> 10 km/h)
104.70,244.2,11.3,WATCH,7,feu_rouge_devant,Ralentissez de 1 km/h  (11 -> 10 km/h)
104.75,244.4,11.0,WATCH,7,feu_rouge_devant,Ralentissez de 1 km/h  (11 -> 10 km/h)
104.80,244.5,10.7,WATCH,7,feu_rouge_devant,Vigilance — situation à la limite
104.85,244.7,10.4,WATCH,7,feu_rouge_devant,Vigilance — situation à la limite
104.90,244.8,10.1,WATCH,7,feu_rouge_devant,Vigilance — situation à la limite
104.95,244.9,9.7,WATCH,7,feu_rouge_devant,Vigilance — situation à la limite
105.00,245.1,9.4,SAFE,7,feu_rouge_devant,Situation maîtrisée
105.05,245.2,9.0,SAFE,7,feu_rouge_devant,Situation maîtrisée
105.10,245.3,8.3,SAFE,7,feu_rouge_devant,Situation maîtrisée
105.15,245.4,7.7,SAFE,7,feu_rouge_devant,Situation maîtrisée
105.20,245.5,6.4,SAFE,7,feu_rouge_devant,Situation maîtrisée
105.25,245.6,1.8,SAFE,7,feu_rouge_devant,Situation maîtrisée
105.30,245.6,0.0,SAFE,7,feu_rouge_devant,Situation maîtrisée
105.35,245.6,0.0,SAFE,7,feu_rouge_devant,Situation maîtrisée
105.40,245.6,0.0,SAFE,7,feu_rouge_devant,Situation maîtrisée
105.45,245.6,0.0,SAFE,7,feu_rouge_devant,Situation maîtrisée
105.50,245.6,0.0,SAFE,7,feu_rouge_devant,Situation maîtrisée
105.55,245.6,0.0,SAFE,7,feu_rouge_devant,Situation maîtrisée
105.60,245.6,0.0,SAFE,7,feu_rouge_devant,Situation maîtrisée
105.65,245.6,0.0,SAFE,7,feu_rouge_devant,Situation maîtrisée
105.70,245.6,0.0,SAFE,7,feu_rouge_devant,Situation maîtrisée
105.75,245.6,0.0,SAFE,7,feu_rouge_devant,Situation maîtrisée
105.80,245.6,0.0,SAFE,7,feu_rouge_devant,Situation maîtrisée
105.85,245.6,0.0,SAFE,7,feu_rouge_devant,Situation maîtrisée
105.90,245.6,0.0,SAFE,7,feu_rouge_devant,Situation maîtrisée
105.95,245.6,0.0,SAFE,7,feu_rouge_devant,Situation maîtrisée
106.00,245.6,0.0,SAFE,7,feu_rouge_devant,Situation maîtrisée
106.05,245.6,0.0,SAFE,7,feu_rouge_devant,Situation maîtrisée
106.10,245.6,0.0,SAFE,7,feu_rouge_devant,Situation maîtrisée
106.15,245.6,0.0,SAFE,7,feu_rouge_devant,Situation maîtrisée
106.20,245.6,0.0,SAFE,7,feu_rouge_devant,Situation maîtrisée
106.25,245.6,0.0,SAFE,7,feu_rouge_devant,Situation maîtrisée
106.30,245.6,0.0,SAFE,7,feu_rouge_devant,Situation maîtrisée
106.35,245.6,0.0,SAFE,7,feu_rouge_devant,Situation maîtrisée
106.40,245.6,0.0,SAFE,7,feu_rouge_devant,Situation maîtrisée
106.45,245.6,0.0,SAFE,7,feu_rouge_devant,Situation maîtrisée
106.50,245.6,0.0,SAFE,7,feu_rouge_devant,Situation maîtrisée
106.55,245.6,0.0,SAFE,7,feu_rouge_devant,Situation maîtrisée
106.60,245.6,0.0,SAFE,7,feu_rouge_devant,Situation maîtrisée
106.65,245.6,0.0,SAFE,7,feu_rouge_devant,Situation maîtrisée
106.70,245.6,0.0,SAFE,7,feu_rouge_devant,Situation maîtrisée
106.75,245.6,0.0,SAFE,7,feu_rouge_devant,Situation maîtrisée
106.80,245.6,0.0,SAFE,7,feu_rouge_devant,Situation maîtrisée
106.85,245.6,0.0,SAFE,7,feu_rouge_devant,Situation maîtrisée
106.90,245.6,0.0,SAFE,7,feu_rouge_devant,Situation maîtrisée
106.95,245.6,0.0,SAFE,7,feu_rouge_devant,Situation maîtrisée
107.00,245.6,0.0,SAFE,7,feu_rouge_devant,Situation maîtrisée
107.05,245.6,0.0,SAFE,7,feu_rouge_devant,Situation maîtrisée
107.10,245.6,0.0,SAFE,7,feu_rouge_devant,Situation maîtrisée
107.15,245.6,0.0,SAFE,7,feu_rouge_devant,Situation maîtrisée
107.20,245.6,0.0,SAFE,7,feu_rouge_devant,Situation maîtrisée
107.25,245.6,0.0,SAFE,7,feu_rouge_devant,Situation maîtrisée
107.30,245.6,0.0,SAFE,7,feu_rouge_devant,Situation maîtrisée
107.35,245.6,0.0,SAFE,7,feu_rouge_devant,Situation maîtrisée
107.40,245.6,0.0,SAFE,7,feu_rouge_devant,Situation maîtrisée
107.45,245.6,0.0,SAFE,7,feu_rouge_devant,Situation maîtrisée
107.50,245.6,0.0,SAFE,7,feu_rouge_devant,Situation maîtrisée
107.55,245.6,0.0,SAFE,7,feu_rouge_devant,Situation maîtrisée
107.60,245.6,0.0,SAFE,7,feu_rouge_devant,Situation maîtrisée
107.65,245.6,0.0,SAFE,7,feu_rouge_devant,Situation maîtrisée
107.70,245.6,0.0,SAFE,7,feu_rouge_devant,Situation maîtrisée
107.75,245.6,0.0,SAFE,7,feu_rouge_devant,Situation maîtrisée
107.80,245.6,0.0,SAFE,7,feu_rouge_devant,Situation maîtrisée
107.85,245.6,0.0,SAFE,7,feu_rouge_devant,Situation maîtrisée
107.90,245.6,0.0,SAFE,7,feu_rouge_devant,Situation maîtrisée
107.95,245.6,0.0,SAFE,7,feu_rouge_devant,Situation maîtrisée
108.00,245.6,0.0,SAFE,7,feu_rouge_devant,Situation maîtrisée
108.05,245.6,0.0,SAFE,7,feu_rouge_devant,Situation maîtrisée
108.10,245.6,0.0,SAFE,7,feu_rouge_devant,Situation maîtrisée
108.15,245.6,0.0,SAFE,7,feu_rouge_devant,Situation maîtrisée
108.20,245.6,0.0,SAFE,7,feu_rouge_devant,Situation maîtrisée
108.25,245.6,0.0,SAFE,7,feu_rouge_devant,Situation maîtrisée
108.30,245.6,0.0,SAFE,7,feu_rouge_devant,Situation maîtrisée
108.35,245.6,0.0,SAFE,7,feu_rouge_devant,Situation maîtrisée
108.40,245.6,0.0,SAFE,7,feu_rouge_devant,Situation maîtrisée
108.45,245.6,0.0,SAFE,7,feu_rouge_devant,Situation maîtrisée
108.50,245.6,0.0,SAFE,7,feu_rouge_devant,Situation maîtrisée
108.55,245.6,0.0,SAFE,7,feu_rouge_devant,Situation maîtrisée
108.60,245.6,0.0,SAFE,7,feu_rouge_devant,Situation maîtrisée
108.65,245.6,0.0,SAFE,7,feu_rouge_devant,Situation maîtrisée
108.70,245.6,0.0,SAFE,7,feu_rouge_devant,Situation maîtrisée
108.75,245.6,0.0,SAFE,7,feu_rouge_devant,Situation maîtrisée
108.80,245.6,0.0,SAFE,7,feu_rouge_devant,Situation maîtrisée
108.85,245.6,0.0,SAFE,7,feu_rouge_devant,Situation maîtrisée
108.90,245.6,0.0,SAFE,7,feu_rouge_devant,Situation maîtrisée
108.95,245.6,0.0,SAFE,7,feu_rouge_devant,Situation maîtrisée
109.00,245.6,0.0,SAFE,7,feu_rouge_devant,Situation maîtrisée
109.05,245.6,0.0,SAFE,7,feu_rouge_devant,Situation maîtrisée
109.10,245.6,0.0,SAFE,7,feu_rouge_devant,Situation maîtrisée
109.15,245.6,0.0,SAFE,7,feu_rouge_devant,Situation maîtrisée
109.20,245.6,0.0,SAFE,7,feu_rouge_devant,Situation maîtrisée
109.25,245.6,0.0,SAFE,7,feu_rouge_devant,Situation maîtrisée
109.30,245.6,0.0,SAFE,7,feu_rouge_devant,Situation maîtrisée
109.35,245.6,0.0,SAFE,7,feu_rouge_devant,Situation maîtrisée
109.40,245.6,0.0,SAFE,7,feu_rouge_devant,Situation maîtrisée
109.45,245.6,0.0,SAFE,7,feu_rouge_devant,Situation maîtrisée
109.50,245.6,0.0,SAFE,7,feu_rouge_devant,Situation maîtrisée
109.55,245.6,0.0,SAFE,7,feu_rouge_devant,Situation maîtrisée
109.60,245.6,0.0,SAFE,7,feu_rouge_devant,Situation maîtrisée
109.65,245.6,0.0,SAFE,7,feu_rouge_devant,Situation maîtrisée
109.70,245.6,0.0,SAFE,7,feu_rouge_devant,Situation maîtrisée
109.75,245.6,0.0,SAFE,7,feu_rouge_devant,Situation maîtrisée
109.80,245.6,0.0,SAFE,7,feu_rouge_devant,Situation maîtrisée
109.85,245.6,0.0,SAFE,7,feu_rouge_devant,Situation maîtrisée
109.90,245.6,0.0,SAFE,7,feu_rouge_devant,Situation maîtrisée
109.95,245.6,0.0,SAFE,7,feu_rouge_devant,Situation maîtrisée
110.00,245.6,0.0,SAFE,7,feu_rouge_devant,Situation maîtrisée
110.05,245.6,0.0,SAFE,7,feu_rouge_devant,Situation maîtrisée
110.10,245.6,0.0,SAFE,7,feu_rouge_devant,Situation maîtrisée
110.15,245.6,0.0,SAFE,7,feu_rouge_devant,Situation maîtrisée
110.20,245.6,0.0,SAFE,7,feu_rouge_devant,Situation maîtrisée
110.25,245.6,0.0,SAFE,7,feu_rouge_devant,Situation maîtrisée
110.30,245.6,0.0,SAFE,7,feu_rouge_devant,Situation maîtrisée
110.35,245.6,0.0,SAFE,7,feu_rouge_devant,Situation maîtrisée
110.40,245.6,0.0,SAFE,7,feu_rouge_devant,Situation maîtrisée
110.45,245.6,0.0,SAFE,7,feu_rouge_devant,Situation maîtrisée
110.50,245.6,0.0,SAFE,7,feu_rouge_devant,Situation maîtrisée
110.55,245.6,0.0,SAFE,7,feu_rouge_devant,Situation maîtrisée
110.60,245.6,0.0,SAFE,7,feu_rouge_devant,Situation maîtrisée
110.65,245.6,0.0,SAFE,7,feu_rouge_devant,Situation maîtrisée
110.70,245.6,0.0,SAFE,7,feu_rouge_devant,Situation maîtrisée
110.75,245.6,0.0,SAFE,7,feu_rouge_devant,Situation maîtrisée
110.80,245.6,0.0,SAFE,8,feu_rouge_devant,Situation maîtrisée
110.85,245.6,0.0,SAFE,8,feu_rouge_devant,Situation maîtrisée
110.90,245.6,0.0,SAFE,8,feu_rouge_devant,Situation maîtrisée
110.95,245.6,0.0,SAFE,8,feu_rouge_devant,Situation maîtrisée
111.00,245.6,0.0,SAFE,8,feu_rouge_devant,Situation maîtrisée
111.05,245.6,0.0,SAFE,8,feu_rouge_devant,Situation maîtrisée
111.10,245.6,0.0,SAFE,8,feu_rouge_devant,Situation maîtrisée
111.15,245.6,0.0,SAFE,8,feu_rouge_devant,Situation maîtrisée
111.20,245.6,0.0,SAFE,8,feu_rouge_devant,Situation maîtrisée
111.25,245.6,0.0,SAFE,8,feu_rouge_devant,Situation maîtrisée
111.30,245.6,0.0,SAFE,8,feu_rouge_devant,Situation maîtrisée
111.35,245.6,0.0,SAFE,8,feu_rouge_devant,Situation maîtrisée
111.40,245.6,0.0,SAFE,8,feu_rouge_devant,Situation maîtrisée
111.45,245.6,0.0,SAFE,8,feu_rouge_devant,Situation maîtrisée
111.50,245.6,0.0,SAFE,8,feu_rouge_devant,Situation maîtrisée
111.55,245.6,0.0,SAFE,8,feu_rouge_devant,Situation maîtrisée
111.60,245.6,0.0,SAFE,8,feu_rouge_devant,Situation maîtrisée
111.65,245.6,0.0,SAFE,8,feu_rouge_devant,Situation maîtrisée
111.70,245.6,0.0,SAFE,8,feu_rouge_devant,Situation maîtrisée
111.75,245.6,0.0,SAFE,8,feu_rouge_devant,Situation maîtrisée
111.80,245.6,0.0,SAFE,8,feu_rouge_devant,Situation maîtrisée
111.85,245.6,0.0,SAFE,8,feu_rouge_devant,Situation maîtrisée
111.90,245.6,0.0,SAFE,8,feu_rouge_devant,Situation maîtrisée
111.95,245.6,0.0,SAFE,8,feu_rouge_devant,Situation maîtrisée
112.00,245.6,0.0,SAFE,8,feu_rouge_devant,Situation maîtrisée
112.05,245.6,0.0,SAFE,8,feu_rouge_devant,Situation maîtrisée
112.10,245.6,0.0,SAFE,8,feu_rouge_devant,Situation maîtrisée
112.15,245.6,0.0,SAFE,8,feu_rouge_devant,Situation maîtrisée
112.20,245.6,0.0,SAFE,8,feu_rouge_devant,Situation maîtrisée
112.25,245.6,0.0,SAFE,8,feu_rouge_devant,Situation maîtrisée
112.30,245.6,0.0,SAFE,8,feu_rouge_devant,Situation maîtrisée
112.35,245.6,0.0,SAFE,8,feu_rouge_devant,Situation maîtrisée
112.40,245.6,0.0,SAFE,8,feu_rouge_devant,Situation maîtrisée
112.45,245.6,0.0,SAFE,8,feu_rouge_devant,Situation maîtrisée
112.50,245.6,0.0,SAFE,8,feu_rouge_devant,Situation maîtrisée
112.55,245.6,0.0,SAFE,8,feu_rouge_devant,Situation maîtrisée
112.60,245.6,0.0,SAFE,8,feu_rouge_devant,Situation maîtrisée
112.65,245.6,0.0,SAFE,8,feu_rouge_devant,Situation maîtrisée
112.70,245.6,0.0,SAFE,8,feu_rouge_devant,Situation maîtrisée
112.75,245.6,0.0,SAFE,8,feu_rouge_devant,Situation maîtrisée
112.80,245.6,0.0,SAFE,8,feu_rouge_devant,Situation maîtrisée
112.85,245.6,0.0,SAFE,8,feu_rouge_devant,Situation maîtrisée
112.90,245.6,0.0,SAFE,8,feu_rouge_devant,Situation maîtrisée
112.95,245.6,0.0,SAFE,8,feu_rouge_devant,Situation maîtrisée
113.00,245.6,0.0,SAFE,8,feu_rouge_devant,Situation maîtrisée
113.05,245.6,0.0,SAFE,8,feu_rouge_devant,Situation maîtrisée
113.10,245.6,0.0,SAFE,8,feu_rouge_devant,Situation maîtrisée
113.15,245.6,0.0,SAFE,8,feu_rouge_devant,Situation maîtrisée
113.20,245.6,0.0,SAFE,8,feu_rouge_devant,Situation maîtrisée
113.25,245.6,0.0,SAFE,8,feu_rouge_devant,Situation maîtrisée
113.30,245.6,0.0,SAFE,8,feu_rouge_devant,Situation maîtrisée
113.35,245.6,0.0,SAFE,8,feu_rouge_devant,Situation maîtrisée
113.40,245.6,0.0,SAFE,8,feu_rouge_devant,Situation maîtrisée
113.45,245.6,0.0,SAFE,8,feu_rouge_devant,Situation maîtrisée
113.50,245.6,0.0,SAFE,8,feu_rouge_devant,Situation maîtrisée
113.55,245.6,0.0,SAFE,8,feu_rouge_devant,Situation maîtrisée
113.60,245.6,0.0,SAFE,8,feu_rouge_devant,Situation maîtrisée
113.65,245.6,0.2,CRITICAL,8,moteur:proportionnel,Vigilance — situation à la limite
113.70,245.6,0.0,SAFE,8,,Situation maîtrisée
113.75,245.6,0.3,CRITICAL,8,moteur:proportionnel,Vigilance — situation à la limite
113.80,245.6,0.0,SAFE,8,,Situation maîtrisée
113.85,245.6,0.3,CRITICAL,8,moteur:proportionnel,Vigilance — situation à la limite
113.90,245.6,0.0,SAFE,8,,Situation maîtrisée
113.95,245.6,0.3,CRITICAL,8,moteur:proportionnel,Vigilance — situation à la limite
114.00,245.6,0.0,SAFE,8,,Situation maîtrisée
114.05,245.6,0.3,CRITICAL,7,moteur:proportionnel,Vigilance — situation à la limite
114.10,245.6,0.0,SAFE,7,,Situation maîtrisée
114.15,245.6,0.3,CRITICAL,7,moteur:proportionnel,Vigilance — situation à la limite
114.20,245.6,0.0,SAFE,7,,Situation maîtrisée
114.25,245.6,0.3,CRITICAL,7,moteur:proportionnel,Vigilance — situation à la limite
114.30,245.6,0.0,SAFE,7,,Situation maîtrisée
114.35,245.6,0.3,CRITICAL,7,moteur:proportionnel,Vigilance — situation à la limite
114.40,245.6,0.0,SAFE,7,,Situation maîtrisée
114.45,245.6,0.3,CRITICAL,7,moteur:proportionnel,Vigilance — situation à la limite
114.50,245.6,0.0,SAFE,7,,Situation maîtrisée
114.55,245.6,0.3,CRITICAL,7,moteur:proportionnel,Vigilance — situation à la limite
114.60,245.6,0.0,SAFE,7,,Situation maîtrisée
114.65,245.6,0.3,CRITICAL,7,moteur:proportionnel,Vigilance — situation à la limite
114.70,245.6,0.0,SAFE,7,,Situation maîtrisée
114.75,245.6,0.3,CRITICAL,7,moteur:proportionnel,Vigilance — situation à la limite
114.80,245.6,0.0,SAFE,7,,Situation maîtrisée
114.85,245.6,0.3,CRITICAL,7,moteur:proportionnel,Vigilance — situation à la limite
114.90,245.6,0.0,SAFE,7,,Situation maîtrisée
114.95,245.6,0.3,CRITICAL,7,moteur:proportionnel,Vigilance — situation à la limite
115.00,245.6,0.0,SAFE,7,,Situation maîtrisée
115.05,245.6,0.3,CRITICAL,7,moteur:proportionnel,Vigilance — situation à la limite
115.10,245.6,0.0,SAFE,7,,Situation maîtrisée
115.15,245.6,0.3,CRITICAL,7,moteur:proportionnel,Vigilance — situation à la limite
115.20,245.6,0.0,SAFE,7,,Situation maîtrisée
115.25,245.6,0.3,CRITICAL,7,moteur:proportionnel,Vigilance — situation à la limite
115.30,245.6,0.0,SAFE,7,,Situation maîtrisée
115.35,245.6,0.3,SAFE,7,,Situation maîtrisée
115.40,245.6,0.1,SAFE,7,,Situation maîtrisée
115.45,245.6,0.5,SAFE,7,,Situation maîtrisée
115.50,245.6,1.0,SAFE,7,,Situation maîtrisée
115.55,245.6,1.8,SAFE,7,,Situation maîtrisée
115.60,245.7,2.4,SAFE,7,,Situation maîtrisée
115.65,245.7,3.3,SAFE,7,,Situation maîtrisée
115.70,245.8,3.9,SAFE,7,,Situation maîtrisée
115.75,245.8,4.8,SAFE,7,,Situation maîtrisée
115.80,245.9,5.6,SAFE,7,,Situation maîtrisée
115.85,246.0,6.4,SAFE,7,,Situation maîtrisée
115.90,246.1,7.3,SAFE,7,,Situation maîtrisée
115.95,246.2,8.0,SAFE,7,,Situation maîtrisée
116.00,246.3,8.9,SAFE,7,,Situation maîtrisée
116.05,246.4,9.7,SAFE,7,,Situation maîtrisée
116.10,246.6,10.5,SAFE,7,,Situation maîtrisée
116.15,246.7,11.3,SAFE,7,,Situation maîtrisée
116.20,246.9,12.1,SAFE,7,,Situation maîtrisée
116.25,247.1,12.8,SAFE,7,,Situation maîtrisée
116.30,247.2,13.5,SAFE,7,,Situation maîtrisée
116.35,247.4,14.1,SAFE,7,,Situation maîtrisée
116.40,247.6,14.7,SAFE,7,,Situation maîtrisée
116.45,247.8,15.2,SAFE,7,,Situation maîtrisée
116.50,248.1,15.7,SAFE,7,,Situation maîtrisée
116.55,248.3,16.1,SAFE,7,,Situation maîtrisée
116.60,248.5,16.5,SAFE,7,,Situation maîtrisée
116.65,248.7,16.9,SAFE,7,,Situation maîtrisée
116.70,249.0,17.2,SAFE,7,,Situation maîtrisée
116.75,249.2,17.5,SAFE,7,,Situation maîtrisée
116.80,249.5,17.8,SAFE,7,,Situation maîtrisée
116.85,249.7,18.1,SAFE,7,,Situation maîtrisée
116.90,250.0,18.3,SAFE,7,,Situation maîtrisée
116.95,250.2,18.2,SAFE,7,,Situation maîtrisée
117.00,250.5,18.2,SAFE,7,,Situation maîtrisée
117.05,250.7,18.2,SAFE,7,,Situation maîtrisée
117.10,251.0,18.1,SAFE,7,,Situation maîtrisée
117.15,251.2,18.5,SAFE,7,,Situation maîtrisée
117.20,251.5,18.3,SAFE,7,,Situation maîtrisée
117.25,251.7,18.2,SAFE,7,,Situation maîtrisée
117.30,252.0,18.2,DANGER,7,moteur:proportionnel,Ralentissez de 18 km/h  (18 -> 0 km/h)
117.35,252.2,18.0,DANGER,7,moteur:proportionnel,Ralentissez de 18 km/h  (18 -> 0 km/h)
117.40,252.5,18.2,DANGER,7,moteur:proportionnel,Ralentissez de 18 km/h  (18 -> 0 km/h)
117.45,252.7,14.1,SAFE,7,,Situation maîtrisée
117.50,252.9,9.3,SAFE,7,,Situation maîtrisée
117.55,253.0,9.8,SAFE,7,,Situation maîtrisée
117.60,253.2,10.5,SAFE,7,,Situation maîtrisée
117.65,253.3,11.2,SAFE,7,,Situation maîtrisée
117.70,253.5,12.0,SAFE,7,,Situation maîtrisée
117.75,253.6,12.7,SAFE,7,,Situation maîtrisée
117.80,253.8,13.4,SAFE,7,,Situation maîtrisée
117.85,254.0,14.0,SAFE,7,,Situation maîtrisée
117.90,254.2,14.6,SAFE,7,,Situation maîtrisée
117.95,254.4,15.1,CRITICAL,7,moteur:proportionnel,FREINEZ de 15 km/h  (15 -> 0 km/h)
118.00,254.6,15.4,CRITICAL,7,moteur:proportionnel,FREINEZ de 15 km/h  (15 -> 0 km/h)
118.05,254.8,15.2,CRITICAL,7,moteur:proportionnel,FREINEZ de 15 km/h  (15 -> 0 km/h)
118.10,255.1,14.7,CRITICAL,7,moteur:proportionnel,FREINEZ de 15 km/h  (15 -> 0 km/h)
118.15,255.3,14.0,SAFE,7,,Situation maîtrisée
118.20,255.4,13.5,SAFE,7,,Situation maîtrisée
118.25,255.6,13.4,SAFE,7,,Situation maîtrisée
118.30,255.8,13.6,SAFE,7,,Situation maîtrisée
118.35,256.0,13.9,SAFE,7,moteur:physique,Situation maîtrisée
118.40,256.2,14.3,CRITICAL,7,moteur:physique,FREINEZ de 14 km/h  (14 -> 0 km/h)
118.45,256.4,14.6,CRITICAL,7,moteur:physique,FREINEZ de 15 km/h  (15 -> 0 km/h)
118.50,256.6,14.7,CRITICAL,7,moteur:physique,FREINEZ de 15 km/h  (15 -> 0 km/h)
118.55,256.8,14.5,CRITICAL,7,moteur:physique,FREINEZ de 15 km/h  (15 -> 0 km/h)
118.60,257.0,14.3,CRITICAL,7,moteur:physique,FREINEZ de 14 km/h  (14 -> 0 km/h)
118.65,257.2,14.0,CRITICAL,7,moteur:physique,FREINEZ de 14 km/h  (14 -> 0 km/h)
118.70,257.4,13.7,SAFE,7,moteur:physique,Situation maîtrisée
118.75,257.6,13.4,SAFE,7,moteur:physique,Situation maîtrisée
118.80,257.8,13.4,SAFE,7,moteur:physique,Situation maîtrisée
118.85,258.0,13.5,SAFE,7,,Situation maîtrisée
118.90,258.2,13.9,CRITICAL,7,moteur:proportionnel,FREINEZ de 14 km/h  (14 -> 0 km/h)
118.95,258.3,14.1,CRITICAL,7,moteur:proportionnel,FREINEZ de 14 km/h  (14 -> 0 km/h)
119.00,258.5,14.0,CRITICAL,7,moteur:proportionnel,FREINEZ de 14 km/h  (14 -> 0 km/h)
119.05,258.7,13.4,SAFE,7,,Situation maîtrisée
119.10,258.9,13.0,SAFE,7,,Situation maîtrisée
119.15,259.1,12.9,SAFE,7,,Situation maîtrisée
119.20,259.3,13.1,SAFE,7,,Situation maîtrisée
119.25,259.5,13.5,SAFE,7,,Situation maîtrisée
119.30,259.6,13.9,CRITICAL,7,moteur:proportionnel,FREINEZ de 14 km/h  (14 -> 0 km/h)
119.35,259.8,14.2,CRITICAL,7,moteur:proportionnel,FREINEZ de 14 km/h  (14 -> 0 km/h)
119.40,260.0,14.1,CRITICAL,7,moteur:proportionnel,FREINEZ de 14 km/h  (14 -> 0 km/h)
119.45,260.2,13.6,SAFE,7,,Situation maîtrisée
119.50,260.4,13.2,SAFE,7,,Situation maîtrisée
119.55,260.6,13.1,SAFE,7,,Situation maîtrisée
119.60,260.8,13.3,SAFE,7,,Situation maîtrisée
119.65,261.0,13.7,SAFE,7,,Situation maîtrisée
119.70,261.2,14.1,CRITICAL,7,moteur:proportionnel,FREINEZ de 14 km/h  (14 -> 0 km/h)
119.75,261.4,14.4,CRITICAL,7,moteur:proportionnel,FREINEZ de 14 km/h  (14 -> 0 km/h)
119.80,261.6,14.3,CRITICAL,7,moteur:proportionnel,FREINEZ de 14 km/h  (14 -> 0 km/h)
119.85,261.8,13.7,SAFE,7,,Situation maîtrisée
119.90,261.9,13.3,SAFE,7,,Situation maîtrisée
119.95,262.1,13.2,SAFE,6,,Situation maîtrisée
120.00,262.3,13.4,SAFE,6,,Situation maîtrisée
120.05,262.5,13.7,SAFE,6,,Situation maîtrisée
120.10,262.7,14.2,SAFE,6,,Situation maîtrisée
120.15,262.9,14.6,SAFE,6,,Situation maîtrisée
120.20,263.1,15.0,SAFE,6,,Situation maîtrisée
120.25,263.3,15.3,CRITICAL,6,moteur:proportionnel,FREINEZ de 13 km/h  (15 -> 2 km/h)
120.30,263.5,15.5,CRITICAL,6,moteur:proportionnel,FREINEZ de 14 km/h  (15 -> 2 km/h)
120.35,263.7,15.1,SAFE,6,,Situation maîtrisée
120.40,263.9,14.7,SAFE,6,,Situation maîtrisée
120.45,264.1,14.7,SAFE,6,,Situation maîtrisée
120.50,264.3,14.9,SAFE,6,moteur:physique,Situation maîtrisée
120.55,264.6,15.1,SAFE,6,moteur:physique,Situation maîtrisée
120.60,264.8,15.3,SAFE,6,moteur:physique,Situation maîtrisée
120.65,265.0,15.4,SAFE,6,moteur:physique,Situation maîtrisée
120.70,265.2,15.3,SAFE,6,moteur:physique,Situation maîtrisée
120.75,265.4,15.4,SAFE,6,moteur:physique,Situation maîtrisée
120.80,265.6,15.6,SAFE,6,moteur:physique,Situation maîtrisée
120.85,265.8,15.7,SAFE,6,moteur:physique,Situation maîtrisée
120.90,266.1,15.7,SAFE,6,moteur:physique,Situation maîtrisée
120.95,266.3,15.5,SAFE,6,moteur:physique,Situation maîtrisée
121.00,266.5,15.6,SAFE,6,moteur:physique,Situation maîtrisée
121.05,266.7,15.6,SAFE,6,moteur:physique,Situation maîtrisée
121.10,266.9,15.7,SAFE,6,moteur:physique,Situation maîtrisée
121.15,267.1,15.9,SAFE,6,moteur:physique,Situation maîtrisée
121.20,267.3,15.8,SAFE,6,moteur:physique,Situation maîtrisée
121.25,267.6,15.7,SAFE,6,moteur:physique,Situation maîtrisée
121.30,267.8,15.7,SAFE,6,moteur:physique,Situation maîtrisée
121.35,268.0,15.8,SAFE,6,moteur:physique,Situation maîtrisée
121.40,268.2,15.9,SAFE,6,moteur:physique,Situation maîtrisée
121.45,268.4,16.0,SAFE,6,moteur:physique,Situation maîtrisée
121.50,268.7,16.0,SAFE,6,moteur:physique,Situation maîtrisée
121.55,268.9,15.9,SAFE,6,moteur:physique,Situation maîtrisée
121.60,269.1,16.0,SAFE,6,moteur:physique,Situation maîtrisée
121.65,269.3,16.0,SAFE,6,moteur:physique,Situation maîtrisée
121.70,269.5,16.2,SAFE,6,moteur:physique,Situation maîtrisée
121.75,269.8,16.3,SAFE,6,moteur:physique,Situation maîtrisée
121.80,270.0,16.4,SAFE,6,moteur:physique,Situation maîtrisée
121.85,270.2,16.4,SAFE,6,moteur:physique,Situation maîtrisée
121.90,270.4,16.4,SAFE,6,moteur:physique,Situation maîtrisée
121.95,270.7,16.5,SAFE,6,moteur:physique,Situation maîtrisée
122.00,270.9,16.6,SAFE,6,,Situation maîtrisée
122.05,271.1,16.7,SAFE,6,,Situation maîtrisée
122.10,271.4,16.9,SAFE,6,,Situation maîtrisée
122.15,271.6,16.9,SAFE,6,,Situation maîtrisée
122.20,271.8,17.0,SAFE,6,moteur:physique,Situation maîtrisée
122.25,272.1,17.1,SAFE,6,moteur:physique,Situation maîtrisée
122.30,272.3,17.2,SAFE,6,moteur:physique,Situation maîtrisée
122.35,272.5,17.3,SAFE,6,moteur:physique,Situation maîtrisée
122.40,272.8,17.5,SAFE,6,moteur:physique,Situation maîtrisée
122.45,273.0,17.6,SAFE,7,moteur:physique,Situation maîtrisée
122.50,273.3,17.7,SAFE,7,moteur:physique,Situation maîtrisée
122.55,273.5,17.8,SAFE,7,moteur:physique,Situation maîtrisée
122.60,273.8,17.9,SAFE,7,moteur:physique,Situation maîtrisée
122.65,274.0,18.0,SAFE,7,moteur:physique,Situation maîtrisée
122.70,274.3,18.1,SAFE,7,moteur:physique,Situation maîtrisée
122.75,274.5,18.1,SAFE,7,moteur:physique,Situation maîtrisée
122.80,274.8,18.1,SAFE,7,moteur:physique,Situation maîtrisée
122.85,275.0,18.1,SAFE,7,moteur:physique,Situation maîtrisée
122.90,275.3,18.2,SAFE,7,moteur:physique,Situation maîtrisée
122.95,275.5,18.2,SAFE,7,moteur:physique,Situation maîtrisée
123.00,275.8,18.1,SAFE,7,moteur:physique,Situation maîtrisée
123.05,276.0,18.1,SAFE,7,moteur:physique,Situation maîtrisée
123.10,276.3,18.3,SAFE,7,moteur:physique,Situation maîtrisée
123.15,276.5,18.0,SAFE,7,moteur:physique,Situation maîtrisée
123.20,276.8,18.2,SAFE,7,moteur:physique,Situation maîtrisée
123.25,277.0,18.0,SAFE,7,moteur:physique,Situation maîtrisée
123.30,277.3,18.3,SAFE,8,moteur:physique,Situation maîtrisée
123.35,277.5,18.1,SAFE,8,moteur:physique,Situation maîtrisée
123.40,277.8,18.4,SAFE,8,moteur:physique,Situation maîtrisée
123.45,278.0,18.3,SAFE,9,moteur:physique,Situation maîtrisée
123.50,278.3,18.1,SAFE,9,moteur:physique,Situation maîtrisée
123.55,278.5,18.3,SAFE,9,moteur:physique,Situation maîtrisée
123.60,278.8,18.4,SAFE,10,moteur:physique,Situation maîtrisée
123.65,279.1,18.2,SAFE,10,moteur:physique,Situation maîtrisée
123.70,279.3,18.1,SAFE,10,moteur:physique,Situation maîtrisée
123.75,279.6,18.2,SAFE,10,moteur:physique,Situation maîtrisée
123.80,279.8,18.3,SAFE,10,moteur:physique,Situation maîtrisée
123.85,280.1,18.8,SAFE,10,moteur:physique,Situation maîtrisée
123.90,280.3,18.4,SAFE,10,moteur:physique,Situation maîtrisée
123.95,280.6,18.7,SAFE,10,moteur:physique,Situation maîtrisée
124.00,280.8,18.3,SAFE,10,moteur:physique,Situation maîtrisée
124.05,281.1,18.9,SAFE,11,moteur:physique,Situation maîtrisée
124.10,281.4,18.5,SAFE,11,moteur:physique,Situation maîtrisée
124.15,281.6,18.8,SAFE,11,moteur:physique,Situation maîtrisée
124.20,281.9,18.5,SAFE,11,moteur:physique,Situation maîtrisée
124.25,282.1,19.0,SAFE,11,moteur:physique,Situation maîtrisée
124.30,282.4,18.6,SAFE,11,moteur:physique,Situation maîtrisée
124.35,282.7,19.0,SAFE,11,moteur:physique,Situation maîtrisée
124.40,282.9,18.6,SAFE,11,moteur:physique,Situation maîtrisée
124.45,283.2,19.1,SAFE,11,moteur:physique,Situation maîtrisée
124.50,283.4,18.8,SAFE,11,moteur:physique,Situation maîtrisée
124.55,283.7,19.1,SAFE,11,moteur:physique,Situation maîtrisée
124.60,284.0,18.7,SAFE,10,moteur:physique,Situation maîtrisée
124.65,284.2,19.2,SAFE,10,moteur:physique,Situation maîtrisée
124.70,284.5,18.9,SAFE,10,moteur:physique,Situation maîtrisée
124.75,284.8,19.2,SAFE,10,moteur:physique,Situation maîtrisée
124.80,285.0,18.8,SAFE,9,moteur:physique,Situation maîtrisée
124.85,285.3,19.3,SAFE,10,moteur:physique,Situation maîtrisée
124.90,285.6,19.0,SAFE,9,moteur:physique,Situation maîtrisée
124.95,285.8,19.3,SAFE,9,moteur:physique,Situation maîtrisée
125.00,286.1,18.9,SAFE,9,moteur:physique,Situation maîtrisée
125.05,286.4,19.4,SAFE,9,moteur:physique,Situation maîtrisée
125.10,286.6,19.2,SAFE,9,moteur:physique,Situation maîtrisée
125.15,286.9,19.5,SAFE,9,moteur:physique,Situation maîtrisée
125.20,287.2,19.1,SAFE,9,moteur:physique,Situation maîtrisée
125.25,287.4,19.5,SAFE,9,moteur:physique,Situation maîtrisée
125.30,287.7,19.3,SAFE,9,moteur:physique,Situation maîtrisée
125.35,288.0,19.6,SAFE,9,moteur:physique,Situation maîtrisée
125.40,288.2,19.2,SAFE,9,moteur:physique,Situation maîtrisée
125.45,288.5,19.6,SAFE,9,moteur:physique,Situation maîtrisée
125.50,288.8,19.3,SAFE,9,moteur:physique,Situation maîtrisée
125.55,289.1,19.6,SAFE,9,moteur:physique,Situation maîtrisée
125.60,289.3,19.3,SAFE,9,moteur:physique,Situation maîtrisée
125.65,289.6,19.7,SAFE,9,moteur:physique,Situation maîtrisée
125.70,289.9,19.4,SAFE,9,moteur:physique,Situation maîtrisée
125.75,290.1,19.7,SAFE,9,moteur:physique,Situation maîtrisée
125.80,290.4,19.3,SAFE,10,moteur:physique,Situation maîtrisée
125.85,290.7,19.8,SAFE,10,moteur:physique,Situation maîtrisée
125.90,291.0,19.6,SAFE,10,moteur:physique,Situation maîtrisée
125.95,291.2,19.9,SAFE,10,moteur:physique,Situation maîtrisée
126.00,291.5,19.5,SAFE,10,moteur:physique,Situation maîtrisée
126.05,291.8,20.0,SAFE,10,moteur:physique,Situation maîtrisée
126.10,292.1,19.7,SAFE,10,moteur:physique,Situation maîtrisée
126.15,292.3,20.0,SAFE,10,moteur:physique,Situation maîtrisée
126.20,292.6,19.6,SAFE,10,moteur:physique,Situation maîtrisée
126.25,292.9,20.1,SAFE,10,moteur:physique,Situation maîtrisée
126.30,293.2,19.8,SAFE,10,moteur:physique,Situation maîtrisée
126.35,293.4,20.0,SAFE,10,moteur:physique,Situation maîtrisée
126.40,293.7,19.7,SAFE,10,moteur:physique,Situation maîtrisée
126.45,294.0,20.1,CRITICAL,10,moteur:physique,FREINEZ de 19 km/h  (20 -> 1 km/h)
126.50,294.3,19.7,CRITICAL,10,moteur:physique,FREINEZ de 20 km/h  (20 -> 0 km/h)
126.55,294.5,19.8,CRITICAL,10,moteur:physique,FREINEZ de 20 km/h  (20 -> 0 km/h)
126.60,294.8,19.0,CRITICAL,10,moteur:physique,FREINEZ de 19 km/h  (19 -> 0 km/h)
126.65,295.1,18.9,CRITICAL,10,moteur:physique,FREINEZ de 19 km/h  (19 -> 0 km/h)
126.70,295.3,18.1,CRITICAL,10,moteur:physique,FREINEZ de 18 km/h  (18 -> 0 km/h)
126.75,295.6,18.0,CRITICAL,11,moteur:physique,FREINEZ de 18 km/h  (18 -> 0 km/h)
126.80,295.8,17.7,CRITICAL,12,moteur:physique,FREINEZ de 18 km/h  (18 -> 0 km/h)
126.85,296.1,17.4,CRITICAL,12,moteur:physique,FREINEZ de 17 km/h  (17 -> 0 km/h)
126.90,296.3,17.0,CRITICAL,12,moteur:physique,FREINEZ de 17 km/h  (17 -> 0 km/h)
126.95,296.5,16.6,CRITICAL,12,moteur:physique,FREINEZ de 17 km/h  (17 -> 0 km/h)
127.00,296.8,16.2,CRITICAL,12,moteur:physique,FREINEZ de 16 km/h  (16 -> 0 km/h)
127.05,297.0,15.7,CRITICAL,12,moteur:physique,FREINEZ de 16 km/h  (16 -> 0 km/h)
127.10,297.2,15.3,CRITICAL,12,moteur:physique,FREINEZ de 15 km/h  (15 -> 0 km/h)
127.15,297.4,14.9,CRITICAL,12,moteur:physique,FREINEZ de 15 km/h  (15 -> 0 km/h)
127.20,297.6,14.5,WATCH,12,moteur:physique,Ralentissez de 6 km/h  (15 -> 9 km/h)
127.25,297.8,14.2,WATCH,12,moteur:physique,Ralentissez de 6 km/h  (14 -> 8 km/h)
127.30,298.0,13.8,WATCH,12,moteur:physique,Ralentissez de 6 km/h  (14 -> 8 km/h)
127.35,298.2,13.4,CRITICAL,12,feu_rouge_devant,FREINEZ de 13 km/h  (13 -> 0 km/h)
127.40,298.4,13.0,CRITICAL,11,feu_rouge_devant,FREINEZ de 13 km/h  (13 -> 0 km/h)
127.45,298.6,12.7,CRITICAL,11,feu_rouge_devant,FREINEZ de 13 km/h  (13 -> 0 km/h)
127.50,298.7,12.4,CRITICAL,11,feu_rouge_devant,FREINEZ de 12 km/h  (12 -> 0 km/h)
127.55,298.9,12.0,CRITICAL,11,feu_rouge_devant,FREINEZ de 12 km/h  (12 -> 0 km/h)
127.60,299.1,11.7,CRITICAL,11,feu_rouge_devant,FREINEZ de 12 km/h  (12 -> 0 km/h)
127.65,299.2,11.4,WATCH,11,feu_rouge_devant,Ralentissez de 4 km/h  (11 -> 7 km/h)
127.70,299.4,11.0,CRITICAL,11,feu_rouge_devant,FREINEZ de 11 km/h  (11 -> 0 km/h)
127.75,299.5,10.7,CRITICAL,11,feu_rouge_devant,FREINEZ de 11 km/h  (11 -> 0 km/h)
127.80,299.7,10.4,CRITICAL,11,feu_rouge_devant,FREINEZ de 10 km/h  (10 -> 0 km/h)
127.85,299.8,10.1,WATCH,11,feu_rouge_devant,Ralentissez de 3 km/h  (10 -> 7 km/h)
127.90,300.0,9.8,CRITICAL,11,feu_rouge_devant,FREINEZ de 10 km/h  (10 -> 0 km/h)
127.95,300.1,9.5,CRITICAL,11,feu_rouge_devant,FREINEZ de 10 km/h  (10 -> 0 km/h)
128.00,300.2,9.3,WATCH,11,feu_rouge_devant,Ralentissez de 3 km/h  (9 -> 7 km/h)
128.05,300.3,9.0,WATCH,11,feu_rouge_devant,Ralentissez de 2 km/h  (9 -> 7 km/h)
128.10,300.5,8.7,WATCH,11,feu_rouge_devant,Ralentissez de 2 km/h  (9 -> 7 km/h)
128.15,300.6,8.4,WATCH,11,feu_rouge_devant,Ralentissez de 2 km/h  (8 -> 7 km/h)
128.20,300.7,8.2,WATCH,11,feu_rouge_devant,Ralentissez de 2 km/h  (8 -> 6 km/h)
128.25,300.8,7.9,CRITICAL,11,feu_rouge_devant,FREINEZ de 8 km/h  (8 -> 0 km/h)
128.30,300.9,7.7,WATCH,11,feu_rouge_devant,Ralentissez de 1 km/h  (8 -> 6 km/h)
128.35,301.0,7.4,WATCH,11,feu_rouge_devant,Ralentissez de 1 km/h  (7 -> 6 km/h)
128.40,301.1,7.2,WATCH,11,feu_rouge_devant,Ralentissez de 1 km/h  (7 -> 6 km/h)
128.45,301.2,6.9,WATCH,11,feu_rouge_devant,Vigilance — situation à la limite
128.50,301.3,6.7,WATCH,11,feu_rouge_devant,Vigilance — situation à la limite
128.55,301.4,6.5,WATCH,11,feu_rouge_devant,Vigilance — situation à la limite
128.60,301.5,6.3,WATCH,11,feu_rouge_devant,Vigilance — situation à la limite
128.65,301.6,3.7,SAFE,11,feu_rouge_devant,Situation maîtrisée
128.70,301.6,0.0,SAFE,11,feu_rouge_devant,Situation maîtrisée
128.75,301.6,0.0,SAFE,11,feu_rouge_devant,Situation maîtrisée
128.80,301.6,0.0,SAFE,11,feu_rouge_devant,Situation maîtrisée
128.85,301.6,0.0,SAFE,11,feu_rouge_devant,Situation maîtrisée
128.90,301.6,0.0,SAFE,11,feu_rouge_devant,Situation maîtrisée
128.95,301.6,0.0,SAFE,11,feu_rouge_devant,Situation maîtrisée
129.00,301.6,0.0,SAFE,11,feu_rouge_devant,Situation maîtrisée
129.05,301.6,0.0,SAFE,11,feu_rouge_devant,Situation maîtrisée
129.10,301.6,0.0,SAFE,11,feu_rouge_devant,Situation maîtrisée
129.15,301.6,0.0,SAFE,11,feu_rouge_devant,Situation maîtrisée
129.20,301.6,0.0,SAFE,11,feu_rouge_devant,Situation maîtrisée
129.25,301.6,0.0,SAFE,11,feu_rouge_devant,Situation maîtrisée
129.30,301.6,0.0,SAFE,11,feu_rouge_devant,Situation maîtrisée
129.35,301.6,0.0,SAFE,11,feu_rouge_devant,Situation maîtrisée
129.40,301.6,0.0,SAFE,11,feu_rouge_devant,Situation maîtrisée
129.45,301.6,0.0,SAFE,11,feu_rouge_devant,Situation maîtrisée
129.50,301.6,0.0,SAFE,11,feu_rouge_devant,Situation maîtrisée
129.55,301.6,0.0,SAFE,11,feu_rouge_devant,Situation maîtrisée
129.60,301.6,0.0,SAFE,11,feu_rouge_devant,Situation maîtrisée
129.65,301.6,0.0,SAFE,11,feu_rouge_devant,Situation maîtrisée
129.70,301.6,0.0,SAFE,11,feu_rouge_devant,Situation maîtrisée
129.75,301.6,0.0,SAFE,11,feu_rouge_devant,Situation maîtrisée
129.80,301.6,0.0,SAFE,11,feu_rouge_devant,Situation maîtrisée
129.85,301.6,0.0,SAFE,11,feu_rouge_devant,Situation maîtrisée
129.90,301.6,0.0,SAFE,11,feu_rouge_devant,Situation maîtrisée
129.95,301.6,0.0,SAFE,11,feu_rouge_devant,Situation maîtrisée
130.00,301.6,0.0,SAFE,11,feu_rouge_devant,Situation maîtrisée
130.05,301.6,0.0,SAFE,11,feu_rouge_devant,Situation maîtrisée
130.10,301.6,0.0,SAFE,11,feu_rouge_devant,Situation maîtrisée
130.15,301.6,0.0,SAFE,11,feu_rouge_devant,Situation maîtrisée
130.20,301.6,0.0,SAFE,11,feu_rouge_devant,Situation maîtrisée
130.25,301.6,0.0,SAFE,11,feu_rouge_devant,Situation maîtrisée
130.30,301.6,0.0,SAFE,11,feu_rouge_devant,Situation maîtrisée
130.35,301.6,0.0,SAFE,11,feu_rouge_devant,Situation maîtrisée
130.40,301.6,0.0,SAFE,12,feu_rouge_devant,Situation maîtrisée
130.45,301.6,0.0,SAFE,12,feu_rouge_devant,Situation maîtrisée
130.50,301.6,0.0,SAFE,12,feu_rouge_devant,Situation maîtrisée
130.55,301.6,0.0,SAFE,12,feu_rouge_devant,Situation maîtrisée
130.60,301.6,0.0,SAFE,12,feu_rouge_devant,Situation maîtrisée
130.65,301.6,0.0,SAFE,12,feu_rouge_devant,Situation maîtrisée
130.70,301.6,0.0,SAFE,12,feu_rouge_devant,Situation maîtrisée
130.75,301.6,0.0,SAFE,12,feu_rouge_devant,Situation maîtrisée
130.80,301.6,0.0,SAFE,12,feu_rouge_devant,Situation maîtrisée
130.85,301.6,0.0,SAFE,12,feu_rouge_devant,Situation maîtrisée
130.90,301.6,0.0,SAFE,12,feu_rouge_devant,Situation maîtrisée
130.95,301.6,0.0,SAFE,12,feu_rouge_devant,Situation maîtrisée
131.00,301.6,0.0,SAFE,12,feu_rouge_devant,Situation maîtrisée
131.05,301.6,0.0,SAFE,12,feu_rouge_devant,Situation maîtrisée
131.10,301.6,0.0,SAFE,12,feu_rouge_devant,Situation maîtrisée
131.15,301.6,0.0,SAFE,12,feu_rouge_devant,Situation maîtrisée
131.20,301.6,0.0,SAFE,12,feu_rouge_devant,Situation maîtrisée
131.25,301.6,0.0,SAFE,12,feu_rouge_devant,Situation maîtrisée
131.30,301.6,0.0,SAFE,12,feu_rouge_devant,Situation maîtrisée
131.35,301.6,0.0,SAFE,12,feu_rouge_devant,Situation maîtrisée
131.40,301.6,0.0,SAFE,12,feu_rouge_devant,Situation maîtrisée
131.45,301.6,0.0,SAFE,12,feu_rouge_devant,Situation maîtrisée
131.50,301.6,0.0,SAFE,12,feu_rouge_devant,Situation maîtrisée
131.55,301.6,0.0,SAFE,12,feu_rouge_devant,Situation maîtrisée
131.60,301.6,0.0,SAFE,12,feu_rouge_devant,Situation maîtrisée
131.65,301.6,0.0,SAFE,13,feu_rouge_devant,Situation maîtrisée
131.70,301.6,0.0,SAFE,13,feu_rouge_devant,Situation maîtrisée
131.75,301.6,0.0,SAFE,13,feu_rouge_devant,Situation maîtrisée
131.80,301.6,0.0,SAFE,13,feu_rouge_devant,Situation maîtrisée
131.85,301.6,0.0,SAFE,13,feu_rouge_devant,Situation maîtrisée
131.90,301.6,0.0,SAFE,13,feu_rouge_devant,Situation maîtrisée
131.95,301.6,0.0,SAFE,13,feu_rouge_devant,Situation maîtrisée
132.00,301.6,0.0,SAFE,13,feu_rouge_devant,Situation maîtrisée
132.05,301.6,0.0,SAFE,13,feu_rouge_devant,Situation maîtrisée
132.10,301.6,0.0,SAFE,13,feu_rouge_devant,Situation maîtrisée
132.15,301.6,0.0,SAFE,13,feu_rouge_devant,Situation maîtrisée
132.20,301.6,0.0,SAFE,13,feu_rouge_devant,Situation maîtrisée
132.25,301.6,0.0,SAFE,13,feu_rouge_devant,Situation maîtrisée
132.30,301.6,0.0,SAFE,13,feu_rouge_devant,Situation maîtrisée
132.35,301.6,0.0,SAFE,13,feu_rouge_devant,Situation maîtrisée
132.40,301.6,0.0,SAFE,13,feu_rouge_devant,Situation maîtrisée
132.45,301.6,0.0,SAFE,13,feu_rouge_devant,Situation maîtrisée
132.50,301.6,0.0,SAFE,13,feu_rouge_devant,Situation maîtrisée
132.55,301.6,0.0,SAFE,13,feu_rouge_devant,Situation maîtrisée
132.60,301.6,0.0,SAFE,13,feu_rouge_devant,Situation maîtrisée
132.65,301.6,0.0,SAFE,13,feu_rouge_devant,Situation maîtrisée
132.70,301.6,0.0,SAFE,13,feu_rouge_devant,Situation maîtrisée
132.75,301.6,0.0,SAFE,13,feu_rouge_devant,Situation maîtrisée
132.80,301.6,0.0,SAFE,13,feu_rouge_devant,Situation maîtrisée
132.85,301.6,0.0,SAFE,13,feu_rouge_devant,Situation maîtrisée
132.90,301.6,0.0,SAFE,13,feu_rouge_devant,Situation maîtrisée
132.95,301.6,0.0,SAFE,13,feu_rouge_devant,Situation maîtrisée
133.00,301.6,0.0,SAFE,13,feu_rouge_devant,Situation maîtrisée
133.05,301.6,0.0,SAFE,13,feu_rouge_devant,Situation maîtrisée
133.10,301.6,0.0,SAFE,13,feu_rouge_devant,Situation maîtrisée
133.15,301.6,0.0,SAFE,13,feu_rouge_devant,Situation maîtrisée
133.20,301.6,0.0,SAFE,13,feu_rouge_devant,Situation maîtrisée
133.25,301.6,0.0,SAFE,13,feu_rouge_devant,Situation maîtrisée
133.30,301.6,0.0,SAFE,13,feu_rouge_devant,Situation maîtrisée
133.35,301.6,0.0,SAFE,12,feu_rouge_devant,Situation maîtrisée
133.40,301.6,0.0,SAFE,12,feu_rouge_devant,Situation maîtrisée
133.45,301.6,0.0,SAFE,12,feu_rouge_devant,Situation maîtrisée
133.50,301.6,0.0,SAFE,12,feu_rouge_devant,Situation maîtrisée
133.55,301.6,0.0,SAFE,12,feu_rouge_devant,Situation maîtrisée
133.60,301.6,0.0,SAFE,12,feu_rouge_devant,Situation maîtrisée
133.65,301.6,0.0,SAFE,12,feu_rouge_devant,Situation maîtrisée
133.70,301.6,0.0,SAFE,12,feu_rouge_devant,Situation maîtrisée
133.75,301.6,0.0,SAFE,12,feu_rouge_devant,Situation maîtrisée
133.80,301.6,0.0,SAFE,12,feu_rouge_devant,Situation maîtrisée
133.85,301.6,0.0,SAFE,12,feu_rouge_devant,Situation maîtrisée
133.90,301.6,0.0,SAFE,12,feu_rouge_devant,Situation maîtrisée
133.95,301.6,0.0,SAFE,12,feu_rouge_devant,Situation maîtrisée
134.00,301.6,0.0,SAFE,12,feu_rouge_devant,Situation maîtrisée
134.05,301.6,0.0,SAFE,12,feu_rouge_devant,Situation maîtrisée
134.10,301.6,0.0,SAFE,12,feu_rouge_devant,Situation maîtrisée
134.15,301.6,0.0,SAFE,12,feu_rouge_devant,Situation maîtrisée
134.20,301.6,0.0,SAFE,12,feu_rouge_devant,Situation maîtrisée
134.25,301.6,0.0,SAFE,12,feu_rouge_devant,Situation maîtrisée
134.30,301.6,0.0,SAFE,12,feu_rouge_devant,Situation maîtrisée
134.35,301.6,0.0,SAFE,12,feu_rouge_devant,Situation maîtrisée
134.40,301.6,0.0,SAFE,12,feu_rouge_devant,Situation maîtrisée
134.45,301.6,0.0,SAFE,12,feu_rouge_devant,Situation maîtrisée
134.50,301.6,0.0,SAFE,12,feu_rouge_devant,Situation maîtrisée
134.55,301.6,0.0,SAFE,12,feu_rouge_devant,Situation maîtrisée
134.60,301.6,0.0,SAFE,12,feu_rouge_devant,Situation maîtrisée
134.65,301.6,0.0,SAFE,12,feu_rouge_devant,Situation maîtrisée
134.70,301.6,0.0,SAFE,12,feu_rouge_devant,Situation maîtrisée
134.75,301.6,0.0,SAFE,12,feu_rouge_devant,Situation maîtrisée
134.80,301.6,0.0,SAFE,12,feu_rouge_devant,Situation maîtrisée
134.85,301.6,0.0,SAFE,12,feu_rouge_devant,Situation maîtrisée
134.90,301.6,0.0,SAFE,12,feu_rouge_devant,Situation maîtrisée
134.95,301.6,0.0,SAFE,12,feu_rouge_devant,Situation maîtrisée
135.00,301.6,0.0,SAFE,12,feu_rouge_devant,Situation maîtrisée
135.05,301.6,0.0,SAFE,12,feu_rouge_devant,Situation maîtrisée
135.10,301.6,0.2,SAFE,12,feu_rouge_devant,Situation maîtrisée
135.15,301.6,0.0,SAFE,12,feu_rouge_devant,Situation maîtrisée
135.20,301.6,0.0,CRITICAL,12,moteur:physique,Vigilance — situation à la limite
135.25,301.6,0.0,SAFE,12,moteur:physique,Situation maîtrisée
135.30,301.6,0.3,SAFE,12,feu_rouge_devant,Situation maîtrisée
135.35,301.6,0.0,SAFE,12,feu_rouge_devant,Situation maîtrisée
135.40,301.6,0.0,SAFE,12,feu_rouge_devant,Situation maîtrisée
135.45,301.6,0.0,SAFE,12,feu_rouge_devant,Situation maîtrisée
135.50,301.6,0.0,SAFE,12,feu_rouge_devant,Situation maîtrisée
135.55,301.6,0.0,SAFE,12,feu_rouge_devant,Situation maîtrisée
135.60,301.6,0.0,SAFE,12,feu_rouge_devant,Situation maîtrisée
135.65,301.6,0.0,SAFE,12,feu_rouge_devant,Situation maîtrisée
135.70,301.6,0.0,SAFE,12,feu_rouge_devant,Situation maîtrisée
135.75,301.6,0.0,SAFE,12,feu_rouge_devant,Situation maîtrisée
135.80,301.6,0.0,SAFE,12,feu_rouge_devant,Situation maîtrisée
135.85,301.6,0.0,SAFE,12,feu_rouge_devant,Situation maîtrisée
135.90,301.6,0.0,SAFE,12,feu_rouge_devant,Situation maîtrisée
135.95,301.6,0.0,SAFE,12,feu_rouge_devant,Situation maîtrisée
136.00,301.6,0.0,SAFE,12,feu_rouge_devant,Situation maîtrisée
136.05,301.6,0.0,SAFE,12,feu_rouge_devant,Situation maîtrisée
136.10,301.6,0.0,SAFE,12,feu_rouge_devant,Situation maîtrisée
136.15,301.6,0.0,SAFE,12,feu_rouge_devant,Situation maîtrisée
136.20,301.6,0.0,SAFE,12,feu_rouge_devant,Situation maîtrisée
136.25,301.6,0.0,SAFE,12,feu_rouge_devant,Situation maîtrisée
136.30,301.6,0.0,SAFE,12,feu_rouge_devant,Situation maîtrisée
136.35,301.6,0.0,SAFE,12,feu_rouge_devant,Situation maîtrisée
136.40,301.6,0.0,SAFE,12,feu_rouge_devant,Situation maîtrisée
136.45,301.6,0.0,SAFE,12,feu_rouge_devant,Situation maîtrisée
136.50,301.6,0.0,SAFE,12,feu_rouge_devant,Situation maîtrisée
136.55,301.6,0.0,SAFE,12,feu_rouge_devant,Situation maîtrisée
136.60,301.6,0.0,SAFE,12,feu_rouge_devant,Situation maîtrisée
136.65,301.6,0.0,SAFE,12,feu_rouge_devant,Situation maîtrisée
136.70,301.6,0.0,SAFE,12,feu_rouge_devant,Situation maîtrisée
136.75,301.6,0.0,SAFE,12,feu_rouge_devant,Situation maîtrisée
136.80,301.6,0.0,SAFE,12,feu_rouge_devant,Situation maîtrisée
136.85,301.6,0.0,SAFE,12,feu_rouge_devant,Situation maîtrisée
136.90,301.6,0.0,SAFE,12,feu_rouge_devant,Situation maîtrisée
136.95,301.6,0.0,SAFE,12,feu_rouge_devant,Situation maîtrisée
137.00,301.6,0.0,SAFE,12,feu_rouge_devant,Situation maîtrisée
137.05,301.6,0.0,SAFE,12,feu_rouge_devant,Situation maîtrisée
137.10,301.6,0.0,SAFE,12,feu_rouge_devant,Situation maîtrisée
137.15,301.6,0.0,SAFE,12,feu_rouge_devant,Situation maîtrisée
137.20,301.6,0.0,SAFE,12,feu_rouge_devant,Situation maîtrisée
137.25,301.6,0.0,SAFE,12,feu_rouge_devant,Situation maîtrisée
137.30,301.6,0.0,SAFE,12,feu_rouge_devant,Situation maîtrisée
137.35,301.6,0.0,SAFE,12,feu_rouge_devant,Situation maîtrisée
137.40,301.6,0.0,SAFE,12,feu_rouge_devant,Situation maîtrisée
137.45,301.6,0.0,SAFE,12,feu_rouge_devant,Situation maîtrisée
137.50,301.6,0.0,SAFE,12,feu_rouge_devant,Situation maîtrisée
137.55,301.6,0.0,SAFE,12,feu_rouge_devant,Situation maîtrisée
137.60,301.6,0.0,SAFE,12,feu_rouge_devant,Situation maîtrisée
137.65,301.6,0.0,CRITICAL,12,feu_rouge_devant,Vigilance — situation à la limite
137.70,301.6,0.0,CRITICAL,12,feu_rouge_devant,Vigilance — situation à la limite
137.75,301.6,0.0,CRITICAL,12,feu_rouge_devant,Vigilance — situation à la limite
137.80,301.6,0.0,CRITICAL,12,feu_rouge_devant,Vigilance — situation à la limite
137.85,301.6,0.0,CRITICAL,12,feu_rouge_devant,Vigilance — situation à la limite
137.90,301.6,0.0,CRITICAL,12,feu_rouge_devant,Vigilance — situation à la limite
137.95,301.6,0.0,SAFE,12,feu_rouge_devant,Situation maîtrisée
138.00,301.6,0.0,SAFE,12,feu_rouge_devant,Situation maîtrisée
138.05,301.6,0.0,SAFE,12,feu_rouge_devant,Situation maîtrisée
138.10,301.6,0.0,SAFE,12,feu_rouge_devant,Situation maîtrisée
138.15,301.6,0.0,SAFE,12,feu_rouge_devant,Situation maîtrisée
138.20,301.6,0.0,SAFE,12,feu_rouge_devant,Situation maîtrisée
138.25,301.6,0.0,SAFE,12,feu_rouge_devant,Situation maîtrisée
138.30,301.6,0.0,SAFE,12,feu_rouge_devant,Situation maîtrisée
138.35,301.6,0.0,SAFE,12,feu_rouge_devant,Situation maîtrisée
138.40,301.6,0.0,SAFE,12,feu_rouge_devant,Situation maîtrisée
138.45,301.6,0.0,SAFE,12,feu_rouge_devant,Situation maîtrisée
138.50,301.6,0.0,SAFE,12,feu_rouge_devant,Situation maîtrisée
138.55,301.6,0.0,SAFE,12,feu_rouge_devant,Situation maîtrisée
138.60,301.6,0.0,SAFE,12,feu_rouge_devant,Situation maîtrisée
138.65,301.6,0.0,SAFE,12,feu_rouge_devant,Situation maîtrisée
138.70,301.6,0.0,SAFE,12,feu_rouge_devant,Situation maîtrisée
138.75,301.6,0.0,SAFE,12,feu_rouge_devant,Situation maîtrisée
138.80,301.6,0.0,SAFE,12,feu_rouge_devant,Situation maîtrisée
138.85,301.6,0.0,SAFE,12,feu_rouge_devant,Situation maîtrisée
138.90,301.6,0.0,SAFE,12,feu_rouge_devant,Situation maîtrisée
138.95,301.6,0.0,SAFE,12,feu_rouge_devant,Situation maîtrisée
139.00,301.6,0.0,SAFE,12,feu_rouge_devant,Situation maîtrisée
139.05,301.6,0.0,SAFE,12,feu_rouge_devant,Situation maîtrisée
139.10,301.6,0.0,SAFE,12,feu_rouge_devant,Situation maîtrisée
139.15,301.6,0.0,SAFE,12,feu_rouge_devant,Situation maîtrisée
139.20,301.6,0.0,SAFE,12,feu_rouge_devant,Situation maîtrisée
139.25,301.6,0.0,SAFE,12,feu_rouge_devant,Situation maîtrisée
139.30,301.6,0.0,SAFE,12,feu_rouge_devant,Situation maîtrisée
139.35,301.6,0.0,SAFE,12,feu_rouge_devant,Situation maîtrisée
139.40,301.6,0.0,SAFE,12,feu_rouge_devant,Situation maîtrisée
139.45,301.6,0.0,SAFE,12,feu_rouge_devant,Situation maîtrisée
139.50,301.6,0.0,SAFE,12,feu_rouge_devant,Situation maîtrisée
139.55,301.6,0.0,SAFE,12,feu_rouge_devant,Situation maîtrisée
139.60,301.6,0.0,SAFE,12,feu_rouge_devant,Situation maîtrisée
139.65,301.6,0.0,SAFE,12,feu_rouge_devant,Situation maîtrisée
139.70,301.6,0.0,SAFE,12,feu_rouge_devant,Situation maîtrisée
139.75,301.6,0.0,SAFE,12,feu_rouge_devant,Situation maîtrisée
139.80,301.6,0.0,SAFE,12,feu_rouge_devant,Situation maîtrisée
139.85,301.6,0.0,SAFE,12,feu_rouge_devant,Situation maîtrisée
139.90,301.6,0.0,SAFE,12,feu_rouge_devant,Situation maîtrisée
139.95,301.6,0.0,SAFE,12,feu_rouge_devant,Situation maîtrisée
140.00,301.6,0.0,SAFE,12,feu_rouge_devant,Situation maîtrisée
140.05,301.6,0.0,SAFE,12,feu_rouge_devant,Situation maîtrisée
140.10,301.6,0.0,SAFE,12,feu_rouge_devant,Situation maîtrisée
140.15,301.6,0.0,SAFE,12,feu_rouge_devant,Situation maîtrisée
140.20,301.6,0.0,SAFE,12,feu_rouge_devant,Situation maîtrisée
140.25,301.6,0.0,SAFE,12,feu_rouge_devant,Situation maîtrisée
140.30,301.6,0.0,SAFE,12,feu_rouge_devant,Situation maîtrisée
140.35,301.6,0.0,SAFE,12,feu_rouge_devant,Situation maîtrisée
140.40,301.6,0.0,SAFE,12,feu_rouge_devant,Situation maîtrisée
140.45,301.6,0.0,SAFE,12,feu_rouge_devant,Situation maîtrisée
140.50,301.6,0.0,SAFE,12,feu_rouge_devant,Situation maîtrisée
140.55,301.6,0.0,SAFE,12,feu_rouge_devant,Situation maîtrisée
140.60,301.6,0.0,SAFE,12,feu_rouge_devant,Situation maîtrisée
140.65,301.6,0.0,SAFE,12,feu_rouge_devant,Situation maîtrisée
140.70,301.6,0.0,SAFE,12,feu_rouge_devant,Situation maîtrisée
140.75,301.6,0.0,SAFE,12,feu_rouge_devant,Situation maîtrisée
140.80,301.6,0.0,SAFE,12,feu_rouge_devant,Situation maîtrisée
140.85,301.6,0.0,SAFE,12,feu_rouge_devant,Situation maîtrisée
140.90,301.6,0.0,SAFE,12,feu_rouge_devant,Situation maîtrisée
140.95,301.6,0.0,SAFE,12,feu_rouge_devant,Situation maîtrisée
141.00,301.6,0.0,SAFE,12,feu_rouge_devant,Situation maîtrisée
141.05,301.6,0.0,SAFE,12,feu_rouge_devant,Situation maîtrisée
141.10,301.6,0.0,SAFE,12,feu_rouge_devant,Situation maîtrisée
141.15,301.6,0.0,SAFE,12,feu_rouge_devant,Situation maîtrisée
141.20,301.6,0.0,SAFE,12,feu_rouge_devant,Situation maîtrisée
141.25,301.6,0.0,SAFE,12,feu_rouge_devant,Situation maîtrisée
141.30,301.6,0.0,SAFE,12,feu_rouge_devant,Situation maîtrisée
141.35,301.6,0.0,SAFE,12,feu_rouge_devant,Situation maîtrisée
141.40,301.6,0.0,SAFE,12,feu_rouge_devant,Situation maîtrisée
141.45,301.6,0.0,SAFE,12,feu_rouge_devant,Situation maîtrisée
141.50,301.6,0.0,SAFE,12,feu_rouge_devant,Situation maîtrisée
141.55,301.6,0.0,SAFE,12,feu_rouge_devant,Situation maîtrisée
141.60,301.6,0.0,SAFE,12,feu_rouge_devant,Situation maîtrisée
141.65,301.6,0.0,SAFE,12,feu_rouge_devant,Situation maîtrisée
141.70,301.6,0.0,SAFE,12,feu_rouge_devant,Situation maîtrisée
141.75,301.6,0.0,SAFE,12,feu_rouge_devant,Situation maîtrisée
141.80,301.6,0.0,SAFE,12,feu_rouge_devant,Situation maîtrisée
141.85,301.6,0.0,SAFE,12,feu_rouge_devant,Situation maîtrisée
141.90,301.6,0.0,SAFE,12,feu_rouge_devant,Situation maîtrisée
141.95,301.6,0.0,SAFE,12,feu_rouge_devant,Situation maîtrisée
142.00,301.6,0.0,SAFE,12,feu_rouge_devant,Situation maîtrisée
142.05,301.6,0.0,SAFE,12,feu_rouge_devant,Situation maîtrisée
142.10,301.6,0.0,SAFE,12,feu_rouge_devant,Situation maîtrisée
142.15,301.6,0.0,SAFE,12,feu_rouge_devant,Situation maîtrisée
142.20,301.6,0.0,SAFE,12,feu_rouge_devant,Situation maîtrisée
142.25,301.6,0.0,SAFE,12,feu_rouge_devant,Situation maîtrisée
142.30,301.6,0.0,SAFE,12,feu_rouge_devant,Situation maîtrisée
142.35,301.6,0.0,SAFE,12,feu_rouge_devant,Situation maîtrisée
142.40,301.6,0.0,SAFE,12,feu_rouge_devant,Situation maîtrisée
142.45,301.6,0.0,SAFE,12,feu_rouge_devant,Situation maîtrisée
142.50,301.6,0.0,SAFE,12,feu_rouge_devant,Situation maîtrisée
142.55,301.6,0.0,SAFE,12,feu_rouge_devant,Situation maîtrisée
142.60,301.6,0.0,SAFE,12,feu_rouge_devant,Situation maîtrisée
142.65,301.6,0.0,SAFE,12,feu_rouge_devant,Situation maîtrisée
142.70,301.6,0.0,SAFE,12,feu_rouge_devant,Situation maîtrisée
142.75,301.6,0.0,SAFE,12,feu_rouge_devant,Situation maîtrisée
142.80,301.6,0.0,SAFE,12,feu_rouge_devant,Situation maîtrisée
142.85,301.6,0.0,SAFE,12,feu_rouge_devant,Situation maîtrisée
142.90,301.6,0.0,SAFE,12,feu_rouge_devant,Situation maîtrisée
142.95,301.6,0.0,SAFE,12,feu_rouge_devant,Situation maîtrisée
143.00,301.6,0.0,SAFE,12,feu_rouge_devant,Situation maîtrisée
143.05,301.6,0.0,SAFE,12,feu_rouge_devant,Situation maîtrisée
143.10,301.6,0.0,SAFE,12,feu_rouge_devant,Situation maîtrisée
143.15,301.6,0.0,SAFE,12,feu_rouge_devant,Situation maîtrisée
143.20,301.6,0.0,SAFE,12,feu_rouge_devant,Situation maîtrisée
143.25,301.6,0.0,SAFE,12,feu_rouge_devant,Situation maîtrisée
143.30,301.6,0.0,SAFE,12,feu_rouge_devant,Situation maîtrisée
143.35,301.6,0.0,SAFE,12,feu_rouge_devant,Situation maîtrisée
143.40,301.6,0.0,SAFE,12,feu_rouge_devant,Situation maîtrisée
143.45,301.6,0.0,SAFE,12,feu_rouge_devant,Situation maîtrisée
143.50,301.6,0.0,SAFE,12,feu_rouge_devant,Situation maîtrisée
143.55,301.6,0.0,SAFE,12,feu_rouge_devant,Situation maîtrisée
143.60,301.6,0.0,SAFE,12,feu_rouge_devant,Situation maîtrisée
143.65,301.6,0.0,SAFE,12,feu_rouge_devant,Situation maîtrisée
143.70,301.6,0.0,SAFE,12,feu_rouge_devant,Situation maîtrisée
143.75,301.6,0.0,SAFE,12,feu_rouge_devant,Situation maîtrisée
143.80,301.6,0.0,SAFE,12,feu_rouge_devant,Situation maîtrisée
143.85,301.6,0.0,SAFE,12,feu_rouge_devant,Situation maîtrisée
143.90,301.6,0.0,SAFE,12,feu_rouge_devant,Situation maîtrisée
143.95,301.6,0.0,SAFE,12,feu_rouge_devant,Situation maîtrisée
144.00,301.6,0.0,SAFE,12,feu_rouge_devant,Situation maîtrisée
144.05,301.6,0.0,SAFE,12,feu_rouge_devant,Situation maîtrisée
144.10,301.6,0.0,SAFE,12,feu_rouge_devant,Situation maîtrisée
144.15,301.6,0.0,SAFE,12,feu_rouge_devant,Situation maîtrisée
144.20,301.6,0.0,SAFE,12,feu_rouge_devant,Situation maîtrisée
144.25,301.6,0.0,SAFE,12,feu_rouge_devant,Situation maîtrisée
144.30,301.6,0.0,SAFE,12,feu_rouge_devant,Situation maîtrisée
144.35,301.6,0.0,SAFE,12,feu_rouge_devant,Situation maîtrisée
144.40,301.6,0.0,SAFE,12,feu_rouge_devant,Situation maîtrisée
144.45,301.6,0.0,SAFE,12,feu_rouge_devant,Situation maîtrisée
144.50,301.6,0.0,SAFE,12,feu_rouge_devant,Situation maîtrisée
144.55,301.6,0.0,SAFE,12,feu_rouge_devant,Situation maîtrisée
144.60,301.6,0.0,SAFE,12,feu_rouge_devant,Situation maîtrisée
144.65,301.6,0.0,SAFE,12,feu_rouge_devant,Situation maîtrisée
144.70,301.6,0.0,SAFE,12,feu_rouge_devant,Situation maîtrisée
144.75,301.6,0.0,SAFE,11,feu_rouge_devant,Situation maîtrisée
144.80,301.6,0.0,SAFE,11,feu_rouge_devant,Situation maîtrisée
144.85,301.6,0.0,SAFE,11,feu_rouge_devant,Situation maîtrisée
144.90,301.6,0.0,SAFE,11,feu_rouge_devant,Situation maîtrisée
144.95,301.6,0.0,SAFE,11,feu_rouge_devant,Situation maîtrisée
145.00,301.6,0.0,SAFE,11,feu_rouge_devant,Situation maîtrisée
145.05,301.6,0.0,SAFE,11,feu_rouge_devant,Situation maîtrisée
145.10,301.6,0.0,SAFE,11,feu_rouge_devant,Situation maîtrisée
145.15,301.6,0.0,SAFE,11,feu_rouge_devant,Situation maîtrisée
145.20,301.6,0.0,SAFE,11,feu_rouge_devant,Situation maîtrisée
145.25,301.6,0.0,SAFE,11,feu_rouge_devant,Situation maîtrisée
145.30,301.6,0.0,SAFE,11,feu_rouge_devant,Situation maîtrisée
145.35,301.6,0.0,SAFE,11,feu_rouge_devant,Situation maîtrisée
145.40,301.6,0.0,SAFE,11,feu_rouge_devant,Situation maîtrisée
145.45,301.6,0.0,SAFE,11,feu_rouge_devant,Situation maîtrisée
145.50,301.6,0.0,SAFE,11,feu_rouge_devant,Situation maîtrisée
145.55,301.6,0.0,SAFE,11,feu_rouge_devant,Situation maîtrisée
145.60,301.6,0.0,SAFE,11,feu_rouge_devant,Situation maîtrisée
145.65,301.6,0.0,SAFE,11,feu_rouge_devant,Situation maîtrisée
145.70,301.6,0.0,SAFE,11,feu_rouge_devant,Situation maîtrisée
145.75,301.6,0.0,SAFE,11,feu_rouge_devant,Situation maîtrisée
145.80,301.6,0.0,SAFE,11,feu_rouge_devant,Situation maîtrisée
145.85,301.6,0.0,SAFE,11,feu_rouge_devant,Situation maîtrisée
145.90,301.6,0.0,SAFE,11,feu_rouge_devant,Situation maîtrisée
145.95,301.6,0.0,SAFE,11,feu_rouge_devant,Situation maîtrisée
146.00,301.6,0.0,SAFE,11,feu_rouge_devant,Situation maîtrisée
146.05,301.6,0.0,SAFE,11,feu_rouge_devant,Situation maîtrisée
146.10,301.6,0.0,SAFE,11,feu_rouge_devant,Situation maîtrisée
146.15,301.6,0.0,SAFE,12,feu_rouge_devant,Situation maîtrisée
146.20,301.6,0.0,SAFE,12,feu_rouge_devant,Situation maîtrisée
146.25,301.6,0.0,SAFE,12,feu_rouge_devant,Situation maîtrisée
146.30,301.6,0.0,SAFE,12,feu_rouge_devant,Situation maîtrisée
146.35,301.6,0.0,SAFE,12,feu_rouge_devant,Situation maîtrisée
146.40,301.6,0.0,SAFE,12,feu_rouge_devant,Situation maîtrisée
146.45,301.6,0.0,SAFE,12,feu_rouge_devant,Situation maîtrisée
146.50,301.6,0.0,SAFE,12,feu_rouge_devant,Situation maîtrisée
146.55,301.6,0.0,SAFE,12,feu_rouge_devant,Situation maîtrisée
146.60,301.6,0.0,SAFE,12,feu_rouge_devant,Situation maîtrisée
146.65,301.6,0.0,SAFE,12,feu_rouge_devant,Situation maîtrisée
146.70,301.6,0.0,SAFE,12,feu_rouge_devant,Situation maîtrisée
146.75,301.6,0.0,SAFE,12,feu_rouge_devant,Situation maîtrisée
146.80,301.6,0.0,SAFE,12,feu_rouge_devant,Situation maîtrisée
146.85,301.6,0.0,SAFE,12,feu_rouge_devant,Situation maîtrisée
146.90,301.6,0.0,SAFE,12,feu_rouge_devant,Situation maîtrisée
146.95,301.6,0.0,SAFE,12,feu_rouge_devant,Situation maîtrisée
147.00,301.6,0.0,SAFE,12,feu_rouge_devant,Situation maîtrisée
147.05,301.6,0.0,SAFE,12,feu_rouge_devant,Situation maîtrisée
147.10,301.6,0.0,SAFE,12,feu_rouge_devant,Situation maîtrisée
147.15,301.6,0.0,SAFE,12,feu_rouge_devant,Situation maîtrisée
147.20,301.6,0.0,SAFE,12,feu_rouge_devant,Situation maîtrisée
147.25,301.6,0.0,SAFE,12,feu_rouge_devant,Situation maîtrisée
147.30,301.6,0.0,SAFE,12,feu_rouge_devant,Situation maîtrisée
147.35,301.6,0.0,SAFE,12,feu_rouge_devant,Situation maîtrisée
147.40,301.6,0.0,SAFE,12,feu_rouge_devant,Situation maîtrisée
147.45,301.6,0.0,SAFE,12,feu_rouge_devant,Situation maîtrisée
147.50,301.6,0.0,SAFE,12,feu_rouge_devant,Situation maîtrisée
147.55,301.6,0.0,SAFE,12,feu_rouge_devant,Situation maîtrisée
147.60,301.6,0.0,SAFE,12,feu_rouge_devant,Situation maîtrisée
147.65,301.6,0.0,SAFE,11,feu_rouge_devant,Situation maîtrisée
147.70,301.6,0.0,SAFE,11,feu_rouge_devant,Situation maîtrisée
147.75,301.6,0.0,SAFE,11,feu_rouge_devant,Situation maîtrisée
147.80,301.6,0.0,SAFE,11,feu_rouge_devant,Situation maîtrisée
147.85,301.6,0.0,SAFE,11,feu_rouge_devant,Situation maîtrisée
147.90,301.6,0.0,SAFE,11,feu_rouge_devant,Situation maîtrisée
147.95,301.6,0.0,SAFE,11,feu_rouge_devant,Situation maîtrisée
148.00,301.6,0.0,SAFE,11,feu_rouge_devant,Situation maîtrisée
148.05,301.6,0.0,SAFE,11,feu_rouge_devant,Situation maîtrisée
148.10,301.6,0.0,SAFE,11,feu_rouge_devant,Situation maîtrisée
148.15,301.6,0.0,SAFE,11,feu_rouge_devant,Situation maîtrisée
148.20,301.6,0.0,SAFE,11,feu_rouge_devant,Situation maîtrisée
148.25,301.6,0.0,SAFE,11,feu_rouge_devant,Situation maîtrisée
148.30,301.6,0.0,SAFE,11,feu_rouge_devant,Situation maîtrisée
148.35,301.6,0.0,SAFE,11,feu_rouge_devant,Situation maîtrisée
148.40,301.6,0.0,SAFE,11,feu_rouge_devant,Situation maîtrisée
148.45,301.6,0.0,SAFE,11,feu_rouge_devant,Situation maîtrisée
148.50,301.6,0.0,SAFE,11,feu_rouge_devant,Situation maîtrisée
148.55,301.6,0.0,SAFE,11,feu_rouge_devant,Situation maîtrisée
148.60,301.6,0.0,SAFE,11,feu_rouge_devant,Situation maîtrisée
148.65,301.6,0.0,SAFE,11,feu_rouge_devant,Situation maîtrisée
148.70,301.6,0.0,SAFE,11,feu_rouge_devant,Situation maîtrisée
148.75,301.6,0.0,SAFE,11,feu_rouge_devant,Situation maîtrisée
148.80,301.6,0.0,SAFE,11,feu_rouge_devant,Situation maîtrisée
148.85,301.6,0.0,SAFE,11,feu_rouge_devant,Situation maîtrisée
148.90,301.6,0.0,SAFE,11,feu_rouge_devant,Situation maîtrisée
148.95,301.6,0.0,SAFE,11,feu_rouge_devant,Situation maîtrisée
149.00,301.6,0.0,SAFE,11,feu_rouge_devant,Situation maîtrisée
149.05,301.6,0.0,SAFE,11,feu_rouge_devant,Situation maîtrisée
149.10,301.6,0.0,SAFE,11,feu_rouge_devant,Situation maîtrisée
149.15,301.6,0.0,SAFE,11,feu_rouge_devant,Situation maîtrisée
149.20,301.6,0.0,SAFE,11,feu_rouge_devant,Situation maîtrisée
149.25,301.6,0.0,SAFE,11,feu_rouge_devant,Situation maîtrisée
149.30,301.6,0.0,SAFE,11,feu_rouge_devant,Situation maîtrisée
149.35,301.6,0.0,SAFE,11,feu_rouge_devant,Situation maîtrisée
149.40,301.6,0.0,SAFE,11,feu_rouge_devant,Situation maîtrisée
149.45,301.6,0.0,SAFE,11,feu_rouge_devant,Situation maîtrisée
149.50,301.6,0.0,SAFE,11,feu_rouge_devant,Situation maîtrisée
149.55,301.6,0.0,SAFE,11,feu_rouge_devant,Situation maîtrisée
149.60,301.6,0.0,SAFE,11,feu_rouge_devant,Situation maîtrisée
149.65,301.6,0.0,SAFE,11,feu_rouge_devant,Situation maîtrisée
149.70,301.6,0.0,SAFE,11,feu_rouge_devant,Situation maîtrisée
149.75,301.6,0.0,SAFE,11,feu_rouge_devant,Situation maîtrisée
149.80,301.6,0.0,SAFE,11,feu_rouge_devant,Situation maîtrisée
149.85,301.6,0.0,SAFE,11,feu_rouge_devant,Situation maîtrisée
149.90,301.6,0.0,SAFE,11,feu_rouge_devant,Situation maîtrisée
149.95,301.6,0.0,SAFE,11,feu_rouge_devant,Situation maîtrisée
150.00,301.6,0.0,SAFE,11,feu_rouge_devant,Situation maîtrisée
150.05,301.6,0.0,SAFE,11,feu_rouge_devant,Situation maîtrisée
150.10,301.6,0.0,SAFE,11,feu_rouge_devant,Situation maîtrisée
150.15,301.6,0.0,SAFE,11,feu_rouge_devant,Situation maîtrisée
150.20,301.6,0.0,SAFE,11,feu_rouge_devant,Situation maîtrisée
150.25,301.6,0.0,SAFE,11,feu_rouge_devant,Situation maîtrisée
150.30,301.6,0.0,SAFE,11,feu_rouge_devant,Situation maîtrisée
150.35,301.6,0.0,SAFE,11,feu_rouge_devant,Situation maîtrisée
150.40,301.6,0.0,SAFE,11,feu_rouge_devant,Situation maîtrisée
150.45,301.6,0.0,SAFE,11,feu_rouge_devant,Situation maîtrisée
150.50,301.6,0.0,SAFE,11,feu_rouge_devant,Situation maîtrisée
150.55,301.6,0.0,SAFE,11,feu_rouge_devant,Situation maîtrisée
150.60,301.6,0.0,SAFE,11,feu_rouge_devant,Situation maîtrisée
150.65,301.6,0.0,SAFE,11,feu_rouge_devant,Situation maîtrisée
150.70,301.6,0.0,SAFE,11,feu_rouge_devant,Situation maîtrisée
150.75,301.6,0.0,SAFE,11,feu_rouge_devant,Situation maîtrisée
150.80,301.6,0.0,SAFE,11,feu_rouge_devant,Situation maîtrisée
150.85,301.6,0.0,SAFE,11,feu_rouge_devant,Situation maîtrisée
150.90,301.6,0.0,SAFE,11,feu_rouge_devant,Situation maîtrisée
150.95,301.6,0.0,SAFE,11,feu_rouge_devant,Situation maîtrisée
151.00,301.6,0.0,SAFE,11,feu_rouge_devant,Situation maîtrisée
151.05,301.6,0.0,SAFE,11,feu_rouge_devant,Situation maîtrisée
151.10,301.6,0.0,SAFE,11,feu_rouge_devant,Situation maîtrisée
151.15,301.6,0.0,SAFE,11,feu_rouge_devant,Situation maîtrisée
151.20,301.6,0.0,SAFE,11,feu_rouge_devant,Situation maîtrisée
151.25,301.6,0.0,SAFE,11,feu_rouge_devant,Situation maîtrisée
151.30,301.6,0.0,SAFE,11,feu_rouge_devant,Situation maîtrisée
151.35,301.6,0.0,SAFE,11,feu_rouge_devant,Situation maîtrisée
151.40,301.6,0.0,SAFE,11,feu_rouge_devant,Situation maîtrisée
151.45,301.6,0.0,SAFE,10,feu_rouge_devant,Situation maîtrisée
151.50,301.6,0.0,SAFE,10,feu_rouge_devant,Situation maîtrisée
151.55,301.6,0.0,SAFE,10,feu_rouge_devant,Situation maîtrisée
151.60,301.6,0.0,SAFE,10,feu_rouge_devant,Situation maîtrisée
151.65,301.6,0.0,SAFE,10,feu_rouge_devant,Situation maîtrisée
151.70,301.6,0.0,SAFE,10,feu_rouge_devant,Situation maîtrisée
151.75,301.6,0.0,SAFE,10,feu_rouge_devant,Situation maîtrisée
151.80,301.6,0.0,SAFE,10,feu_rouge_devant,Situation maîtrisée
151.85,301.6,0.0,SAFE,10,feu_rouge_devant,Situation maîtrisée
151.90,301.6,0.0,SAFE,10,feu_rouge_devant,Situation maîtrisée
151.95,301.6,0.0,SAFE,10,feu_rouge_devant,Situation maîtrisée
152.00,301.6,0.0,SAFE,10,feu_rouge_devant,Situation maîtrisée
152.05,301.6,0.0,SAFE,10,feu_rouge_devant,Situation maîtrisée
152.10,301.6,0.0,SAFE,10,feu_rouge_devant,Situation maîtrisée
152.15,301.6,0.0,SAFE,10,feu_rouge_devant,Situation maîtrisée
152.20,301.6,0.0,SAFE,10,feu_rouge_devant,Situation maîtrisée
152.25,301.6,0.0,SAFE,10,feu_rouge_devant,Situation maîtrisée
152.30,301.6,0.0,SAFE,10,feu_rouge_devant,Situation maîtrisée
152.35,301.6,0.0,SAFE,10,feu_rouge_devant,Situation maîtrisée
152.40,301.6,0.0,SAFE,10,feu_rouge_devant,Situation maîtrisée
152.45,301.6,0.0,SAFE,10,feu_rouge_devant,Situation maîtrisée
152.50,301.6,0.0,SAFE,10,feu_rouge_devant,Situation maîtrisée
152.55,301.6,0.0,SAFE,10,feu_rouge_devant,Situation maîtrisée
152.60,301.6,0.0,SAFE,10,feu_rouge_devant,Situation maîtrisée
152.65,301.6,0.0,SAFE,10,feu_rouge_devant,Situation maîtrisée
152.70,301.6,0.0,SAFE,10,feu_rouge_devant,Situation maîtrisée
152.75,301.6,0.0,SAFE,10,feu_rouge_devant,Situation maîtrisée
152.80,301.6,0.0,SAFE,10,feu_rouge_devant,Situation maîtrisée
152.85,301.6,0.0,SAFE,10,feu_rouge_devant,Situation maîtrisée
152.90,301.6,0.0,SAFE,10,feu_rouge_devant,Situation maîtrisée
152.95,301.6,0.0,SAFE,10,feu_rouge_devant,Situation maîtrisée
153.00,301.6,0.0,SAFE,10,feu_rouge_devant,Situation maîtrisée
153.05,301.6,0.0,SAFE,10,feu_rouge_devant,Situation maîtrisée
153.10,301.6,0.0,SAFE,10,feu_rouge_devant,Situation maîtrisée
153.15,301.6,0.0,SAFE,10,feu_rouge_devant,Situation maîtrisée
153.20,301.6,0.0,SAFE,10,feu_rouge_devant,Situation maîtrisée
153.25,301.6,0.0,SAFE,10,feu_rouge_devant,Situation maîtrisée
153.30,301.6,0.0,SAFE,10,feu_rouge_devant,Situation maîtrisée
153.35,301.6,0.0,SAFE,10,feu_rouge_devant,Situation maîtrisée
153.40,301.6,0.0,SAFE,10,feu_rouge_devant,Situation maîtrisée
153.45,301.6,0.0,SAFE,10,feu_rouge_devant,Situation maîtrisée
153.50,301.6,0.0,SAFE,10,feu_rouge_devant,Situation maîtrisée
153.55,301.6,0.0,SAFE,10,feu_rouge_devant,Situation maîtrisée
153.60,301.6,0.0,SAFE,10,feu_rouge_devant,Situation maîtrisée
153.65,301.6,0.0,SAFE,10,feu_rouge_devant,Situation maîtrisée
153.70,301.6,0.0,SAFE,10,feu_rouge_devant,Situation maîtrisée
153.75,301.6,0.0,SAFE,10,feu_rouge_devant,Situation maîtrisée
153.80,301.6,0.0,SAFE,10,feu_rouge_devant,Situation maîtrisée
153.85,301.6,0.0,SAFE,10,feu_rouge_devant,Situation maîtrisée
153.90,301.6,0.0,SAFE,10,feu_rouge_devant,Situation maîtrisée
153.95,301.6,0.0,SAFE,10,feu_rouge_devant,Situation maîtrisée
154.00,301.6,0.0,SAFE,10,feu_rouge_devant,Situation maîtrisée
154.05,301.6,0.0,SAFE,10,feu_rouge_devant,Situation maîtrisée
154.10,301.6,0.0,SAFE,10,feu_rouge_devant,Situation maîtrisée
154.15,301.6,0.0,SAFE,10,feu_rouge_devant,Situation maîtrisée
154.20,301.6,0.0,SAFE,10,feu_rouge_devant,Situation maîtrisée
154.25,301.6,0.0,SAFE,10,feu_rouge_devant,Situation maîtrisée
154.30,301.6,0.0,SAFE,10,feu_rouge_devant,Situation maîtrisée
154.35,301.6,0.0,SAFE,10,feu_rouge_devant,Situation maîtrisée
154.40,301.6,0.0,SAFE,10,feu_rouge_devant,Situation maîtrisée
154.45,301.6,0.0,SAFE,10,feu_rouge_devant,Situation maîtrisée
154.50,301.6,0.0,SAFE,10,feu_rouge_devant,Situation maîtrisée
154.55,301.6,0.0,SAFE,10,feu_rouge_devant,Situation maîtrisée
154.60,301.6,0.0,SAFE,10,feu_rouge_devant,Situation maîtrisée
154.65,301.6,0.0,SAFE,10,feu_rouge_devant,Situation maîtrisée
154.70,301.6,0.0,SAFE,10,feu_rouge_devant,Situation maîtrisée
154.75,301.6,0.0,SAFE,10,feu_rouge_devant,Situation maîtrisée
154.80,301.6,0.0,SAFE,10,feu_rouge_devant,Situation maîtrisée
154.85,301.6,0.0,SAFE,10,feu_rouge_devant,Situation maîtrisée
154.90,301.6,0.0,SAFE,10,feu_rouge_devant,Situation maîtrisée
154.95,301.6,0.0,SAFE,10,feu_rouge_devant,Situation maîtrisée
155.00,301.6,0.0,SAFE,10,feu_rouge_devant,Situation maîtrisée
155.05,301.6,0.0,SAFE,10,feu_rouge_devant,Situation maîtrisée
155.10,301.6,0.0,SAFE,10,feu_rouge_devant,Situation maîtrisée
155.15,301.6,0.0,SAFE,10,feu_rouge_devant,Situation maîtrisée
155.20,301.6,0.0,SAFE,10,feu_rouge_devant,Situation maîtrisée
155.25,301.6,0.0,SAFE,10,feu_rouge_devant,Situation maîtrisée
155.30,301.6,0.0,SAFE,9,feu_rouge_devant,Situation maîtrisée
155.35,301.6,0.0,SAFE,9,feu_rouge_devant,Situation maîtrisée
155.40,301.6,0.0,SAFE,9,feu_rouge_devant,Situation maîtrisée
155.45,301.6,0.0,SAFE,9,feu_rouge_devant,Situation maîtrisée
155.50,301.6,0.0,SAFE,9,feu_rouge_devant,Situation maîtrisée
155.55,301.6,0.0,SAFE,9,feu_rouge_devant,Situation maîtrisée
155.60,301.6,0.0,SAFE,9,feu_rouge_devant,Situation maîtrisée
155.65,301.6,0.0,SAFE,9,feu_rouge_devant,Situation maîtrisée
155.70,301.6,0.0,SAFE,9,feu_rouge_devant,Situation maîtrisée
155.75,301.6,0.0,SAFE,9,feu_rouge_devant,Situation maîtrisée
155.80,301.6,0.0,SAFE,9,feu_rouge_devant,Situation maîtrisée
155.85,301.6,0.0,SAFE,9,feu_rouge_devant,Situation maîtrisée
155.90,301.6,0.0,SAFE,9,feu_rouge_devant,Situation maîtrisée
155.95,301.6,0.0,SAFE,9,feu_rouge_devant,Situation maîtrisée
156.00,301.6,0.0,SAFE,9,feu_rouge_devant,Situation maîtrisée
156.05,301.6,0.0,SAFE,9,feu_rouge_devant,Situation maîtrisée
156.10,301.6,0.0,SAFE,8,feu_rouge_devant,Situation maîtrisée
156.15,301.6,0.0,SAFE,8,feu_rouge_devant,Situation maîtrisée
156.20,301.6,0.0,SAFE,8,feu_rouge_devant,Situation maîtrisée
156.25,301.6,0.0,SAFE,8,feu_rouge_devant,Situation maîtrisée
156.30,301.6,0.0,SAFE,8,feu_rouge_devant,Situation maîtrisée
156.35,301.6,0.0,SAFE,8,feu_rouge_devant,Situation maîtrisée
156.40,301.6,0.0,SAFE,8,feu_rouge_devant,Situation maîtrisée
156.45,301.6,0.0,SAFE,8,feu_rouge_devant,Situation maîtrisée
156.50,301.6,0.0,SAFE,8,feu_rouge_devant,Situation maîtrisée
156.55,301.6,0.0,SAFE,8,feu_rouge_devant,Situation maîtrisée
156.60,301.6,0.0,SAFE,8,feu_rouge_devant,Situation maîtrisée
156.65,301.6,0.0,SAFE,8,feu_rouge_devant,Situation maîtrisée
156.70,301.6,0.0,SAFE,8,feu_rouge_devant,Situation maîtrisée
156.75,301.6,0.0,SAFE,8,feu_rouge_devant,Situation maîtrisée
156.80,301.6,0.0,SAFE,8,feu_rouge_devant,Situation maîtrisée
156.85,301.6,0.0,SAFE,8,feu_rouge_devant,Situation maîtrisée
156.90,301.6,0.0,SAFE,8,feu_rouge_devant,Situation maîtrisée
156.95,301.6,0.0,SAFE,8,feu_rouge_devant,Situation maîtrisée
157.00,301.6,0.0,SAFE,8,feu_rouge_devant,Situation maîtrisée
157.05,301.6,0.0,SAFE,8,feu_rouge_devant,Situation maîtrisée
157.10,301.6,0.0,SAFE,8,feu_rouge_devant,Situation maîtrisée
157.15,301.6,0.0,SAFE,8,feu_rouge_devant,Situation maîtrisée
157.20,301.6,0.0,SAFE,8,feu_rouge_devant,Situation maîtrisée
157.25,301.6,0.0,SAFE,8,feu_rouge_devant,Situation maîtrisée
157.30,301.6,0.0,SAFE,7,feu_rouge_devant,Situation maîtrisée
157.35,301.6,0.0,SAFE,7,feu_rouge_devant,Situation maîtrisée
157.40,301.6,0.0,SAFE,7,feu_rouge_devant,Situation maîtrisée
157.45,301.6,0.0,SAFE,7,feu_rouge_devant,Situation maîtrisée
157.50,301.6,0.0,SAFE,7,feu_rouge_devant,Situation maîtrisée
157.55,301.6,0.0,SAFE,7,feu_rouge_devant,Situation maîtrisée
157.60,301.6,0.0,SAFE,7,feu_rouge_devant,Situation maîtrisée
157.65,301.6,0.0,SAFE,7,feu_rouge_devant,Situation maîtrisée
157.70,301.6,0.0,SAFE,7,feu_rouge_devant,Situation maîtrisée
157.75,301.6,0.0,SAFE,7,feu_rouge_devant,Situation maîtrisée
157.80,301.6,0.0,SAFE,7,feu_rouge_devant,Situation maîtrisée
157.85,301.6,0.0,SAFE,7,feu_rouge_devant,Situation maîtrisée
157.90,301.6,0.0,SAFE,7,feu_rouge_devant,Situation maîtrisée
157.95,301.6,0.0,SAFE,7,feu_rouge_devant,Situation maîtrisée
158.00,301.6,0.0,SAFE,7,feu_rouge_devant,Situation maîtrisée
158.05,301.6,0.0,SAFE,7,feu_rouge_devant,Situation maîtrisée
158.10,301.6,0.0,SAFE,7,feu_rouge_devant,Situation maîtrisée
158.15,301.6,0.0,SAFE,7,feu_rouge_devant,Situation maîtrisée
158.20,301.6,0.0,SAFE,7,feu_rouge_devant,Situation maîtrisée
158.25,301.6,0.0,SAFE,7,feu_rouge_devant,Situation maîtrisée
158.30,301.6,0.0,SAFE,7,feu_rouge_devant,Situation maîtrisée
158.35,301.6,0.0,SAFE,7,feu_rouge_devant,Situation maîtrisée
158.40,301.6,0.0,SAFE,7,feu_rouge_devant,Situation maîtrisée
158.45,301.6,0.0,SAFE,7,feu_rouge_devant,Situation maîtrisée
158.50,301.6,0.0,SAFE,7,feu_rouge_devant,Situation maîtrisée
158.55,301.6,0.0,SAFE,7,feu_rouge_devant,Situation maîtrisée
158.60,301.6,0.0,SAFE,8,feu_rouge_devant,Situation maîtrisée
158.65,301.6,0.0,SAFE,8,feu_rouge_devant,Situation maîtrisée
158.70,301.6,0.0,SAFE,8,feu_rouge_devant,Situation maîtrisée
158.75,301.6,0.0,SAFE,7,feu_rouge_devant,Situation maîtrisée
158.80,301.6,0.0,SAFE,7,feu_rouge_devant,Situation maîtrisée
158.85,301.6,0.0,SAFE,7,feu_rouge_devant,Situation maîtrisée
158.90,301.6,0.0,SAFE,7,feu_rouge_devant,Situation maîtrisée
158.95,301.6,0.0,SAFE,7,feu_rouge_devant,Situation maîtrisée
159.00,301.6,0.0,SAFE,7,feu_rouge_devant,Situation maîtrisée
159.05,301.6,0.0,SAFE,7,feu_rouge_devant,Situation maîtrisée
159.10,301.6,0.0,SAFE,7,feu_rouge_devant,Situation maîtrisée
159.15,301.6,0.0,SAFE,7,feu_rouge_devant,Situation maîtrisée
159.20,301.6,0.0,SAFE,7,feu_rouge_devant,Situation maîtrisée
159.25,301.6,0.0,SAFE,7,feu_rouge_devant,Situation maîtrisée
159.30,301.6,0.0,SAFE,7,feu_rouge_devant,Situation maîtrisée
159.35,301.6,0.0,SAFE,7,feu_rouge_devant,Situation maîtrisée
159.40,301.6,0.0,SAFE,7,feu_rouge_devant,Situation maîtrisée
159.45,301.6,0.0,SAFE,7,feu_rouge_devant,Situation maîtrisée
159.50,301.6,0.0,SAFE,7,feu_rouge_devant,Situation maîtrisée
159.55,301.6,0.0,SAFE,7,feu_rouge_devant,Situation maîtrisée
159.60,301.6,0.0,SAFE,8,feu_rouge_devant,Situation maîtrisée
159.65,301.6,0.0,SAFE,8,feu_rouge_devant,Situation maîtrisée
159.70,301.6,0.0,SAFE,8,feu_rouge_devant,Situation maîtrisée
159.75,301.6,0.0,SAFE,8,feu_rouge_devant,Situation maîtrisée
159.80,301.6,0.0,SAFE,8,feu_rouge_devant,Situation maîtrisée
159.85,301.6,0.0,SAFE,8,feu_rouge_devant,Situation maîtrisée
159.90,301.6,0.0,SAFE,8,feu_rouge_devant,Situation maîtrisée
159.95,301.6,0.0,SAFE,8,feu_rouge_devant,Situation maîtrisée
160.00,301.6,0.0,SAFE,8,feu_rouge_devant,Situation maîtrisée
160.05,301.6,0.0,SAFE,8,feu_rouge_devant,Situation maîtrisée
160.10,301.6,0.0,SAFE,8,feu_rouge_devant,Situation maîtrisée
160.15,301.6,0.0,SAFE,8,feu_rouge_devant,Situation maîtrisée
160.20,301.6,0.0,SAFE,8,feu_rouge_devant,Situation maîtrisée
160.25,301.6,0.0,SAFE,8,feu_rouge_devant,Situation maîtrisée
160.30,301.6,0.0,SAFE,8,feu_rouge_devant,Situation maîtrisée
160.35,301.6,0.0,SAFE,8,feu_rouge_devant,Situation maîtrisée
160.40,301.6,0.0,SAFE,8,feu_rouge_devant,Situation maîtrisée
160.45,301.6,0.0,SAFE,8,feu_rouge_devant,Situation maîtrisée
160.50,301.6,0.0,SAFE,8,feu_rouge_devant,Situation maîtrisée
160.55,301.6,0.0,SAFE,8,feu_rouge_devant,Situation maîtrisée
160.60,301.6,0.0,SAFE,8,feu_rouge_devant,Situation maîtrisée
160.65,301.6,0.0,SAFE,8,feu_rouge_devant,Situation maîtrisée
160.70,301.6,0.0,SAFE,8,feu_rouge_devant,Situation maîtrisée
160.75,301.6,0.0,SAFE,8,feu_rouge_devant,Situation maîtrisée
160.80,301.6,0.0,SAFE,8,feu_rouge_devant,Situation maîtrisée
160.85,301.6,0.0,SAFE,8,feu_rouge_devant,Situation maîtrisée
160.90,301.6,0.0,SAFE,8,feu_rouge_devant,Situation maîtrisée
160.95,301.6,0.0,SAFE,8,feu_rouge_devant,Situation maîtrisée
161.00,301.6,0.0,SAFE,8,feu_rouge_devant,Situation maîtrisée
161.05,301.6,0.0,SAFE,8,feu_rouge_devant,Situation maîtrisée
161.10,301.6,0.0,SAFE,8,feu_rouge_devant,Situation maîtrisée
161.15,301.6,0.0,SAFE,8,feu_rouge_devant,Situation maîtrisée
161.20,301.6,0.0,SAFE,8,feu_rouge_devant,Situation maîtrisée
161.25,301.6,0.0,SAFE,8,feu_rouge_devant,Situation maîtrisée
161.30,301.6,0.0,SAFE,8,feu_rouge_devant,Situation maîtrisée
161.35,301.6,0.0,SAFE,8,feu_rouge_devant,Situation maîtrisée
161.40,301.6,0.0,SAFE,8,feu_rouge_devant,Situation maîtrisée
161.45,301.6,0.0,SAFE,8,feu_rouge_devant,Situation maîtrisée
161.50,301.6,0.0,SAFE,8,feu_rouge_devant,Situation maîtrisée
161.55,301.6,0.0,SAFE,8,feu_rouge_devant,Situation maîtrisée
161.60,301.6,0.0,SAFE,8,feu_rouge_devant,Situation maîtrisée
161.65,301.6,0.0,SAFE,8,feu_rouge_devant,Situation maîtrisée
161.70,301.6,0.0,SAFE,8,feu_rouge_devant,Situation maîtrisée
161.75,301.6,0.0,SAFE,7,feu_rouge_devant,Situation maîtrisée
161.80,301.6,0.0,SAFE,7,feu_rouge_devant,Situation maîtrisée
161.85,301.6,0.0,SAFE,7,feu_rouge_devant,Situation maîtrisée
161.90,301.6,0.0,SAFE,7,feu_rouge_devant,Situation maîtrisée
161.95,301.6,0.0,SAFE,7,feu_rouge_devant,Situation maîtrisée
162.00,301.6,0.0,SAFE,7,feu_rouge_devant,Situation maîtrisée
162.05,301.6,0.0,SAFE,7,feu_rouge_devant,Situation maîtrisée
162.10,301.6,0.0,SAFE,7,feu_rouge_devant,Situation maîtrisée
162.15,301.6,0.0,SAFE,7,feu_rouge_devant,Situation maîtrisée
162.20,301.6,0.0,SAFE,7,feu_rouge_devant,Situation maîtrisée
162.25,301.6,0.0,SAFE,7,feu_rouge_devant,Situation maîtrisée
162.30,301.6,0.0,SAFE,7,feu_rouge_devant,Situation maîtrisée
162.35,301.6,0.0,SAFE,7,feu_rouge_devant,Situation maîtrisée
162.40,301.6,0.0,SAFE,7,feu_rouge_devant,Situation maîtrisée
162.45,301.6,0.0,SAFE,7,feu_rouge_devant,Situation maîtrisée
162.50,301.6,0.0,SAFE,7,feu_rouge_devant,Situation maîtrisée
162.55,301.6,0.0,SAFE,7,feu_rouge_devant,Situation maîtrisée
162.60,301.6,0.0,SAFE,7,feu_rouge_devant,Situation maîtrisée
162.65,301.6,0.0,SAFE,7,feu_rouge_devant,Situation maîtrisée
162.70,301.6,0.0,SAFE,7,feu_rouge_devant,Situation maîtrisée
162.75,301.6,0.0,SAFE,7,feu_rouge_devant,Situation maîtrisée
162.80,301.6,0.0,SAFE,7,feu_rouge_devant,Situation maîtrisée
162.85,301.6,0.0,SAFE,7,feu_rouge_devant,Situation maîtrisée
162.90,301.6,0.0,SAFE,7,feu_rouge_devant,Situation maîtrisée
162.95,301.6,0.0,SAFE,7,feu_rouge_devant,Situation maîtrisée
163.00,301.6,0.0,SAFE,7,feu_rouge_devant,Situation maîtrisée
163.05,301.6,0.0,SAFE,7,feu_rouge_devant,Situation maîtrisée
163.10,301.6,0.0,SAFE,7,feu_rouge_devant,Situation maîtrisée
163.15,301.6,0.0,SAFE,7,feu_rouge_devant,Situation maîtrisée
163.20,301.6,0.0,SAFE,7,feu_rouge_devant,Situation maîtrisée
163.25,301.6,0.0,SAFE,7,feu_rouge_devant,Situation maîtrisée
163.30,301.6,0.0,SAFE,7,feu_rouge_devant,Situation maîtrisée
163.35,301.6,0.0,SAFE,7,feu_rouge_devant,Situation maîtrisée
163.40,301.6,0.0,SAFE,7,feu_rouge_devant,Situation maîtrisée
163.45,301.6,0.0,SAFE,7,feu_rouge_devant,Situation maîtrisée
163.50,301.6,0.0,SAFE,7,feu_rouge_devant,Situation maîtrisée
163.55,301.6,0.0,SAFE,7,feu_rouge_devant,Situation maîtrisée
163.60,301.6,0.0,SAFE,7,feu_rouge_devant,Situation maîtrisée
163.65,301.6,0.0,SAFE,7,feu_rouge_devant,Situation maîtrisée
163.70,301.6,0.0,SAFE,7,feu_rouge_devant,Situation maîtrisée
163.75,301.6,0.0,SAFE,7,feu_rouge_devant,Situation maîtrisée
163.80,301.6,0.0,SAFE,7,feu_rouge_devant,Situation maîtrisée
163.85,301.6,0.0,SAFE,7,feu_rouge_devant,Situation maîtrisée
163.90,301.6,0.0,SAFE,7,feu_rouge_devant,Situation maîtrisée
163.95,301.6,0.0,SAFE,7,feu_rouge_devant,Situation maîtrisée
164.00,301.6,0.0,SAFE,7,feu_rouge_devant,Situation maîtrisée
164.05,301.6,0.0,SAFE,7,feu_rouge_devant,Situation maîtrisée
164.10,301.6,0.0,SAFE,7,feu_rouge_devant,Situation maîtrisée
164.15,301.6,0.0,SAFE,7,feu_rouge_devant,Situation maîtrisée
164.20,301.6,0.0,SAFE,7,feu_rouge_devant,Situation maîtrisée
164.25,301.6,0.0,SAFE,7,feu_rouge_devant,Situation maîtrisée
164.30,301.6,0.0,SAFE,7,feu_rouge_devant,Situation maîtrisée
164.35,301.6,0.0,SAFE,7,feu_rouge_devant,Situation maîtrisée
164.40,301.6,0.0,SAFE,7,feu_rouge_devant,Situation maîtrisée
164.45,301.6,0.0,SAFE,7,feu_rouge_devant,Situation maîtrisée
164.50,301.6,0.0,SAFE,7,feu_rouge_devant,Situation maîtrisée
164.55,301.6,0.0,SAFE,7,feu_rouge_devant,Situation maîtrisée
164.60,301.6,0.0,SAFE,7,feu_rouge_devant,Situation maîtrisée
164.65,301.6,0.0,SAFE,7,feu_rouge_devant,Situation maîtrisée
164.70,301.6,0.0,SAFE,7,feu_rouge_devant,Situation maîtrisée
164.75,301.6,0.0,SAFE,7,feu_rouge_devant,Situation maîtrisée
164.80,301.6,0.0,SAFE,7,feu_rouge_devant,Situation maîtrisée
164.85,301.6,0.0,SAFE,7,feu_rouge_devant,Situation maîtrisée
164.90,301.6,0.0,SAFE,7,feu_rouge_devant,Situation maîtrisée
164.95,301.6,0.0,SAFE,7,feu_rouge_devant,Situation maîtrisée
165.00,301.6,0.0,SAFE,7,feu_rouge_devant,Situation maîtrisée
165.05,301.6,0.0,SAFE,7,feu_rouge_devant,Situation maîtrisée
165.10,301.6,0.0,SAFE,7,feu_rouge_devant,Situation maîtrisée
165.15,301.6,0.0,SAFE,7,feu_rouge_devant,Situation maîtrisée
165.20,301.6,0.0,SAFE,7,feu_rouge_devant,Situation maîtrisée
165.25,301.6,0.0,SAFE,7,feu_rouge_devant,Situation maîtrisée
165.30,301.6,0.0,SAFE,6,feu_rouge_devant,Situation maîtrisée
165.35,301.6,0.0,SAFE,6,feu_rouge_devant,Situation maîtrisée
165.40,301.6,0.0,SAFE,6,feu_rouge_devant,Situation maîtrisée
165.45,301.6,0.0,SAFE,6,feu_rouge_devant,Situation maîtrisée
165.50,301.6,0.0,SAFE,6,feu_rouge_devant,Situation maîtrisée
165.55,301.6,0.0,SAFE,6,feu_rouge_devant,Situation maîtrisée
165.60,301.6,0.0,SAFE,6,feu_rouge_devant,Situation maîtrisée
165.65,301.6,0.0,SAFE,6,feu_rouge_devant,Situation maîtrisée
165.70,301.6,0.0,SAFE,6,feu_rouge_devant,Situation maîtrisée
165.75,301.6,0.0,SAFE,6,feu_rouge_devant,Situation maîtrisée
165.80,301.6,0.0,SAFE,6,feu_rouge_devant,Situation maîtrisée
165.85,301.6,0.0,SAFE,6,feu_rouge_devant,Situation maîtrisée
165.90,301.6,0.0,SAFE,6,feu_rouge_devant,Situation maîtrisée
165.95,301.6,0.0,SAFE,6,feu_rouge_devant,Situation maîtrisée
166.00,301.6,0.0,SAFE,6,feu_rouge_devant,Situation maîtrisée
166.05,301.6,0.0,SAFE,6,feu_rouge_devant,Situation maîtrisée
166.10,301.6,0.0,SAFE,6,feu_rouge_devant,Situation maîtrisée
166.15,301.6,0.0,SAFE,6,feu_rouge_devant,Situation maîtrisée
166.20,301.6,0.0,SAFE,6,feu_rouge_devant,Situation maîtrisée
166.25,301.6,0.0,SAFE,6,feu_rouge_devant,Situation maîtrisée
166.30,301.6,0.0,SAFE,6,feu_rouge_devant,Situation maîtrisée
166.35,301.6,0.0,SAFE,6,feu_rouge_devant,Situation maîtrisée
166.40,301.6,0.0,SAFE,6,feu_rouge_devant,Situation maîtrisée
166.45,301.6,0.0,SAFE,6,feu_rouge_devant,Situation maîtrisée
166.50,301.6,0.0,SAFE,6,feu_rouge_devant,Situation maîtrisée
166.55,301.6,0.0,SAFE,6,feu_rouge_devant,Situation maîtrisée
166.60,301.6,0.0,SAFE,6,feu_rouge_devant,Situation maîtrisée
166.65,301.6,0.0,SAFE,6,feu_rouge_devant,Situation maîtrisée
166.70,301.6,0.0,SAFE,6,feu_rouge_devant,Situation maîtrisée
166.75,301.6,0.0,SAFE,7,feu_rouge_devant,Situation maîtrisée
166.80,301.6,0.0,SAFE,7,feu_rouge_devant,Situation maîtrisée
166.85,301.6,0.0,SAFE,7,feu_rouge_devant,Situation maîtrisée
166.90,301.6,0.0,SAFE,7,feu_rouge_devant,Situation maîtrisée
166.95,301.6,0.0,SAFE,7,feu_rouge_devant,Situation maîtrisée
167.00,301.6,0.0,SAFE,7,feu_rouge_devant,Situation maîtrisée
167.05,301.6,0.0,SAFE,7,feu_rouge_devant,Situation maîtrisée
167.10,301.6,0.0,SAFE,7,feu_rouge_devant,Situation maîtrisée
167.15,301.6,0.0,SAFE,7,feu_rouge_devant,Situation maîtrisée
167.20,301.6,0.0,SAFE,7,feu_rouge_devant,Situation maîtrisée
167.25,301.6,0.0,SAFE,7,feu_rouge_devant,Situation maîtrisée
167.30,301.6,0.0,SAFE,7,feu_rouge_devant,Situation maîtrisée
167.35,301.6,0.0,SAFE,7,feu_rouge_devant,Situation maîtrisée
167.40,301.6,0.0,SAFE,7,feu_rouge_devant,Situation maîtrisée
167.45,301.6,0.0,SAFE,7,feu_rouge_devant,Situation maîtrisée
167.50,301.6,0.0,SAFE,7,feu_rouge_devant,Situation maîtrisée
167.55,301.6,0.0,SAFE,7,feu_rouge_devant,Situation maîtrisée
167.60,301.6,0.0,SAFE,7,feu_rouge_devant,Situation maîtrisée
167.65,301.6,0.0,SAFE,7,feu_rouge_devant,Situation maîtrisée
167.70,301.6,0.0,SAFE,7,feu_rouge_devant,Situation maîtrisée
167.75,301.6,0.0,SAFE,7,feu_rouge_devant,Situation maîtrisée
167.80,301.6,0.0,SAFE,7,feu_rouge_devant,Situation maîtrisée
167.85,301.6,0.0,SAFE,7,feu_rouge_devant,Situation maîtrisée
167.90,301.6,0.0,SAFE,7,feu_rouge_devant,Situation maîtrisée
167.95,301.6,0.0,SAFE,7,feu_rouge_devant,Situation maîtrisée
168.00,301.6,0.0,SAFE,7,feu_rouge_devant,Situation maîtrisée
168.05,301.6,0.0,SAFE,7,feu_rouge_devant,Situation maîtrisée
168.10,301.6,0.0,SAFE,7,feu_rouge_devant,Situation maîtrisée
168.15,301.6,0.0,SAFE,7,feu_rouge_devant,Situation maîtrisée
168.20,301.6,0.0,SAFE,7,feu_rouge_devant,Situation maîtrisée
168.25,301.6,0.0,SAFE,7,feu_rouge_devant,Situation maîtrisée
168.30,301.6,0.0,SAFE,7,feu_rouge_devant,Situation maîtrisée
168.35,301.6,0.0,SAFE,7,feu_rouge_devant,Situation maîtrisée
168.40,301.6,0.0,SAFE,7,feu_rouge_devant,Situation maîtrisée
168.45,301.6,0.0,SAFE,7,feu_rouge_devant,Situation maîtrisée
168.50,301.6,0.0,SAFE,7,feu_rouge_devant,Situation maîtrisée
168.55,301.6,0.0,SAFE,7,feu_rouge_devant,Situation maîtrisée
168.60,301.6,0.0,SAFE,7,feu_rouge_devant,Situation maîtrisée
168.65,301.6,0.0,SAFE,7,feu_rouge_devant,Situation maîtrisée
168.70,301.6,0.0,SAFE,7,feu_rouge_devant,Situation maîtrisée
168.75,301.6,0.0,SAFE,7,feu_rouge_devant,Situation maîtrisée
168.80,301.6,0.0,SAFE,7,feu_rouge_devant,Situation maîtrisée
168.85,301.6,0.0,SAFE,7,feu_rouge_devant,Situation maîtrisée
168.90,301.6,0.0,SAFE,7,feu_rouge_devant,Situation maîtrisée
168.95,301.6,0.0,SAFE,7,feu_rouge_devant,Situation maîtrisée
169.00,301.6,0.0,SAFE,7,feu_rouge_devant,Situation maîtrisée
169.05,301.6,0.0,SAFE,7,feu_rouge_devant,Situation maîtrisée
169.10,301.6,0.0,SAFE,7,feu_rouge_devant,Situation maîtrisée
169.15,301.6,0.0,SAFE,7,feu_rouge_devant,Situation maîtrisée
169.20,301.6,0.0,SAFE,7,feu_rouge_devant,Situation maîtrisée
169.25,301.6,0.0,SAFE,7,feu_rouge_devant,Situation maîtrisée
169.30,301.6,0.0,SAFE,7,feu_rouge_devant,Situation maîtrisée
169.35,301.6,0.0,SAFE,7,feu_rouge_devant,Situation maîtrisée
169.40,301.6,0.0,SAFE,7,feu_rouge_devant,Situation maîtrisée
169.45,301.6,0.0,SAFE,7,feu_rouge_devant,Situation maîtrisée
169.50,301.6,0.0,SAFE,7,feu_rouge_devant,Situation maîtrisée
169.55,301.6,0.0,SAFE,7,feu_rouge_devant,Situation maîtrisée
169.60,301.6,0.0,SAFE,7,feu_rouge_devant,Situation maîtrisée
169.65,301.6,0.0,SAFE,7,feu_rouge_devant,Situation maîtrisée
169.70,301.6,0.0,SAFE,7,feu_rouge_devant,Situation maîtrisée
169.75,301.6,0.0,SAFE,7,feu_rouge_devant,Situation maîtrisée
169.80,301.6,0.0,SAFE,7,feu_rouge_devant,Situation maîtrisée
169.85,301.6,0.0,SAFE,7,feu_rouge_devant,Situation maîtrisée
169.90,301.6,0.0,SAFE,7,feu_rouge_devant,Situation maîtrisée
169.95,301.6,0.0,SAFE,7,feu_rouge_devant,Situation maîtrisée
170.00,301.6,0.0,SAFE,7,feu_rouge_devant,Situation maîtrisée
170.05,301.6,0.0,SAFE,7,feu_rouge_devant,Situation maîtrisée
170.10,301.6,0.0,SAFE,7,feu_rouge_devant,Situation maîtrisée
170.15,301.6,0.0,SAFE,7,feu_rouge_devant,Situation maîtrisée
170.20,301.6,0.0,SAFE,7,feu_rouge_devant,Situation maîtrisée
170.25,301.6,0.0,SAFE,7,feu_rouge_devant,Situation maîtrisée
170.30,301.6,0.0,SAFE,7,feu_rouge_devant,Situation maîtrisée
170.35,301.6,0.0,SAFE,7,feu_rouge_devant,Situation maîtrisée
170.40,301.6,0.0,SAFE,7,feu_rouge_devant,Situation maîtrisée
170.45,301.6,0.0,SAFE,7,feu_rouge_devant,Situation maîtrisée
170.50,301.6,0.0,SAFE,7,feu_rouge_devant,Situation maîtrisée
170.55,301.6,0.0,SAFE,7,feu_rouge_devant,Situation maîtrisée
170.60,301.6,0.0,SAFE,7,feu_rouge_devant,Situation maîtrisée
170.65,301.6,0.0,SAFE,7,feu_rouge_devant,Situation maîtrisée
170.70,301.6,0.0,SAFE,7,feu_rouge_devant,Situation maîtrisée
170.75,301.6,0.0,SAFE,7,feu_rouge_devant,Situation maîtrisée
170.80,301.6,0.0,SAFE,7,feu_rouge_devant,Situation maîtrisée
170.85,301.6,0.0,SAFE,7,feu_rouge_devant,Situation maîtrisée
170.90,301.6,0.0,SAFE,7,feu_rouge_devant,Situation maîtrisée
170.95,301.6,0.0,SAFE,7,feu_rouge_devant,Situation maîtrisée
171.00,301.6,0.0,SAFE,7,feu_rouge_devant,Situation maîtrisée
171.05,301.6,0.0,SAFE,7,feu_rouge_devant,Situation maîtrisée
171.10,301.6,0.0,SAFE,7,feu_rouge_devant,Situation maîtrisée
171.15,301.6,0.0,SAFE,7,feu_rouge_devant,Situation maîtrisée
171.20,301.6,0.0,SAFE,7,feu_rouge_devant,Situation maîtrisée
171.25,301.6,0.0,SAFE,7,feu_rouge_devant,Situation maîtrisée
171.30,301.6,0.0,SAFE,7,feu_rouge_devant,Situation maîtrisée
171.35,301.6,0.0,SAFE,7,feu_rouge_devant,Situation maîtrisée
171.40,301.6,0.0,SAFE,7,feu_rouge_devant,Situation maîtrisée
171.45,301.6,0.0,SAFE,7,feu_rouge_devant,Situation maîtrisée
171.50,301.6,0.0,SAFE,7,feu_rouge_devant,Situation maîtrisée
171.55,301.6,0.0,SAFE,7,feu_rouge_devant,Situation maîtrisée
171.60,301.6,0.0,SAFE,7,feu_rouge_devant,Situation maîtrisée
171.65,301.6,0.0,SAFE,7,feu_rouge_devant,Situation maîtrisée
171.70,301.6,0.0,SAFE,7,feu_rouge_devant,Situation maîtrisée
171.75,301.6,0.0,SAFE,7,feu_rouge_devant,Situation maîtrisée
171.80,301.6,0.0,SAFE,7,feu_rouge_devant,Situation maîtrisée
171.85,301.6,0.0,SAFE,7,feu_rouge_devant,Situation maîtrisée
171.90,301.6,0.0,SAFE,7,feu_rouge_devant,Situation maîtrisée
171.95,301.6,0.0,SAFE,7,feu_rouge_devant,Situation maîtrisée
172.00,301.6,0.0,SAFE,7,feu_rouge_devant,Situation maîtrisée
172.05,301.6,0.0,SAFE,7,feu_rouge_devant,Situation maîtrisée
172.10,301.6,0.0,SAFE,7,feu_rouge_devant,Situation maîtrisée
172.15,301.6,0.0,SAFE,7,feu_rouge_devant,Situation maîtrisée
172.20,301.6,0.0,SAFE,7,feu_rouge_devant,Situation maîtrisée
172.25,301.6,0.0,SAFE,7,feu_rouge_devant,Situation maîtrisée
172.30,301.6,0.0,SAFE,7,feu_rouge_devant,Situation maîtrisée
172.35,301.6,0.0,SAFE,7,feu_rouge_devant,Situation maîtrisée
172.40,301.6,0.0,SAFE,7,feu_rouge_devant,Situation maîtrisée
172.45,301.6,0.0,SAFE,7,feu_rouge_devant,Situation maîtrisée
172.50,301.6,0.0,SAFE,7,feu_rouge_devant,Situation maîtrisée
172.55,301.6,0.0,SAFE,7,feu_rouge_devant,Situation maîtrisée
172.60,301.6,0.0,SAFE,7,feu_rouge_devant,Situation maîtrisée
172.65,301.6,0.0,SAFE,7,feu_rouge_devant,Situation maîtrisée
172.70,301.6,0.0,SAFE,7,feu_rouge_devant,Situation maîtrisée
172.75,301.6,0.0,SAFE,7,feu_rouge_devant,Situation maîtrisée
172.80,301.6,0.0,SAFE,7,feu_rouge_devant,Situation maîtrisée
172.85,301.6,0.0,SAFE,7,feu_rouge_devant,Situation maîtrisée
172.90,301.6,0.0,SAFE,7,feu_rouge_devant,Situation maîtrisée
172.95,301.6,0.0,SAFE,7,feu_rouge_devant,Situation maîtrisée
173.00,301.6,0.0,SAFE,7,feu_rouge_devant,Situation maîtrisée
173.05,301.6,0.0,SAFE,7,feu_rouge_devant,Situation maîtrisée
173.10,301.6,0.0,SAFE,7,feu_rouge_devant,Situation maîtrisée
173.15,301.6,0.0,SAFE,7,feu_rouge_devant,Situation maîtrisée
173.20,301.6,0.0,SAFE,7,feu_rouge_devant,Situation maîtrisée
173.25,301.6,0.0,SAFE,7,feu_rouge_devant,Situation maîtrisée
173.30,301.6,0.0,SAFE,7,feu_rouge_devant,Situation maîtrisée
173.35,301.6,0.0,SAFE,7,feu_rouge_devant,Situation maîtrisée
173.40,301.6,0.0,SAFE,7,feu_rouge_devant,Situation maîtrisée
173.45,301.6,0.0,SAFE,7,feu_rouge_devant,Situation maîtrisée
173.50,301.6,0.0,SAFE,7,feu_rouge_devant,Situation maîtrisée
173.55,301.6,0.0,SAFE,7,feu_rouge_devant,Situation maîtrisée
173.60,301.6,0.0,SAFE,7,feu_rouge_devant,Situation maîtrisée
173.65,301.6,0.0,SAFE,7,feu_rouge_devant,Situation maîtrisée
173.70,301.6,0.0,SAFE,6,feu_rouge_devant,Situation maîtrisée
173.75,301.6,0.0,SAFE,6,feu_rouge_devant,Situation maîtrisée
173.80,301.6,0.0,SAFE,6,feu_rouge_devant,Situation maîtrisée
173.85,301.6,0.0,SAFE,6,feu_rouge_devant,Situation maîtrisée
173.90,301.6,0.0,SAFE,6,feu_rouge_devant,Situation maîtrisée
173.95,301.6,0.0,SAFE,6,feu_rouge_devant,Situation maîtrisée
174.00,301.6,0.0,SAFE,5,feu_rouge_devant,Situation maîtrisée
174.05,301.6,0.0,SAFE,5,feu_rouge_devant,Situation maîtrisée
174.10,301.6,0.0,SAFE,5,feu_rouge_devant,Situation maîtrisée
174.15,301.6,0.0,SAFE,5,feu_rouge_devant,Situation maîtrisée
174.20,301.6,0.0,SAFE,5,feu_rouge_devant,Situation maîtrisée
174.25,301.6,0.0,SAFE,5,feu_rouge_devant,Situation maîtrisée
174.30,301.6,0.0,SAFE,5,feu_rouge_devant,Situation maîtrisée
174.35,301.6,0.0,SAFE,5,feu_rouge_devant,Situation maîtrisée
174.40,301.6,0.0,SAFE,5,feu_rouge_devant,Situation maîtrisée
174.45,301.6,0.0,SAFE,5,feu_rouge_devant,Situation maîtrisée
174.50,301.6,0.0,SAFE,5,feu_rouge_devant,Situation maîtrisée
174.55,301.6,0.0,SAFE,5,feu_rouge_devant,Situation maîtrisée
174.60,301.6,0.0,SAFE,5,feu_rouge_devant,Situation maîtrisée
174.65,301.6,0.0,SAFE,5,feu_rouge_devant,Situation maîtrisée
174.70,301.6,0.0,SAFE,5,feu_rouge_devant,Situation maîtrisée
174.75,301.6,0.0,SAFE,5,feu_rouge_devant,Situation maîtrisée
174.80,301.6,0.0,SAFE,5,feu_rouge_devant,Situation maîtrisée
174.85,301.6,0.0,SAFE,5,feu_rouge_devant,Situation maîtrisée
174.90,301.6,0.0,SAFE,5,feu_rouge_devant,Situation maîtrisée
174.95,301.6,0.0,SAFE,5,feu_rouge_devant,Situation maîtrisée
175.00,301.6,0.0,SAFE,5,feu_rouge_devant,Situation maîtrisée
175.05,301.6,0.0,SAFE,5,feu_rouge_devant,Situation maîtrisée
175.10,301.6,0.0,SAFE,5,feu_rouge_devant,Situation maîtrisée
175.15,301.6,0.0,SAFE,5,feu_rouge_devant,Situation maîtrisée
175.20,301.6,0.0,SAFE,5,feu_rouge_devant,Situation maîtrisée
175.25,301.6,0.0,SAFE,5,feu_rouge_devant,Situation maîtrisée
175.30,301.6,0.0,SAFE,5,feu_rouge_devant,Situation maîtrisée
175.35,301.6,0.0,SAFE,5,feu_rouge_devant,Situation maîtrisée
175.40,301.6,0.0,SAFE,5,feu_rouge_devant,Situation maîtrisée
175.45,301.6,0.0,SAFE,5,feu_rouge_devant,Situation maîtrisée
175.50,301.6,0.0,SAFE,5,feu_rouge_devant,Situation maîtrisée
175.55,301.6,0.0,SAFE,5,feu_rouge_devant,Situation maîtrisée
175.60,301.6,0.0,SAFE,5,feu_rouge_devant,Situation maîtrisée
175.65,301.6,0.0,SAFE,5,feu_rouge_devant,Situation maîtrisée
175.70,301.6,0.0,SAFE,5,feu_rouge_devant,Situation maîtrisée
175.75,301.6,0.0,SAFE,5,feu_rouge_devant,Situation maîtrisée
175.80,301.6,0.0,SAFE,5,feu_rouge_devant,Situation maîtrisée
175.85,301.6,0.0,SAFE,5,feu_rouge_devant,Situation maîtrisée
175.90,301.6,0.0,SAFE,5,feu_rouge_devant,Situation maîtrisée
175.95,301.6,0.0,SAFE,5,feu_rouge_devant,Situation maîtrisée
176.00,301.6,0.0,SAFE,5,feu_rouge_devant,Situation maîtrisée
176.05,301.6,0.0,SAFE,5,feu_rouge_devant,Situation maîtrisée
176.10,301.6,0.0,SAFE,4,feu_rouge_devant,Situation maîtrisée
176.15,301.6,0.0,SAFE,4,feu_rouge_devant,Situation maîtrisée
176.20,301.6,0.0,SAFE,4,feu_rouge_devant,Situation maîtrisée
176.25,301.6,0.0,SAFE,4,feu_rouge_devant,Situation maîtrisée
176.30,301.6,0.0,SAFE,4,feu_rouge_devant,Situation maîtrisée
176.35,301.6,0.0,SAFE,4,feu_rouge_devant,Situation maîtrisée
176.40,301.6,0.0,SAFE,4,feu_rouge_devant,Situation maîtrisée
176.45,301.6,0.0,SAFE,4,feu_rouge_devant,Situation maîtrisée
176.50,301.6,0.0,SAFE,4,feu_rouge_devant,Situation maîtrisée
176.55,301.6,0.0,SAFE,4,feu_rouge_devant,Situation maîtrisée
176.60,301.6,0.0,SAFE,4,feu_rouge_devant,Situation maîtrisée
176.65,301.6,0.0,SAFE,4,feu_rouge_devant,Situation maîtrisée
176.70,301.6,0.0,SAFE,4,feu_rouge_devant,Situation maîtrisée
176.75,301.6,0.0,SAFE,4,feu_rouge_devant,Situation maîtrisée
176.80,301.6,0.0,SAFE,4,feu_rouge_devant,Situation maîtrisée
176.85,301.6,0.0,SAFE,4,feu_rouge_devant,Situation maîtrisée
176.90,301.6,0.0,SAFE,4,feu_rouge_devant,Situation maîtrisée
176.95,301.6,0.0,SAFE,4,feu_rouge_devant,Situation maîtrisée
177.00,301.6,0.0,SAFE,4,feu_rouge_devant,Situation maîtrisée
177.05,301.6,0.0,SAFE,4,feu_rouge_devant,Situation maîtrisée
177.10,301.6,0.0,SAFE,4,feu_rouge_devant,Situation maîtrisée
177.15,301.6,0.0,SAFE,4,feu_rouge_devant,Situation maîtrisée
177.20,301.6,0.0,SAFE,4,feu_rouge_devant,Situation maîtrisée
177.25,301.6,0.0,SAFE,4,feu_rouge_devant,Situation maîtrisée
177.30,301.6,0.2,SAFE,4,feu_rouge_devant,Situation maîtrisée
177.35,301.6,0.1,SAFE,4,feu_rouge_devant,Situation maîtrisée
177.40,301.6,0.1,CRITICAL,4,moteur:proportionnel,Vigilance — situation à la limite
177.45,301.6,0.0,SAFE,4,,Situation maîtrisée
177.50,301.6,0.3,CRITICAL,4,moteur:proportionnel,Vigilance — situation à la limite
177.55,301.6,0.0,SAFE,4,,Situation maîtrisée
177.60,301.6,0.3,CRITICAL,4,moteur:proportionnel,Vigilance — situation à la limite
177.65,301.6,0.0,SAFE,4,,Situation maîtrisée
177.70,301.6,0.3,CRITICAL,4,moteur:proportionnel,Vigilance — situation à la limite
177.75,301.6,0.0,SAFE,4,,Situation maîtrisée
177.80,301.6,0.3,CRITICAL,4,moteur:proportionnel,Vigilance — situation à la limite
177.85,301.6,0.0,SAFE,4,,Situation maîtrisée
177.90,301.6,0.3,CRITICAL,4,moteur:proportionnel,Vigilance — situation à la limite
177.95,301.6,0.0,SAFE,4,,Situation maîtrisée
178.00,301.6,0.3,CRITICAL,4,moteur:proportionnel,Vigilance — situation à la limite
178.05,301.6,0.0,SAFE,4,,Situation maîtrisée
178.10,301.6,0.3,CRITICAL,4,moteur:proportionnel,Vigilance — situation à la limite
178.15,301.6,0.0,SAFE,4,,Situation maîtrisée
178.20,301.6,0.3,CRITICAL,4,moteur:proportionnel,Vigilance — situation à la limite
178.25,301.6,0.0,SAFE,4,,Situation maîtrisée
178.30,301.6,0.3,CRITICAL,4,moteur:proportionnel,Vigilance — situation à la limite
178.35,301.6,0.0,SAFE,4,,Situation maîtrisée
178.40,301.6,0.3,CRITICAL,4,moteur:proportionnel,Vigilance — situation à la limite
178.45,301.6,0.0,SAFE,4,,Situation maîtrisée
178.50,301.6,0.3,CRITICAL,4,moteur:proportionnel,Vigilance — situation à la limite
178.55,301.6,0.0,SAFE,4,,Situation maîtrisée
178.60,301.6,0.3,CRITICAL,4,moteur:proportionnel,Vigilance — situation à la limite
178.65,301.6,0.0,SAFE,4,,Situation maîtrisée
178.70,301.6,0.3,CRITICAL,4,moteur:proportionnel,Vigilance — situation à la limite
178.75,301.6,0.0,SAFE,4,,Situation maîtrisée
178.80,301.6,0.3,SAFE,4,,Situation maîtrisée
178.85,301.6,0.1,SAFE,4,,Situation maîtrisée
178.90,301.6,0.7,CRITICAL,4,moteur:proportionnel,Vigilance — situation à la limite
178.95,301.6,0.0,SAFE,4,,Situation maîtrisée
179.00,301.6,0.4,CRITICAL,4,moteur:proportionnel,Vigilance — situation à la limite
179.05,301.6,0.0,SAFE,4,,Situation maîtrisée
179.10,301.6,0.3,CRITICAL,4,moteur:proportionnel,Vigilance — situation à la limite
179.15,301.6,0.0,SAFE,4,,Situation maîtrisée
179.20,301.6,0.3,CRITICAL,4,moteur:proportionnel,Vigilance — situation à la limite
179.25,301.6,0.0,SAFE,4,,Situation maîtrisée
179.30,301.6,0.3,CRITICAL,4,moteur:proportionnel,Vigilance — situation à la limite
179.35,301.6,0.0,SAFE,4,,Situation maîtrisée
179.40,301.6,0.3,CRITICAL,4,moteur:proportionnel,Vigilance — situation à la limite
179.45,301.6,0.0,SAFE,4,,Situation maîtrisée
179.50,301.6,0.3,CRITICAL,4,moteur:proportionnel,Vigilance — situation à la limite
179.55,301.6,0.0,SAFE,4,,Situation maîtrisée
179.60,301.6,0.3,CRITICAL,4,moteur:proportionnel,Vigilance — situation à la limite
179.65,301.6,0.0,SAFE,4,,Situation maîtrisée
179.70,301.6,0.3,SAFE,5,,Situation maîtrisée
179.75,301.6,0.1,SAFE,5,,Situation maîtrisée
179.80,301.6,0.5,SAFE,5,,Situation maîtrisée
179.85,301.6,1.0,SAFE,5,,Situation maîtrisée
179.90,301.7,1.8,SAFE,5,,Situation maîtrisée
179.95,301.7,2.4,SAFE,5,,Situation maîtrisée
180.00,301.7,3.1,SAFE,5,,Situation maîtrisée
180.05,301.8,3.9,SAFE,5,,Situation maîtrisée
180.10,301.8,4.6,SAFE,5,,Situation maîtrisée
180.15,301.9,5.6,SAFE,5,,Situation maîtrisée
180.20,302.0,6.4,SAFE,5,,Situation maîtrisée
180.25,302.1,7.3,SAFE,5,,Situation maîtrisée
180.30,302.2,8.1,SAFE,5,,Situation maîtrisée
180.35,302.3,9.0,SAFE,5,,Situation maîtrisée
180.40,302.4,9.8,SAFE,5,,Situation maîtrisée
180.45,302.6,10.6,SAFE,5,,Situation maîtrisée
180.50,302.7,11.4,SAFE,5,,Situation maîtrisée
180.55,302.9,12.1,SAFE,5,,Situation maîtrisée
180.60,303.1,12.8,SAFE,5,,Situation maîtrisée
180.65,303.3,13.5,SAFE,5,,Situation maîtrisée
180.70,303.5,14.1,SAFE,5,,Situation maîtrisée
180.75,303.7,14.7,SAFE,5,moteur:physique,Situation maîtrisée
180.80,303.9,15.2,SAFE,5,moteur:physique,Situation maîtrisée
180.85,304.1,15.7,SAFE,5,moteur:physique,Situation maîtrisée
180.90,304.3,16.1,SAFE,5,moteur:physique,Situation maîtrisée
180.95,304.5,16.5,SAFE,5,moteur:physique,Situation maîtrisée
181.00,304.8,16.9,SAFE,5,moteur:physique,Situation maîtrisée
181.05,305.0,17.2,SAFE,5,moteur:physique,Situation maîtrisée
181.10,305.2,17.5,SAFE,5,moteur:physique,Situation maîtrisée
181.15,305.5,17.8,SAFE,5,moteur:physique,Situation maîtrisée
181.20,305.7,18.1,SAFE,5,moteur:physique,Situation maîtrisée
181.25,306.0,18.3,SAFE,5,moteur:physique,Situation maîtrisée
181.30,306.2,18.2,SAFE,6,moteur:physique,Situation maîtrisée
181.35,306.5,18.2,SAFE,6,moteur:physique,Situation maîtrisée
181.40,306.8,18.2,SAFE,6,moteur:physique,Situation maîtrisée
181.45,307.0,18.1,SAFE,6,moteur:physique,Situation maîtrisée
181.50,307.3,18.5,SAFE,6,moteur:physique,Situation maîtrisée
181.55,307.5,18.3,SAFE,6,moteur:physique,Situation maîtrisée
181.60,307.8,18.1,SAFE,6,moteur:physique,Situation maîtrisée
181.65,308.0,18.2,SAFE,6,moteur:physique,Situation maîtrisée
181.70,308.3,18.1,SAFE,6,moteur:physique,Situation maîtrisée
181.75,308.5,18.1,SAFE,6,moteur:physique,Situation maîtrisée
181.80,308.8,18.1,SAFE,6,moteur:physique,Situation maîtrisée
181.85,309.0,18.2,SAFE,6,moteur:physique,Situation maîtrisée
181.90,309.3,18.2,SAFE,6,moteur:physique,Situation maîtrisée
181.95,309.5,18.3,SAFE,6,moteur:physique,Situation maîtrisée
182.00,309.8,18.3,SAFE,6,moteur:physique,Situation maîtrisée
182.05,310.0,18.5,SAFE,6,moteur:physique,Situation maîtrisée
182.10,310.3,18.5,SAFE,6,moteur:physique,Situation maîtrisée
182.15,310.6,18.6,SAFE,7,moteur:physique,Situation maîtrisée
182.20,310.8,18.6,SAFE,7,moteur:physique,Situation maîtrisée
182.25,311.1,18.7,SAFE,7,moteur:physique,Situation maîtrisée
182.30,311.3,18.6,SAFE,7,moteur:physique,Situation maîtrisée
182.35,311.6,18.7,SAFE,7,moteur:physique,Situation maîtrisée
182.40,311.9,18.6,SAFE,7,moteur:physique,Situation maîtrisée
182.45,312.1,18.7,SAFE,7,moteur:physique,Situation maîtrisée
182.50,312.4,18.6,SAFE,7,moteur:physique,Situation maîtrisée
182.55,312.6,18.6,SAFE,8,moteur:physique,Situation maîtrisée
182.60,312.9,18.5,SAFE,8,moteur:physique,Situation maîtrisée
182.65,313.1,18.5,SAFE,8,moteur:physique,Situation maîtrisée
182.70,313.4,18.4,SAFE,8,moteur:physique,Situation maîtrisée
182.75,313.7,18.3,SAFE,8,moteur:physique,Situation maîtrisée
182.80,313.9,18.2,SAFE,8,moteur:physique,Situation maîtrisée
182.85,314.2,18.1,SAFE,8,moteur:physique,Situation maîtrisée
182.90,314.4,18.5,SAFE,8,moteur:physique,Situation maîtrisée
182.95,314.7,18.3,SAFE,8,moteur:physique,Situation maîtrisée
183.00,314.9,18.3,SAFE,8,moteur:physique,Situation maîtrisée
183.05,315.2,18.2,SAFE,8,moteur:physique,Situation maîtrisée
183.10,315.4,18.3,SAFE,8,moteur:physique,Situation maîtrisée
183.15,315.7,18.1,SAFE,8,moteur:physique,Situation maîtrisée
183.20,315.9,18.0,SAFE,8,moteur:physique,Situation maîtrisée
183.25,316.2,17.9,SAFE,8,moteur:physique,Situation maîtrisée
183.30,316.4,17.7,SAFE,8,moteur:physique,Situation maîtrisée
183.35,316.7,17.3,SAFE,8,moteur:physique,Situation maîtrisée
183.40,316.9,17.2,SAFE,8,moteur:physique,Situation maîtrisée
183.45,317.1,17.1,SAFE,8,moteur:physique,Situation maîtrisée
183.50,317.4,17.1,SAFE,8,moteur:physique,Situation maîtrisée
