t,distance_parcourue_m,vitesse_kmh,niveau,n_agents_percus,recommandation
0.05,0.1,5.3,SAFE,3,Situation maîtrisée
0.10,0.2,7.1,SAFE,3,Situation maîtrisée
0.15,0.3,8.8,SAFE,3,Situation maîtrisée
0.20,0.4,10.6,SAFE,3,Situation maîtrisée
0.25,0.6,12.3,SAFE,3,Situation maîtrisée
0.30,0.7,14.1,SAFE,3,Situation maîtrisée
0.35,1.0,15.9,SAFE,3,Situation maîtrisée
0.40,1.2,17.6,SAFE,3,Situation maîtrisée
0.45,1.5,19.4,SAFE,3,Situation maîtrisée
0.50,1.7,21.2,SAFE,3,Situation maîtrisée
0.55,2.0,22.9,SAFE,3,Situation maîtrisée
0.60,2.3,16.0,SAFE,3,Situation maîtrisée
0.65,2.4,0.6,SAFE,3,Situation maîtrisée
0.70,2.4,0.9,SAFE,3,Situation maîtrisée
0.75,2.4,0.9,SAFE,3,Situation maîtrisée
0.80,2.4,0.8,SAFE,3,Situation maîtrisée
0.85,2.4,3.4,SAFE,3,Situation maîtrisée
0.90,2.5,5.4,SAFE,3,Situation maîtrisée
0.95,2.6,7.1,SAFE,3,Situation maîtrisée
1.00,2.7,8.2,SAFE,3,Situation maîtrisée
1.05,2.8,9.3,SAFE,3,Situation maîtrisée
1.10,3.0,10.2,SAFE,3,Situation maîtrisée
1.15,3.1,11.1,SAFE,3,Situation maîtrisée
1.20,3.3,11.8,SAFE,3,Situation maîtrisée
1.25,3.4,12.6,SAFE,3,Situation maîtrisée
1.30,3.6,13.3,SAFE,3,Situation maîtrisée
1.35,3.8,13.9,SAFE,3,Situation maîtrisée
1.40,4.0,14.4,SAFE,3,Situation maîtrisée
1.45,4.2,14.9,SAFE,3,Situation maîtrisée
1.50,4.4,15.4,SAFE,3,Situation maîtrisée
1.55,4.6,15.8,SAFE,4,Situation maîtrisée
1.60,4.9,16.2,SAFE,4,Situation maîtrisée
1.65,5.1,16.6,SAFE,4,Situation maîtrisée
1.70,5.3,16.9,SAFE,4,Situation maîtrisée
1.75,5.6,17.2,SAFE,4,Situation maîtrisée
1.80,5.8,17.5,SAFE,4,Situation maîtrisée
1.85,6.0,17.7,SAFE,4,Situation maîtrisée
1.90,6.3,17.9,SAFE,4,Situation maîtrisée
1.95,6.5,18.2,SAFE,4,Situation maîtrisée
2.00,6.8,18.1,SAFE,4,Situation maîtrisée
2.05,7.0,18.3,SAFE,4,Situation maîtrisée
2.10,7.3,17.9,SAFE,4,Situation maîtrisée
2.15,7.5,18.3,SAFE,4,Situation maîtrisée
2.20,7.8,17.9,SAFE,4,Situation maîtrisée
2.25,8.1,18.4,SAFE,4,Situation maîtrisée
2.30,8.3,18.0,SAFE,4,Situation maîtrisée
2.35,8.6,18.5,SAFE,4,Situation maîtrisée
2.40,8.8,18.3,SAFE,4,Situation maîtrisée
2.45,9.1,18.2,SAFE,4,Situation maîtrisée
2.50,9.3,18.0,SAFE,4,Situation maîtrisée
2.55,9.6,18.6,SAFE,4,Situation maîtrisée
2.60,9.8,18.6,SAFE,4,Situation maîtrisée
2.65,10.1,18.5,SAFE,4,Situation maîtrisée
2.70,10.3,18.3,SAFE,4,Situation maîtrisée
2.75,10.6,18.4,SAFE,4,Situation maîtrisée
2.80,10.9,18.2,SAFE,4,Situation maîtrisée
2.85,11.1,18.3,SAFE,4,Situation maîtrisée
2.90,11.4,18.2,SAFE,4,Situation maîtrisée
2.95,11.6,18.3,SAFE,4,Situation maîtrisée
3.00,11.9,18.2,SAFE,4,Situation maîtrisée
3.05,12.1,18.4,SAFE,4,Situation maîtrisée
3.10,12.4,18.3,SAFE,4,Situation maîtrisée
3.15,12.6,18.4,SAFE,4,Situation maîtrisée
3.20,12.9,18.4,SAFE,4,Situation maîtrisée
3.25,13.1,18.5,SAFE,4,Situation maîtrisée
3.30,13.4,18.5,SAFE,3,Situation maîtrisée
3.35,13.7,18.6,SAFE,3,Situation maîtrisée
3.40,13.9,18.5,SAFE,3,Situation maîtrisée
3.45,14.2,18.7,SAFE,3,Situation maîtrisée
3.50,14.4,18.6,SAFE,3,Situation maîtrisée
3.55,14.7,18.7,SAFE,3,Situation maîtrisée
3.60,15.0,18.7,SAFE,3,Situation maîtrisée
3.65,15.2,18.8,SAFE,3,Situation maîtrisée
3.70,15.5,18.7,SAFE,3,Situation maîtrisée
3.75,15.7,18.8,SAFE,3,Situation maîtrisée
3.80,16.0,18.8,SAFE,3,Situation maîtrisée
3.85,16.3,18.9,SAFE,3,Situation maîtrisée
3.90,16.5,18.8,SAFE,3,Situation maîtrisée
3.95,16.8,18.9,SAFE,3,Situation maîtrisée
4.00,17.0,18.9,SAFE,3,Situation maîtrisée
4.05,17.3,19.0,SAFE,3,Situation maîtrisée
4.10,17.6,18.9,SAFE,3,Situation maîtrisée
4.15,17.8,19.0,SAFE,3,Situation maîtrisée
4.20,18.1,19.0,SAFE,3,Situation maîtrisée
4.25,18.4,19.1,SAFE,3,Situation maîtrisée
4.30,18.6,19.0,SAFE,3,Situation maîtrisée
4.35,18.9,19.1,SAFE,3,Situation maîtrisée
4.40,19.2,19.0,SAFE,3,Situation maîtrisée
4.45,19.4,19.1,SAFE,3,Situation maîtrisée
4.50,19.7,19.0,SAFE,3,Situation maîtrisée
4.55,19.9,19.1,SAFE,3,Situation maîtrisée
4.60,20.2,19.1,SAFE,3,Situation maîtrisée
4.65,20.5,19.2,SAFE,3,Situation maîtrisée
4.70,20.7,19.1,SAFE,3,Situation maîtrisée
4.75,21.0,19.2,SAFE,3,Situation maîtrisée
4.80,21.3,19.1,SAFE,3,Situation maîtrisée
4.85,21.5,19.2,SAFE,3,Situation maîtrisée
4.90,21.8,19.2,SAFE,3,Situation maîtrisée
4.95,22.1,19.2,SAFE,3,Situation maîtrisée
5.00,22.3,19.2,SAFE,3,Situation maîtrisée
5.05,22.6,19.3,SAFE,3,Situation maîtrisée
5.10,22.9,19.2,SAFE,3,Situation maîtrisée
5.15,23.1,19.3,SAFE,3,Situation maîtrisée
5.20,23.4,19.2,SAFE,3,Situation maîtrisée
5.25,23.7,19.3,SAFE,3,Situation maîtrisée
5.30,23.9,19.1,SAFE,3,Situation maîtrisée
5.35,24.2,19.0,SAFE,2,Situation maîtrisée
5.40,24.5,18.6,SAFE,2,Situation maîtrisée
5.45,24.7,18.3,SAFE,2,Situation maîtrisée
5.50,25.0,18.0,SAFE,2,Situation maîtrisée
5.55,25.2,17.8,SAFE,2,Situation maîtrisée
5.60,25.5,17.6,SAFE,2,Situation maîtrisée
5.65,25.7,17.2,SAFE,1,Situation maîtrisée
5.70,25.9,17.0,SAFE,1,Situation maîtrisée
5.75,26.2,16.9,SAFE,1,Situation maîtrisée
5.80,26.4,16.9,SAFE,1,Situation maîtrisée
5.85,26.7,17.1,SAFE,1,Situation maîtrisée
5.90,26.9,17.3,SAFE,1,Situation maîtrisée
5.95,27.1,17.5,SAFE,1,Situation maîtrisée
6.00,27.4,17.8,SAFE,1,Situation maîtrisée
6.05,27.6,18.0,SAFE,1,Situation maîtrisée
6.10,27.9,18.2,SAFE,1,Situation maîtrisée
6.15,28.1,18.2,SAFE,1,Situation maîtrisée
6.20,28.4,18.1,SAFE,1,Situation maîtrisée
6.25,28.6,18.1,SAFE,1,Situation maîtrisée
6.30,28.9,18.2,SAFE,1,Situation maîtrisée
6.35,29.1,18.2,SAFE,1,Situation maîtrisée
6.40,29.4,18.2,SAFE,1,Situation maîtrisée
6.45,29.6,18.0,SAFE,1,Situation maîtrisée
6.50,29.9,18.7,SAFE,1,Situation maîtrisée
6.55,30.2,18.4,SAFE,1,Situation maîtrisée
6.60,30.4,18.4,SAFE,1,Situation maîtrisée
6.65,30.7,18.3,SAFE,1,Situation maîtrisée
6.70,30.9,18.3,SAFE,1,Situation maîtrisée
6.75,31.2,18.3,SAFE,1,Situation maîtrisée
6.80,31.4,18.4,SAFE,1,Situation maîtrisée
6.85,31.7,18.3,SAFE,1,Situation maîtrisée
6.90,31.9,18.5,SAFE,1,Situation maîtrisée
6.95,32.2,18.5,SAFE,1,Situation maîtrisée
7.00,32.5,18.6,SAFE,1,Situation maîtrisée
7.05,32.7,18.6,SAFE,1,Situation maîtrisée
7.10,33.0,18.8,SAFE,1,Situation maîtrisée
7.15,33.2,18.8,SAFE,1,Situation maîtrisée
7.20,33.5,18.9,SAFE,1,Situation maîtrisée
7.25,33.8,18.9,SAFE,1,Situation maîtrisée
7.30,34.0,19.0,SAFE,1,Situation maîtrisée
7.35,34.3,19.0,SAFE,1,Situation maîtrisée
7.40,34.5,19.2,SAFE,1,Situation maîtrisée
7.45,34.8,19.1,SAFE,1,Situation maîtrisée
7.50,35.1,19.3,SAFE,1,Situation maîtrisée
7.55,35.3,19.2,SAFE,1,Situation maîtrisée
7.60,35.6,19.4,SAFE,1,Situation maîtrisée
7.65,35.9,19.4,SAFE,1,Situation maîtrisée
7.70,36.2,19.5,SAFE,1,Situation maîtrisée
7.75,36.4,19.4,SAFE,1,Situation maîtrisée
7.80,36.7,19.6,SAFE,1,Situation maîtrisée
7.85,37.0,19.5,SAFE,1,Situation maîtrisée
7.90,37.2,19.6,SAFE,1,Situation maîtrisée
7.95,37.5,19.6,SAFE,1,Situation maîtrisée
8.00,37.8,19.7,SAFE,1,Situation maîtrisée
8.05,38.1,19.6,SAFE,1,Situation maîtrisée
8.10,38.3,19.7,SAFE,1,Situation maîtrisée
8.15,38.6,19.7,SAFE,1,Situation maîtrisée
8.20,38.9,19.8,SAFE,1,Situation maîtrisée
8.25,39.2,19.7,SAFE,1,Situation maîtrisée
8.30,39.4,19.8,SAFE,1,Situation maîtrisée
8.35,39.7,19.8,SAFE,1,Situation maîtrisée
8.40,40.0,19.9,SAFE,1,Situation maîtrisée
8.45,40.3,19.8,SAFE,1,Situation maîtrisée
8.50,40.5,19.9,SAFE,2,Situation maîtrisée
8.55,40.8,19.9,SAFE,2,Situation maîtrisée
8.60,41.1,19.9,SAFE,2,Situation maîtrisée
8.65,41.4,19.9,SAFE,2,Situation maîtrisée
8.70,41.6,20.0,SAFE,2,Situation maîtrisée
8.75,41.9,19.9,SAFE,2,Situation maîtrisée
8.80,42.2,20.0,SAFE,2,Situation maîtrisée
8.85,42.5,19.9,SAFE,2,Situation maîtrisée
8.90,42.7,20.0,SAFE,2,Situation maîtrisée
8.95,43.0,20.0,SAFE,2,Situation maîtrisée
9.00,43.3,20.1,SAFE,3,Situation maîtrisée
9.05,43.6,20.0,SAFE,3,Situation maîtrisée
9.10,43.9,20.1,SAFE,3,Situation maîtrisée
9.15,44.1,20.0,SAFE,3,Situation maîtrisée
9.20,44.4,20.1,SAFE,3,Situation maîtrisée
9.25,44.7,20.0,SAFE,4,Situation maîtrisée
9.30,45.0,20.1,SAFE,4,Situation maîtrisée
9.35,45.2,20.0,SAFE,4,Situation maîtrisée
9.40,45.5,20.1,SAFE,5,Situation maîtrisée
9.45,45.8,20.1,SAFE,5,Situation maîtrisée
9.50,46.1,20.1,SAFE,5,Situation maîtrisée
9.55,46.4,20.1,SAFE,5,Situation maîtrisée
9.60,46.6,20.2,SAFE,5,Situation maîtrisée
9.65,46.9,20.1,SAFE,5,Situation maîtrisée
9.70,47.2,20.2,SAFE,5,Situation maîtrisée
9.75,47.5,20.1,SAFE,5,Situation maîtrisée
9.80,47.8,20.2,SAFE,5,Situation maîtrisée
9.85,48.0,20.1,SAFE,5,Situation maîtrisée
9.90,48.3,20.2,SAFE,5,Situation maîtrisée
9.95,48.6,20.1,SAFE,5,Situation maîtrisée
10.00,48.9,20.2,SAFE,5,Situation maîtrisée
10.05,49.2,20.1,SAFE,5,Situation maîtrisée
10.10,49.4,20.2,SAFE,5,Situation maîtrisée
10.15,49.7,20.1,SAFE,5,Situation maîtrisée
10.20,50.0,20.2,SAFE,5,Situation maîtrisée
10.25,50.3,20.1,SAFE,5,Situation maîtrisée
10.30,50.6,20.2,SAFE,5,Situation maîtrisée
10.35,50.8,20.1,SAFE,5,Situation maîtrisée
10.40,51.1,20.2,SAFE,5,Situation maîtrisée
10.45,51.4,20.1,SAFE,5,Situation maîtrisée
10.50,51.7,20.2,SAFE,5,Situation maîtrisée
10.55,52.0,20.1,SAFE,6,Situation maîtrisée
10.60,52.2,20.2,SAFE,6,Situation maîtrisée
10.65,52.5,20.2,SAFE,6,Situation maîtrisée
10.70,52.8,20.2,SAFE,6,Situation maîtrisée
10.75,53.1,20.2,SAFE,6,Situation maîtrisée
10.80,53.4,20.2,SAFE,6,Situation maîtrisée
10.85,53.6,20.2,SAFE,6,Situation maîtrisée
10.90,53.9,20.2,SAFE,6,Situation maîtrisée
10.95,54.2,20.2,SAFE,6,Situation maîtrisée
11.00,54.5,20.2,SAFE,6,Situation maîtrisée
11.05,54.8,20.2,SAFE,6,Situation maîtrisée
11.10,55.0,20.2,SAFE,6,Situation maîtrisée
11.15,55.3,20.2,SAFE,7,Situation maîtrisée
11.20,55.6,20.2,SAFE,8,Situation maîtrisée
11.25,55.9,20.2,SAFE,8,Situation maîtrisée
11.30,56.2,20.2,SAFE,8,Situation maîtrisée
11.35,56.4,20.2,SAFE,8,Situation maîtrisée
11.40,56.7,20.2,SAFE,8,Situation maîtrisée
11.45,57.0,20.2,SAFE,8,Situation maîtrisée
11.50,57.3,20.2,SAFE,8,Situation maîtrisée
11.55,57.6,20.2,SAFE,8,Situation maîtrisée
11.60,57.9,20.2,SAFE,8,Situation maîtrisée
11.65,58.1,20.2,SAFE,8,Situation maîtrisée
11.70,58.4,20.2,SAFE,8,Situation maîtrisée
11.75,58.7,20.2,SAFE,8,Situation maîtrisée
11.80,59.0,20.2,SAFE,8,Situation maîtrisée
11.85,59.3,20.2,SAFE,8,Situation maîtrisée
11.90,59.5,20.2,SAFE,8,Situation maîtrisée
11.95,59.8,20.2,SAFE,9,Situation maîtrisée
12.00,60.1,20.2,SAFE,9,Situation maîtrisée
12.05,60.4,20.2,SAFE,9,Situation maîtrisée
12.10,60.7,20.2,SAFE,9,Situation maîtrisée
12.15,60.9,20.2,SAFE,9,Situation maîtrisée
12.20,61.2,20.2,SAFE,9,Situation maîtrisée
12.25,61.5,20.2,SAFE,9,Situation maîtrisée
12.30,61.8,20.2,SAFE,9,Situation maîtrisée
12.35,62.1,20.2,SAFE,9,Situation maîtrisée
12.40,62.3,20.2,SAFE,9,Situation maîtrisée
12.45,62.6,20.2,SAFE,9,Situation maîtrisée
12.50,62.9,20.2,SAFE,9,Situation maîtrisée
12.55,63.2,20.2,SAFE,9,Situation maîtrisée
12.60,63.5,20.3,SAFE,9,Situation maîtrisée
12.65,63.7,20.3,SAFE,9,Situation maîtrisée
12.70,64.0,20.4,SAFE,9,Situation maîtrisée
12.75,64.3,20.5,SAFE,9,Situation maîtrisée
12.80,64.6,20.5,SAFE,9,Situation maîtrisée
12.85,64.9,20.3,SAFE,9,Situation maîtrisée
12.90,65.2,20.4,SAFE,9,Situation maîtrisée
12.95,65.4,20.3,SAFE,9,Situation maîtrisée
13.00,65.7,20.3,SAFE,9,Situation maîtrisée
13.05,66.0,20.2,SAFE,9,Situation maîtrisée
13.10,66.3,20.4,SAFE,9,Situation maîtrisée
13.15,66.6,20.2,SAFE,9,Situation maîtrisée
13.20,66.9,20.7,SAFE,9,Situation maîtrisée
13.25,67.1,20.4,SAFE,9,Situation maîtrisée
13.30,67.4,20.9,SAFE,9,Situation maîtrisée
13.35,67.7,20.5,SAFE,9,Situation maîtrisée
13.40,68.0,21.1,SAFE,9,Situation maîtrisée
13.45,68.3,20.7,SAFE,9,Situation maîtrisée
13.50,68.6,21.1,SAFE,10,Situation maîtrisée
13.55,68.9,20.6,SAFE,10,Situation maîtrisée
13.60,69.2,21.1,SAFE,10,Situation maîtrisée
13.65,69.5,20.7,SAFE,10,Situation maîtrisée
13.70,69.7,21.1,SAFE,10,Situation maîtrisée
13.75,70.0,20.6,SAFE,10,Situation maîtrisée
13.80,70.3,21.1,SAFE,10,Situation maîtrisée
13.85,70.6,20.7,SAFE,10,Situation maîtrisée
13.90,70.9,21.0,SAFE,10,Situation maîtrisée
13.95,71.2,20.5,SAFE,9,Situation maîtrisée
14.00,71.5,21.0,SAFE,9,Situation maîtrisée
14.05,71.8,20.6,SAFE,9,Situation maîtrisée
14.10,72.1,21.0,SAFE,8,Situation maîtrisée
14.15,72.3,20.5,SAFE,8,Situation maîtrisée
14.20,72.6,21.0,SAFE,8,Situation maîtrisée
14.25,72.9,20.6,SAFE,8,Situation maîtrisée
14.30,73.2,20.9,SAFE,8,Situation maîtrisée
14.35,73.5,20.4,SAFE,8,Situation maîtrisée
14.40,73.8,20.9,SAFE,8,Situation maîtrisée
14.45,74.1,20.5,SAFE,8,Situation maîtrisée
14.50,74.4,20.9,SAFE,7,Situation maîtrisée
14.55,74.6,20.4,SAFE,7,Situation maîtrisée
14.60,74.9,20.9,SAFE,7,Situation maîtrisée
14.65,75.2,20.5,SAFE,7,Situation maîtrisée
14.70,75.5,20.8,SAFE,7,Situation maîtrisée
14.75,75.8,20.3,SAFE,7,Situation maîtrisée
14.80,76.1,20.8,SAFE,7,Situation maîtrisée
14.85,76.4,20.5,SAFE,7,Situation maîtrisée
14.90,76.7,20.8,SAFE,7,Situation maîtrisée
14.95,76.9,20.3,SAFE,7,Situation maîtrisée
15.00,77.2,20.8,SAFE,7,Situation maîtrisée
15.05,77.5,20.4,SAFE,7,Situation maîtrisée
15.10,77.8,20.8,SAFE,7,Situation maîtrisée
15.15,78.1,20.3,SAFE,7,Situation maîtrisée
15.20,78.4,20.8,SAFE,7,Situation maîtrisée
15.25,78.7,20.4,SAFE,7,Situation maîtrisée
15.30,78.9,20.7,SAFE,7,Situation maîtrisée
15.35,79.2,20.2,SAFE,7,Situation maîtrisée
15.40,79.5,20.8,SAFE,7,SAFE : Arrêt au feu rouge
15.45,79.8,20.2,SAFE,7,SAFE : Arrêt au feu rouge
15.50,80.1,20.3,SAFE,6,SAFE : Arrêt au feu rouge
15.55,80.3,19.2,SAFE,6,SAFE : Arrêt au feu rouge
15.60,80.6,15.0,SAFE,6,SAFE : Arrêt au feu rouge
15.65,80.7,10.2,SAFE,6,SAFE : Arrêt au feu rouge
15.70,80.9,5.4,SAFE,6,SAFE : Arrêt au feu rouge
15.75,80.9,0.7,SAFE,6,SAFE : Arrêt au feu rouge
15.80,80.9,0.0,SAFE,6,SAFE : Arrêt au feu rouge
15.85,80.9,0.0,SAFE,6,SAFE : Arrêt au feu rouge
15.90,80.9,0.0,SAFE,6,SAFE : Arrêt au feu rouge
15.95,80.9,0.0,SAFE,6,SAFE : Arrêt au feu rouge
16.00,80.9,0.0,SAFE,6,SAFE : Arrêt au feu rouge
16.05,80.9,0.0,SAFE,6,SAFE : Arrêt au feu rouge
16.10,80.9,0.0,SAFE,6,SAFE : Arrêt au feu rouge
16.15,80.9,0.0,SAFE,6,SAFE : Arrêt au feu rouge
16.20,80.9,0.0,SAFE,6,SAFE : Arrêt au feu rouge
16.25,80.9,0.0,SAFE,6,SAFE : Arrêt au feu rouge
16.30,80.9,0.0,SAFE,6,SAFE : Arrêt au feu rouge
16.35,80.9,0.0,SAFE,6,SAFE : Arrêt au feu rouge
16.40,80.9,0.0,SAFE,6,SAFE : Arrêt au feu rouge
16.45,80.9,0.0,SAFE,6,SAFE : Arrêt au feu rouge
16.50,80.9,0.0,SAFE,6,SAFE : Arrêt au feu rouge
16.55,80.9,0.0,SAFE,6,SAFE : Arrêt au feu rouge
16.60,80.9,0.0,SAFE,6,SAFE : Arrêt au feu rouge
16.65,80.9,0.0,SAFE,6,SAFE : Arrêt au feu rouge
16.70,80.9,0.0,SAFE,5,SAFE : Arrêt au feu rouge
16.75,80.9,0.0,SAFE,5,SAFE : Arrêt au feu rouge
16.80,80.9,0.0,SAFE,5,SAFE : Arrêt au feu rouge
16.85,80.9,0.0,SAFE,5,SAFE : Arrêt au feu rouge
16.90,80.9,0.0,SAFE,6,SAFE : Arrêt au feu rouge
16.95,80.9,0.0,SAFE,6,SAFE : Arrêt au feu rouge
17.00,80.9,0.0,SAFE,6,SAFE : Arrêt au feu rouge
17.05,80.9,0.0,SAFE,6,SAFE : Arrêt au feu rouge
17.10,80.9,0.0,SAFE,6,SAFE : Arrêt au feu rouge
17.15,80.9,0.0,SAFE,6,SAFE : Arrêt au feu rouge
17.20,80.9,0.0,SAFE,6,SAFE : Arrêt au feu rouge
17.25,80.9,0.0,SAFE,6,SAFE : Arrêt au feu rouge
17.30,80.9,0.0,SAFE,6,SAFE : Arrêt au feu rouge
17.35,80.9,0.0,SAFE,6,SAFE : Arrêt au feu rouge
17.40,80.9,0.0,SAFE,6,SAFE : Arrêt au feu rouge
17.45,80.9,0.0,SAFE,6,SAFE : Arrêt au feu rouge
17.50,80.9,0.0,SAFE,6,SAFE : Arrêt au feu rouge
17.55,80.9,0.0,SAFE,6,SAFE : Arrêt au feu rouge
17.60,80.9,0.0,SAFE,6,SAFE : Arrêt au feu rouge
17.65,80.9,0.0,SAFE,6,SAFE : Arrêt au feu rouge
17.70,80.9,0.0,SAFE,6,SAFE : Arrêt au feu rouge
17.75,80.9,0.0,SAFE,6,SAFE : Arrêt au feu rouge
17.80,80.9,0.0,SAFE,6,SAFE : Arrêt au feu rouge
17.85,80.9,0.0,SAFE,6,SAFE : Arrêt au feu rouge
17.90,80.9,0.0,SAFE,6,SAFE : Arrêt au feu rouge
17.95,80.9,0.0,SAFE,6,SAFE : Arrêt au feu rouge
18.00,80.9,0.0,SAFE,6,SAFE : Arrêt au feu rouge
18.05,80.9,0.0,SAFE,6,SAFE : Arrêt au feu rouge
18.10,80.9,0.0,SAFE,6,SAFE : Arrêt au feu rouge
18.15,80.9,0.0,SAFE,6,SAFE : Arrêt au feu rouge
18.20,80.9,0.0,SAFE,6,SAFE : Arrêt au feu rouge
18.25,80.9,0.0,SAFE,6,SAFE : Arrêt au feu rouge
18.30,80.9,0.0,SAFE,6,SAFE : Arrêt au feu rouge
18.35,80.9,0.0,SAFE,6,SAFE : Arrêt au feu rouge
18.40,80.9,0.0,SAFE,6,SAFE : Arrêt au feu rouge
18.45,80.9,0.0,SAFE,6,SAFE : Arrêt au feu rouge
18.50,80.9,0.0,SAFE,6,SAFE : Arrêt au feu rouge
18.55,80.9,0.0,SAFE,6,SAFE : Arrêt au feu rouge
18.60,80.9,0.0,SAFE,6,SAFE : Arrêt au feu rouge
18.65,80.9,0.0,SAFE,6,SAFE : Arrêt au feu rouge
18.70,80.9,0.0,SAFE,7,SAFE : Arrêt au feu rouge
18.75,80.9,0.0,SAFE,7,SAFE : Arrêt au feu rouge
18.80,80.9,0.0,SAFE,7,SAFE : Arrêt au feu rouge
18.85,80.9,0.0,SAFE,7,SAFE : Arrêt au feu rouge
18.90,80.9,0.0,SAFE,7,SAFE : Arrêt au feu rouge
18.95,80.9,0.0,SAFE,7,SAFE : Arrêt au feu rouge
19.00,80.9,0.0,SAFE,7,SAFE : Arrêt au feu rouge
19.05,80.9,0.0,SAFE,7,SAFE : Arrêt au feu rouge
19.10,80.9,0.0,SAFE,7,SAFE : Arrêt au feu rouge
19.15,80.9,0.0,SAFE,8,SAFE : Arrêt au feu rouge
19.20,80.9,0.0,SAFE,8,SAFE : Arrêt au feu rouge
19.25,80.9,0.0,SAFE,8,SAFE : Arrêt au feu rouge
19.30,80.9,0.0,SAFE,8,SAFE : Arrêt au feu rouge
19.35,80.9,0.0,SAFE,8,SAFE : Arrêt au feu rouge
19.40,80.9,0.0,SAFE,8,SAFE : Arrêt au feu rouge
19.45,80.9,0.0,SAFE,8,SAFE : Arrêt au feu rouge
19.50,80.9,0.0,SAFE,8,SAFE : Arrêt au feu rouge
19.55,80.9,0.0,SAFE,8,SAFE : Arrêt au feu rouge
19.60,80.9,0.0,SAFE,8,SAFE : Arrêt au feu rouge
19.65,80.9,0.0,SAFE,8,SAFE : Arrêt au feu rouge
19.70,80.9,0.0,SAFE,8,SAFE : Arrêt au feu rouge
19.75,80.9,0.0,SAFE,8,SAFE : Arrêt au feu rouge
19.80,80.9,0.0,SAFE,8,SAFE : Arrêt au feu rouge
19.85,80.9,0.0,SAFE,8,SAFE : Arrêt au feu rouge
19.90,80.9,0.0,SAFE,8,SAFE : Arrêt au feu rouge
19.95,80.9,0.0,SAFE,8,SAFE : Arrêt au feu rouge
20.00,80.9,0.0,SAFE,8,SAFE : Arrêt au feu rouge
20.05,80.9,0.0,SAFE,8,SAFE : Arrêt au feu rouge
20.10,80.9,0.0,SAFE,8,SAFE : Arrêt au feu rouge
20.15,80.9,0.0,SAFE,8,SAFE : Arrêt au feu rouge
20.20,80.9,0.0,SAFE,8,SAFE : Arrêt au feu rouge
20.25,80.9,0.0,SAFE,8,SAFE : Arrêt au feu rouge
20.30,80.9,0.0,SAFE,8,SAFE : Arrêt au feu rouge
20.35,80.9,0.0,SAFE,8,SAFE : Arrêt au feu rouge
20.40,80.9,0.0,SAFE,8,SAFE : Arrêt au feu rouge
20.45,80.9,0.0,SAFE,8,SAFE : Arrêt au feu rouge
20.50,80.9,0.0,SAFE,8,SAFE : Arrêt au feu rouge
20.55,80.9,0.0,SAFE,8,SAFE : Arrêt au feu rouge
20.60,80.9,0.0,SAFE,8,SAFE : Arrêt au feu rouge
20.65,80.9,0.0,SAFE,8,SAFE : Arrêt au feu rouge
20.70,80.9,0.0,SAFE,8,SAFE : Arrêt au feu rouge
20.75,80.9,0.0,SAFE,8,SAFE : Arrêt au feu rouge
20.80,80.9,0.0,SAFE,8,SAFE : Arrêt au feu rouge
20.85,80.9,0.0,SAFE,8,SAFE : Arrêt au feu rouge
20.90,80.9,0.0,SAFE,8,SAFE : Arrêt au feu rouge
20.95,80.9,0.0,SAFE,8,SAFE : Arrêt au feu rouge
21.00,80.9,0.0,SAFE,8,SAFE : Arrêt au feu rouge
21.05,80.9,0.0,SAFE,8,SAFE : Arrêt au feu rouge
21.10,80.9,0.0,SAFE,8,SAFE : Arrêt au feu rouge
21.15,80.9,0.0,SAFE,8,SAFE : Arrêt au feu rouge
21.20,80.9,0.0,SAFE,8,SAFE : Arrêt au feu rouge
21.25,80.9,0.0,SAFE,8,SAFE : Arrêt au feu rouge
21.30,80.9,0.0,SAFE,8,SAFE : Arrêt au feu rouge
21.35,80.9,0.0,SAFE,8,SAFE : Arrêt au feu rouge
21.40,80.9,0.0,SAFE,8,SAFE : Arrêt au feu rouge
21.45,80.9,0.0,SAFE,8,SAFE : Arrêt au feu rouge
21.50,80.9,0.0,SAFE,8,SAFE : Arrêt au feu rouge
21.55,80.9,0.0,SAFE,8,SAFE : Arrêt au feu rouge
21.60,80.9,0.0,SAFE,8,SAFE : Arrêt au feu rouge
21.65,80.9,0.0,SAFE,8,SAFE : Arrêt au feu rouge
21.70,80.9,0.0,SAFE,8,SAFE : Arrêt au feu rouge
21.75,80.9,0.0,SAFE,8,SAFE : Arrêt au feu rouge
21.80,80.9,0.0,SAFE,8,SAFE : Arrêt au feu rouge
21.85,80.9,0.0,SAFE,8,SAFE : Arrêt au feu rouge
21.90,80.9,0.0,SAFE,8,SAFE : Arrêt au feu rouge
21.95,80.9,0.0,SAFE,8,SAFE : Arrêt au feu rouge
22.00,80.9,0.0,SAFE,9,SAFE : Arrêt au feu rouge
22.05,80.9,0.0,SAFE,9,SAFE : Arrêt au feu rouge
22.10,80.9,0.0,SAFE,9,SAFE : Arrêt au feu rouge
22.15,80.9,0.0,SAFE,9,SAFE : Arrêt au feu rouge
22.20,80.9,0.0,SAFE,9,SAFE : Arrêt au feu rouge
22.25,80.9,0.0,SAFE,9,SAFE : Arrêt au feu rouge
22.30,80.9,0.0,SAFE,9,SAFE : Arrêt au feu rouge
22.35,80.9,0.0,SAFE,9,SAFE : Arrêt au feu rouge
22.40,80.9,0.0,SAFE,9,SAFE : Arrêt au feu rouge
22.45,80.9,0.0,SAFE,9,SAFE : Arrêt au feu rouge
22.50,80.9,0.0,SAFE,9,SAFE : Arrêt au feu rouge
22.55,80.9,0.0,SAFE,10,SAFE : Arrêt au feu rouge
22.60,80.9,0.0,SAFE,10,SAFE : Arrêt au feu rouge
22.65,80.9,0.0,SAFE,9,SAFE : Arrêt au feu rouge
22.70,80.9,0.0,SAFE,9,SAFE : Arrêt au feu rouge
22.75,80.9,0.0,SAFE,9,SAFE : Arrêt au feu rouge
22.80,80.9,0.0,SAFE,9,SAFE : Arrêt au feu rouge
22.85,80.9,0.0,SAFE,9,SAFE : Arrêt au feu rouge
22.90,80.9,0.0,SAFE,9,SAFE : Arrêt au feu rouge
22.95,80.9,0.0,SAFE,9,SAFE : Arrêt au feu rouge
23.00,80.9,0.0,SAFE,9,SAFE : Arrêt au feu rouge
23.05,80.9,0.0,SAFE,9,SAFE : Arrêt au feu rouge
23.10,80.9,0.0,SAFE,9,SAFE : Arrêt au feu rouge
23.15,80.9,0.0,SAFE,9,SAFE : Arrêt au feu rouge
23.20,80.9,0.0,SAFE,9,SAFE : Arrêt au feu rouge
23.25,80.9,0.0,SAFE,9,SAFE : Arrêt au feu rouge
23.30,80.9,0.0,SAFE,9,SAFE : Arrêt au feu rouge
23.35,80.9,0.0,SAFE,9,SAFE : Arrêt au feu rouge
23.40,80.9,0.0,SAFE,9,SAFE : Arrêt au feu rouge
23.45,80.9,0.0,SAFE,9,SAFE : Arrêt au feu rouge
23.50,80.9,0.0,SAFE,9,SAFE : Arrêt au feu rouge
23.55,80.9,0.0,SAFE,9,SAFE : Arrêt au feu rouge
23.60,80.9,0.0,SAFE,9,SAFE : Arrêt au feu rouge
23.65,80.9,0.0,SAFE,9,SAFE : Arrêt au feu rouge
23.70,80.9,0.0,SAFE,9,SAFE : Arrêt au feu rouge
23.75,80.9,0.0,SAFE,9,SAFE : Arrêt au feu rouge
23.80,80.9,0.0,SAFE,9,SAFE : Arrêt au feu rouge
23.85,80.9,0.0,SAFE,9,SAFE : Arrêt au feu rouge
23.90,80.9,0.0,SAFE,9,SAFE : Arrêt au feu rouge
23.95,80.9,0.0,SAFE,9,SAFE : Arrêt au feu rouge
24.00,80.9,0.0,SAFE,9,SAFE : Arrêt au feu rouge
24.05,80.9,0.0,SAFE,9,SAFE : Arrêt au feu rouge
24.10,80.9,0.0,SAFE,9,SAFE : Arrêt au feu rouge
24.15,80.9,0.0,SAFE,9,SAFE : Arrêt au feu rouge
24.20,80.9,0.0,SAFE,9,SAFE : Arrêt au feu rouge
24.25,80.9,0.0,SAFE,9,SAFE : Arrêt au feu rouge
24.30,80.9,0.0,SAFE,9,SAFE : Arrêt au feu rouge
24.35,80.9,0.0,SAFE,9,SAFE : Arrêt au feu rouge
24.40,80.9,0.0,SAFE,9,SAFE : Arrêt au feu rouge
24.45,80.9,0.0,SAFE,9,SAFE : Arrêt au feu rouge
24.50,80.9,0.0,SAFE,9,SAFE : Arrêt au feu rouge
24.55,80.9,0.0,SAFE,9,SAFE : Arrêt au feu rouge
24.60,80.9,0.0,SAFE,9,SAFE : Arrêt au feu rouge
24.65,80.9,0.0,SAFE,9,SAFE : Arrêt au feu rouge
24.70,80.9,0.0,SAFE,9,SAFE : Arrêt au feu rouge
24.75,80.9,0.0,SAFE,9,SAFE : Arrêt au feu rouge
24.80,80.9,0.0,SAFE,9,SAFE : Arrêt au feu rouge
24.85,80.9,0.0,SAFE,9,SAFE : Arrêt au feu rouge
24.90,80.9,0.0,SAFE,9,SAFE : Arrêt au feu rouge
24.95,80.9,0.0,SAFE,9,SAFE : Arrêt au feu rouge
25.00,80.9,0.0,SAFE,9,SAFE : Arrêt au feu rouge
25.05,80.9,0.0,SAFE,9,SAFE : Arrêt au feu rouge
25.10,80.9,0.0,SAFE,9,SAFE : Arrêt au feu rouge
25.15,80.9,0.0,SAFE,9,SAFE : Arrêt au feu rouge
25.20,80.9,0.0,SAFE,9,SAFE : Arrêt au feu rouge
25.25,80.9,0.0,SAFE,9,SAFE : Arrêt au feu rouge
25.30,80.9,0.0,SAFE,9,SAFE : Arrêt au feu rouge
25.35,80.9,0.0,SAFE,9,SAFE : Arrêt au feu rouge
25.40,80.9,0.0,SAFE,9,SAFE : Arrêt au feu rouge
25.45,80.9,0.0,SAFE,9,SAFE : Arrêt au feu rouge
25.50,80.9,0.0,SAFE,9,SAFE : Arrêt au feu rouge
25.55,80.9,0.0,SAFE,9,SAFE : Arrêt au feu rouge
25.60,80.9,0.0,SAFE,9,SAFE : Arrêt au feu rouge
25.65,80.9,0.0,SAFE,9,SAFE : Arrêt au feu rouge
25.70,80.9,0.0,SAFE,9,SAFE : Arrêt au feu rouge
25.75,80.9,0.0,SAFE,9,SAFE : Arrêt au feu rouge
25.80,80.9,0.0,SAFE,9,SAFE : Arrêt au feu rouge
25.85,80.9,0.0,SAFE,9,SAFE : Arrêt au feu rouge
25.90,80.9,0.0,SAFE,9,SAFE : Arrêt au feu rouge
25.95,80.9,0.0,SAFE,9,SAFE : Arrêt au feu rouge
26.00,80.9,0.0,SAFE,9,SAFE : Arrêt au feu rouge
26.05,80.9,0.0,SAFE,9,SAFE : Arrêt au feu rouge
26.10,80.9,0.0,SAFE,9,SAFE : Arrêt au feu rouge
26.15,80.9,0.0,SAFE,9,SAFE : Arrêt au feu rouge
26.20,80.9,0.0,SAFE,9,SAFE : Arrêt au feu rouge
26.25,80.9,0.0,SAFE,9,SAFE : Arrêt au feu rouge
26.30,80.9,0.0,SAFE,9,SAFE : Arrêt au feu rouge
26.35,80.9,0.0,SAFE,9,SAFE : Arrêt au feu rouge
26.40,80.9,0.0,SAFE,9,SAFE : Arrêt au feu rouge
26.45,80.9,0.0,SAFE,9,SAFE : Arrêt au feu rouge
26.50,80.9,0.0,SAFE,9,SAFE : Arrêt au feu rouge
26.55,80.9,0.0,SAFE,9,SAFE : Arrêt au feu rouge
26.60,80.9,0.0,SAFE,9,SAFE : Arrêt au feu rouge
26.65,80.9,0.0,SAFE,9,SAFE : Arrêt au feu rouge
26.70,80.9,0.0,SAFE,9,SAFE : Arrêt au feu rouge
26.75,80.9,0.0,SAFE,9,SAFE : Arrêt au feu rouge
26.80,80.9,0.0,SAFE,9,SAFE : Arrêt au feu rouge
26.85,80.9,0.0,SAFE,9,SAFE : Arrêt au feu rouge
26.90,80.9,0.0,SAFE,9,SAFE : Arrêt au feu rouge
26.95,80.9,0.0,SAFE,9,SAFE : Arrêt au feu rouge
27.00,80.9,0.0,SAFE,9,SAFE : Arrêt au feu rouge
27.05,80.9,0.0,SAFE,9,SAFE : Arrêt au feu rouge
27.10,80.9,0.0,SAFE,9,SAFE : Arrêt au feu rouge
27.15,80.9,0.0,SAFE,9,SAFE : Arrêt au feu rouge
27.20,80.9,0.0,SAFE,9,SAFE : Arrêt au feu rouge
27.25,80.9,0.0,SAFE,9,SAFE : Arrêt au feu rouge
27.30,80.9,0.0,SAFE,9,SAFE : Arrêt au feu rouge
27.35,80.9,0.0,SAFE,9,SAFE : Arrêt au feu rouge
27.40,80.9,0.0,SAFE,9,SAFE : Arrêt au feu rouge
27.45,80.9,0.0,SAFE,9,SAFE : Arrêt au feu rouge
27.50,80.9,0.0,SAFE,9,SAFE : Arrêt au feu rouge
27.55,80.9,0.0,SAFE,9,SAFE : Arrêt au feu rouge
27.60,80.9,0.0,SAFE,9,SAFE : Arrêt au feu rouge
27.65,80.9,0.0,SAFE,9,SAFE : Arrêt au feu rouge
27.70,80.9,0.0,SAFE,9,SAFE : Arrêt au feu rouge
27.75,80.9,0.0,SAFE,9,SAFE : Arrêt au feu rouge
27.80,80.9,0.0,SAFE,9,SAFE : Arrêt au feu rouge
27.85,80.9,0.0,SAFE,9,SAFE : Arrêt au feu rouge
27.90,80.9,0.0,SAFE,9,SAFE : Arrêt au feu rouge
27.95,80.9,0.0,SAFE,9,SAFE : Arrêt au feu rouge
28.00,80.9,0.0,SAFE,9,SAFE : Arrêt au feu rouge
28.05,80.9,0.0,SAFE,9,SAFE : Arrêt au feu rouge
28.10,80.9,0.0,SAFE,9,SAFE : Arrêt au feu rouge
28.15,80.9,0.0,SAFE,9,SAFE : Arrêt au feu rouge
28.20,80.9,0.0,SAFE,9,SAFE : Arrêt au feu rouge
28.25,80.9,0.0,SAFE,9,SAFE : Arrêt au feu rouge
28.30,80.9,0.0,SAFE,9,SAFE : Arrêt au feu rouge
28.35,80.9,0.0,SAFE,9,SAFE : Arrêt au feu rouge
28.40,80.9,0.0,SAFE,9,SAFE : Arrêt au feu rouge
28.45,80.9,0.0,SAFE,9,SAFE : Arrêt au feu rouge
28.50,80.9,0.0,SAFE,9,SAFE : Arrêt au feu rouge
28.55,80.9,0.0,SAFE,9,SAFE : Arrêt au feu rouge
28.60,80.9,0.0,SAFE,9,SAFE : Arrêt au feu rouge
28.65,80.9,0.0,SAFE,9,SAFE : Arrêt au feu rouge
28.70,80.9,0.0,SAFE,9,SAFE : Arrêt au feu rouge
28.75,80.9,0.0,SAFE,9,SAFE : Arrêt au feu rouge
28.80,80.9,0.0,SAFE,9,SAFE : Arrêt au feu rouge
28.85,80.9,0.0,SAFE,9,SAFE : Arrêt au feu rouge
28.90,80.9,0.0,SAFE,9,SAFE : Arrêt au feu rouge
28.95,80.9,0.0,SAFE,9,SAFE : Arrêt au feu rouge
29.00,80.9,0.0,SAFE,9,SAFE : Arrêt au feu rouge
29.05,80.9,0.0,SAFE,9,SAFE : Arrêt au feu rouge
29.10,80.9,0.0,SAFE,9,SAFE : Arrêt au feu rouge
29.15,80.9,0.0,SAFE,9,SAFE : Arrêt au feu rouge
29.20,80.9,0.0,SAFE,9,SAFE : Arrêt au feu rouge
29.25,80.9,0.0,SAFE,9,SAFE : Arrêt au feu rouge
29.30,80.9,0.0,SAFE,9,SAFE : Arrêt au feu rouge
29.35,80.9,0.0,SAFE,9,SAFE : Arrêt au feu rouge
29.40,80.9,0.0,SAFE,8,SAFE : Arrêt au feu rouge
29.45,80.9,0.0,SAFE,8,SAFE : Arrêt au feu rouge
29.50,80.9,0.0,SAFE,8,SAFE : Arrêt au feu rouge
29.55,80.9,0.0,SAFE,8,SAFE : Arrêt au feu rouge
29.60,80.9,0.0,SAFE,8,SAFE : Arrêt au feu rouge
29.65,80.9,0.0,SAFE,8,SAFE : Arrêt au feu rouge
29.70,80.9,0.0,SAFE,8,SAFE : Arrêt au feu rouge
29.75,80.9,0.0,SAFE,8,SAFE : Arrêt au feu rouge
29.80,80.9,0.0,SAFE,8,SAFE : Arrêt au feu rouge
29.85,80.9,0.0,SAFE,8,SAFE : Arrêt au feu rouge
29.90,80.9,0.0,SAFE,8,SAFE : Arrêt au feu rouge
29.95,80.9,0.0,SAFE,8,SAFE : Arrêt au feu rouge
30.00,80.9,0.0,SAFE,8,SAFE : Arrêt au feu rouge
30.05,80.9,0.0,SAFE,8,SAFE : Arrêt au feu rouge
30.10,80.9,0.0,SAFE,8,SAFE : Arrêt au feu rouge
30.15,80.9,0.0,SAFE,8,SAFE : Arrêt au feu rouge
30.20,80.9,0.0,SAFE,8,SAFE : Arrêt au feu rouge
30.25,80.9,0.0,SAFE,8,SAFE : Arrêt au feu rouge
30.30,80.9,0.0,SAFE,8,SAFE : Arrêt au feu rouge
30.35,80.9,0.0,SAFE,8,SAFE : Arrêt au feu rouge
30.40,80.9,0.0,SAFE,8,SAFE : Arrêt au feu rouge
30.45,80.9,0.0,SAFE,8,SAFE : Arrêt au feu rouge
30.50,80.9,0.0,SAFE,7,SAFE : Arrêt au feu rouge
30.55,80.9,0.0,SAFE,7,SAFE : Arrêt au feu rouge
30.60,80.9,0.0,SAFE,7,SAFE : Arrêt au feu rouge
30.65,80.9,0.0,SAFE,7,SAFE : Arrêt au feu rouge
30.70,80.9,0.0,SAFE,7,SAFE : Arrêt au feu rouge
30.75,80.9,0.0,SAFE,7,SAFE : Arrêt au feu rouge
30.80,80.9,0.0,SAFE,7,SAFE : Arrêt au feu rouge
30.85,80.9,0.0,SAFE,7,SAFE : Arrêt au feu rouge
30.90,80.9,0.0,SAFE,7,SAFE : Arrêt au feu rouge
30.95,80.9,0.0,SAFE,7,SAFE : Arrêt au feu rouge
31.00,80.9,0.0,SAFE,7,SAFE : Arrêt au feu rouge
31.05,80.9,0.0,SAFE,7,SAFE : Arrêt au feu rouge
31.10,80.9,0.0,SAFE,7,SAFE : Arrêt au feu rouge
31.15,80.9,0.0,SAFE,7,SAFE : Arrêt au feu rouge
31.20,80.9,0.0,SAFE,7,SAFE : Arrêt au feu rouge
31.25,80.9,0.0,SAFE,7,SAFE : Arrêt au feu rouge
31.30,80.9,0.0,SAFE,7,SAFE : Arrêt au feu rouge
31.35,80.9,0.0,SAFE,7,SAFE : Arrêt au feu rouge
31.40,80.9,0.0,SAFE,7,SAFE : Arrêt au feu rouge
31.45,80.9,0.0,SAFE,7,SAFE : Arrêt au feu rouge
31.50,80.9,0.0,SAFE,7,SAFE : Arrêt au feu rouge
31.55,80.9,0.0,SAFE,7,SAFE : Arrêt au feu rouge
31.60,80.9,0.0,SAFE,7,SAFE : Arrêt au feu rouge
31.65,80.9,0.0,SAFE,7,SAFE : Arrêt au feu rouge
31.70,80.9,0.0,SAFE,7,SAFE : Arrêt au feu rouge
31.75,80.9,0.0,SAFE,7,SAFE : Arrêt au feu rouge
31.80,80.9,0.0,SAFE,7,SAFE : Arrêt au feu rouge
31.85,80.9,0.0,SAFE,7,SAFE : Arrêt au feu rouge
31.90,80.9,0.0,SAFE,7,SAFE : Arrêt au feu rouge
31.95,80.9,0.0,SAFE,7,SAFE : Arrêt au feu rouge
32.00,80.9,0.0,SAFE,7,SAFE : Arrêt au feu rouge
32.05,80.9,0.0,SAFE,7,SAFE : Arrêt au feu rouge
32.10,80.9,0.0,SAFE,7,SAFE : Arrêt au feu rouge
32.15,80.9,0.0,SAFE,7,SAFE : Arrêt au feu rouge
32.20,80.9,0.0,SAFE,7,SAFE : Arrêt au feu rouge
32.25,80.9,0.0,SAFE,7,SAFE : Arrêt au feu rouge
32.30,80.9,0.0,SAFE,7,SAFE : Arrêt au feu rouge
32.35,80.9,0.0,SAFE,7,SAFE : Arrêt au feu rouge
32.40,80.9,0.0,SAFE,7,SAFE : Arrêt au feu rouge
32.45,80.9,0.0,SAFE,7,SAFE : Arrêt au feu rouge
32.50,80.9,0.0,SAFE,7,SAFE : Arrêt au feu rouge
32.55,80.9,0.0,SAFE,7,SAFE : Arrêt au feu rouge
32.60,80.9,0.0,SAFE,7,SAFE : Arrêt au feu rouge
32.65,80.9,0.0,SAFE,7,SAFE : Arrêt au feu rouge
32.70,80.9,0.0,SAFE,7,SAFE : Arrêt au feu rouge
32.75,80.9,0.0,SAFE,7,SAFE : Arrêt au feu rouge
32.80,80.9,0.0,SAFE,7,SAFE : Arrêt au feu rouge
32.85,80.9,0.0,SAFE,7,SAFE : Arrêt au feu rouge
32.90,80.9,0.0,SAFE,7,SAFE : Arrêt au feu rouge
32.95,80.9,0.0,SAFE,7,SAFE : Arrêt au feu rouge
33.00,80.9,0.0,SAFE,7,SAFE : Arrêt au feu rouge
33.05,80.9,0.0,SAFE,7,SAFE : Arrêt au feu rouge
33.10,80.9,0.0,SAFE,7,SAFE : Arrêt au feu rouge
33.15,80.9,0.0,SAFE,7,SAFE : Arrêt au feu rouge
33.20,80.9,0.0,SAFE,7,SAFE : Arrêt au feu rouge
33.25,80.9,0.0,SAFE,7,SAFE : Arrêt au feu rouge
33.30,80.9,0.0,SAFE,7,SAFE : Arrêt au feu rouge
33.35,80.9,0.0,SAFE,7,SAFE : Arrêt au feu rouge
33.40,80.9,0.0,SAFE,7,SAFE : Arrêt au feu rouge
33.45,80.9,0.0,SAFE,7,SAFE : Arrêt au feu rouge
33.50,80.9,0.0,SAFE,7,SAFE : Arrêt au feu rouge
33.55,80.9,0.0,SAFE,7,SAFE : Arrêt au feu rouge
33.60,80.9,0.0,SAFE,7,SAFE : Arrêt au feu rouge
33.65,80.9,0.0,SAFE,7,SAFE : Arrêt au feu rouge
33.70,80.9,0.0,SAFE,7,SAFE : Arrêt au feu rouge
33.75,80.9,0.0,SAFE,7,SAFE : Arrêt au feu rouge
33.80,80.9,0.0,SAFE,7,SAFE : Arrêt au feu rouge
33.85,80.9,0.0,SAFE,7,SAFE : Arrêt au feu rouge
33.90,80.9,0.0,SAFE,7,SAFE : Arrêt au feu rouge
33.95,80.9,0.0,SAFE,7,SAFE : Arrêt au feu rouge
34.00,80.9,0.0,SAFE,7,SAFE : Arrêt au feu rouge
34.05,80.9,0.0,SAFE,7,SAFE : Arrêt au feu rouge
34.10,80.9,0.0,SAFE,7,SAFE : Arrêt au feu rouge
34.15,80.9,0.0,SAFE,7,SAFE : Arrêt au feu rouge
34.20,80.9,0.0,SAFE,7,SAFE : Arrêt au feu rouge
34.25,80.9,0.0,SAFE,7,SAFE : Arrêt au feu rouge
34.30,80.9,0.0,SAFE,7,SAFE : Arrêt au feu rouge
34.35,80.9,0.0,SAFE,7,SAFE : Arrêt au feu rouge
34.40,80.9,0.0,SAFE,7,SAFE : Arrêt au feu rouge
34.45,80.9,0.0,SAFE,7,SAFE : Arrêt au feu rouge
34.50,80.9,0.0,SAFE,7,SAFE : Arrêt au feu rouge
34.55,80.9,0.0,SAFE,7,SAFE : Arrêt au feu rouge
34.60,80.9,0.0,SAFE,7,SAFE : Arrêt au feu rouge
34.65,80.9,0.0,SAFE,7,SAFE : Arrêt au feu rouge
34.70,80.9,0.0,SAFE,7,SAFE : Arrêt au feu rouge
34.75,80.9,0.0,SAFE,7,SAFE : Arrêt au feu rouge
34.80,80.9,0.0,SAFE,7,SAFE : Arrêt au feu rouge
34.85,80.9,0.0,SAFE,7,SAFE : Arrêt au feu rouge
34.90,80.9,0.0,SAFE,7,SAFE : Arrêt au feu rouge
34.95,80.9,0.0,SAFE,7,SAFE : Arrêt au feu rouge
35.00,80.9,0.0,SAFE,7,SAFE : Arrêt au feu rouge
35.05,80.9,0.0,SAFE,7,SAFE : Arrêt au feu rouge
35.10,80.9,0.0,SAFE,7,SAFE : Arrêt au feu rouge
35.15,80.9,0.0,SAFE,7,SAFE : Arrêt au feu rouge
35.20,80.9,0.0,SAFE,7,SAFE : Arrêt au feu rouge
35.25,80.9,0.0,SAFE,7,SAFE : Arrêt au feu rouge
35.30,80.9,0.0,SAFE,7,SAFE : Arrêt au feu rouge
35.35,80.9,0.0,SAFE,7,SAFE : Arrêt au feu rouge
35.40,80.9,0.0,SAFE,7,SAFE : Arrêt au feu rouge
35.45,80.9,0.0,SAFE,7,SAFE : Arrêt au feu rouge
35.50,80.9,0.0,SAFE,7,SAFE : Arrêt au feu rouge
35.55,80.9,0.0,SAFE,7,SAFE : Arrêt au feu rouge
35.60,80.9,0.0,SAFE,7,SAFE : Arrêt au feu rouge
35.65,80.9,0.0,SAFE,7,SAFE : Arrêt au feu rouge
35.70,80.9,0.0,SAFE,7,SAFE : Arrêt au feu rouge
35.75,80.9,0.0,SAFE,7,SAFE : Arrêt au feu rouge
35.80,80.9,0.0,SAFE,7,SAFE : Arrêt au feu rouge
35.85,80.9,0.0,SAFE,7,SAFE : Arrêt au feu rouge
35.90,80.9,0.0,SAFE,7,SAFE : Arrêt au feu rouge
35.95,80.9,0.0,SAFE,7,SAFE : Arrêt au feu rouge
36.00,80.9,0.0,SAFE,7,SAFE : Arrêt au feu rouge
36.05,80.9,0.0,SAFE,7,SAFE : Arrêt au feu rouge
36.10,80.9,0.0,SAFE,7,SAFE : Arrêt au feu rouge
36.15,80.9,0.0,SAFE,7,SAFE : Arrêt au feu rouge
36.20,80.9,0.0,SAFE,7,SAFE : Arrêt au feu rouge
36.25,80.9,0.0,SAFE,7,SAFE : Arrêt au feu rouge
36.30,80.9,0.0,SAFE,7,SAFE : Arrêt au feu rouge
36.35,80.9,0.0,SAFE,7,SAFE : Arrêt au feu rouge
36.40,80.9,0.0,SAFE,7,SAFE : Arrêt au feu rouge
36.45,80.9,0.0,SAFE,7,SAFE : Arrêt au feu rouge
36.50,80.9,0.0,SAFE,7,SAFE : Arrêt au feu rouge
36.55,80.9,0.0,SAFE,7,SAFE : Arrêt au feu rouge
36.60,80.9,0.0,SAFE,7,SAFE : Arrêt au feu rouge
36.65,80.9,0.0,SAFE,7,SAFE : Arrêt au feu rouge
36.70,80.9,0.0,SAFE,7,SAFE : Arrêt au feu rouge
36.75,80.9,0.0,SAFE,7,SAFE : Arrêt au feu rouge
36.80,80.9,0.0,SAFE,7,SAFE : Arrêt au feu rouge
36.85,80.9,0.0,SAFE,7,SAFE : Arrêt au feu rouge
36.90,80.9,0.0,SAFE,7,SAFE : Arrêt au feu rouge
36.95,80.9,0.0,SAFE,7,SAFE : Arrêt au feu rouge
37.00,80.9,0.0,SAFE,7,SAFE : Arrêt au feu rouge
37.05,80.9,0.0,SAFE,7,SAFE : Arrêt au feu rouge
37.10,80.9,0.0,SAFE,7,SAFE : Arrêt au feu rouge
37.15,80.9,0.0,SAFE,7,SAFE : Arrêt au feu rouge
37.20,80.9,0.0,SAFE,7,SAFE : Arrêt au feu rouge
37.25,80.9,0.0,SAFE,7,SAFE : Arrêt au feu rouge
37.30,80.9,0.0,SAFE,7,SAFE : Arrêt au feu rouge
37.35,80.9,0.0,SAFE,7,SAFE : Arrêt au feu rouge
37.40,80.9,0.0,SAFE,7,SAFE : Arrêt au feu rouge
37.45,80.9,0.0,SAFE,7,SAFE : Arrêt au feu rouge
37.50,80.9,0.0,SAFE,7,SAFE : Arrêt au feu rouge
37.55,80.9,0.0,SAFE,7,SAFE : Arrêt au feu rouge
37.60,80.9,0.0,SAFE,7,SAFE : Arrêt au feu rouge
37.65,80.9,0.0,SAFE,7,SAFE : Arrêt au feu rouge
37.70,80.9,0.0,SAFE,7,SAFE : Arrêt au feu rouge
37.75,80.9,0.0,SAFE,7,SAFE : Arrêt au feu rouge
37.80,80.9,0.0,SAFE,7,SAFE : Arrêt au feu rouge
37.85,80.9,0.0,SAFE,7,SAFE : Arrêt au feu rouge
37.90,80.9,0.0,SAFE,7,SAFE : Arrêt au feu rouge
37.95,80.9,0.0,SAFE,7,SAFE : Arrêt au feu rouge
38.00,80.9,0.0,SAFE,7,SAFE : Arrêt au feu rouge
38.05,80.9,0.0,SAFE,7,SAFE : Arrêt au feu rouge
38.10,80.9,0.0,SAFE,7,SAFE : Arrêt au feu rouge
38.15,80.9,0.0,SAFE,7,SAFE : Arrêt au feu rouge
38.20,80.9,0.0,SAFE,7,SAFE : Arrêt au feu rouge
38.25,80.9,0.0,SAFE,7,SAFE : Arrêt au feu rouge
38.30,80.9,0.0,SAFE,7,SAFE : Arrêt au feu rouge
38.35,80.9,0.0,SAFE,7,SAFE : Arrêt au feu rouge
38.40,80.9,0.0,SAFE,7,SAFE : Arrêt au feu rouge
38.45,80.9,0.0,SAFE,7,SAFE : Arrêt au feu rouge
38.50,80.9,0.0,SAFE,7,SAFE : Arrêt au feu rouge
38.55,80.9,0.0,SAFE,7,SAFE : Arrêt au feu rouge
38.60,80.9,0.0,SAFE,7,SAFE : Arrêt au feu rouge
38.65,80.9,0.0,SAFE,7,SAFE : Arrêt au feu rouge
38.70,80.9,0.0,SAFE,7,SAFE : Arrêt au feu rouge
38.75,80.9,0.0,SAFE,7,SAFE : Arrêt au feu rouge
38.80,80.9,0.0,SAFE,7,SAFE : Arrêt au feu rouge
38.85,80.9,0.0,SAFE,7,SAFE : Arrêt au feu rouge
38.90,80.9,0.0,SAFE,7,SAFE : Arrêt au feu rouge
38.95,80.9,0.0,SAFE,7,SAFE : Arrêt au feu rouge
39.00,80.9,0.0,SAFE,7,SAFE : Arrêt au feu rouge
39.05,80.9,0.0,SAFE,7,SAFE : Arrêt au feu rouge
39.10,80.9,0.0,SAFE,7,SAFE : Arrêt au feu rouge
39.15,80.9,0.0,SAFE,7,SAFE : Arrêt au feu rouge
39.20,80.9,0.0,SAFE,7,SAFE : Arrêt au feu rouge
39.25,80.9,0.0,SAFE,7,SAFE : Arrêt au feu rouge
39.30,80.9,0.0,SAFE,7,SAFE : Arrêt au feu rouge
39.35,80.9,0.0,SAFE,7,SAFE : Arrêt au feu rouge
39.40,80.9,0.0,SAFE,7,SAFE : Arrêt au feu rouge
39.45,80.9,0.0,SAFE,7,SAFE : Arrêt au feu rouge
39.50,80.9,0.0,SAFE,7,SAFE : Arrêt au feu rouge
39.55,80.9,0.0,SAFE,7,SAFE : Arrêt au feu rouge
39.60,80.9,0.0,SAFE,7,SAFE : Arrêt au feu rouge
39.65,80.9,0.0,SAFE,7,SAFE : Arrêt au feu rouge
39.70,80.9,0.0,SAFE,8,SAFE : Arrêt au feu rouge
39.75,80.9,0.0,SAFE,8,SAFE : Arrêt au feu rouge
39.80,80.9,0.0,SAFE,8,SAFE : Arrêt au feu rouge
39.85,80.9,0.0,SAFE,8,SAFE : Arrêt au feu rouge
39.90,80.9,0.0,SAFE,8,SAFE : Arrêt au feu rouge
39.95,80.9,0.0,SAFE,8,SAFE : Arrêt au feu rouge
40.00,80.9,0.0,SAFE,8,SAFE : Arrêt au feu rouge
40.05,80.9,0.0,SAFE,8,SAFE : Arrêt au feu rouge
40.10,80.9,0.0,SAFE,8,SAFE : Arrêt au feu rouge
40.15,80.9,0.0,SAFE,8,SAFE : Arrêt au feu rouge
40.20,80.9,0.0,SAFE,8,SAFE : Arrêt au feu rouge
40.25,80.9,0.0,SAFE,8,SAFE : Arrêt au feu rouge
40.30,80.9,0.0,SAFE,8,SAFE : Arrêt au feu rouge
40.35,80.9,0.0,SAFE,8,SAFE : Arrêt au feu rouge
40.40,80.9,0.0,SAFE,8,SAFE : Arrêt au feu rouge
40.45,80.9,0.0,SAFE,8,SAFE : Arrêt au feu rouge
40.50,80.9,0.0,SAFE,8,SAFE : Arrêt au feu rouge
40.55,80.9,0.0,SAFE,8,SAFE : Arrêt au feu rouge
40.60,80.9,0.0,SAFE,8,SAFE : Arrêt au feu rouge
40.65,80.9,0.0,SAFE,8,SAFE : Arrêt au feu rouge
40.70,80.9,0.0,SAFE,8,SAFE : Arrêt au feu rouge
40.75,80.9,0.0,SAFE,8,SAFE : Arrêt au feu rouge
40.80,80.9,0.0,SAFE,8,SAFE : Arrêt au feu rouge
40.85,80.9,0.0,SAFE,8,SAFE : Arrêt au feu rouge
40.90,80.9,0.0,SAFE,8,SAFE : Arrêt au feu rouge
40.95,80.9,0.0,SAFE,8,SAFE : Arrêt au feu rouge
41.00,80.9,0.0,SAFE,8,SAFE : Arrêt au feu rouge
41.05,80.9,0.0,SAFE,8,SAFE : Arrêt au feu rouge
41.10,80.9,0.0,SAFE,8,SAFE : Arrêt au feu rouge
41.15,80.9,0.0,SAFE,8,SAFE : Arrêt au feu rouge
41.20,80.9,0.0,SAFE,8,SAFE : Arrêt au feu rouge
41.25,80.9,0.0,SAFE,8,SAFE : Arrêt au feu rouge
41.30,80.9,0.0,SAFE,8,SAFE : Arrêt au feu rouge
41.35,80.9,0.0,SAFE,8,SAFE : Arrêt au feu rouge
41.40,80.9,0.0,SAFE,8,SAFE : Arrêt au feu rouge
41.45,80.9,0.0,SAFE,8,SAFE : Arrêt au feu rouge
41.50,80.9,0.0,SAFE,8,SAFE : Arrêt au feu rouge
41.55,80.9,0.0,SAFE,8,SAFE : Arrêt au feu rouge
41.60,80.9,0.0,SAFE,8,SAFE : Arrêt au feu rouge
41.65,80.9,0.0,SAFE,8,SAFE : Arrêt au feu rouge
41.70,80.9,0.0,SAFE,8,SAFE : Arrêt au feu rouge
41.75,80.9,0.0,SAFE,8,SAFE : Arrêt au feu rouge
41.80,80.9,0.0,SAFE,8,SAFE : Arrêt au feu rouge
41.85,80.9,0.0,SAFE,8,SAFE : Arrêt au feu rouge
41.90,80.9,0.0,SAFE,8,SAFE : Arrêt au feu rouge
41.95,80.9,0.0,SAFE,8,SAFE : Arrêt au feu rouge
42.00,80.9,0.0,SAFE,8,SAFE : Arrêt au feu rouge
42.05,80.9,0.0,SAFE,8,SAFE : Arrêt au feu rouge
42.10,80.9,0.0,SAFE,8,SAFE : Arrêt au feu rouge
42.15,80.9,0.0,SAFE,8,SAFE : Arrêt au feu rouge
42.20,80.9,0.0,SAFE,8,SAFE : Arrêt au feu rouge
42.25,80.9,0.0,SAFE,8,SAFE : Arrêt au feu rouge
42.30,80.9,0.0,SAFE,8,SAFE : Arrêt au feu rouge
42.35,80.9,0.0,SAFE,8,SAFE : Arrêt au feu rouge
42.40,80.9,0.0,SAFE,8,SAFE : Arrêt au feu rouge
42.45,80.9,0.0,SAFE,8,SAFE : Arrêt au feu rouge
42.50,80.9,0.0,SAFE,8,SAFE : Arrêt au feu rouge
42.55,80.9,0.0,SAFE,9,SAFE : Arrêt au feu rouge
42.60,80.9,0.0,SAFE,9,SAFE : Arrêt au feu rouge
42.65,80.9,0.0,SAFE,9,SAFE : Arrêt au feu rouge
42.70,80.9,0.0,SAFE,9,SAFE : Arrêt au feu rouge
42.75,80.9,0.0,SAFE,9,SAFE : Arrêt au feu rouge
42.80,80.9,0.0,SAFE,9,SAFE : Arrêt au feu rouge
42.85,80.9,0.0,SAFE,9,SAFE : Arrêt au feu rouge
42.90,80.9,0.0,SAFE,9,SAFE : Arrêt au feu rouge
42.95,80.9,0.0,SAFE,9,SAFE : Arrêt au feu rouge
43.00,80.9,0.0,SAFE,9,SAFE : Arrêt au feu rouge
43.05,80.9,0.0,SAFE,9,SAFE : Arrêt au feu rouge
43.10,80.9,0.0,SAFE,9,SAFE : Arrêt au feu rouge
43.15,80.9,0.0,SAFE,9,SAFE : Arrêt au feu rouge
43.20,80.9,0.0,SAFE,9,SAFE : Arrêt au feu rouge
43.25,80.9,0.0,SAFE,9,SAFE : Arrêt au feu rouge
43.30,80.9,0.0,SAFE,9,SAFE : Arrêt au feu rouge
43.35,80.9,0.0,SAFE,9,SAFE : Arrêt au feu rouge
43.40,80.9,0.0,SAFE,9,SAFE : Arrêt au feu rouge
43.45,80.9,0.0,SAFE,9,SAFE : Arrêt au feu rouge
43.50,80.9,0.0,SAFE,9,SAFE : Arrêt au feu rouge
43.55,80.9,0.0,SAFE,9,SAFE : Arrêt au feu rouge
43.60,80.9,0.0,SAFE,9,SAFE : Arrêt au feu rouge
43.65,80.9,0.0,SAFE,9,SAFE : Arrêt au feu rouge
43.70,80.9,0.0,SAFE,9,SAFE : Arrêt au feu rouge
43.75,80.9,0.0,SAFE,9,SAFE : Arrêt au feu rouge
43.80,80.9,0.0,SAFE,9,SAFE : Arrêt au feu rouge
43.85,80.9,0.0,SAFE,9,SAFE : Arrêt au feu rouge
43.90,80.9,0.0,SAFE,9,SAFE : Arrêt au feu rouge
43.95,80.9,0.0,SAFE,9,SAFE : Arrêt au feu rouge
44.00,80.9,0.0,SAFE,9,SAFE : Arrêt au feu rouge
44.05,80.9,0.0,SAFE,9,SAFE : Arrêt au feu rouge
44.10,80.9,0.0,SAFE,9,SAFE : Arrêt au feu rouge
44.15,80.9,0.0,SAFE,9,SAFE : Arrêt au feu rouge
44.20,80.9,0.0,SAFE,9,SAFE : Arrêt au feu rouge
44.25,80.9,0.0,SAFE,9,SAFE : Arrêt au feu rouge
44.30,80.9,0.0,SAFE,9,SAFE : Arrêt au feu rouge
44.35,80.9,0.0,SAFE,9,SAFE : Arrêt au feu rouge
44.40,80.9,0.0,SAFE,9,SAFE : Arrêt au feu rouge
44.45,80.9,0.0,SAFE,9,SAFE : Arrêt au feu rouge
44.50,80.9,0.0,SAFE,9,SAFE : Arrêt au feu rouge
44.55,80.9,0.0,SAFE,9,SAFE : Arrêt au feu rouge
44.60,80.9,0.0,SAFE,9,SAFE : Arrêt au feu rouge
44.65,80.9,0.0,SAFE,9,SAFE : Arrêt au feu rouge
44.70,80.9,0.0,SAFE,9,SAFE : Arrêt au feu rouge
44.75,80.9,0.0,SAFE,9,SAFE : Arrêt au feu rouge
44.80,80.9,0.0,SAFE,9,SAFE : Arrêt au feu rouge
44.85,80.9,0.0,SAFE,9,SAFE : Arrêt au feu rouge
44.90,80.9,0.0,SAFE,9,SAFE : Arrêt au feu rouge
44.95,80.9,0.0,SAFE,9,SAFE : Arrêt au feu rouge
45.00,80.9,0.0,SAFE,9,SAFE : Arrêt au feu rouge
45.05,80.9,0.0,SAFE,9,SAFE : Arrêt au feu rouge
45.10,80.9,0.0,SAFE,8,SAFE : Arrêt au feu rouge
45.15,80.9,0.0,SAFE,8,SAFE : Arrêt au feu rouge
45.20,80.9,0.0,SAFE,8,SAFE : Arrêt au feu rouge
45.25,80.9,0.0,SAFE,8,SAFE : Arrêt au feu rouge
45.30,80.9,0.0,SAFE,8,SAFE : Arrêt au feu rouge
45.35,80.9,0.0,SAFE,8,SAFE : Arrêt au feu rouge
45.40,80.9,0.0,SAFE,8,SAFE : Arrêt au feu rouge
45.45,80.9,0.0,SAFE,8,SAFE : Arrêt au feu rouge
45.50,80.9,0.0,SAFE,8,SAFE : Arrêt au feu rouge
45.55,80.9,0.0,SAFE,8,SAFE : Arrêt au feu rouge
45.60,80.9,0.0,SAFE,8,SAFE : Arrêt au feu rouge
45.65,80.9,0.0,SAFE,8,SAFE : Arrêt au feu rouge
45.70,80.9,0.0,SAFE,8,SAFE : Arrêt au feu rouge
45.75,80.9,0.0,SAFE,8,SAFE : Arrêt au feu rouge
45.80,80.9,0.0,SAFE,8,SAFE : Arrêt au feu rouge
45.85,80.9,0.0,SAFE,8,SAFE : Arrêt au feu rouge
45.90,80.9,0.0,SAFE,8,SAFE : Arrêt au feu rouge
45.95,80.9,0.0,SAFE,8,SAFE : Arrêt au feu rouge
46.00,80.9,0.0,SAFE,8,SAFE : Arrêt au feu rouge
46.05,80.9,0.0,SAFE,8,SAFE : Arrêt au feu rouge
46.10,80.9,0.0,SAFE,8,SAFE : Arrêt au feu rouge
46.15,80.9,0.0,SAFE,8,SAFE : Arrêt au feu rouge
46.20,80.9,0.0,SAFE,8,SAFE : Arrêt au feu rouge
46.25,80.9,0.0,SAFE,8,SAFE : Arrêt au feu rouge
46.30,80.9,0.0,SAFE,8,SAFE : Arrêt au feu rouge
46.35,80.9,0.0,SAFE,8,SAFE : Arrêt au feu rouge
46.40,80.9,0.0,SAFE,8,SAFE : Arrêt au feu rouge
46.45,80.9,0.0,SAFE,8,SAFE : Arrêt au feu rouge
46.50,80.9,0.0,SAFE,8,SAFE : Arrêt au feu rouge
46.55,80.9,0.0,SAFE,8,SAFE : Arrêt au feu rouge
46.60,80.9,0.0,SAFE,8,SAFE : Arrêt au feu rouge
46.65,80.9,0.0,SAFE,8,SAFE : Arrêt au feu rouge
46.70,80.9,0.0,SAFE,8,SAFE : Arrêt au feu rouge
46.75,80.9,0.0,SAFE,7,SAFE : Arrêt au feu rouge
46.80,80.9,0.0,SAFE,7,SAFE : Arrêt au feu rouge
46.85,80.9,0.0,SAFE,7,SAFE : Arrêt au feu rouge
46.90,80.9,0.0,SAFE,7,SAFE : Arrêt au feu rouge
46.95,80.9,0.0,SAFE,7,SAFE : Arrêt au feu rouge
47.00,80.9,0.0,SAFE,7,SAFE : Arrêt au feu rouge
47.05,80.9,0.0,SAFE,7,SAFE : Arrêt au feu rouge
47.10,80.9,0.0,SAFE,7,SAFE : Arrêt au feu rouge
47.15,80.9,0.0,SAFE,7,SAFE : Arrêt au feu rouge
47.20,80.9,0.0,SAFE,7,SAFE : Arrêt au feu rouge
47.25,80.9,0.0,SAFE,7,SAFE : Arrêt au feu rouge
47.30,80.9,0.0,SAFE,7,SAFE : Arrêt au feu rouge
47.35,80.9,0.0,SAFE,7,SAFE : Arrêt au feu rouge
47.40,80.9,0.0,SAFE,7,SAFE : Arrêt au feu rouge
47.45,80.9,0.0,SAFE,6,SAFE : Arrêt au feu rouge
47.50,80.9,0.0,SAFE,6,SAFE : Arrêt au feu rouge
47.55,80.9,0.0,SAFE,6,SAFE : Arrêt au feu rouge
47.60,80.9,0.0,SAFE,6,SAFE : Arrêt au feu rouge
47.65,80.9,0.0,SAFE,6,SAFE : Arrêt au feu rouge
47.70,80.9,0.0,SAFE,6,SAFE : Arrêt au feu rouge
47.75,80.9,0.0,SAFE,6,SAFE : Arrêt au feu rouge
47.80,80.9,0.0,SAFE,6,SAFE : Arrêt au feu rouge
47.85,80.9,0.0,SAFE,6,SAFE : Arrêt au feu rouge
47.90,80.9,0.0,SAFE,6,SAFE : Arrêt au feu rouge
47.95,80.9,0.0,SAFE,6,SAFE : Arrêt au feu rouge
48.00,80.9,0.0,SAFE,6,SAFE : Arrêt au feu rouge
48.05,80.9,0.0,SAFE,6,SAFE : Arrêt au feu rouge
48.10,80.9,0.0,SAFE,6,SAFE : Arrêt au feu rouge
48.15,80.9,0.0,SAFE,6,SAFE : Arrêt au feu rouge
48.20,80.9,0.0,SAFE,6,SAFE : Arrêt au feu rouge
48.25,80.9,0.0,SAFE,6,SAFE : Arrêt au feu rouge
48.30,80.9,0.0,SAFE,6,SAFE : Arrêt au feu rouge
48.35,80.9,0.0,SAFE,6,SAFE : Arrêt au feu rouge
48.40,80.9,0.0,SAFE,6,SAFE : Arrêt au feu rouge
48.45,80.9,0.0,SAFE,6,SAFE : Arrêt au feu rouge
48.50,80.9,0.0,SAFE,6,SAFE : Arrêt au feu rouge
48.55,80.9,0.0,SAFE,6,SAFE : Arrêt au feu rouge
48.60,80.9,0.0,SAFE,6,SAFE : Arrêt au feu rouge
48.65,80.9,0.0,SAFE,6,SAFE : Arrêt au feu rouge
48.70,80.9,0.0,SAFE,6,SAFE : Arrêt au feu rouge
48.75,80.9,0.0,SAFE,6,SAFE : Arrêt au feu rouge
48.80,80.9,0.0,SAFE,6,SAFE : Arrêt au feu rouge
48.85,80.9,0.0,SAFE,6,SAFE : Arrêt au feu rouge
48.90,80.9,0.0,SAFE,6,SAFE : Arrêt au feu rouge
48.95,80.9,0.0,SAFE,6,SAFE : Arrêt au feu rouge
49.00,80.9,0.0,SAFE,6,SAFE : Arrêt au feu rouge
49.05,80.9,0.0,SAFE,6,SAFE : Arrêt au feu rouge
49.10,80.9,0.0,SAFE,6,SAFE : Arrêt au feu rouge
49.15,80.9,0.0,SAFE,6,SAFE : Arrêt au feu rouge
49.20,80.9,0.0,SAFE,6,SAFE : Arrêt au feu rouge
49.25,80.9,0.0,SAFE,6,SAFE : Arrêt au feu rouge
49.30,80.9,0.0,SAFE,6,SAFE : Arrêt au feu rouge
49.35,80.9,0.0,SAFE,6,SAFE : Arrêt au feu rouge
49.40,80.9,0.0,SAFE,6,SAFE : Arrêt au feu rouge
49.45,80.9,0.0,SAFE,6,SAFE : Arrêt au feu rouge
49.50,80.9,0.0,SAFE,6,SAFE : Arrêt au feu rouge
49.55,80.9,0.0,SAFE,7,SAFE : Arrêt au feu rouge
49.60,80.9,0.0,SAFE,7,SAFE : Arrêt au feu rouge
49.65,80.9,0.0,SAFE,7,SAFE : Arrêt au feu rouge
49.70,80.9,0.0,SAFE,7,SAFE : Arrêt au feu rouge
49.75,80.9,0.0,SAFE,7,SAFE : Arrêt au feu rouge
49.80,80.9,0.0,SAFE,7,SAFE : Arrêt au feu rouge
49.85,80.9,0.0,SAFE,7,SAFE : Arrêt au feu rouge
49.90,80.9,0.0,SAFE,7,SAFE : Arrêt au feu rouge
49.95,80.9,0.0,SAFE,7,SAFE : Arrêt au feu rouge
50.00,80.9,0.0,SAFE,7,SAFE : Arrêt au feu rouge
50.05,80.9,0.0,SAFE,7,SAFE : Arrêt au feu rouge
50.10,80.9,0.0,SAFE,7,SAFE : Arrêt au feu rouge
50.15,80.9,0.0,SAFE,7,SAFE : Arrêt au feu rouge
50.20,80.9,0.0,SAFE,7,SAFE : Arrêt au feu rouge
50.25,80.9,0.0,SAFE,7,SAFE : Arrêt au feu rouge
50.30,80.9,0.0,SAFE,7,SAFE : Arrêt au feu rouge
50.35,80.9,0.0,SAFE,7,SAFE : Arrêt au feu rouge
50.40,80.9,0.0,SAFE,7,SAFE : Arrêt au feu rouge
50.45,80.9,0.0,SAFE,7,SAFE : Arrêt au feu rouge
50.50,80.9,0.0,SAFE,7,SAFE : Arrêt au feu rouge
50.55,80.9,0.0,SAFE,7,SAFE : Arrêt au feu rouge
50.60,80.9,0.0,SAFE,7,SAFE : Arrêt au feu rouge
50.65,80.9,0.0,SAFE,7,SAFE : Arrêt au feu rouge
50.70,80.9,0.0,SAFE,7,SAFE : Arrêt au feu rouge
50.75,80.9,0.0,SAFE,7,SAFE : Arrêt au feu rouge
50.80,80.9,0.0,SAFE,7,SAFE : Arrêt au feu rouge
50.85,80.9,0.0,SAFE,7,SAFE : Arrêt au feu rouge
50.90,80.9,0.0,SAFE,7,SAFE : Arrêt au feu rouge
50.95,80.9,0.0,SAFE,7,SAFE : Arrêt au feu rouge
51.00,80.9,0.0,SAFE,7,SAFE : Arrêt au feu rouge
51.05,80.9,0.0,SAFE,7,SAFE : Arrêt au feu rouge
51.10,80.9,0.0,SAFE,7,SAFE : Arrêt au feu rouge
51.15,80.9,0.0,SAFE,7,SAFE : Arrêt au feu rouge
51.20,80.9,0.0,SAFE,7,SAFE : Arrêt au feu rouge
51.25,80.9,0.0,SAFE,7,SAFE : Arrêt au feu rouge
51.30,80.9,0.0,SAFE,7,SAFE : Arrêt au feu rouge
51.35,80.9,0.0,SAFE,7,SAFE : Arrêt au feu rouge
51.40,80.9,0.0,SAFE,7,SAFE : Arrêt au feu rouge
51.45,80.9,0.0,SAFE,7,SAFE : Arrêt au feu rouge
51.50,80.9,0.0,SAFE,7,SAFE : Arrêt au feu rouge
51.55,80.9,0.0,SAFE,7,SAFE : Arrêt au feu rouge
51.60,80.9,0.0,SAFE,6,SAFE : Arrêt au feu rouge
51.65,80.9,0.0,SAFE,6,SAFE : Arrêt au feu rouge
51.70,80.9,0.0,SAFE,6,SAFE : Arrêt au feu rouge
51.75,80.9,0.0,SAFE,6,SAFE : Arrêt au feu rouge
51.80,80.9,0.0,SAFE,6,SAFE : Arrêt au feu rouge
51.85,80.9,0.0,SAFE,6,SAFE : Arrêt au feu rouge
51.90,80.9,0.0,SAFE,6,SAFE : Arrêt au feu rouge
51.95,80.9,0.0,SAFE,6,SAFE : Arrêt au feu rouge
52.00,80.9,0.0,SAFE,6,SAFE : Arrêt au feu rouge
52.05,80.9,0.0,SAFE,6,SAFE : Arrêt au feu rouge
52.10,80.9,0.0,SAFE,6,SAFE : Arrêt au feu rouge
52.15,80.9,0.0,SAFE,6,SAFE : Arrêt au feu rouge
52.20,80.9,0.0,SAFE,6,SAFE : Arrêt au feu rouge
52.25,80.9,0.0,SAFE,6,SAFE : Arrêt au feu rouge
52.30,80.9,0.0,SAFE,6,SAFE : Arrêt au feu rouge
52.35,80.9,0.0,SAFE,6,SAFE : Arrêt au feu rouge
52.40,80.9,0.0,SAFE,6,SAFE : Arrêt au feu rouge
52.45,80.9,0.0,SAFE,6,SAFE : Arrêt au feu rouge
52.50,80.9,0.0,SAFE,6,SAFE : Arrêt au feu rouge
52.55,80.9,0.0,SAFE,6,SAFE : Arrêt au feu rouge
52.60,80.9,0.0,SAFE,6,SAFE : Arrêt au feu rouge
52.65,80.9,0.0,SAFE,6,SAFE : Arrêt au feu rouge
52.70,80.9,0.0,SAFE,6,SAFE : Arrêt au feu rouge
52.75,80.9,0.0,SAFE,6,SAFE : Arrêt au feu rouge
52.80,80.9,0.0,SAFE,6,SAFE : Arrêt au feu rouge
52.85,80.9,0.0,SAFE,6,SAFE : Arrêt au feu rouge
52.90,80.9,0.0,SAFE,6,SAFE : Arrêt au feu rouge
52.95,80.9,0.0,SAFE,6,SAFE : Arrêt au feu rouge
53.00,80.9,0.0,SAFE,6,SAFE : Arrêt au feu rouge
53.05,80.9,0.0,SAFE,6,SAFE : Arrêt au feu rouge
53.10,80.9,0.0,SAFE,6,SAFE : Arrêt au feu rouge
53.15,80.9,0.0,SAFE,6,SAFE : Arrêt au feu rouge
53.20,80.9,0.0,SAFE,6,SAFE : Arrêt au feu rouge
53.25,80.9,0.0,SAFE,6,SAFE : Arrêt au feu rouge
53.30,80.9,0.0,SAFE,6,SAFE : Arrêt au feu rouge
53.35,80.9,0.0,SAFE,6,SAFE : Arrêt au feu rouge
53.40,80.9,0.0,SAFE,6,SAFE : Arrêt au feu rouge
53.45,80.9,0.0,SAFE,6,SAFE : Arrêt au feu rouge
53.50,80.9,0.0,SAFE,6,SAFE : Arrêt au feu rouge
53.55,80.9,0.0,SAFE,6,SAFE : Arrêt au feu rouge
53.60,80.9,0.0,SAFE,6,SAFE : Arrêt au feu rouge
53.65,80.9,0.0,SAFE,6,SAFE : Arrêt au feu rouge
53.70,80.9,0.0,SAFE,6,SAFE : Arrêt au feu rouge
53.75,80.9,0.0,SAFE,6,SAFE : Arrêt au feu rouge
53.80,80.9,0.0,SAFE,6,SAFE : Arrêt au feu rouge
53.85,80.9,0.0,SAFE,5,SAFE : Arrêt au feu rouge
53.90,80.9,0.0,SAFE,5,SAFE : Arrêt au feu rouge
53.95,80.9,0.0,SAFE,5,SAFE : Arrêt au feu rouge
54.00,80.9,0.0,SAFE,5,SAFE : Arrêt au feu rouge
54.05,80.9,0.0,SAFE,5,SAFE : Arrêt au feu rouge
54.10,80.9,0.0,SAFE,5,SAFE : Arrêt au feu rouge
54.15,80.9,0.0,SAFE,5,SAFE : Arrêt au feu rouge
54.20,80.9,0.0,SAFE,5,SAFE : Arrêt au feu rouge
54.25,80.9,0.0,SAFE,5,SAFE : Arrêt au feu rouge
54.30,80.9,0.0,SAFE,5,SAFE : Arrêt au feu rouge
54.35,80.9,0.0,SAFE,5,SAFE : Arrêt au feu rouge
54.40,80.9,0.0,SAFE,5,SAFE : Arrêt au feu rouge
54.45,80.9,0.0,SAFE,5,SAFE : Arrêt au feu rouge
54.50,80.9,0.0,SAFE,5,SAFE : Arrêt au feu rouge
54.55,80.9,0.0,SAFE,4,SAFE : Arrêt au feu rouge
54.60,80.9,0.0,SAFE,4,SAFE : Arrêt au feu rouge
54.65,80.9,0.0,SAFE,4,SAFE : Arrêt au feu rouge
54.70,80.9,0.0,SAFE,4,SAFE : Arrêt au feu rouge
54.75,80.9,0.0,SAFE,4,SAFE : Arrêt au feu rouge
54.80,80.9,0.0,SAFE,4,SAFE : Arrêt au feu rouge
54.85,80.9,0.0,SAFE,4,SAFE : Arrêt au feu rouge
54.90,80.9,0.0,SAFE,4,SAFE : Arrêt au feu rouge
54.95,80.9,0.0,SAFE,4,SAFE : Arrêt au feu rouge
55.00,80.9,0.0,SAFE,4,SAFE : Arrêt au feu rouge
55.05,80.9,0.0,SAFE,4,SAFE : Arrêt au feu rouge
55.10,80.9,0.0,SAFE,4,SAFE : Arrêt au feu rouge
55.15,80.9,0.0,SAFE,4,SAFE : Arrêt au feu rouge
55.20,80.9,0.0,SAFE,4,SAFE : Arrêt au feu rouge
55.25,80.9,0.0,SAFE,4,SAFE : Arrêt au feu rouge
55.30,80.9,0.0,SAFE,4,SAFE : Arrêt au feu rouge
55.35,80.9,0.0,SAFE,4,SAFE : Arrêt au feu rouge
55.40,80.9,0.0,SAFE,4,SAFE : Arrêt au feu rouge
55.45,80.9,0.0,SAFE,4,SAFE : Arrêt au feu rouge
55.50,80.9,0.0,SAFE,4,SAFE : Arrêt au feu rouge
55.55,80.9,0.0,SAFE,4,SAFE : Arrêt au feu rouge
55.60,80.9,0.0,SAFE,4,SAFE : Arrêt au feu rouge
55.65,80.9,0.0,SAFE,4,SAFE : Arrêt au feu rouge
55.70,80.9,0.0,SAFE,4,SAFE : Arrêt au feu rouge
55.75,80.9,0.0,SAFE,4,SAFE : Arrêt au feu rouge
55.80,80.9,0.0,SAFE,4,SAFE : Arrêt au feu rouge
55.85,80.9,0.0,SAFE,4,SAFE : Arrêt au feu rouge
55.90,80.9,0.0,SAFE,4,SAFE : Arrêt au feu rouge
55.95,80.9,0.0,SAFE,4,SAFE : Arrêt au feu rouge
56.00,80.9,0.0,SAFE,4,SAFE : Arrêt au feu rouge
56.05,80.9,0.0,SAFE,5,SAFE : Arrêt au feu rouge
56.10,80.9,0.0,SAFE,5,SAFE : Arrêt au feu rouge
56.15,80.9,0.0,SAFE,5,SAFE : Arrêt au feu rouge
56.20,80.9,0.0,SAFE,5,SAFE : Arrêt au feu rouge
56.25,80.9,0.0,SAFE,5,SAFE : Arrêt au feu rouge
56.30,80.9,0.0,SAFE,5,SAFE : Arrêt au feu rouge
56.35,80.9,0.0,SAFE,5,SAFE : Arrêt au feu rouge
56.40,80.9,0.0,SAFE,5,SAFE : Arrêt au feu rouge
56.45,80.9,0.0,SAFE,5,SAFE : Arrêt au feu rouge
56.50,80.9,0.0,SAFE,5,SAFE : Arrêt au feu rouge
56.55,80.9,0.0,SAFE,5,SAFE : Arrêt au feu rouge
56.60,80.9,0.0,SAFE,5,SAFE : Arrêt au feu rouge
56.65,80.9,0.0,SAFE,5,SAFE : Arrêt au feu rouge
56.70,80.9,0.0,SAFE,5,SAFE : Arrêt au feu rouge
56.75,80.9,0.0,SAFE,5,SAFE : Arrêt au feu rouge
56.80,80.9,0.0,SAFE,5,SAFE : Arrêt au feu rouge
56.85,80.9,0.0,SAFE,5,SAFE : Arrêt au feu rouge
56.90,80.9,0.0,SAFE,5,SAFE : Arrêt au feu rouge
56.95,80.9,0.0,SAFE,5,SAFE : Arrêt au feu rouge
57.00,80.9,0.0,SAFE,5,SAFE : Arrêt au feu rouge
57.05,80.9,0.0,SAFE,6,SAFE : Arrêt au feu rouge
57.10,80.9,0.0,SAFE,6,SAFE : Arrêt au feu rouge
57.15,80.9,0.0,SAFE,6,SAFE : Arrêt au feu rouge
57.20,80.9,0.0,SAFE,6,SAFE : Arrêt au feu rouge
57.25,80.9,0.0,SAFE,6,SAFE : Arrêt au feu rouge
57.30,80.9,0.0,SAFE,6,SAFE : Arrêt au feu rouge
57.35,80.9,0.0,SAFE,6,SAFE : Arrêt au feu rouge
57.40,80.9,0.0,SAFE,6,SAFE : Arrêt au feu rouge
57.45,80.9,0.0,SAFE,6,SAFE : Arrêt au feu rouge
57.50,80.9,0.0,SAFE,6,SAFE : Arrêt au feu rouge
57.55,80.9,0.0,SAFE,6,SAFE : Arrêt au feu rouge
57.60,80.9,0.0,SAFE,6,SAFE : Arrêt au feu rouge
57.65,80.9,0.0,SAFE,6,SAFE : Arrêt au feu rouge
57.70,80.9,0.0,SAFE,6,SAFE : Arrêt au feu rouge
57.75,80.9,0.0,SAFE,6,SAFE : Arrêt au feu rouge
57.80,80.9,0.0,SAFE,6,SAFE : Arrêt au feu rouge
57.85,80.9,0.0,SAFE,6,SAFE : Arrêt au feu rouge
57.90,80.9,0.0,SAFE,6,SAFE : Arrêt au feu rouge
57.95,80.9,0.0,SAFE,6,SAFE : Arrêt au feu rouge
58.00,80.9,0.0,SAFE,6,SAFE : Arrêt au feu rouge
58.05,80.9,0.0,SAFE,6,SAFE : Arrêt au feu rouge
58.10,80.9,0.0,SAFE,6,SAFE : Arrêt au feu rouge
58.15,80.9,0.0,SAFE,6,SAFE : Arrêt au feu rouge
58.20,80.9,0.0,SAFE,6,SAFE : Arrêt au feu rouge
58.25,80.9,0.0,SAFE,6,SAFE : Arrêt au feu rouge
58.30,80.9,0.0,SAFE,6,SAFE : Arrêt au feu rouge
58.35,80.9,0.0,SAFE,6,SAFE : Arrêt au feu rouge
58.40,80.9,0.0,SAFE,6,SAFE : Arrêt au feu rouge
58.45,80.9,0.0,SAFE,6,SAFE : Arrêt au feu rouge
58.50,80.9,0.0,SAFE,6,SAFE : Arrêt au feu rouge
58.55,80.9,0.0,SAFE,6,SAFE : Arrêt au feu rouge
58.60,80.9,0.0,SAFE,6,SAFE : Arrêt au feu rouge
58.65,80.9,0.0,SAFE,6,SAFE : Arrêt au feu rouge
58.70,80.9,0.0,SAFE,6,SAFE : Arrêt au feu rouge
58.75,80.9,0.0,SAFE,6,SAFE : Arrêt au feu rouge
58.80,80.9,0.0,SAFE,6,SAFE : Arrêt au feu rouge
58.85,80.9,0.0,SAFE,6,SAFE : Arrêt au feu rouge
58.90,80.9,0.0,SAFE,6,SAFE : Arrêt au feu rouge
58.95,80.9,0.0,SAFE,6,SAFE : Arrêt au feu rouge
59.00,80.9,0.0,SAFE,6,SAFE : Arrêt au feu rouge
59.05,80.9,0.0,SAFE,6,SAFE : Arrêt au feu rouge
59.10,80.9,0.0,SAFE,6,SAFE : Arrêt au feu rouge
59.15,80.9,0.0,SAFE,6,SAFE : Arrêt au feu rouge
59.20,80.9,0.0,SAFE,6,SAFE : Arrêt au feu rouge
59.25,80.9,0.0,SAFE,6,SAFE : Arrêt au feu rouge
59.30,80.9,0.0,SAFE,6,SAFE : Arrêt au feu rouge
59.35,80.9,0.0,SAFE,6,SAFE : Arrêt au feu rouge
59.40,80.9,0.0,SAFE,6,SAFE : Arrêt au feu rouge
59.45,80.9,0.0,SAFE,6,SAFE : Arrêt au feu rouge
59.50,80.9,0.0,SAFE,6,SAFE : Arrêt au feu rouge
59.55,80.9,0.0,SAFE,6,SAFE : Arrêt au feu rouge
59.60,80.9,0.0,SAFE,6,SAFE : Arrêt au feu rouge
59.65,80.9,0.0,SAFE,5,SAFE : Arrêt au feu rouge
59.70,80.9,0.0,SAFE,5,SAFE : Arrêt au feu rouge
59.75,80.9,0.0,SAFE,5,SAFE : Arrêt au feu rouge
59.80,80.9,0.0,SAFE,5,SAFE : Arrêt au feu rouge
59.85,80.9,0.0,SAFE,5,SAFE : Arrêt au feu rouge
59.90,80.9,0.0,SAFE,5,SAFE : Arrêt au feu rouge
59.95,80.9,0.0,SAFE,5,SAFE : Arrêt au feu rouge
60.00,80.9,0.0,SAFE,5,SAFE : Arrêt au feu rouge
60.05,80.9,0.0,SAFE,5,SAFE : Arrêt au feu rouge
60.10,80.9,0.0,SAFE,5,SAFE : Arrêt au feu rouge
60.15,80.9,0.0,SAFE,5,SAFE : Arrêt au feu rouge
60.20,80.9,0.0,SAFE,5,SAFE : Arrêt au feu rouge
60.25,80.9,0.0,SAFE,5,SAFE : Arrêt au feu rouge
60.30,80.9,0.0,SAFE,5,SAFE : Arrêt au feu rouge
60.35,80.9,0.0,SAFE,5,SAFE : Arrêt au feu rouge
60.40,80.9,0.0,SAFE,5,SAFE : Arrêt au feu rouge
60.45,80.9,0.0,SAFE,5,SAFE : Arrêt au feu rouge
60.50,80.9,0.0,SAFE,5,SAFE : Arrêt au feu rouge
60.55,80.9,0.0,SAFE,5,SAFE : Arrêt au feu rouge
60.60,80.9,0.0,SAFE,5,SAFE : Arrêt au feu rouge
60.65,80.9,0.0,SAFE,5,SAFE : Arrêt au feu rouge
60.70,80.9,0.0,SAFE,5,SAFE : Arrêt au feu rouge
60.75,80.9,0.0,SAFE,5,SAFE : Arrêt au feu rouge
60.80,80.9,0.0,SAFE,5,SAFE : Arrêt au feu rouge
60.85,80.9,0.0,SAFE,5,SAFE : Arrêt au feu rouge
60.90,80.9,0.0,SAFE,5,SAFE : Arrêt au feu rouge
60.95,80.9,0.0,SAFE,5,SAFE : Arrêt au feu rouge
61.00,80.9,0.0,SAFE,5,SAFE : Arrêt au feu rouge
61.05,80.9,0.0,SAFE,5,SAFE : Arrêt au feu rouge
61.10,80.9,0.0,SAFE,5,SAFE : Arrêt au feu rouge
61.15,80.9,0.0,SAFE,5,SAFE : Arrêt au feu rouge
61.20,80.9,0.0,SAFE,5,SAFE : Arrêt au feu rouge
61.25,80.9,0.0,SAFE,5,SAFE : Arrêt au feu rouge
61.30,80.9,0.0,SAFE,5,SAFE : Arrêt au feu rouge
61.35,80.9,0.0,SAFE,5,SAFE : Arrêt au feu rouge
61.40,80.9,0.0,SAFE,5,SAFE : Arrêt au feu rouge
61.45,80.9,0.0,SAFE,5,SAFE : Arrêt au feu rouge
61.50,80.9,0.0,SAFE,5,SAFE : Arrêt au feu rouge
61.55,80.9,0.0,SAFE,5,SAFE : Arrêt au feu rouge
61.60,80.9,0.0,SAFE,5,SAFE : Arrêt au feu rouge
61.65,80.9,0.0,SAFE,5,SAFE : Arrêt au feu rouge
61.70,80.9,0.0,SAFE,5,SAFE : Arrêt au feu rouge
61.75,80.9,0.0,SAFE,5,SAFE : Arrêt au feu rouge
61.80,80.9,0.0,SAFE,5,SAFE : Arrêt au feu rouge
61.85,80.9,0.0,SAFE,5,SAFE : Arrêt au feu rouge
61.90,80.9,0.0,SAFE,5,SAFE : Arrêt au feu rouge
61.95,80.9,0.0,SAFE,5,SAFE : Arrêt au feu rouge
62.00,80.9,0.0,SAFE,5,SAFE : Arrêt au feu rouge
62.05,80.9,0.0,SAFE,5,SAFE : Arrêt au feu rouge
62.10,80.9,0.0,SAFE,6,SAFE : Arrêt au feu rouge
62.15,80.9,0.0,SAFE,6,SAFE : Arrêt au feu rouge
62.20,80.9,0.0,SAFE,6,SAFE : Arrêt au feu rouge
62.25,80.9,0.0,SAFE,6,SAFE : Arrêt au feu rouge
62.30,80.9,0.0,SAFE,6,SAFE : Arrêt au feu rouge
62.35,80.9,0.0,SAFE,6,SAFE : Arrêt au feu rouge
62.40,80.9,0.0,SAFE,6,SAFE : Arrêt au feu rouge
62.45,80.9,0.0,SAFE,6,SAFE : Arrêt au feu rouge
62.50,80.9,0.0,SAFE,6,SAFE : Arrêt au feu rouge
62.55,80.9,0.0,SAFE,6,SAFE : Arrêt au feu rouge
62.60,80.9,0.0,SAFE,5,SAFE : Arrêt au feu rouge
62.65,80.9,0.0,SAFE,5,SAFE : Arrêt au feu rouge
62.70,80.9,0.0,SAFE,5,SAFE : Arrêt au feu rouge
62.75,80.9,0.0,SAFE,5,SAFE : Arrêt au feu rouge
62.80,80.9,0.0,SAFE,5,SAFE : Arrêt au feu rouge
62.85,80.9,0.0,SAFE,5,SAFE : Arrêt au feu rouge
62.90,80.9,0.0,SAFE,5,SAFE : Arrêt au feu rouge
62.95,80.9,0.0,SAFE,5,SAFE : Arrêt au feu rouge
63.00,80.9,0.0,SAFE,5,SAFE : Arrêt au feu rouge
63.05,80.9,0.0,SAFE,5,SAFE : Arrêt au feu rouge
63.10,80.9,0.0,SAFE,5,SAFE : Arrêt au feu rouge
63.15,80.9,0.0,SAFE,5,SAFE : Arrêt au feu rouge
63.20,80.9,0.0,SAFE,5,SAFE : Arrêt au feu rouge
63.25,80.9,0.0,SAFE,5,SAFE : Arrêt au feu rouge
63.30,80.9,0.0,SAFE,5,SAFE : Arrêt au feu rouge
63.35,80.9,0.0,SAFE,5,SAFE : Arrêt au feu rouge
63.40,80.9,0.0,SAFE,5,SAFE : Arrêt au feu rouge
63.45,80.9,0.0,SAFE,5,SAFE : Arrêt au feu rouge
63.50,80.9,0.0,SAFE,5,SAFE : Arrêt au feu rouge
63.55,80.9,0.0,SAFE,5,SAFE : Arrêt au feu rouge
63.60,80.9,0.0,SAFE,5,SAFE : Arrêt au feu rouge
63.65,80.9,0.0,SAFE,5,SAFE : Arrêt au feu rouge
63.70,80.9,0.0,SAFE,5,SAFE : Arrêt au feu rouge
63.75,80.9,0.0,SAFE,5,SAFE : Arrêt au feu rouge
63.80,80.9,0.0,SAFE,5,SAFE : Arrêt au feu rouge
63.85,80.9,0.0,SAFE,5,SAFE : Arrêt au feu rouge
63.90,80.9,0.0,SAFE,5,SAFE : Arrêt au feu rouge
63.95,80.9,0.0,SAFE,5,SAFE : Arrêt au feu rouge
64.00,80.9,0.0,SAFE,5,SAFE : Arrêt au feu rouge
64.05,80.9,0.0,SAFE,5,SAFE : Arrêt au feu rouge
64.10,80.9,0.0,SAFE,5,SAFE : Arrêt au feu rouge
64.15,80.9,0.0,SAFE,5,SAFE : Arrêt au feu rouge
64.20,80.9,0.0,SAFE,5,SAFE : Arrêt au feu rouge
64.25,80.9,0.0,SAFE,5,SAFE : Arrêt au feu rouge
64.30,80.9,0.0,SAFE,5,SAFE : Arrêt au feu rouge
64.35,80.9,0.0,SAFE,5,SAFE : Arrêt au feu rouge
64.40,80.9,0.0,SAFE,5,SAFE : Arrêt au feu rouge
64.45,80.9,0.0,SAFE,5,SAFE : Arrêt au feu rouge
64.50,80.9,0.0,SAFE,5,SAFE : Arrêt au feu rouge
64.55,80.9,0.0,SAFE,5,SAFE : Arrêt au feu rouge
64.60,80.9,0.0,SAFE,5,SAFE : Arrêt au feu rouge
64.65,80.9,0.0,SAFE,5,SAFE : Arrêt au feu rouge
64.70,80.9,0.0,SAFE,5,SAFE : Arrêt au feu rouge
64.75,80.9,0.0,SAFE,5,SAFE : Arrêt au feu rouge
64.80,80.9,0.0,SAFE,5,SAFE : Arrêt au feu rouge
64.85,80.9,0.0,SAFE,5,SAFE : Arrêt au feu rouge
64.90,80.9,0.0,SAFE,5,SAFE : Arrêt au feu rouge
64.95,80.9,0.0,SAFE,6,SAFE : Arrêt au feu rouge
65.00,80.9,0.0,SAFE,6,SAFE : Arrêt au feu rouge
65.05,80.9,0.0,SAFE,6,SAFE : Arrêt au feu rouge
65.10,80.9,0.0,SAFE,6,SAFE : Arrêt au feu rouge
65.15,80.9,0.0,SAFE,6,SAFE : Arrêt au feu rouge
65.20,80.9,0.0,SAFE,6,SAFE : Arrêt au feu rouge
65.25,80.9,0.0,SAFE,6,SAFE : Arrêt au feu rouge
65.30,80.9,0.0,SAFE,6,SAFE : Arrêt au feu rouge
65.35,80.9,0.0,SAFE,6,SAFE : Arrêt au feu rouge
65.40,80.9,0.0,SAFE,6,SAFE : Arrêt au feu rouge
65.45,80.9,0.0,SAFE,6,SAFE : Arrêt au feu rouge
65.50,80.9,0.0,SAFE,6,SAFE : Arrêt au feu rouge
65.55,80.9,0.0,SAFE,6,SAFE : Arrêt au feu rouge
65.60,80.9,0.0,SAFE,6,SAFE : Arrêt au feu rouge
65.65,80.9,0.0,SAFE,6,SAFE : Arrêt au feu rouge
65.70,80.9,0.0,SAFE,6,SAFE : Arrêt au feu rouge
65.75,80.9,0.0,SAFE,6,SAFE : Arrêt au feu rouge
65.80,80.9,0.0,SAFE,6,SAFE : Arrêt au feu rouge
65.85,80.9,0.0,SAFE,6,SAFE : Arrêt au feu rouge
65.90,80.9,0.0,SAFE,6,SAFE : Arrêt au feu rouge
65.95,80.9,0.0,SAFE,6,SAFE : Arrêt au feu rouge
66.00,80.9,0.0,SAFE,6,SAFE : Arrêt au feu rouge
66.05,80.9,0.0,SAFE,6,SAFE : Arrêt au feu rouge
66.10,80.9,0.0,SAFE,6,SAFE : Arrêt au feu rouge
66.15,80.9,0.0,SAFE,6,SAFE : Arrêt au feu rouge
66.20,80.9,0.0,SAFE,6,SAFE : Arrêt au feu rouge
66.25,80.9,0.0,SAFE,6,SAFE : Arrêt au feu rouge
66.30,80.9,0.0,SAFE,6,SAFE : Arrêt au feu rouge
66.35,80.9,0.0,SAFE,6,SAFE : Arrêt au feu rouge
66.40,80.9,0.0,SAFE,6,SAFE : Arrêt au feu rouge
66.45,80.9,0.0,SAFE,6,SAFE : Arrêt au feu rouge
66.50,80.9,0.0,SAFE,6,SAFE : Arrêt au feu rouge
66.55,80.9,0.0,SAFE,6,SAFE : Arrêt au feu rouge
66.60,80.9,0.0,SAFE,6,SAFE : Arrêt au feu rouge
66.65,80.9,0.0,SAFE,6,SAFE : Arrêt au feu rouge
66.70,80.9,0.0,SAFE,6,SAFE : Arrêt au feu rouge
66.75,80.9,0.0,SAFE,6,SAFE : Arrêt au feu rouge
66.80,80.9,0.0,SAFE,6,SAFE : Arrêt au feu rouge
66.85,80.9,0.0,SAFE,6,SAFE : Arrêt au feu rouge
66.90,80.9,0.0,SAFE,6,SAFE : Arrêt au feu rouge
66.95,80.9,0.0,SAFE,6,SAFE : Arrêt au feu rouge
67.00,80.9,0.0,SAFE,6,SAFE : Arrêt au feu rouge
67.05,80.9,0.0,SAFE,6,SAFE : Arrêt au feu rouge
67.10,80.9,0.0,SAFE,6,SAFE : Arrêt au feu rouge
67.15,80.9,0.0,SAFE,6,SAFE : Arrêt au feu rouge
67.20,80.9,0.0,SAFE,6,SAFE : Arrêt au feu rouge
67.25,80.9,0.0,SAFE,6,SAFE : Arrêt au feu rouge
67.30,80.9,0.0,SAFE,6,SAFE : Arrêt au feu rouge
67.35,80.9,0.0,SAFE,6,SAFE : Arrêt au feu rouge
67.40,80.9,0.0,SAFE,6,SAFE : Arrêt au feu rouge
67.45,80.9,0.0,SAFE,6,SAFE : Arrêt au feu rouge
67.50,80.9,0.0,SAFE,6,SAFE : Arrêt au feu rouge
67.55,80.9,0.0,SAFE,6,SAFE : Arrêt au feu rouge
67.60,80.9,0.0,SAFE,6,SAFE : Arrêt au feu rouge
67.65,80.9,0.0,SAFE,6,SAFE : Arrêt au feu rouge
67.70,80.9,0.0,SAFE,6,SAFE : Arrêt au feu rouge
67.75,80.9,0.0,SAFE,6,SAFE : Arrêt au feu rouge
67.80,80.9,0.0,SAFE,6,SAFE : Arrêt au feu rouge
67.85,80.9,0.0,SAFE,6,SAFE : Arrêt au feu rouge
67.90,80.9,0.0,SAFE,6,SAFE : Arrêt au feu rouge
67.95,80.9,0.0,SAFE,6,SAFE : Arrêt au feu rouge
68.00,80.9,0.0,SAFE,6,SAFE : Arrêt au feu rouge
68.05,80.9,0.0,SAFE,5,SAFE : Arrêt au feu rouge
68.10,80.9,0.0,SAFE,5,SAFE : Arrêt au feu rouge
68.15,80.9,0.0,SAFE,5,SAFE : Arrêt au feu rouge
68.20,80.9,0.0,SAFE,5,SAFE : Arrêt au feu rouge
68.25,80.9,0.0,SAFE,5,SAFE : Arrêt au feu rouge
68.30,80.9,0.0,SAFE,5,SAFE : Arrêt au feu rouge
68.35,80.9,0.0,SAFE,5,SAFE : Arrêt au feu rouge
68.40,80.9,0.0,SAFE,6,SAFE : Arrêt au feu rouge
68.45,80.9,0.0,SAFE,6,SAFE : Arrêt au feu rouge
68.50,80.9,0.0,SAFE,6,SAFE : Arrêt au feu rouge
68.55,80.9,0.0,SAFE,6,SAFE : Arrêt au feu rouge
68.60,80.9,0.0,SAFE,6,SAFE : Arrêt au feu rouge
68.65,80.9,0.0,SAFE,6,SAFE : Arrêt au feu rouge
68.70,80.9,0.0,SAFE,6,SAFE : Arrêt au feu rouge
68.75,80.9,0.0,SAFE,6,SAFE : Arrêt au feu rouge
68.80,80.9,0.0,SAFE,6,SAFE : Arrêt au feu rouge
68.85,80.9,0.0,SAFE,6,SAFE : Arrêt au feu rouge
68.90,80.9,0.0,SAFE,6,SAFE : Arrêt au feu rouge
68.95,80.9,0.0,SAFE,6,SAFE : Arrêt au feu rouge
69.00,80.9,0.0,SAFE,6,SAFE : Arrêt au feu rouge
69.05,80.9,0.0,SAFE,6,SAFE : Arrêt au feu rouge
69.10,80.9,0.0,SAFE,6,SAFE : Arrêt au feu rouge
69.15,80.9,0.0,SAFE,6,SAFE : Arrêt au feu rouge
69.20,80.9,0.0,SAFE,6,SAFE : Arrêt au feu rouge
69.25,80.9,0.0,SAFE,6,SAFE : Arrêt au feu rouge
69.30,80.9,0.0,SAFE,6,SAFE : Arrêt au feu rouge
69.35,80.9,0.0,SAFE,6,SAFE : Arrêt au feu rouge
69.40,80.9,0.0,SAFE,6,SAFE : Arrêt au feu rouge
69.45,80.9,0.0,SAFE,6,SAFE : Arrêt au feu rouge
69.50,80.9,0.0,SAFE,6,SAFE : Arrêt au feu rouge
69.55,80.9,0.0,SAFE,6,SAFE : Arrêt au feu rouge
69.60,80.9,0.0,SAFE,6,SAFE : Arrêt au feu rouge
69.65,80.9,0.0,SAFE,6,SAFE : Arrêt au feu rouge
69.70,80.9,0.0,SAFE,6,SAFE : Arrêt au feu rouge
69.75,80.9,0.0,SAFE,6,SAFE : Arrêt au feu rouge
69.80,80.9,0.0,SAFE,6,SAFE : Arrêt au feu rouge
69.85,80.9,0.0,SAFE,6,SAFE : Arrêt au feu rouge
69.90,80.9,0.0,SAFE,6,SAFE : Arrêt au feu rouge
69.95,80.9,0.0,SAFE,6,SAFE : Arrêt au feu rouge
70.00,80.9,0.0,SAFE,6,SAFE : Arrêt au feu rouge
70.05,80.9,0.0,SAFE,6,SAFE : Arrêt au feu rouge
70.10,80.9,0.0,SAFE,6,SAFE : Arrêt au feu rouge
70.15,80.9,0.0,SAFE,6,SAFE : Arrêt au feu rouge
70.20,80.9,0.0,SAFE,6,SAFE : Arrêt au feu rouge
70.25,80.9,0.0,SAFE,6,SAFE : Arrêt au feu rouge
70.30,80.9,0.0,SAFE,6,SAFE : Arrêt au feu rouge
70.35,80.9,0.0,SAFE,6,SAFE : Arrêt au feu rouge
70.40,80.9,0.0,SAFE,6,SAFE : Arrêt au feu rouge
70.45,80.9,0.0,SAFE,5,SAFE : Arrêt au feu rouge
70.50,80.9,0.0,SAFE,5,SAFE : Arrêt au feu rouge
70.55,80.9,0.0,SAFE,5,SAFE : Arrêt au feu rouge
70.60,80.9,0.0,SAFE,5,SAFE : Arrêt au feu rouge
70.65,80.9,0.0,SAFE,5,SAFE : Arrêt au feu rouge
70.70,80.9,0.0,SAFE,5,SAFE : Arrêt au feu rouge
70.75,80.9,0.0,SAFE,5,SAFE : Arrêt au feu rouge
70.80,80.9,0.0,SAFE,5,SAFE : Arrêt au feu rouge
70.85,80.9,0.0,SAFE,5,SAFE : Arrêt au feu rouge
70.90,80.9,0.0,SAFE,5,SAFE : Arrêt au feu rouge
70.95,80.9,0.0,SAFE,5,SAFE : Arrêt au feu rouge
71.00,80.9,0.0,SAFE,5,SAFE : Arrêt au feu rouge
71.05,80.9,0.0,SAFE,5,SAFE : Arrêt au feu rouge
71.10,80.9,0.0,SAFE,5,SAFE : Arrêt au feu rouge
71.15,80.9,0.0,SAFE,5,SAFE : Arrêt au feu rouge
71.20,80.9,0.0,SAFE,5,SAFE : Arrêt au feu rouge
71.25,80.9,0.0,SAFE,6,SAFE : Arrêt au feu rouge
71.30,80.9,0.0,SAFE,6,SAFE : Arrêt au feu rouge
71.35,80.9,0.0,SAFE,6,SAFE : Arrêt au feu rouge
71.40,80.9,0.0,SAFE,6,SAFE : Arrêt au feu rouge
71.45,80.9,0.0,SAFE,6,SAFE : Arrêt au feu rouge
71.50,80.9,0.0,SAFE,6,SAFE : Arrêt au feu rouge
71.55,80.9,0.0,SAFE,6,SAFE : Arrêt au feu rouge
71.60,80.9,0.0,SAFE,6,SAFE : Arrêt au feu rouge
71.65,80.9,0.0,SAFE,6,SAFE : Arrêt au feu rouge
71.70,80.9,0.0,SAFE,6,SAFE : Arrêt au feu rouge
71.75,80.9,0.0,SAFE,6,SAFE : Arrêt au feu rouge
71.80,80.9,0.0,SAFE,6,SAFE : Arrêt au feu rouge
71.85,80.9,0.0,SAFE,6,SAFE : Arrêt au feu rouge
71.90,80.9,0.0,SAFE,6,SAFE : Arrêt au feu rouge
71.95,80.9,0.0,SAFE,6,SAFE : Arrêt au feu rouge
72.00,80.9,0.0,SAFE,6,SAFE : Arrêt au feu rouge
72.05,80.9,0.0,SAFE,6,SAFE : Arrêt au feu rouge
72.10,80.9,0.0,SAFE,6,SAFE : Arrêt au feu rouge
72.15,80.9,0.0,SAFE,6,SAFE : Arrêt au feu rouge
72.20,80.9,0.0,SAFE,6,SAFE : Arrêt au feu rouge
72.25,80.9,0.0,SAFE,6,SAFE : Arrêt au feu rouge
72.30,80.9,0.0,SAFE,6,SAFE : Arrêt au feu rouge
72.35,80.9,0.0,SAFE,6,Situation maîtrisée
72.40,80.9,0.0,SAFE,6,Situation maîtrisée
72.45,80.9,0.0,SAFE,6,Situation maîtrisée
72.50,80.9,0.0,SAFE,6,Situation maîtrisée
72.55,80.9,0.0,SAFE,6,Situation maîtrisée
72.60,80.9,0.3,SAFE,6,Situation maîtrisée
72.65,80.9,0.0,SAFE,6,Situation maîtrisée
72.70,80.9,0.4,SAFE,6,Situation maîtrisée
72.75,80.9,0.0,SAFE,6,Situation maîtrisée
72.80,80.9,0.4,SAFE,6,Situation maîtrisée
72.85,80.9,0.0,SAFE,6,Situation maîtrisée
72.90,80.9,0.3,SAFE,6,Situation maîtrisée
72.95,80.9,0.0,SAFE,6,Situation maîtrisée
73.00,80.9,0.7,SAFE,6,Situation maîtrisée
73.05,80.9,1.4,SAFE,6,Situation maîtrisée
73.10,80.9,1.9,SAFE,6,Situation maîtrisée
73.15,81.0,2.8,SAFE,6,Situation maîtrisée
73.20,81.0,0.0,SAFE,6,Situation maîtrisée
73.25,81.0,1.2,SAFE,6,Situation maîtrisée
73.30,81.0,1.9,SAFE,6,Situation maîtrisée
73.35,81.1,2.5,SAFE,6,Situation maîtrisée
73.40,81.1,3.4,SAFE,6,Situation maîtrisée
73.45,81.1,4.2,SAFE,6,Situation maîtrisée
73.50,81.2,1.4,SAFE,6,Situation maîtrisée
73.55,81.2,2.5,SAFE,6,Situation maîtrisée
73.60,81.3,3.5,SAFE,6,Situation maîtrisée
73.65,81.3,4.4,SAFE,6,Situation maîtrisée
73.70,81.4,4.9,SAFE,6,Situation maîtrisée
73.75,81.5,5.4,SAFE,6,Situation maîtrisée
73.80,81.5,5.6,SAFE,6,Situation maîtrisée
73.85,81.6,5.8,SAFE,6,Situation maîtrisée
73.90,81.7,5.6,SAFE,6,Situation maîtrisée
73.95,81.8,5.8,SAFE,6,Situation maîtrisée
74.00,81.9,5.7,SAFE,6,Situation maîtrisée
74.05,81.9,6.1,SAFE,6,Situation maîtrisée
74.10,82.0,6.3,SAFE,6,Situation maîtrisée
74.15,82.1,6.7,SAFE,6,Situation maîtrisée
74.20,82.2,6.9,SAFE,6,Situation maîtrisée
74.25,82.3,7.1,SAFE,6,Situation maîtrisée
74.30,82.4,7.1,SAFE,6,Situation maîtrisée
74.35,82.5,7.2,SAFE,6,Situation maîtrisée
74.40,82.6,7.1,SAFE,6,Situation maîtrisée
74.45,82.7,7.4,SAFE,6,Situation maîtrisée
74.50,82.8,7.6,SAFE,6,Situation maîtrisée
74.55,82.9,7.9,SAFE,6,Situation maîtrisée
74.60,83.0,8.1,CRITICAL,6,FREINEZ de 8 km/h  (8 -> 0 km/h)
74.65,83.1,8.1,CRITICAL,6,FREINEZ de 8 km/h  (8 -> 0 km/h)
74.70,83.3,7.8,CRITICAL,6,FREINEZ de 8 km/h  (8 -> 0 km/h)
74.75,83.4,7.4,CRITICAL,6,FREINEZ de 7 km/h  (7 -> 0 km/h)
74.80,83.4,5.1,CRITICAL,6,FREINEZ de 5 km/h  (5 -> 0 km/h)
74.85,83.5,1.2,CRITICAL,6,Vigilance — situation à la limite
74.90,83.5,0.2,SAFE,6,Situation maîtrisée
74.95,83.5,0.1,SAFE,6,Situation maîtrisée
75.00,83.5,0.1,SAFE,6,Situation maîtrisée
75.05,83.5,0.1,SAFE,6,Situation maîtrisée
75.10,83.5,0.1,SAFE,6,Situation maîtrisée
75.15,83.5,0.1,SAFE,6,Situation maîtrisée
75.20,83.5,0.1,SAFE,6,Situation maîtrisée
75.25,83.5,0.1,SAFE,6,Situation maîtrisée
75.30,83.5,0.0,SAFE,6,Situation maîtrisée
75.35,83.5,0.0,SAFE,6,Situation maîtrisée
75.40,83.5,0.0,SAFE,6,Situation maîtrisée
75.45,83.5,0.0,SAFE,6,Situation maîtrisée
75.50,83.5,0.0,SAFE,6,Situation maîtrisée
75.55,83.5,0.0,SAFE,6,Situation maîtrisée
75.60,83.5,0.0,SAFE,6,Situation maîtrisée
75.65,83.5,0.0,SAFE,6,Situation maîtrisée
75.70,83.5,0.0,SAFE,6,Situation maîtrisée
75.75,83.5,0.0,SAFE,6,Situation maîtrisée
75.80,83.5,0.0,SAFE,6,Situation maîtrisée
75.85,83.5,0.0,SAFE,6,Situation maîtrisée
75.90,83.5,0.0,SAFE,6,Situation maîtrisée
75.95,83.5,0.0,SAFE,6,Situation maîtrisée
76.00,83.5,0.0,SAFE,6,Situation maîtrisée
76.05,83.5,0.0,SAFE,6,Situation maîtrisée
76.10,83.5,0.0,SAFE,6,Situation maîtrisée
76.15,83.5,0.0,SAFE,6,Situation maîtrisée
76.20,83.5,0.0,SAFE,6,Situation maîtrisée
76.25,83.5,0.0,SAFE,6,Situation maîtrisée
76.30,83.5,0.0,SAFE,6,Situation maîtrisée
76.35,83.5,0.0,SAFE,6,Situation maîtrisée
76.40,83.5,0.0,SAFE,7,Situation maîtrisée
76.45,83.5,0.0,SAFE,7,Situation maîtrisée
76.50,83.5,0.0,SAFE,7,Situation maîtrisée
76.55,83.5,0.0,SAFE,7,Situation maîtrisée
76.60,83.5,0.0,SAFE,7,Situation maîtrisée
76.65,83.5,0.4,SAFE,7,Situation maîtrisée
76.70,83.5,0.7,SAFE,7,Situation maîtrisée
76.75,83.5,1.4,WATCH,7,Vigilance — situation à la limite
76.80,83.5,0.0,SAFE,7,Situation maîtrisée
76.85,83.5,0.4,SAFE,7,Situation maîtrisée
76.90,83.5,1.0,SAFE,7,Situation maîtrisée
76.95,83.6,1.6,SAFE,7,Situation maîtrisée
77.00,83.6,2.5,WATCH,7,Vigilance — situation à la limite
77.05,83.6,0.0,SAFE,7,Situation maîtrisée
77.10,83.6,0.6,SAFE,7,Situation maîtrisée
77.15,83.6,1.3,SAFE,7,Situation maîtrisée
77.20,83.7,2.2,SAFE,7,Situation maîtrisée
77.25,83.7,3.0,SAFE,7,Situation maîtrisée
77.30,83.7,3.8,SAFE,7,Situation maîtrisée
77.35,83.8,4.6,SAFE,7,Situation maîtrisée
77.40,83.9,5.4,WATCH,7,Vigilance — situation à la limite
77.45,83.9,4.7,SAFE,7,Situation maîtrisée
77.50,84.0,4.8,SAFE,7,Situation maîtrisée
77.55,84.1,5.6,SAFE,7,Situation maîtrisée
77.60,84.2,6.2,SAFE,7,Situation maîtrisée
77.65,84.2,7.0,WATCH,7,Vigilance — situation à la limite
77.70,84.4,7.6,WATCH,6,Vigilance — situation à la limite
77.75,84.5,7.9,WATCH,6,Vigilance — situation à la limite
77.80,84.6,8.0,SAFE,6,Situation maîtrisée
77.85,84.7,8.0,SAFE,6,Situation maîtrisée
77.90,84.8,8.1,SAFE,6,Situation maîtrisée
77.95,84.9,8.5,SAFE,6,Situation maîtrisée
78.00,85.0,9.1,SAFE,6,Situation maîtrisée
78.05,85.2,9.7,WATCH,6,Vigilance — situation à la limite
78.10,85.3,10.3,WATCH,6,Ralentissez de 2 km/h  (10 -> 9 km/h)
78.15,85.4,10.5,WATCH,6,Ralentissez de 2 km/h  (11 -> 9 km/h)
78.20,85.6,10.5,WATCH,7,Ralentissez de 2 km/h  (10 -> 9 km/h)
78.25,85.7,10.3,WATCH,7,Ralentissez de 2 km/h  (10 -> 8 km/h)
78.30,85.9,10.1,WATCH,7,Ralentissez de 2 km/h  (10 -> 8 km/h)
78.35,86.0,9.8,WATCH,7,Ralentissez de 2 km/h  (10 -> 8 km/h)
78.40,86.2,9.5,WATCH,7,Ralentissez de 2 km/h  (9 -> 7 km/h)
78.45,86.3,9.2,WATCH,7,Ralentissez de 2 km/h  (9 -> 7 km/h)
78.50,86.4,8.8,SAFE,7,Situation maîtrisée
78.55,86.5,8.6,SAFE,7,Situation maîtrisée
78.60,86.6,8.6,SAFE,7,Situation maîtrisée
78.65,86.8,8.9,SAFE,7,Situation maîtrisée
78.70,86.9,9.4,SAFE,7,Situation maîtrisée
78.75,87.0,10.0,SAFE,7,Situation maîtrisée
78.80,87.2,10.7,SAFE,7,Situation maîtrisée
78.85,87.3,11.4,SAFE,7,Situation maîtrisée
78.90,87.5,12.1,SAFE,7,Situation maîtrisée
78.95,87.7,12.8,SAFE,7,Situation maîtrisée
79.00,87.9,13.4,SAFE,7,Situation maîtrisée
79.05,88.0,14.0,CRITICAL,7,FREINEZ de 9 km/h  (14 -> 5 km/h)
79.10,88.2,14.3,CRITICAL,7,FREINEZ de 10 km/h  (14 -> 4 km/h)
79.15,88.4,14.1,SAFE,7,Situation maîtrisée
79.20,88.6,13.9,SAFE,7,Situation maîtrisée
79.25,88.8,14.0,SAFE,7,Situation maîtrisée
79.30,89.0,14.2,SAFE,7,Situation maîtrisée
79.35,89.2,14.6,SAFE,7,Situation maîtrisée
79.40,89.4,14.9,SAFE,7,Situation maîtrisée
79.45,89.6,15.2,SAFE,7,Situation maîtrisée
79.50,89.8,15.4,SAFE,7,Situation maîtrisée
79.55,90.1,15.7,SAFE,7,Situation maîtrisée
79.60,90.3,16.0,SAFE,8,Situation maîtrisée
79.65,90.5,16.1,SAFE,8,Situation maîtrisée
79.70,90.7,16.3,SAFE,8,Situation maîtrisée
79.75,91.0,16.4,SAFE,8,Situation maîtrisée
79.80,91.2,16.6,SAFE,8,Situation maîtrisée
79.85,91.4,16.6,SAFE,8,Situation maîtrisée
79.90,91.6,16.6,SAFE,8,Situation maîtrisée
79.95,91.9,16.7,SAFE,8,Situation maîtrisée
80.00,92.1,16.8,SAFE,8,Situation maîtrisée
80.05,92.3,16.9,SAFE,8,Situation maîtrisée
80.10,92.6,16.8,SAFE,8,Situation maîtrisée
80.15,92.8,16.7,SAFE,8,Situation maîtrisée
80.20,93.0,16.7,SAFE,8,Situation maîtrisée
80.25,93.3,16.8,SAFE,7,Situation maîtrisée
80.30,93.5,16.9,SAFE,7,Situation maîtrisée
80.35,93.7,16.8,SAFE,7,Situation maîtrisée
80.40,94.0,16.6,SAFE,6,Situation maîtrisée
80.45,94.2,16.5,SAFE,5,Situation maîtrisée
80.50,94.4,16.6,SAFE,4,Situation maîtrisée
80.55,94.6,16.6,SAFE,4,Situation maîtrisée
80.60,94.9,16.7,SAFE,4,Situation maîtrisée
80.65,95.1,16.8,SAFE,4,Situation maîtrisée
80.70,95.3,16.7,SAFE,4,Situation maîtrisée
80.75,95.6,16.6,SAFE,4,Situation maîtrisée
80.80,95.8,16.7,SAFE,4,Situation maîtrisée
80.85,96.0,16.7,SAFE,4,Situation maîtrisée
80.90,96.3,16.8,SAFE,4,Situation maîtrisée
80.95,96.5,16.9,SAFE,4,Situation maîtrisée
81.00,96.7,17.1,SAFE,4,Situation maîtrisée
81.05,97.0,17.1,SAFE,4,Situation maîtrisée
81.10,97.2,17.1,SAFE,4,Situation maîtrisée
81.15,97.4,17.2,SAFE,4,Situation maîtrisée
81.20,97.7,17.3,SAFE,4,Situation maîtrisée
81.25,97.9,17.4,SAFE,4,Situation maîtrisée
81.30,98.2,17.5,SAFE,4,Situation maîtrisée
81.35,98.4,17.5,SAFE,4,Situation maîtrisée
81.40,98.6,17.6,SAFE,4,Situation maîtrisée
81.45,98.9,17.7,SAFE,4,Situation maîtrisée
81.50,99.1,17.8,SAFE,4,Situation maîtrisée
81.55,99.4,17.9,SAFE,4,Situation maîtrisée
81.60,99.6,18.0,SAFE,4,Situation maîtrisée
81.65,99.9,18.1,SAFE,4,Situation maîtrisée
81.70,100.1,18.1,SAFE,4,Situation maîtrisée
81.75,100.4,18.1,SAFE,4,Situation maîtrisée
81.80,100.6,18.0,SAFE,4,Situation maîtrisée
81.85,100.9,18.1,SAFE,4,Situation maîtrisée
81.90,101.1,18.3,SAFE,4,Situation maîtrisée
81.95,101.4,18.1,SAFE,4,Situation maîtrisée
82.00,101.6,18.1,SAFE,4,Situation maîtrisée
82.05,101.9,18.1,SAFE,4,Situation maîtrisée
82.10,102.1,18.2,SAFE,4,Situation maîtrisée
82.15,102.4,18.3,SAFE,4,Situation maîtrisée
82.20,102.6,18.1,SAFE,4,Situation maîtrisée
82.25,102.9,18.3,SAFE,4,Situation maîtrisée
82.30,103.1,18.0,SAFE,4,Situation maîtrisée
82.35,103.4,18.2,SAFE,4,Situation maîtrisée
82.40,103.7,18.0,SAFE,4,Situation maîtrisée
82.45,103.9,18.3,SAFE,4,Situation maîtrisée
82.50,104.2,18.4,SAFE,4,Situation maîtrisée
82.55,104.4,18.5,SAFE,4,Situation maîtrisée
82.60,104.7,18.2,SAFE,4,Situation maîtrisée
82.65,104.9,18.0,SAFE,4,Situation maîtrisée
82.70,105.2,18.4,SAFE,4,Situation maîtrisée
82.75,105.4,18.3,SAFE,4,Situation maîtrisée
82.80,105.7,18.1,SAFE,4,Situation maîtrisée
82.85,105.9,18.2,SAFE,3,Situation maîtrisée
82.90,106.2,18.4,SAFE,3,Situation maîtrisée
82.95,106.4,18.3,SAFE,3,Situation maîtrisée
83.00,106.7,18.1,SAFE,3,Situation maîtrisée
83.05,106.9,18.0,SAFE,3,Situation maîtrisée
83.10,107.2,18.6,SAFE,3,Situation maîtrisée
83.15,107.5,18.4,SAFE,3,Situation maîtrisée
83.20,107.7,18.3,SAFE,3,Situation maîtrisée
83.25,108.0,18.2,SAFE,3,Situation maîtrisée
83.30,108.2,18.1,SAFE,3,Situation maîtrisée
83.35,108.5,18.1,SAFE,3,Situation maîtrisée
83.40,108.7,18.1,SAFE,3,Situation maîtrisée
83.45,109.0,18.1,SAFE,3,Situation maîtrisée
83.50,109.2,18.1,SAFE,3,Situation maîtrisée
83.55,109.5,18.1,SAFE,3,Situation maîtrisée
83.60,109.7,18.1,SAFE,3,Situation maîtrisée
83.65,110.0,18.1,SAFE,3,Situation maîtrisée
83.70,110.2,18.1,SAFE,3,Situation maîtrisée
83.75,110.5,18.2,SAFE,3,Situation maîtrisée
83.80,110.7,18.2,SAFE,3,Situation maîtrisée
83.85,111.0,18.3,SAFE,3,Situation maîtrisée
83.90,111.2,18.3,SAFE,3,Situation maîtrisée
83.95,111.5,18.4,SAFE,3,Situation maîtrisée
84.00,111.7,18.4,SAFE,3,Situation maîtrisée
84.05,112.0,18.5,SAFE,3,Situation maîtrisée
84.10,112.3,18.5,SAFE,3,Situation maîtrisée
84.15,112.5,18.5,SAFE,3,Situation maîtrisée
84.20,112.8,18.6,SAFE,3,Situation maîtrisée
84.25,113.0,18.6,SAFE,3,Situation maîtrisée
84.30,113.3,18.7,SAFE,3,Situation maîtrisée
84.35,113.6,18.7,SAFE,3,Situation maîtrisée
84.40,113.8,18.7,SAFE,3,Situation maîtrisée
84.45,114.1,18.8,SAFE,3,Situation maîtrisée
84.50,114.3,18.8,SAFE,3,Situation maîtrisée
84.55,114.6,18.9,SAFE,3,Situation maîtrisée
84.60,114.9,18.9,SAFE,2,Situation maîtrisée
84.65,115.1,18.9,SAFE,2,Situation maîtrisée
84.70,115.4,19.0,SAFE,2,Situation maîtrisée
84.75,115.6,19.0,SAFE,2,Situation maîtrisée
84.80,115.9,19.0,SAFE,2,Situation maîtrisée
84.85,116.2,19.1,SAFE,2,Situation maîtrisée
84.90,116.4,19.1,SAFE,2,Situation maîtrisée
84.95,116.7,19.1,SAFE,2,Situation maîtrisée
85.00,117.0,19.1,SAFE,2,Situation maîtrisée
85.05,117.2,19.2,SAFE,2,Situation maîtrisée
85.10,117.5,19.2,SAFE,2,Situation maîtrisée
85.15,117.8,19.2,SAFE,2,Situation maîtrisée
85.20,118.0,19.2,SAFE,2,Situation maîtrisée
85.25,118.3,19.3,SAFE,2,Situation maîtrisée
85.30,118.6,19.3,SAFE,2,Situation maîtrisée
85.35,118.8,19.3,SAFE,2,Situation maîtrisée
85.40,119.1,19.3,SAFE,2,Situation maîtrisée
85.45,119.4,19.3,SAFE,2,Situation maîtrisée
85.50,119.6,19.4,SAFE,2,Situation maîtrisée
85.55,119.9,19.4,SAFE,2,Situation maîtrisée
85.60,120.2,19.4,SAFE,2,Situation maîtrisée
85.65,120.5,19.4,SAFE,2,Situation maîtrisée
85.70,120.7,19.4,SAFE,2,Situation maîtrisée
85.75,121.0,19.4,SAFE,2,Situation maîtrisée
85.80,121.3,19.4,SAFE,2,Situation maîtrisée
85.85,121.5,19.4,SAFE,2,Situation maîtrisée
85.90,121.8,19.4,SAFE,2,Situation maîtrisée
85.95,122.1,19.4,SAFE,2,Situation maîtrisée
86.00,122.3,19.4,SAFE,2,Situation maîtrisée
86.05,122.6,19.3,SAFE,2,Situation maîtrisée
86.10,122.9,19.3,SAFE,2,Situation maîtrisée
86.15,123.1,19.3,SAFE,2,Situation maîtrisée
86.20,123.4,19.3,SAFE,1,Situation maîtrisée
86.25,123.7,19.3,SAFE,1,Situation maîtrisée
86.30,123.9,19.2,SAFE,1,Situation maîtrisée
86.35,124.2,19.2,SAFE,1,Situation maîtrisée
86.40,124.5,19.2,SAFE,1,Situation maîtrisée
86.45,124.7,19.2,SAFE,1,Situation maîtrisée
86.50,125.0,19.1,SAFE,1,Situation maîtrisée
86.55,125.3,19.1,SAFE,1,Situation maîtrisée
86.60,125.5,19.0,SAFE,1,Situation maîtrisée
86.65,125.8,19.0,SAFE,1,Situation maîtrisée
86.70,126.1,19.0,SAFE,1,Situation maîtrisée
86.75,126.3,18.9,SAFE,1,Situation maîtrisée
86.80,126.6,18.9,SAFE,1,Situation maîtrisée
86.85,126.9,18.8,SAFE,1,Situation maîtrisée
86.90,127.1,18.8,SAFE,1,Situation maîtrisée
86.95,127.4,18.7,SAFE,1,Situation maîtrisée
87.00,127.6,18.7,SAFE,1,Situation maîtrisée
87.05,127.9,18.7,SAFE,1,Situation maîtrisée
87.10,128.2,18.6,SAFE,1,Situation maîtrisée
87.15,128.4,18.6,SAFE,1,Situation maîtrisée
87.20,128.7,18.5,SAFE,1,Situation maîtrisée
87.25,128.9,18.5,SAFE,1,Situation maîtrisée
87.30,129.2,18.4,SAFE,1,Situation maîtrisée
87.35,129.4,18.4,SAFE,1,Situation maîtrisée
87.40,129.7,18.4,SAFE,1,Situation maîtrisée
87.45,130.0,18.3,SAFE,1,Situation maîtrisée
87.50,130.2,18.3,SAFE,1,Situation maîtrisée
87.55,130.5,18.3,SAFE,1,Situation maîtrisée
87.60,130.7,18.2,SAFE,1,Situation maîtrisée
87.65,131.0,18.2,SAFE,1,Situation maîtrisée
87.70,131.2,18.1,SAFE,1,Situation maîtrisée
87.75,131.5,18.1,SAFE,1,Situation maîtrisée
87.80,131.7,18.0,SAFE,1,Situation maîtrisée
87.85,132.0,18.7,SAFE,1,Situation maîtrisée
87.90,132.2,18.5,SAFE,1,Situation maîtrisée
87.95,132.5,18.4,SAFE,1,Situation maîtrisée
88.00,132.7,18.2,SAFE,1,Situation maîtrisée
88.05,133.0,18.1,SAFE,1,Situation maîtrisée
88.10,133.2,18.0,SAFE,1,Situation maîtrisée
88.15,133.5,18.5,SAFE,1,Situation maîtrisée
88.20,133.8,18.3,SAFE,1,Situation maîtrisée
88.25,134.0,18.2,SAFE,1,Situation maîtrisée
88.30,134.3,18.1,SAFE,1,Situation maîtrisée
88.35,134.5,18.4,SAFE,1,Situation maîtrisée
88.40,134.8,18.3,SAFE,1,Situation maîtrisée
88.45,135.0,18.2,SAFE,1,Situation maîtrisée
88.50,135.3,18.0,SAFE,1,Situation maîtrisée
88.55,135.5,18.4,SAFE,1,Situation maîtrisée
88.60,135.8,18.2,SAFE,1,Situation maîtrisée
88.65,136.0,18.1,SAFE,1,Situation maîtrisée
88.70,136.3,18.4,SAFE,1,Situation maîtrisée
88.75,136.5,18.2,SAFE,1,Situation maîtrisée
88.80,136.8,18.0,SAFE,1,Situation maîtrisée
88.85,137.0,18.3,SAFE,1,Situation maîtrisée
88.90,137.3,18.4,SAFE,1,Situation maîtrisée
88.95,137.6,18.5,SAFE,1,Situation maîtrisée
89.00,137.8,18.1,SAFE,1,Situation maîtrisée
89.05,138.1,18.3,SAFE,1,Situation maîtrisée
89.10,138.3,18.1,SAFE,1,Situation maîtrisée
89.15,138.6,18.3,SAFE,1,Situation maîtrisée
89.20,138.8,18.0,SAFE,1,Situation maîtrisée
89.25,139.1,18.1,SAFE,1,Situation maîtrisée
89.30,139.3,18.3,SAFE,1,Situation maîtrisée
89.35,139.6,18.0,SAFE,1,Situation maîtrisée
89.40,139.8,18.2,SAFE,1,Situation maîtrisée
89.45,140.1,18.2,SAFE,1,Situation maîtrisée
89.50,140.3,18.1,SAFE,1,Situation maîtrisée
89.55,140.6,18.2,SAFE,1,Situation maîtrisée
89.60,140.8,18.1,SAFE,1,Situation maîtrisée
89.65,141.1,18.1,SAFE,1,Situation maîtrisée
89.70,141.3,18.3,SAFE,1,Situation maîtrisée
89.75,141.6,18.0,SAFE,1,Situation maîtrisée
89.80,141.8,18.2,SAFE,1,Situation maîtrisée
89.85,142.1,18.2,SAFE,1,Situation maîtrisée
89.90,142.3,18.0,SAFE,1,Situation maîtrisée
89.95,142.6,18.1,SAFE,1,Situation maîtrisée
90.00,142.8,18.3,SAFE,1,Situation maîtrisée
90.05,143.1,18.0,SAFE,1,Situation maîtrisée
90.10,143.3,18.1,SAFE,1,Situation maîtrisée
90.15,143.6,18.3,SAFE,1,Situation maîtrisée
90.20,143.8,18.0,SAFE,1,Situation maîtrisée
90.25,144.1,18.2,SAFE,1,Situation maîtrisée
90.30,144.4,18.1,SAFE,1,Situation maîtrisée
90.35,144.6,18.1,SAFE,1,Situation maîtrisée
90.40,144.9,18.3,SAFE,1,Situation maîtrisée
90.45,145.1,18.0,SAFE,1,Situation maîtrisée
90.50,145.4,18.3,SAFE,1,Situation maîtrisée
90.55,145.6,18.0,SAFE,1,Situation maîtrisée
90.60,145.9,18.1,SAFE,1,Situation maîtrisée
90.65,146.1,18.3,SAFE,1,Situation maîtrisée
90.70,146.4,18.0,SAFE,1,Situation maîtrisée
90.75,146.6,18.1,SAFE,1,Situation maîtrisée
90.80,146.9,18.2,SAFE,1,Situation maîtrisée
90.85,147.1,18.1,SAFE,1,Situation maîtrisée
90.90,147.4,18.3,SAFE,1,Situation maîtrisée
90.95,147.6,18.1,SAFE,1,Situation maîtrisée
91.00,147.9,18.2,SAFE,1,Situation maîtrisée
91.05,148.1,18.1,SAFE,1,Situation maîtrisée
91.10,148.4,18.2,SAFE,1,Situation maîtrisée
91.15,148.6,18.2,SAFE,1,Situation maîtrisée
91.20,148.9,18.1,SAFE,1,Situation maîtrisée
91.25,149.1,18.2,SAFE,1,Situation maîtrisée
91.30,149.4,18.0,SAFE,1,Situation maîtrisée
91.35,149.6,18.3,SAFE,1,Situation maîtrisée
91.40,149.9,18.3,SAFE,1,Situation maîtrisée
91.45,150.2,18.3,SAFE,1,Situation maîtrisée
91.50,150.4,18.1,SAFE,1,Situation maîtrisée
91.55,150.7,18.4,SAFE,1,Situation maîtrisée
91.60,150.9,18.2,SAFE,1,Situation maîtrisée
91.65,151.2,18.0,SAFE,1,Situation maîtrisée
91.70,151.4,18.4,SAFE,1,Situation maîtrisée
91.75,151.7,18.0,SAFE,1,Situation maîtrisée
91.80,151.9,18.2,SAFE,1,Situation maîtrisée
91.85,152.2,18.3,SAFE,1,Situation maîtrisée
91.90,152.4,18.1,SAFE,1,Situation maîtrisée
91.95,152.7,18.4,SAFE,1,Situation maîtrisée
92.00,152.9,18.2,SAFE,1,Situation maîtrisée
92.05,153.2,18.0,SAFE,1,Situation maîtrisée
92.10,153.4,18.4,SAFE,1,Situation maîtrisée
92.15,153.7,18.1,SAFE,1,Situation maîtrisée
92.20,153.9,18.3,SAFE,1,Situation maîtrisée
92.25,154.2,18.3,SAFE,1,Situation maîtrisée
92.30,154.5,18.0,SAFE,1,Situation maîtrisée
92.35,154.7,18.3,SAFE,1,Situation maîtrisée
92.40,155.0,18.2,SAFE,1,Situation maîtrisée
92.45,155.2,18.2,SAFE,1,Situation maîtrisée
92.50,155.5,18.2,SAFE,1,Situation maîtrisée
92.55,155.7,18.1,SAFE,1,Situation maîtrisée
92.60,156.0,18.4,SAFE,1,Situation maîtrisée
92.65,156.2,18.2,SAFE,1,Situation maîtrisée
92.70,156.5,18.0,SAFE,1,Situation maîtrisée
92.75,156.7,18.3,SAFE,1,Situation maîtrisée
92.80,157.0,18.4,SAFE,1,Situation maîtrisée
92.85,157.2,18.3,SAFE,1,Situation maîtrisée
92.90,157.5,18.2,SAFE,1,Situation maîtrisée
92.95,157.7,18.0,SAFE,1,Situation maîtrisée
93.00,158.0,18.4,SAFE,1,Situation maîtrisée
93.05,158.2,18.2,SAFE,1,Situation maîtrisée
93.10,158.5,18.0,SAFE,1,Situation maîtrisée
93.15,158.8,18.3,SAFE,1,Situation maîtrisée
93.20,159.0,18.1,SAFE,1,Situation maîtrisée
93.25,159.3,18.3,SAFE,1,Situation maîtrisée
93.30,159.5,18.5,SAFE,1,Situation maîtrisée
93.35,159.8,18.1,SAFE,1,Situation maîtrisée
93.40,160.0,18.4,SAFE,1,Situation maîtrisée
93.45,160.3,18.6,SAFE,1,Situation maîtrisée
93.50,160.5,18.4,SAFE,1,Situation maîtrisée
93.55,160.8,18.2,SAFE,1,Situation maîtrisée
93.60,161.0,18.1,SAFE,1,Situation maîtrisée
93.65,161.3,18.3,SAFE,1,Situation maîtrisée
93.70,161.5,18.7,SAFE,1,Situation maîtrisée
93.75,161.8,18.4,SAFE,1,Situation maîtrisée
93.80,162.1,18.7,SAFE,1,Situation maîtrisée
93.85,162.3,18.3,SAFE,1,Situation maîtrisée
93.90,162.6,18.7,SAFE,1,Situation maîtrisée
93.95,162.8,18.5,SAFE,1,Situation maîtrisée
94.00,163.1,18.7,SAFE,1,Situation maîtrisée
94.05,163.3,18.3,SAFE,1,Situation maîtrisée
94.10,163.6,18.8,SAFE,1,Situation maîtrisée
94.15,163.9,18.6,SAFE,1,Situation maîtrisée
94.20,164.1,18.8,SAFE,1,Situation maîtrisée
94.25,164.4,18.5,SAFE,1,Situation maîtrisée
94.30,164.6,18.9,SAFE,1,Situation maîtrisée
94.35,164.9,18.7,SAFE,1,Situation maîtrisée
94.40,165.2,18.9,SAFE,1,Situation maîtrisée
94.45,165.4,18.6,SAFE,1,Situation maîtrisée
94.50,165.7,19.0,SAFE,1,Situation maîtrisée
94.55,165.9,18.8,SAFE,1,Situation maîtrisée
94.60,166.2,19.1,SAFE,1,Situation maîtrisée
94.65,166.5,18.7,SAFE,1,Situation maîtrisée
94.70,166.7,19.2,SAFE,1,Situation maîtrisée
94.75,167.0,18.9,SAFE,1,Situation maîtrisée
94.80,167.3,19.2,SAFE,1,Situation maîtrisée
94.85,167.5,18.8,SAFE,1,Situation maîtrisée
94.90,167.8,19.3,SAFE,1,Situation maîtrisée
94.95,168.1,19.1,SAFE,1,Situation maîtrisée
95.00,168.3,19.3,SAFE,1,Situation maîtrisée
95.05,168.6,19.0,SAFE,1,Situation maîtrisée
95.10,168.9,19.4,SAFE,1,Situation maîtrisée
95.15,169.1,19.2,SAFE,1,Situation maîtrisée
95.20,169.4,19.5,SAFE,1,Situation maîtrisée
95.25,169.7,19.1,SAFE,1,Situation maîtrisée
95.30,169.9,19.5,SAFE,1,Situation maîtrisée
95.35,170.2,19.2,SAFE,1,Situation maîtrisée
95.40,170.5,19.5,SAFE,1,Situation maîtrisée
95.45,170.7,19.2,SAFE,1,Situation maîtrisée
95.50,171.0,19.7,SAFE,1,Situation maîtrisée
95.55,171.3,19.3,SAFE,1,Situation maîtrisée
95.60,171.5,19.6,SAFE,1,Situation maîtrisée
95.65,171.8,19.3,SAFE,1,Situation maîtrisée
95.70,172.1,19.8,SAFE,1,Situation maîtrisée
95.75,172.4,19.5,SAFE,1,Situation maîtrisée
95.80,172.6,19.8,SAFE,1,Situation maîtrisée
95.85,172.9,19.5,SAFE,1,Situation maîtrisée
95.90,173.2,20.0,SAFE,1,Situation maîtrisée
95.95,173.5,19.7,SAFE,1,Situation maîtrisée
96.00,173.7,20.0,SAFE,1,Situation maîtrisée
96.05,174.0,19.6,SAFE,1,Situation maîtrisée
96.10,174.3,20.0,SAFE,1,Situation maîtrisée
96.15,174.6,19.8,SAFE,1,Situation maîtrisée
96.20,174.8,20.0,SAFE,1,Situation maîtrisée
96.25,175.1,19.6,SAFE,1,Situation maîtrisée
96.30,175.4,20.1,SAFE,1,Situation maîtrisée
96.35,175.7,19.8,SAFE,1,Situation maîtrisée
96.40,175.9,20.1,SAFE,1,Situation maîtrisée
96.45,176.2,19.7,SAFE,1,Situation maîtrisée
96.50,176.5,20.1,SAFE,1,Situation maîtrisée
96.55,176.8,19.9,SAFE,1,Situation maîtrisée
96.60,177.0,20.1,SAFE,1,Situation maîtrisée
96.65,177.3,19.7,SAFE,1,Situation maîtrisée
96.70,177.6,20.2,SAFE,1,Situation maîtrisée
96.75,177.9,19.9,SAFE,1,Situation maîtrisée
96.80,178.2,20.1,SAFE,1,Situation maîtrisée
96.85,178.4,19.8,SAFE,1,Situation maîtrisée
96.90,178.7,20.2,SAFE,1,Situation maîtrisée
96.95,179.0,19.9,SAFE,1,Situation maîtrisée
97.00,179.3,20.2,SAFE,1,Situation maîtrisée
97.05,179.5,19.8,SAFE,1,Situation maîtrisée
97.10,179.8,20.2,SAFE,1,Situation maîtrisée
97.15,180.1,20.0,SAFE,1,Situation maîtrisée
97.20,180.4,20.2,SAFE,1,Situation maîtrisée
97.25,180.7,19.8,SAFE,1,Situation maîtrisée
97.30,180.9,20.3,SAFE,1,Situation maîtrisée
97.35,181.2,20.0,SAFE,1,Situation maîtrisée
97.40,181.5,20.2,SAFE,1,Situation maîtrisée
97.45,181.8,19.9,SAFE,1,Situation maîtrisée
97.50,182.1,20.3,SAFE,1,Situation maîtrisée
97.55,182.3,20.0,SAFE,2,Situation maîtrisée
97.60,182.6,20.3,SAFE,2,Situation maîtrisée
97.65,182.9,19.9,SAFE,2,Situation maîtrisée
97.70,183.2,20.3,SAFE,2,Situation maîtrisée
97.75,183.5,20.0,SAFE,2,Situation maîtrisée
97.80,183.7,20.3,SAFE,2,Situation maîtrisée
97.85,184.0,19.9,SAFE,2,Situation maîtrisée
97.90,184.3,20.3,SAFE,2,Situation maîtrisée
97.95,184.6,20.0,SAFE,2,Situation maîtrisée
98.00,184.9,20.3,SAFE,2,Situation maîtrisée
98.05,185.1,19.9,SAFE,2,Situation maîtrisée
98.10,185.4,20.3,SAFE,2,Situation maîtrisée
98.15,185.7,20.1,SAFE,2,Situation maîtrisée
98.20,186.0,20.3,SAFE,2,Situation maîtrisée
98.25,186.2,19.9,SAFE,2,Situation maîtrisée
98.30,186.5,20.4,SAFE,2,Situation maîtrisée
98.35,186.8,20.1,SAFE,2,Situation maîtrisée
98.40,187.1,20.3,SAFE,2,Situation maîtrisée
98.45,187.4,19.9,SAFE,2,Situation maîtrisée
98.50,187.7,20.4,SAFE,2,Situation maîtrisée
98.55,187.9,20.1,SAFE,2,Situation maîtrisée
98.60,188.2,20.3,SAFE,2,Situation maîtrisée
98.65,188.5,20.0,SAFE,2,Situation maîtrisée
98.70,188.8,20.4,SAFE,2,Situation maîtrisée
98.75,189.1,20.1,SAFE,2,Situation maîtrisée
98.80,189.3,20.3,SAFE,2,Situation maîtrisée
98.85,189.6,20.0,SAFE,2,Situation maîtrisée
98.90,189.9,20.4,SAFE,2,Situation maîtrisée
98.95,190.2,20.1,SAFE,2,Situation maîtrisée
99.00,190.5,20.3,SAFE,2,Situation maîtrisée
99.05,190.7,20.0,SAFE,2,Situation maîtrisée
99.10,191.0,20.4,SAFE,2,Situation maîtrisée
99.15,191.3,20.1,SAFE,2,Situation maîtrisée
99.20,191.6,20.3,SAFE,2,Situation maîtrisée
99.25,191.9,20.0,SAFE,2,Situation maîtrisée
99.30,192.1,20.4,SAFE,2,Situation maîtrisée
99.35,192.4,20.1,SAFE,2,Situation maîtrisée
99.40,192.7,20.3,SAFE,2,Situation maîtrisée
99.45,193.0,20.0,SAFE,2,Situation maîtrisée
99.50,193.3,20.4,SAFE,2,Situation maîtrisée
99.55,193.5,20.1,SAFE,2,Situation maîtrisée
99.60,193.8,20.3,SAFE,2,Situation maîtrisée
99.65,194.1,20.0,SAFE,2,Situation maîtrisée
99.70,194.4,20.4,SAFE,2,Situation maîtrisée
99.75,194.7,20.1,SAFE,2,Situation maîtrisée
99.80,194.9,20.3,SAFE,2,Situation maîtrisée
99.85,195.2,20.0,SAFE,2,Situation maîtrisée
99.90,195.5,20.4,SAFE,2,Situation maîtrisée
99.95,195.8,20.1,SAFE,2,Situation maîtrisée
100.00,196.1,20.4,SAFE,2,Situation maîtrisée
100.05,196.3,20.0,SAFE,2,Situation maîtrisée
100.10,196.6,20.4,SAFE,2,Situation maîtrisée
100.15,196.9,20.1,SAFE,2,Situation maîtrisée
100.20,197.2,20.4,SAFE,2,Situation maîtrisée
100.25,197.5,20.0,SAFE,2,Situation maîtrisée
100.30,197.7,20.4,SAFE,2,Situation maîtrisée
100.35,198.0,20.1,SAFE,2,Situation maîtrisée
100.40,198.3,20.4,SAFE,2,Situation maîtrisée
100.45,198.6,20.0,SAFE,2,Situation maîtrisée
100.50,198.9,20.4,SAFE,2,Situation maîtrisée
100.55,199.2,20.1,SAFE,3,Situation maîtrisée
100.60,199.4,20.4,SAFE,3,Situation maîtrisée
100.65,199.7,20.0,SAFE,3,Situation maîtrisée
100.70,200.0,20.4,SAFE,3,Situation maîtrisée
100.75,200.3,20.1,SAFE,3,Situation maîtrisée
100.80,200.6,20.4,SAFE,3,Situation maîtrisée
100.85,200.8,20.0,SAFE,3,Situation maîtrisée
100.90,201.1,20.4,SAFE,3,Situation maîtrisée
100.95,201.4,20.1,SAFE,3,Situation maîtrisée
101.00,201.7,20.4,SAFE,3,Situation maîtrisée
101.05,202.0,20.0,SAFE,3,Situation maîtrisée
101.10,202.2,20.4,SAFE,3,Situation maîtrisée
101.15,202.5,20.1,SAFE,3,Situation maîtrisée
101.20,202.8,20.4,SAFE,3,Situation maîtrisée
101.25,203.1,20.0,SAFE,3,Situation maîtrisée
101.30,203.4,20.4,SAFE,3,Situation maîtrisée
101.35,203.6,20.1,SAFE,3,Situation maîtrisée
101.40,203.9,20.4,SAFE,3,Situation maîtrisée
101.45,204.2,20.0,SAFE,3,Situation maîtrisée
101.50,204.5,20.4,SAFE,3,Situation maîtrisée
101.55,204.8,20.1,SAFE,2,Situation maîtrisée
101.60,205.0,20.4,SAFE,2,Situation maîtrisée
101.65,205.3,20.0,SAFE,2,Situation maîtrisée
101.70,205.6,20.4,SAFE,2,Situation maîtrisée
101.75,205.9,20.1,SAFE,2,Situation maîtrisée
101.80,206.2,20.4,SAFE,2,Situation maîtrisée
101.85,206.5,20.0,SAFE,2,Situation maîtrisée
101.90,206.7,20.4,SAFE,2,Situation maîtrisée
101.95,207.0,20.1,SAFE,2,Situation maîtrisée
102.00,207.3,20.4,SAFE,2,Situation maîtrisée
102.05,207.6,20.0,SAFE,2,Situation maîtrisée
102.10,207.9,20.4,SAFE,2,Situation maîtrisée
102.15,208.1,20.1,SAFE,2,Situation maîtrisée
102.20,208.4,20.4,SAFE,2,Situation maîtrisée
102.25,208.7,20.0,SAFE,2,Situation maîtrisée
102.30,209.0,20.4,SAFE,2,Situation maîtrisée
102.35,209.3,20.1,SAFE,2,Situation maîtrisée
102.40,209.5,20.4,SAFE,2,Situation maîtrisée
102.45,209.8,20.0,SAFE,2,Situation maîtrisée
102.50,210.1,20.4,SAFE,2,Situation maîtrisée
102.55,210.4,20.1,SAFE,2,Situation maîtrisée
102.60,210.7,20.4,SAFE,2,Situation maîtrisée
102.65,210.9,20.0,SAFE,2,Situation maîtrisée
102.70,211.2,20.4,SAFE,2,Situation maîtrisée
102.75,211.5,20.1,SAFE,2,Situation maîtrisée
102.80,211.8,20.4,SAFE,2,Situation maîtrisée
102.85,212.1,20.0,SAFE,2,Situation maîtrisée
102.90,212.3,20.4,SAFE,2,Situation maîtrisée
102.95,212.6,20.1,SAFE,2,Situation maîtrisée
103.00,212.9,20.4,SAFE,2,Situation maîtrisée
103.05,213.2,20.0,SAFE,2,Situation maîtrisée
103.10,213.5,20.4,SAFE,2,Situation maîtrisée
103.15,213.8,20.1,SAFE,2,Situation maîtrisée
103.20,214.0,20.4,SAFE,2,Situation maîtrisée
103.25,214.3,20.0,SAFE,2,Situation maîtrisée
103.30,214.6,20.4,SAFE,2,Situation maîtrisée
103.35,214.9,20.1,SAFE,2,Situation maîtrisée
103.40,215.2,20.4,SAFE,2,Situation maîtrisée
103.45,215.4,20.0,SAFE,2,Situation maîtrisée
103.50,215.7,20.4,SAFE,2,Situation maîtrisée
103.55,216.0,20.1,SAFE,2,Situation maîtrisée
103.60,216.3,20.4,SAFE,2,Situation maîtrisée
103.65,216.6,20.0,SAFE,2,Situation maîtrisée
103.70,216.8,20.4,SAFE,2,Situation maîtrisée
103.75,217.1,20.1,SAFE,3,Situation maîtrisée
103.80,217.4,20.4,SAFE,3,Situation maîtrisée
103.85,217.7,20.0,SAFE,3,Situation maîtrisée
103.90,218.0,20.4,SAFE,3,Situation maîtrisée
103.95,218.2,20.1,SAFE,3,Situation maîtrisée
104.00,218.5,20.4,SAFE,3,Situation maîtrisée
104.05,218.8,20.0,SAFE,3,Situation maîtrisée
104.10,219.1,20.4,SAFE,3,Situation maîtrisée
104.15,219.4,20.1,SAFE,3,Situation maîtrisée
104.20,219.6,20.4,SAFE,3,Situation maîtrisée
104.25,219.9,20.0,SAFE,3,Situation maîtrisée
104.30,220.2,20.4,SAFE,3,Situation maîtrisée
104.35,220.5,20.1,SAFE,3,Situation maîtrisée
104.40,220.8,20.4,SAFE,3,Situation maîtrisée
104.45,221.1,20.0,SAFE,3,Situation maîtrisée
104.50,221.3,20.4,SAFE,3,Situation maîtrisée
104.55,221.6,20.1,SAFE,3,Situation maîtrisée
104.60,221.9,20.4,SAFE,3,Situation maîtrisée
104.65,222.2,20.0,SAFE,3,Situation maîtrisée
104.70,222.5,20.4,SAFE,3,Situation maîtrisée
104.75,222.7,20.1,SAFE,3,Situation maîtrisée
104.80,223.0,20.4,SAFE,3,Situation maîtrisée
104.85,223.3,20.0,SAFE,3,Situation maîtrisée
104.90,223.6,20.4,SAFE,3,Situation maîtrisée
104.95,223.9,20.1,SAFE,3,Situation maîtrisée
105.00,224.1,20.4,SAFE,3,Situation maîtrisée
105.05,224.4,20.0,SAFE,3,Situation maîtrisée
105.10,224.7,20.4,SAFE,3,Situation maîtrisée
105.15,225.0,20.1,SAFE,3,Situation maîtrisée
105.20,225.3,20.4,SAFE,3,Situation maîtrisée
105.25,225.5,20.0,SAFE,3,Situation maîtrisée
105.30,225.8,20.4,SAFE,3,Situation maîtrisée
105.35,226.1,20.1,SAFE,3,Situation maîtrisée
105.40,226.4,20.4,SAFE,3,Situation maîtrisée
105.45,226.7,20.0,SAFE,3,Situation maîtrisée
105.50,226.9,20.4,WATCH,3,Vigilance — situation à la limite
105.55,227.2,20.0,SAFE,3,Situation maîtrisée
105.60,227.5,20.1,WATCH,3,Vigilance — situation à la limite
105.65,227.8,19.5,SAFE,3,Situation maîtrisée
105.70,228.0,19.5,WATCH,3,Vigilance — situation à la limite
105.75,228.3,18.9,SAFE,3,Situation maîtrisée
105.80,228.6,18.9,SAFE,4,Situation maîtrisée
105.85,228.8,18.3,SAFE,4,Situation maîtrisée
105.90,229.1,18.6,WATCH,4,Vigilance — situation à la limite
105.95,229.3,18.2,SAFE,4,Situation maîtrisée
106.00,229.6,17.8,SAFE,4,Situation maîtrisée
106.05,229.8,18.1,WATCH,4,Vigilance — situation à la limite
106.10,230.1,18.2,WATCH,4,Vigilance — situation à la limite
106.15,230.3,14.6,SAFE,4,Situation maîtrisée
106.20,230.5,12.6,SAFE,4,Situation maîtrisée
106.25,230.7,13.0,SAFE,4,Situation maîtrisée
106.30,230.9,13.4,SAFE,4,Situation maîtrisée
106.35,231.1,13.9,SAFE,4,Situation maîtrisée
106.40,231.3,14.3,SAFE,4,Situation maîtrisée
106.45,231.5,14.8,SAFE,4,Situation maîtrisée
106.50,231.7,15.3,SAFE,4,Situation maîtrisée
106.55,231.9,15.6,SAFE,4,Situation maîtrisée
106.60,232.1,15.4,SAFE,4,Situation maîtrisée
106.65,232.3,14.9,SAFE,4,Situation maîtrisée
106.70,232.5,14.2,SAFE,4,Situation maîtrisée
106.75,232.7,13.6,SAFE,4,Situation maîtrisée
106.80,232.9,12.8,SAFE,4,Situation maîtrisée
106.85,233.1,12.2,SAFE,4,Situation maîtrisée
106.90,233.2,11.4,SAFE,4,Situation maîtrisée
106.95,233.4,10.8,SAFE,4,Situation maîtrisée
107.00,233.5,10.0,SAFE,4,Situation maîtrisée
107.05,233.6,9.4,SAFE,4,Situation maîtrisée
107.10,233.8,8.7,SAFE,4,Situation maîtrisée
107.15,233.9,8.1,SAFE,4,Situation maîtrisée
107.20,234.0,7.4,SAFE,4,Situation maîtrisée
107.25,234.1,3.8,SAFE,4,Situation maîtrisée
107.30,234.1,0.0,SAFE,4,Situation maîtrisée
107.35,234.1,0.0,SAFE,4,Situation maîtrisée
107.40,234.1,0.0,SAFE,4,Situation maîtrisée
107.45,234.1,0.0,SAFE,4,Situation maîtrisée
107.50,234.1,0.0,SAFE,4,Situation maîtrisée
107.55,234.1,0.0,SAFE,4,Situation maîtrisée
107.60,234.1,0.0,SAFE,4,Situation maîtrisée
107.65,234.1,0.0,SAFE,4,Situation maîtrisée
107.70,234.1,0.0,SAFE,4,Situation maîtrisée
107.75,234.1,0.0,SAFE,4,Situation maîtrisée
107.80,234.1,0.0,SAFE,4,Situation maîtrisée
107.85,234.1,0.0,SAFE,4,Situation maîtrisée
107.90,234.1,0.0,SAFE,4,Situation maîtrisée
107.95,234.1,0.0,SAFE,4,Situation maîtrisée
108.00,234.1,0.0,SAFE,4,Situation maîtrisée
108.05,234.1,0.0,SAFE,4,Situation maîtrisée
108.10,234.1,0.0,SAFE,4,Situation maîtrisée
108.15,234.1,0.0,SAFE,4,Situation maîtrisée
108.20,234.1,0.0,SAFE,4,Situation maîtrisée
108.25,234.1,0.0,SAFE,4,Situation maîtrisée
108.30,234.1,0.0,SAFE,4,Situation maîtrisée
108.35,234.1,0.0,SAFE,4,Situation maîtrisée
108.40,234.1,0.0,SAFE,4,Situation maîtrisée
108.45,234.1,0.0,SAFE,4,Situation maîtrisée
108.50,234.1,0.0,SAFE,4,Situation maîtrisée
108.55,234.1,0.0,SAFE,4,Situation maîtrisée
108.60,234.1,0.0,SAFE,4,Situation maîtrisée
108.65,234.1,0.0,SAFE,4,Situation maîtrisée
108.70,234.1,0.0,SAFE,4,Situation maîtrisée
108.75,234.1,0.0,SAFE,4,Situation maîtrisée
108.80,234.1,0.0,SAFE,4,Situation maîtrisée
108.85,234.1,0.0,SAFE,4,Situation maîtrisée
108.90,234.1,0.0,SAFE,4,Situation maîtrisée
108.95,234.1,0.0,SAFE,4,Situation maîtrisée
109.00,234.1,0.0,SAFE,4,Situation maîtrisée
109.05,234.1,0.0,SAFE,4,Situation maîtrisée
109.10,234.1,0.0,SAFE,4,Situation maîtrisée
109.15,234.1,0.0,SAFE,4,Situation maîtrisée
109.20,234.1,0.0,SAFE,4,Situation maîtrisée
109.25,234.1,0.0,SAFE,4,Situation maîtrisée
109.30,234.1,0.0,SAFE,4,Situation maîtrisée
109.35,234.1,0.0,SAFE,4,Situation maîtrisée
109.40,234.1,0.0,SAFE,4,Situation maîtrisée
109.45,234.1,0.0,SAFE,4,Situation maîtrisée
109.50,234.1,0.0,SAFE,4,Situation maîtrisée
109.55,234.1,0.0,SAFE,4,Situation maîtrisée
109.60,234.1,0.0,SAFE,4,Situation maîtrisée
109.65,234.1,0.0,SAFE,4,Situation maîtrisée
109.70,234.1,0.0,SAFE,4,Situation maîtrisée
109.75,234.1,0.0,SAFE,4,Situation maîtrisée
109.80,234.1,0.0,SAFE,4,Situation maîtrisée
109.85,234.1,0.0,SAFE,4,Situation maîtrisée
109.90,234.1,0.0,SAFE,4,Situation maîtrisée
109.95,234.1,0.0,SAFE,4,Situation maîtrisée
110.00,234.1,0.0,SAFE,5,Situation maîtrisée
110.05,234.1,0.0,SAFE,5,Situation maîtrisée
110.10,234.1,0.0,SAFE,5,Situation maîtrisée
110.15,234.1,0.0,SAFE,5,Situation maîtrisée
110.20,234.1,0.0,SAFE,5,Situation maîtrisée
110.25,234.1,0.0,SAFE,5,Situation maîtrisée
110.30,234.1,0.0,SAFE,5,Situation maîtrisée
110.35,234.1,0.0,SAFE,5,Situation maîtrisée
110.40,234.1,0.0,SAFE,5,Situation maîtrisée
110.45,234.1,0.0,SAFE,5,Situation maîtrisée
110.50,234.1,0.0,SAFE,5,Situation maîtrisée
110.55,234.1,0.0,SAFE,5,Situation maîtrisée
110.60,234.1,0.0,SAFE,5,Situation maîtrisée
110.65,234.1,0.0,SAFE,5,Situation maîtrisée
110.70,234.1,0.0,SAFE,5,Situation maîtrisée
110.75,234.1,0.0,SAFE,5,Situation maîtrisée
110.80,234.1,0.0,SAFE,5,Situation maîtrisée
110.85,234.1,0.0,SAFE,5,Situation maîtrisée
110.90,234.1,0.0,SAFE,5,Situation maîtrisée
110.95,234.1,0.0,SAFE,5,Situation maîtrisée
111.00,234.1,0.0,SAFE,5,Situation maîtrisée
111.05,234.1,0.0,SAFE,5,Situation maîtrisée
111.10,234.1,0.0,SAFE,5,Situation maîtrisée
111.15,234.1,0.0,SAFE,5,Situation maîtrisée
111.20,234.1,0.0,SAFE,5,Situation maîtrisée
111.25,234.1,0.0,SAFE,5,Situation maîtrisée
111.30,234.1,0.0,SAFE,5,Situation maîtrisée
111.35,234.1,0.0,SAFE,5,Situation maîtrisée
111.40,234.1,0.0,SAFE,5,Situation maîtrisée
111.45,234.1,0.0,SAFE,5,Situation maîtrisée
111.50,234.1,0.0,SAFE,5,Situation maîtrisée
111.55,234.1,0.0,SAFE,5,Situation maîtrisée
111.60,234.1,0.0,SAFE,5,Situation maîtrisée
111.65,234.1,0.0,SAFE,5,Situation maîtrisée
111.70,234.1,0.0,SAFE,5,Situation maîtrisée
111.75,234.1,0.0,SAFE,5,Situation maîtrisée
111.80,234.1,0.0,SAFE,5,Situation maîtrisée
111.85,234.1,0.0,SAFE,5,Situation maîtrisée
111.90,234.1,0.0,SAFE,5,Situation maîtrisée
111.95,234.1,0.0,SAFE,5,Situation maîtrisée
112.00,234.1,0.0,SAFE,5,Situation maîtrisée
112.05,234.1,0.0,SAFE,5,Situation maîtrisée
112.10,234.1,0.0,SAFE,5,Situation maîtrisée
112.15,234.1,0.0,SAFE,5,Situation maîtrisée
112.20,234.1,0.0,SAFE,5,Situation maîtrisée
112.25,234.1,0.0,SAFE,5,Situation maîtrisée
112.30,234.1,0.0,SAFE,5,Situation maîtrisée
112.35,234.1,0.0,SAFE,5,Situation maîtrisée
112.40,234.1,0.0,SAFE,5,Situation maîtrisée
112.45,234.1,0.0,SAFE,5,Situation maîtrisée
112.50,234.1,0.0,SAFE,5,Situation maîtrisée
112.55,234.1,0.0,SAFE,5,Situation maîtrisée
112.60,234.1,0.0,SAFE,5,Situation maîtrisée
112.65,234.1,0.0,SAFE,5,Situation maîtrisée
112.70,234.1,0.0,SAFE,5,Situation maîtrisée
112.75,234.1,0.0,SAFE,5,Situation maîtrisée
112.80,234.1,0.0,SAFE,5,Situation maîtrisée
112.85,234.1,0.0,SAFE,5,Situation maîtrisée
112.90,234.1,0.0,SAFE,5,Situation maîtrisée
112.95,234.1,0.0,SAFE,5,Situation maîtrisée
113.00,234.1,0.0,SAFE,6,Situation maîtrisée
113.05,234.1,0.0,SAFE,6,Situation maîtrisée
113.10,234.1,0.0,SAFE,6,Situation maîtrisée
113.15,234.1,0.0,SAFE,6,Situation maîtrisée
113.20,234.1,0.0,SAFE,6,Situation maîtrisée
113.25,234.1,0.0,SAFE,6,Situation maîtrisée
113.30,234.1,0.0,SAFE,6,Situation maîtrisée
113.35,234.1,0.0,SAFE,6,Situation maîtrisée
113.40,234.1,0.0,SAFE,6,Situation maîtrisée
113.45,234.1,0.0,SAFE,6,Situation maîtrisée
113.50,234.1,0.0,SAFE,6,Situation maîtrisée
113.55,234.1,0.0,SAFE,6,Situation maîtrisée
113.60,234.1,0.0,SAFE,6,Situation maîtrisée
113.65,234.1,0.0,SAFE,6,Situation maîtrisée
113.70,234.1,0.0,SAFE,5,Situation maîtrisée
113.75,234.1,0.0,SAFE,5,Situation maîtrisée
113.80,234.1,0.0,SAFE,5,Situation maîtrisée
113.85,234.1,0.0,SAFE,5,Situation maîtrisée
113.90,234.1,0.0,SAFE,5,Situation maîtrisée
113.95,234.1,0.0,SAFE,5,Situation maîtrisée
114.00,234.1,0.0,SAFE,5,Situation maîtrisée
114.05,234.1,0.0,SAFE,5,Situation maîtrisée
114.10,234.1,0.0,SAFE,5,Situation maîtrisée
114.15,234.1,0.0,SAFE,5,Situation maîtrisée
114.20,234.1,0.0,SAFE,5,Situation maîtrisée
114.25,234.1,0.0,SAFE,5,Situation maîtrisée
114.30,234.1,0.0,SAFE,5,Situation maîtrisée
114.35,234.1,0.0,SAFE,5,Situation maîtrisée
114.40,234.1,0.0,SAFE,5,Situation maîtrisée
114.45,234.1,0.0,SAFE,5,Situation maîtrisée
114.50,234.1,0.0,SAFE,5,Situation maîtrisée
114.55,234.1,0.0,SAFE,5,Situation maîtrisée
114.60,234.1,0.0,SAFE,5,Situation maîtrisée
114.65,234.1,0.0,SAFE,5,Situation maîtrisée
114.70,234.1,0.0,SAFE,5,Situation maîtrisée
114.75,234.1,0.0,SAFE,5,Situation maîtrisée
114.80,234.1,0.0,SAFE,5,Situation maîtrisée
114.85,234.1,0.0,SAFE,5,Situation maîtrisée
114.90,234.1,0.0,SAFE,5,Situation maîtrisée
114.95,234.1,0.0,SAFE,5,Situation maîtrisée
115.00,234.1,0.0,SAFE,5,Situation maîtrisée
115.05,234.1,0.0,SAFE,5,Situation maîtrisée
115.10,234.1,0.0,SAFE,5,Situation maîtrisée
115.15,234.1,0.0,SAFE,5,Situation maîtrisée
115.20,234.1,0.0,SAFE,5,Situation maîtrisée
115.25,234.1,0.0,SAFE,5,Situation maîtrisée
115.30,234.1,0.0,SAFE,5,Situation maîtrisée
115.35,234.1,0.0,SAFE,5,Situation maîtrisée
115.40,234.1,0.0,SAFE,5,Situation maîtrisée
115.45,234.1,0.0,SAFE,5,Situation maîtrisée
115.50,234.1,0.0,SAFE,5,Situation maîtrisée
115.55,234.1,0.0,SAFE,5,Situation maîtrisée
115.60,234.1,0.0,SAFE,5,Situation maîtrisée
115.65,234.1,0.0,SAFE,5,Situation maîtrisée
115.70,234.1,0.0,SAFE,5,Situation maîtrisée
115.75,234.1,0.0,SAFE,5,Situation maîtrisée
115.80,234.1,0.0,SAFE,5,Situation maîtrisée
115.85,234.1,0.0,SAFE,5,Situation maîtrisée
115.90,234.1,0.0,SAFE,5,Situation maîtrisée
115.95,234.1,0.0,SAFE,5,Situation maîtrisée
116.00,234.1,0.0,SAFE,5,Situation maîtrisée
116.05,234.1,0.0,SAFE,5,Situation maîtrisée
116.10,234.1,0.0,SAFE,5,Situation maîtrisée
116.15,234.1,0.0,SAFE,5,Situation maîtrisée
116.20,234.1,0.0,SAFE,5,Situation maîtrisée
116.25,234.1,0.0,SAFE,5,Situation maîtrisée
116.30,234.1,0.0,SAFE,5,Situation maîtrisée
116.35,234.1,0.0,SAFE,5,Situation maîtrisée
116.40,234.1,0.0,SAFE,5,Situation maîtrisée
116.45,234.1,0.0,SAFE,5,Situation maîtrisée
116.50,234.1,0.0,SAFE,5,Situation maîtrisée
116.55,234.1,0.0,SAFE,5,Situation maîtrisée
116.60,234.1,0.0,SAFE,5,Situation maîtrisée
116.65,234.1,0.0,SAFE,5,Situation maîtrisée
116.70,234.1,0.0,SAFE,5,Situation maîtrisée
116.75,234.1,0.0,SAFE,5,Situation maîtrisée
116.80,234.1,0.0,SAFE,5,Situation maîtrisée
116.85,234.1,0.0,SAFE,4,Situation maîtrisée
116.90,234.1,0.0,SAFE,4,Situation maîtrisée
116.95,234.1,0.0,SAFE,4,Situation maîtrisée
117.00,234.1,0.0,SAFE,4,Situation maîtrisée
117.05,234.1,0.0,SAFE,4,Situation maîtrisée
117.10,234.1,0.0,SAFE,4,Situation maîtrisée
117.15,234.1,0.0,SAFE,4,Situation maîtrisée
117.20,234.1,0.0,SAFE,4,Situation maîtrisée
117.25,234.1,0.0,SAFE,4,Situation maîtrisée
117.30,234.1,0.0,SAFE,4,Situation maîtrisée
117.35,234.1,0.0,SAFE,4,Situation maîtrisée
117.40,234.1,0.0,SAFE,4,Situation maîtrisée
117.45,234.1,0.0,SAFE,4,Situation maîtrisée
117.50,234.1,0.0,SAFE,4,Situation maîtrisée
117.55,234.1,0.0,SAFE,4,Situation maîtrisée
117.60,234.1,0.0,SAFE,4,Situation maîtrisée
117.65,234.1,0.0,SAFE,4,Situation maîtrisée
117.70,234.1,0.0,SAFE,4,Situation maîtrisée
117.75,234.1,0.0,SAFE,4,Situation maîtrisée
117.80,234.1,0.0,SAFE,4,Situation maîtrisée
117.85,234.1,0.0,SAFE,4,Situation maîtrisée
117.90,234.1,0.0,SAFE,4,Situation maîtrisée
117.95,234.1,0.0,SAFE,4,Situation maîtrisée
118.00,234.1,0.0,SAFE,4,Situation maîtrisée
118.05,234.1,0.0,SAFE,4,Situation maîtrisée
118.10,234.1,0.0,SAFE,4,Situation maîtrisée
118.15,234.1,0.0,SAFE,4,Situation maîtrisée
118.20,234.1,0.0,SAFE,4,Situation maîtrisée
118.25,234.1,0.0,SAFE,4,Situation maîtrisée
118.30,234.1,0.0,SAFE,4,Situation maîtrisée
118.35,234.1,0.0,SAFE,4,Situation maîtrisée
118.40,234.1,0.0,SAFE,4,Situation maîtrisée
118.45,234.1,0.0,SAFE,4,Situation maîtrisée
118.50,234.1,0.0,SAFE,4,Situation maîtrisée
118.55,234.1,0.0,SAFE,4,Situation maîtrisée
118.60,234.1,0.0,SAFE,4,Situation maîtrisée
118.65,234.1,0.0,SAFE,4,Situation maîtrisée
118.70,234.1,0.0,SAFE,4,Situation maîtrisée
118.75,234.1,0.0,SAFE,4,Situation maîtrisée
118.80,234.1,0.0,SAFE,4,Situation maîtrisée
118.85,234.1,0.0,SAFE,4,Situation maîtrisée
118.90,234.1,0.0,SAFE,4,Situation maîtrisée
118.95,234.1,0.0,SAFE,4,Situation maîtrisée
119.00,234.1,0.0,SAFE,4,Situation maîtrisée
119.05,234.1,0.0,SAFE,4,Situation maîtrisée
119.10,234.1,0.0,SAFE,4,Situation maîtrisée
119.15,234.1,0.0,SAFE,4,Situation maîtrisée
119.20,234.1,0.0,SAFE,4,Situation maîtrisée
119.25,234.1,0.0,SAFE,4,Situation maîtrisée
119.30,234.1,0.0,SAFE,4,Situation maîtrisée
119.35,234.1,0.0,SAFE,4,Situation maîtrisée
119.40,234.1,0.0,SAFE,4,Situation maîtrisée
119.45,234.1,0.0,SAFE,4,Situation maîtrisée
119.50,234.1,0.0,SAFE,4,Situation maîtrisée
119.55,234.1,0.0,SAFE,4,Situation maîtrisée
119.60,234.1,0.0,SAFE,4,Situation maîtrisée
119.65,234.1,0.0,SAFE,4,Situation maîtrisée
119.70,234.1,0.0,SAFE,4,Situation maîtrisée
119.75,234.1,0.0,SAFE,4,Situation maîtrisée
119.80,234.1,0.0,SAFE,4,Situation maîtrisée
119.85,234.1,0.0,SAFE,4,Situation maîtrisée
119.90,234.1,0.0,SAFE,4,Situation maîtrisée
119.95,234.1,0.0,SAFE,4,Situation maîtrisée
120.00,234.1,0.0,SAFE,4,Situation maîtrisée
120.05,234.1,0.0,SAFE,4,Situation maîtrisée
120.10,234.1,0.0,SAFE,4,Situation maîtrisée
120.15,234.1,0.0,SAFE,4,Situation maîtrisée
120.20,234.1,0.0,SAFE,4,Situation maîtrisée
120.25,234.1,0.0,SAFE,4,Situation maîtrisée
120.30,234.1,0.0,SAFE,4,Situation maîtrisée
120.35,234.1,0.0,SAFE,4,Situation maîtrisée
120.40,234.1,0.0,SAFE,4,Situation maîtrisée
120.45,234.1,0.0,SAFE,4,Situation maîtrisée
120.50,234.1,0.0,SAFE,4,Situation maîtrisée
120.55,234.1,0.0,SAFE,4,Situation maîtrisée
120.60,234.1,0.0,SAFE,4,Situation maîtrisée
120.65,234.1,0.0,SAFE,4,Situation maîtrisée
120.70,234.1,0.0,SAFE,4,Situation maîtrisée
120.75,234.1,0.0,SAFE,4,Situation maîtrisée
120.80,234.1,0.0,SAFE,4,Situation maîtrisée
120.85,234.1,0.0,SAFE,4,Situation maîtrisée
120.90,234.1,0.0,SAFE,4,Situation maîtrisée
120.95,234.1,0.0,SAFE,4,Situation maîtrisée
121.00,234.1,0.0,SAFE,4,Situation maîtrisée
121.05,234.1,0.0,SAFE,4,Situation maîtrisée
121.10,234.1,0.0,SAFE,4,Situation maîtrisée
121.15,234.1,0.0,SAFE,4,Situation maîtrisée
121.20,234.1,0.0,SAFE,4,Situation maîtrisée
121.25,234.1,0.0,SAFE,4,Situation maîtrisée
121.30,234.1,0.0,SAFE,4,Situation maîtrisée
121.35,234.1,0.0,SAFE,4,Situation maîtrisée
121.40,234.1,0.0,SAFE,4,Situation maîtrisée
121.45,234.1,0.0,SAFE,4,Situation maîtrisée
121.50,234.1,0.0,SAFE,4,Situation maîtrisée
121.55,234.1,0.0,SAFE,3,Situation maîtrisée
121.60,234.1,0.0,SAFE,3,Situation maîtrisée
121.65,234.1,0.0,SAFE,3,Situation maîtrisée
121.70,234.1,0.0,SAFE,3,Situation maîtrisée
121.75,234.1,0.0,SAFE,3,Situation maîtrisée
121.80,234.1,0.0,SAFE,3,Situation maîtrisée
121.85,234.1,0.0,SAFE,3,Situation maîtrisée
121.90,234.1,0.0,SAFE,3,Situation maîtrisée
121.95,234.1,0.0,SAFE,3,Situation maîtrisée
122.00,234.1,0.0,SAFE,3,Situation maîtrisée
122.05,234.1,0.0,SAFE,3,Situation maîtrisée
122.10,234.1,0.0,SAFE,3,Situation maîtrisée
122.15,234.1,0.0,SAFE,3,Situation maîtrisée
122.20,234.1,0.0,SAFE,3,Situation maîtrisée
122.25,234.1,0.0,SAFE,3,Situation maîtrisée
122.30,234.1,0.0,SAFE,3,Situation maîtrisée
122.35,234.1,0.0,SAFE,3,Situation maîtrisée
122.40,234.1,0.0,SAFE,3,Situation maîtrisée
122.45,234.1,0.0,SAFE,3,Situation maîtrisée
122.50,234.1,0.0,SAFE,3,Situation maîtrisée
122.55,234.1,0.0,SAFE,3,Situation maîtrisée
122.60,234.1,0.0,SAFE,3,Situation maîtrisée
122.65,234.1,0.0,SAFE,3,Situation maîtrisée
122.70,234.1,0.0,SAFE,3,Situation maîtrisée
122.75,234.1,0.0,SAFE,3,Situation maîtrisée
122.80,234.1,0.0,SAFE,3,Situation maîtrisée
122.85,234.1,0.0,SAFE,3,Situation maîtrisée
122.90,234.1,0.0,SAFE,3,Situation maîtrisée
122.95,234.1,0.0,SAFE,3,Situation maîtrisée
123.00,234.1,0.0,SAFE,3,Situation maîtrisée
123.05,234.1,0.0,SAFE,3,Situation maîtrisée
123.10,234.1,0.0,SAFE,3,Situation maîtrisée
123.15,234.1,0.0,SAFE,3,Situation maîtrisée
123.20,234.1,0.0,SAFE,3,Situation maîtrisée
123.25,234.1,0.0,SAFE,3,Situation maîtrisée
123.30,234.1,0.0,SAFE,3,Situation maîtrisée
123.35,234.1,0.0,SAFE,3,Situation maîtrisée
123.40,234.1,0.0,SAFE,3,Situation maîtrisée
123.45,234.1,0.0,SAFE,3,Situation maîtrisée
123.50,234.1,0.0,SAFE,3,Situation maîtrisée
123.55,234.1,0.0,SAFE,3,Situation maîtrisée
123.60,234.1,0.0,SAFE,3,Situation maîtrisée
123.65,234.1,0.0,SAFE,3,Situation maîtrisée
123.70,234.1,0.0,SAFE,3,Situation maîtrisée
123.75,234.1,0.0,SAFE,3,Situation maîtrisée
123.80,234.1,0.0,SAFE,3,Situation maîtrisée
123.85,234.1,0.0,SAFE,3,Situation maîtrisée
123.90,234.1,0.0,SAFE,3,Situation maîtrisée
123.95,234.1,0.0,SAFE,3,Situation maîtrisée
124.00,234.1,0.0,SAFE,3,Situation maîtrisée
124.05,234.1,0.0,SAFE,3,Situation maîtrisée
124.10,234.1,0.0,SAFE,3,Situation maîtrisée
124.15,234.1,0.0,SAFE,3,Situation maîtrisée
124.20,234.1,0.0,SAFE,3,Situation maîtrisée
124.25,234.1,0.0,SAFE,3,Situation maîtrisée
124.30,234.1,0.0,SAFE,3,Situation maîtrisée
124.35,234.1,0.0,SAFE,3,Situation maîtrisée
124.40,234.1,0.0,SAFE,3,Situation maîtrisée
124.45,234.1,0.0,SAFE,3,Situation maîtrisée
124.50,234.1,0.0,SAFE,3,Situation maîtrisée
124.55,234.1,0.0,SAFE,3,Situation maîtrisée
124.60,234.1,0.0,SAFE,3,Situation maîtrisée
124.65,234.1,0.0,SAFE,3,Situation maîtrisée
124.70,234.1,0.0,SAFE,3,Situation maîtrisée
124.75,234.1,0.0,SAFE,3,Situation maîtrisée
124.80,234.1,0.0,SAFE,3,Situation maîtrisée
124.85,234.1,0.0,SAFE,3,Situation maîtrisée
124.90,234.1,0.0,SAFE,3,Situation maîtrisée
124.95,234.1,0.0,SAFE,3,Situation maîtrisée
125.00,234.1,0.0,SAFE,3,Situation maîtrisée
125.05,234.1,0.0,SAFE,3,Situation maîtrisée
125.10,234.1,0.0,SAFE,3,Situation maîtrisée
125.15,234.1,0.0,SAFE,3,Situation maîtrisée
125.20,234.1,0.0,SAFE,3,Situation maîtrisée
125.25,234.1,0.0,SAFE,3,Situation maîtrisée
125.30,234.1,0.0,SAFE,3,Situation maîtrisée
125.35,234.1,0.0,SAFE,3,Situation maîtrisée
125.40,234.1,0.0,SAFE,3,Situation maîtrisée
125.45,234.1,0.0,SAFE,3,Situation maîtrisée
125.50,234.1,0.0,SAFE,3,Situation maîtrisée
125.55,234.1,0.0,SAFE,3,Situation maîtrisée
125.60,234.1,0.0,SAFE,3,Situation maîtrisée
125.65,234.1,0.0,SAFE,3,Situation maîtrisée
125.70,234.1,0.0,SAFE,3,Situation maîtrisée
125.75,234.1,0.0,SAFE,3,Situation maîtrisée
125.80,234.1,0.0,SAFE,3,Situation maîtrisée
125.85,234.1,0.0,SAFE,3,Situation maîtrisée
125.90,234.1,0.0,SAFE,3,Situation maîtrisée
125.95,234.1,0.0,SAFE,3,Situation maîtrisée
126.00,234.1,0.0,SAFE,3,Situation maîtrisée
126.05,234.1,0.0,SAFE,3,Situation maîtrisée
126.10,234.1,0.0,SAFE,3,Situation maîtrisée
126.15,234.1,0.0,SAFE,3,Situation maîtrisée
126.20,234.1,0.0,SAFE,3,Situation maîtrisée
126.25,234.1,0.0,SAFE,3,Situation maîtrisée
126.30,234.1,0.0,SAFE,3,Situation maîtrisée
126.35,234.1,0.0,SAFE,3,Situation maîtrisée
126.40,234.1,0.0,SAFE,3,Situation maîtrisée
126.45,234.1,0.0,SAFE,3,Situation maîtrisée
126.50,234.1,0.0,SAFE,3,Situation maîtrisée
126.55,234.1,0.0,SAFE,3,Situation maîtrisée
126.60,234.1,0.0,SAFE,3,Situation maîtrisée
126.65,234.1,0.0,SAFE,3,Situation maîtrisée
126.70,234.1,0.0,SAFE,3,Situation maîtrisée
126.75,234.1,0.0,SAFE,3,Situation maîtrisée
126.80,234.1,0.0,SAFE,3,Situation maîtrisée
126.85,234.1,0.0,SAFE,3,Situation maîtrisée
126.90,234.1,0.0,SAFE,3,Situation maîtrisée
126.95,234.1,0.0,SAFE,3,Situation maîtrisée
127.00,234.1,0.0,SAFE,3,Situation maîtrisée
127.05,234.1,0.0,SAFE,3,Situation maîtrisée
127.10,234.1,0.0,SAFE,3,Situation maîtrisée
127.15,234.1,0.0,SAFE,3,Situation maîtrisée
127.20,234.1,0.0,SAFE,3,Situation maîtrisée
127.25,234.1,0.0,SAFE,3,Situation maîtrisée
127.30,234.1,0.0,SAFE,3,Situation maîtrisée
127.35,234.1,0.0,SAFE,3,Situation maîtrisée
127.40,234.1,0.0,SAFE,3,Situation maîtrisée
127.45,234.1,0.0,SAFE,3,Situation maîtrisée
127.50,234.1,0.0,SAFE,3,Situation maîtrisée
127.55,234.1,0.0,SAFE,3,Situation maîtrisée
127.60,234.1,0.0,SAFE,3,Situation maîtrisée
127.65,234.1,0.0,SAFE,3,Situation maîtrisée
127.70,234.1,0.0,SAFE,3,Situation maîtrisée
127.75,234.1,0.0,SAFE,3,Situation maîtrisée
127.80,234.1,0.0,SAFE,3,Situation maîtrisée
127.85,234.1,0.0,SAFE,3,Situation maîtrisée
127.90,234.1,0.0,SAFE,3,Situation maîtrisée
127.95,234.1,0.0,SAFE,3,Situation maîtrisée
128.00,234.1,0.0,SAFE,3,Situation maîtrisée
128.05,234.1,0.0,SAFE,3,Situation maîtrisée
128.10,234.1,0.0,SAFE,3,Situation maîtrisée
128.15,234.1,0.0,SAFE,3,Situation maîtrisée
128.20,234.1,0.0,SAFE,3,Situation maîtrisée
128.25,234.1,0.0,SAFE,3,Situation maîtrisée
128.30,234.1,0.0,SAFE,3,Situation maîtrisée
128.35,234.1,0.0,SAFE,3,Situation maîtrisée
128.40,234.1,0.0,SAFE,3,Situation maîtrisée
128.45,234.1,0.2,SAFE,3,Situation maîtrisée
128.50,234.1,0.1,SAFE,3,Situation maîtrisée
128.55,234.1,0.1,SAFE,3,Situation maîtrisée
128.60,234.1,0.5,SAFE,3,Situation maîtrisée
128.65,234.1,1.1,SAFE,3,Situation maîtrisée
128.70,234.1,1.7,SAFE,3,Situation maîtrisée
128.75,234.2,2.1,SAFE,3,Situation maîtrisée
128.80,234.2,2.6,SAFE,3,Situation maîtrisée
128.85,234.2,2.9,SAFE,3,Situation maîtrisée
128.90,234.3,3.3,SAFE,3,Situation maîtrisée
128.95,234.3,3.7,SAFE,3,Situation maîtrisée
129.00,234.4,3.8,SAFE,3,Situation maîtrisée
129.05,234.4,3.9,SAFE,3,Situation maîtrisée
129.10,234.5,3.7,SAFE,3,Situation maîtrisée
129.15,234.5,3.7,SAFE,3,Situation maîtrisée
129.20,234.6,3.9,SAFE,3,Situation maîtrisée
129.25,234.6,4.1,SAFE,4,Situation maîtrisée
129.30,234.7,4.3,SAFE,4,Situation maîtrisée
129.35,234.8,4.5,SAFE,4,Situation maîtrisée
129.40,234.8,4.8,SAFE,4,Situation maîtrisée
129.45,234.9,5.0,SAFE,4,Situation maîtrisée
129.50,235.0,5.1,SAFE,4,Situation maîtrisée
129.55,235.0,5.3,SAFE,4,Situation maîtrisée
129.60,235.1,5.4,SAFE,4,Situation maîtrisée
129.65,235.2,5.5,SAFE,4,Situation maîtrisée
129.70,235.3,5.6,SAFE,4,Situation maîtrisée
129.75,235.3,5.8,SAFE,4,Situation maîtrisée
129.80,235.4,5.9,SAFE,4,Situation maîtrisée
129.85,235.5,6.0,SAFE,4,Situation maîtrisée
129.90,235.6,6.2,SAFE,4,Situation maîtrisée
129.95,235.7,6.3,SAFE,4,Situation maîtrisée
130.00,235.8,6.4,SAFE,4,Situation maîtrisée
130.05,235.9,6.6,SAFE,4,Situation maîtrisée
130.10,235.9,6.7,SAFE,4,Situation maîtrisée
130.15,236.0,6.9,SAFE,4,Situation maîtrisée
130.20,236.1,7.0,SAFE,4,Situation maîtrisée
130.25,236.2,7.2,SAFE,4,Situation maîtrisée
130.30,236.3,7.3,SAFE,4,Situation maîtrisée
130.35,236.4,7.5,SAFE,4,Situation maîtrisée
130.40,236.6,7.7,SAFE,4,Situation maîtrisée
130.45,236.7,7.9,SAFE,4,Situation maîtrisée
130.50,236.8,8.1,SAFE,4,Situation maîtrisée
130.55,236.9,8.3,SAFE,4,Situation maîtrisée
130.60,237.0,8.5,SAFE,4,Situation maîtrisée
130.65,237.1,8.8,SAFE,4,Situation maîtrisée
130.70,237.2,9.0,SAFE,4,Situation maîtrisée
130.75,237.4,9.3,SAFE,4,Situation maîtrisée
130.80,237.5,9.5,SAFE,4,Situation maîtrisée
130.85,237.6,9.8,SAFE,4,Situation maîtrisée
130.90,237.8,10.0,SAFE,4,Situation maîtrisée
130.95,237.9,10.3,SAFE,4,Situation maîtrisée
131.00,238.1,10.6,SAFE,4,Situation maîtrisée
131.05,238.2,10.9,SAFE,4,Situation maîtrisée
131.10,238.4,11.1,SAFE,4,Situation maîtrisée
131.15,238.5,11.4,SAFE,4,Situation maîtrisée
131.20,238.7,11.7,SAFE,3,Situation maîtrisée
131.25,238.8,11.9,SAFE,3,Situation maîtrisée
131.30,239.0,12.2,SAFE,3,Situation maîtrisée
131.35,239.2,12.5,SAFE,3,Situation maîtrisée
131.40,239.4,12.8,SAFE,3,Situation maîtrisée
131.45,239.5,13.1,SAFE,3,Situation maîtrisée
131.50,239.7,13.5,SAFE,3,Situation maîtrisée
131.55,239.9,14.0,SAFE,3,Situation maîtrisée
131.60,240.1,14.5,SAFE,3,Situation maîtrisée
131.65,240.3,15.0,SAFE,3,Situation maîtrisée
131.70,240.5,15.4,SAFE,3,Situation maîtrisée
131.75,240.8,15.9,SAFE,3,Situation maîtrisée
131.80,241.0,16.3,SAFE,3,Situation maîtrisée
131.85,241.2,16.6,SAFE,3,Situation maîtrisée
131.90,241.4,17.0,SAFE,3,Situation maîtrisée
131.95,241.7,17.3,SAFE,3,Situation maîtrisée
132.00,241.9,17.6,SAFE,3,Situation maîtrisée
132.05,242.2,17.9,SAFE,3,Situation maîtrisée
132.10,242.4,18.2,SAFE,3,Situation maîtrisée
132.15,242.7,18.4,SAFE,3,Situation maîtrisée
132.20,242.9,18.1,SAFE,3,Situation maîtrisée
132.25,243.2,18.3,SAFE,3,Situation maîtrisée
132.30,243.4,18.2,SAFE,3,Situation maîtrisée
132.35,243.7,18.2,SAFE,3,Situation maîtrisée
132.40,243.9,18.0,SAFE,3,Situation maîtrisée
132.45,244.2,18.6,SAFE,3,Situation maîtrisée
132.50,244.4,18.3,SAFE,3,Situation maîtrisée
132.55,244.7,18.3,SAFE,3,Situation maîtrisée
132.60,245.0,18.2,SAFE,3,Situation maîtrisée
132.65,245.2,18.3,SAFE,3,Situation maîtrisée
132.70,245.5,18.2,SAFE,3,Situation maîtrisée
132.75,245.7,18.3,SAFE,3,Situation maîtrisée
132.80,246.0,18.3,SAFE,3,Situation maîtrisée
132.85,246.2,18.8,SAFE,3,Situation maîtrisée
132.90,246.5,18.6,SAFE,3,Situation maîtrisée
132.95,246.7,18.8,SAFE,3,Situation maîtrisée
133.00,247.0,18.8,SAFE,3,Situation maîtrisée
133.05,247.3,18.9,SAFE,3,Situation maîtrisée
133.10,247.5,18.8,SAFE,3,Situation maîtrisée
133.15,247.8,19.0,SAFE,3,Situation maîtrisée
133.20,248.1,18.9,SAFE,3,Situation maîtrisée
133.25,248.3,19.0,SAFE,3,Situation maîtrisée
133.30,248.6,18.7,SAFE,3,Situation maîtrisée
133.35,248.8,18.6,SAFE,3,Situation maîtrisée
133.40,249.1,18.2,SAFE,3,Situation maîtrisée
133.45,249.3,18.1,SAFE,3,Situation maîtrisée
133.50,249.6,18.1,SAFE,3,Situation maîtrisée
133.55,249.8,17.9,SAFE,3,Situation maîtrisée
133.60,250.1,17.8,SAFE,3,Situation maîtrisée
133.65,250.3,17.6,SAFE,3,Situation maîtrisée
133.70,250.6,17.4,SAFE,3,Situation maîtrisée
133.75,250.8,17.2,SAFE,3,Situation maîtrisée
133.80,251.1,17.1,SAFE,2,Situation maîtrisée
133.85,251.3,17.0,SAFE,2,Situation maîtrisée
133.90,251.5,16.9,SAFE,2,Situation maîtrisée
133.95,251.8,17.1,SAFE,2,Situation maîtrisée
134.00,252.0,17.2,SAFE,2,Situation maîtrisée
134.05,252.2,17.5,SAFE,2,Situation maîtrisée
134.10,252.5,17.7,SAFE,2,Situation maîtrisée
134.15,252.7,18.0,SAFE,2,Situation maîtrisée
134.20,253.0,18.2,SAFE,2,Situation maîtrisée
134.25,253.2,18.3,SAFE,2,Situation maîtrisée
134.30,253.5,18.1,SAFE,2,Situation maîtrisée
134.35,253.8,18.2,SAFE,2,Situation maîtrisée
134.40,254.0,18.1,SAFE,2,Situation maîtrisée
134.45,254.3,18.4,SAFE,2,Situation maîtrisée
134.50,254.5,18.3,SAFE,2,Situation maîtrisée
134.55,254.8,18.1,SAFE,2,Situation maîtrisée
134.60,255.0,18.1,SAFE,2,Situation maîtrisée
134.65,255.3,18.4,SAFE,2,Situation maîtrisée
134.70,255.5,18.7,DANGER,2,Ralentissez de 8 km/h  (19 -> 11 km/h)
134.75,255.8,18.5,DANGER,2,Ralentissez de 8 km/h  (18 -> 10 km/h)
134.80,256.0,18.3,DANGER,2,Ralentissez de 8 km/h  (18 -> 10 km/h)
134.85,256.3,17.4,DANGER,2,Ralentissez de 8 km/h  (17 -> 10 km/h)
134.90,256.5,15.3,SAFE,2,Situation maîtrisée
134.95,256.7,13.2,SAFE,3,Situation maîtrisée
135.00,256.9,13.3,SAFE,3,Situation maîtrisée
135.05,257.1,13.6,SAFE,3,Situation maîtrisée
135.10,257.3,14.1,DANGER,3,Ralentissez de 6 km/h  (14 -> 8 km/h)
135.15,257.5,14.3,DANGER,3,Ralentissez de 7 km/h  (14 -> 8 km/h)
135.20,257.7,14.2,DANGER,3,Ralentissez de 7 km/h  (14 -> 7 km/h)
135.25,257.9,13.8,DANGER,3,Ralentissez de 7 km/h  (14 -> 7 km/h)
135.30,258.0,13.3,DANGER,3,Ralentissez de 7 km/h  (13 -> 6 km/h)
135.35,258.2,12.8,SAFE,3,Situation maîtrisée
135.40,258.4,12.4,SAFE,3,Situation maîtrisée
135.45,258.6,12.4,SAFE,3,Situation maîtrisée
135.50,258.7,12.6,SAFE,3,Situation maîtrisée
135.55,258.9,13.0,SAFE,3,Situation maîtrisée
135.60,259.1,13.4,SAFE,3,Situation maîtrisée
135.65,259.3,13.9,SAFE,3,Situation maîtrisée
135.70,259.5,14.5,CRITICAL,3,FREINEZ de 10 km/h  (14 -> 5 km/h)
135.75,259.7,14.8,CRITICAL,3,FREINEZ de 10 km/h  (15 -> 5 km/h)
135.80,259.9,14.6,CRITICAL,3,FREINEZ de 11 km/h  (15 -> 4 km/h)
135.85,260.1,14.1,SAFE,3,Situation maîtrisée
135.90,260.3,13.7,SAFE,3,Situation maîtrisée
135.95,260.5,13.6,SAFE,3,Situation maîtrisée
136.00,260.7,13.8,SAFE,2,Situation maîtrisée
136.05,260.9,14.2,SAFE,2,Situation maîtrisée
136.10,261.1,14.6,SAFE,2,Situation maîtrisée
136.15,261.3,15.0,SAFE,2,Situation maîtrisée
136.20,261.5,15.4,SAFE,2,Situation maîtrisée
136.25,261.7,15.8,SAFE,2,Situation maîtrisée
136.30,261.9,16.2,SAFE,2,Situation maîtrisée
136.35,262.2,16.4,SAFE,2,Situation maîtrisée
136.40,262.4,16.7,SAFE,2,Situation maîtrisée
136.45,262.6,16.9,SAFE,2,Situation maîtrisée
136.50,262.9,17.1,SAFE,2,Situation maîtrisée
136.55,263.1,17.2,SAFE,2,Situation maîtrisée
136.60,263.3,17.2,SAFE,2,Situation maîtrisée
136.65,263.6,17.3,SAFE,2,Situation maîtrisée
136.70,263.8,17.2,SAFE,2,Situation maîtrisée
136.75,264.0,17.0,SAFE,2,Situation maîtrisée
136.80,264.3,16.9,SAFE,2,Situation maîtrisée
136.85,264.5,16.9,SAFE,3,Situation maîtrisée
136.90,264.7,17.0,SAFE,3,Situation maîtrisée
136.95,265.0,17.0,SAFE,3,Situation maîtrisée
137.00,265.2,16.9,SAFE,3,Situation maîtrisée
137.05,265.4,16.7,SAFE,3,Situation maîtrisée
137.10,265.7,16.7,SAFE,3,Situation maîtrisée
137.15,265.9,16.7,SAFE,4,Situation maîtrisée
137.20,266.1,16.8,SAFE,4,Situation maîtrisée
137.25,266.4,16.8,SAFE,4,Situation maîtrisée
137.30,266.6,16.7,SAFE,4,Situation maîtrisée
137.35,266.8,16.6,SAFE,4,Situation maîtrisée
137.40,267.1,16.6,SAFE,4,Situation maîtrisée
137.45,267.3,16.6,SAFE,4,Situation maîtrisée
137.50,267.5,16.7,SAFE,4,Situation maîtrisée
137.55,267.7,16.8,SAFE,4,Situation maîtrisée
137.60,268.0,16.7,SAFE,4,Situation maîtrisée
137.65,268.2,16.6,SAFE,4,Situation maîtrisée
137.70,268.4,16.6,SAFE,5,Situation maîtrisée
137.75,268.7,16.6,SAFE,4,Situation maîtrisée
137.80,268.9,16.7,SAFE,5,Situation maîtrisée
137.85,269.1,16.8,SAFE,5,Situation maîtrisée
137.90,269.4,16.9,SAFE,5,Situation maîtrisée
137.95,269.6,16.9,SAFE,4,Situation maîtrisée
138.00,269.8,16.8,SAFE,5,Situation maîtrisée
138.05,270.1,16.9,SAFE,5,Situation maîtrisée
138.10,270.3,17.0,SAFE,5,Situation maîtrisée
138.15,270.5,17.1,SAFE,5,Situation maîtrisée
138.20,270.8,17.2,SAFE,5,Situation maîtrisée
138.25,271.0,17.2,SAFE,5,Situation maîtrisée
138.30,271.2,17.2,SAFE,5,Situation maîtrisée
138.35,271.5,17.3,SAFE,5,Situation maîtrisée
138.40,271.7,17.4,SAFE,5,Situation maîtrisée
138.45,272.0,17.5,SAFE,4,Situation maîtrisée
138.50,272.2,17.6,SAFE,4,Situation maîtrisée
138.55,272.5,17.8,SAFE,4,Situation maîtrisée
138.60,272.7,17.8,SAFE,4,Situation maîtrisée
138.65,272.9,17.9,SAFE,4,Situation maîtrisée
138.70,273.2,18.0,SAFE,4,Situation maîtrisée
138.75,273.4,18.1,SAFE,4,Situation maîtrisée
138.80,273.7,18.2,SAFE,4,Situation maîtrisée
138.85,273.9,18.1,SAFE,4,Situation maîtrisée
138.90,274.2,18.2,SAFE,4,Situation maîtrisée
138.95,274.4,17.9,SAFE,4,Situation maîtrisée
139.00,274.7,17.8,SAFE,4,Situation maîtrisée
139.05,275.0,18.2,SAFE,4,Situation maîtrisée
139.10,275.2,18.2,SAFE,4,Situation maîtrisée
139.15,275.5,18.0,SAFE,4,Situation maîtrisée
139.20,275.7,18.1,SAFE,4,Situation maîtrisée
139.25,276.0,17.9,SAFE,4,Situation maîtrisée
139.30,276.2,17.9,SAFE,4,Situation maîtrisée
139.35,276.5,17.7,SAFE,4,Situation maîtrisée
139.40,276.7,17.4,SAFE,4,Situation maîtrisée
139.45,276.9,17.1,SAFE,4,Situation maîtrisée
139.50,277.2,16.8,SAFE,4,Situation maîtrisée
139.55,277.4,16.5,SAFE,4,Situation maîtrisée
139.60,277.6,16.1,SAFE,4,Situation maîtrisée
139.65,277.8,15.8,SAFE,4,Situation maîtrisée
139.70,278.1,15.4,SAFE,4,Situation maîtrisée
139.75,278.3,15.1,SAFE,4,Situation maîtrisée
139.80,278.5,14.8,SAFE,4,Situation maîtrisée
139.85,278.7,14.4,SAFE,4,Situation maîtrisée
139.90,278.9,14.1,SAFE,4,Situation maîtrisée
139.95,279.1,13.8,SAFE,4,Situation maîtrisée
140.00,279.3,13.5,SAFE,4,Situation maîtrisée
140.05,279.4,13.2,SAFE,4,Situation maîtrisée
140.10,279.6,12.9,SAFE,4,Situation maîtrisée
140.15,279.8,12.6,SAFE,4,Situation maîtrisée
140.20,280.0,12.3,SAFE,4,Situation maîtrisée
140.25,280.1,12.0,SAFE,4,Situation maîtrisée
140.30,280.3,11.7,SAFE,4,Situation maîtrisée
140.35,280.5,11.5,SAFE,4,Situation maîtrisée
140.40,280.6,11.2,SAFE,5,Situation maîtrisée
140.45,280.8,10.9,SAFE,5,Situation maîtrisée
140.50,280.9,10.6,SAFE,5,Situation maîtrisée
140.55,281.1,10.4,SAFE,5,Situation maîtrisée
140.60,281.2,10.1,SAFE,5,Situation maîtrisée
140.65,281.4,9.9,SAFE,5,Situation maîtrisée
140.70,281.5,9.7,SAFE,5,Situation maîtrisée
140.75,281.6,9.4,SAFE,6,Situation maîtrisée
140.80,281.8,9.2,SAFE,6,Situation maîtrisée
140.85,281.9,8.9,SAFE,6,Situation maîtrisée
140.90,282.0,8.7,SAFE,6,Situation maîtrisée
140.95,282.1,8.5,SAFE,6,Situation maîtrisée
141.00,282.2,8.3,SAFE,6,Situation maîtrisée
141.05,282.3,8.1,SAFE,6,Situation maîtrisée
141.10,282.5,7.8,SAFE,6,Situation maîtrisée
141.15,282.6,7.6,SAFE,6,Situation maîtrisée
141.20,282.7,7.4,SAFE,6,Situation maîtrisée
141.25,282.8,7.2,SAFE,6,Situation maîtrisée
141.30,282.9,7.0,SAFE,6,Situation maîtrisée
141.35,283.0,6.8,SAFE,6,Situation maîtrisée
141.40,283.1,6.6,SAFE,6,Situation maîtrisée
141.45,283.1,6.4,SAFE,6,Situation maîtrisée
141.50,283.2,6.2,SAFE,6,Situation maîtrisée
141.55,283.3,4.6,SAFE,6,Situation maîtrisée
141.60,283.3,0.5,SAFE,6,Situation maîtrisée
141.65,283.3,0.0,SAFE,6,Situation maîtrisée
141.70,283.3,0.0,SAFE,6,Situation maîtrisée
141.75,283.3,0.0,SAFE,6,Situation maîtrisée
141.80,283.3,0.0,SAFE,6,Situation maîtrisée
141.85,283.3,0.0,SAFE,6,Situation maîtrisée
141.90,283.3,0.0,SAFE,6,Situation maîtrisée
141.95,283.3,0.0,SAFE,6,Situation maîtrisée
142.00,283.3,0.0,SAFE,6,Situation maîtrisée
142.05,283.3,0.0,SAFE,6,Situation maîtrisée
142.10,283.3,0.0,SAFE,6,Situation maîtrisée
142.15,283.3,0.0,SAFE,6,Situation maîtrisée
142.20,283.3,0.0,SAFE,6,Situation maîtrisée
142.25,283.3,0.0,SAFE,6,Situation maîtrisée
142.30,283.3,0.0,SAFE,6,Situation maîtrisée
142.35,283.3,0.0,SAFE,6,Situation maîtrisée
142.40,283.3,0.0,SAFE,6,Situation maîtrisée
142.45,283.3,0.0,SAFE,6,Situation maîtrisée
142.50,283.3,0.0,SAFE,6,Situation maîtrisée
142.55,283.3,0.0,SAFE,6,Situation maîtrisée
142.60,283.3,0.0,SAFE,6,Situation maîtrisée
142.65,283.3,0.0,SAFE,6,Situation maîtrisée
142.70,283.3,0.0,SAFE,6,Situation maîtrisée
142.75,283.3,0.0,SAFE,6,Situation maîtrisée
142.80,283.3,0.0,SAFE,6,Situation maîtrisée
142.85,283.3,0.0,SAFE,6,Situation maîtrisée
142.90,283.3,0.0,SAFE,6,Situation maîtrisée
142.95,283.3,0.0,SAFE,6,Situation maîtrisée
143.00,283.3,0.0,SAFE,6,Situation maîtrisée
143.05,283.3,0.0,SAFE,6,Situation maîtrisée
143.10,283.3,0.0,SAFE,6,Situation maîtrisée
143.15,283.3,0.0,SAFE,6,Situation maîtrisée
143.20,283.3,0.3,SAFE,6,Situation maîtrisée
143.25,283.3,0.0,SAFE,6,Situation maîtrisée
143.30,283.3,0.0,SAFE,6,Situation maîtrisée
143.35,283.3,0.0,SAFE,6,Situation maîtrisée
143.40,283.3,0.0,SAFE,6,Situation maîtrisée
143.45,283.3,0.0,SAFE,6,Situation maîtrisée
143.50,283.3,0.0,SAFE,6,Situation maîtrisée
143.55,283.3,0.0,SAFE,6,Situation maîtrisée
143.60,283.3,0.0,SAFE,6,Situation maîtrisée
143.65,283.3,0.0,SAFE,6,Situation maîtrisée
143.70,283.3,0.0,SAFE,6,Situation maîtrisée
143.75,283.3,0.0,SAFE,6,Situation maîtrisée
143.80,283.3,0.0,SAFE,6,Situation maîtrisée
143.85,283.3,0.0,SAFE,6,Situation maîtrisée
143.90,283.3,0.0,SAFE,6,Situation maîtrisée
143.95,283.3,0.0,SAFE,6,Situation maîtrisée
144.00,283.3,0.0,SAFE,6,Situation maîtrisée
144.05,283.3,0.0,SAFE,6,Situation maîtrisée
144.10,283.3,0.0,SAFE,6,Situation maîtrisée
144.15,283.3,0.0,SAFE,6,Situation maîtrisée
144.20,283.3,0.0,SAFE,6,Situation maîtrisée
144.25,283.3,0.0,SAFE,6,Situation maîtrisée
144.30,283.3,0.0,SAFE,6,Situation maîtrisée
144.35,283.3,0.0,SAFE,6,Situation maîtrisée
144.40,283.3,0.0,SAFE,6,Situation maîtrisée
144.45,283.3,0.0,SAFE,6,Situation maîtrisée
144.50,283.3,0.0,SAFE,6,Situation maîtrisée
144.55,283.3,0.0,SAFE,6,Situation maîtrisée
144.60,283.3,0.0,SAFE,6,Situation maîtrisée
144.65,283.3,0.0,SAFE,6,Situation maîtrisée
144.70,283.3,0.0,SAFE,6,Situation maîtrisée
144.75,283.3,0.0,SAFE,6,Situation maîtrisée
144.80,283.3,0.0,SAFE,6,Situation maîtrisée
144.85,283.3,0.0,SAFE,6,Situation maîtrisée
144.90,283.3,0.0,SAFE,6,Situation maîtrisée
144.95,283.3,0.0,SAFE,6,Situation maîtrisée
145.00,283.3,0.0,SAFE,6,Situation maîtrisée
145.05,283.3,0.0,SAFE,6,Situation maîtrisée
145.10,283.3,0.0,SAFE,6,Situation maîtrisée
145.15,283.3,0.0,SAFE,6,Situation maîtrisée
145.20,283.3,0.0,SAFE,6,Situation maîtrisée
145.25,283.3,0.0,SAFE,6,Situation maîtrisée
145.30,283.3,0.3,SAFE,6,Situation maîtrisée
145.35,283.3,0.0,SAFE,6,Situation maîtrisée
145.40,283.3,0.0,SAFE,6,Situation maîtrisée
145.45,283.3,0.0,SAFE,6,Situation maîtrisée
145.50,283.3,0.0,SAFE,6,Situation maîtrisée
145.55,283.3,0.0,SAFE,6,Situation maîtrisée
145.60,283.3,0.0,SAFE,6,Situation maîtrisée
145.65,283.3,0.0,SAFE,6,Situation maîtrisée
145.70,283.3,0.0,SAFE,6,Situation maîtrisée
145.75,283.3,0.0,SAFE,6,Situation maîtrisée
145.80,283.3,0.0,SAFE,6,Situation maîtrisée
145.85,283.3,0.0,SAFE,6,Situation maîtrisée
145.90,283.3,0.0,SAFE,6,Situation maîtrisée
145.95,283.3,0.0,SAFE,6,Situation maîtrisée
146.00,283.3,0.0,SAFE,6,Situation maîtrisée
146.05,283.3,0.0,SAFE,6,Situation maîtrisée
146.10,283.3,0.0,SAFE,6,Situation maîtrisée
146.15,283.3,0.0,SAFE,6,Situation maîtrisée
146.20,283.3,0.0,SAFE,6,Situation maîtrisée
146.25,283.3,0.0,SAFE,6,Situation maîtrisée
146.30,283.3,0.0,SAFE,6,Situation maîtrisée
146.35,283.3,0.0,SAFE,6,Situation maîtrisée
146.40,283.3,0.0,SAFE,6,Situation maîtrisée
146.45,283.3,0.0,SAFE,6,Situation maîtrisée
146.50,283.3,0.0,SAFE,6,Situation maîtrisée
146.55,283.4,0.3,SAFE,6,Situation maîtrisée
146.60,283.4,0.0,SAFE,6,Situation maîtrisée
146.65,283.4,0.0,SAFE,6,Situation maîtrisée
146.70,283.4,0.0,SAFE,6,Situation maîtrisée
146.75,283.4,0.0,SAFE,6,Situation maîtrisée
146.80,283.4,0.0,SAFE,6,Situation maîtrisée
146.85,283.4,0.0,SAFE,6,Situation maîtrisée
146.90,283.4,0.0,SAFE,6,Situation maîtrisée
146.95,283.4,0.0,SAFE,6,Situation maîtrisée
147.00,283.4,0.0,SAFE,6,Situation maîtrisée
147.05,283.4,0.0,SAFE,6,Situation maîtrisée
147.10,283.4,0.0,SAFE,6,Situation maîtrisée
147.15,283.4,0.0,SAFE,6,Situation maîtrisée
147.20,283.4,0.0,SAFE,6,Situation maîtrisée
147.25,283.4,0.0,SAFE,6,Situation maîtrisée
147.30,283.4,0.0,SAFE,6,Situation maîtrisée
147.35,283.4,0.0,SAFE,6,Situation maîtrisée
147.40,283.4,0.0,SAFE,6,Situation maîtrisée
147.45,283.4,0.0,SAFE,6,Situation maîtrisée
147.50,283.4,0.0,SAFE,6,Situation maîtrisée
147.55,283.4,0.0,SAFE,6,Situation maîtrisée
147.60,283.4,0.0,SAFE,6,Situation maîtrisée
147.65,283.4,0.0,SAFE,6,Situation maîtrisée
147.70,283.4,0.0,SAFE,6,Situation maîtrisée
147.75,283.4,0.0,SAFE,6,Situation maîtrisée
147.80,283.4,0.0,SAFE,6,Situation maîtrisée
147.85,283.4,0.0,SAFE,6,Situation maîtrisée
147.90,283.4,0.0,SAFE,7,Situation maîtrisée
147.95,283.4,0.0,SAFE,7,Situation maîtrisée
148.00,283.4,0.0,SAFE,7,Situation maîtrisée
148.05,283.4,0.0,SAFE,7,Situation maîtrisée
148.10,283.4,0.0,SAFE,7,Situation maîtrisée
148.15,283.4,0.0,SAFE,7,Situation maîtrisée
148.20,283.4,0.0,SAFE,7,Situation maîtrisée
148.25,283.4,0.0,SAFE,7,Situation maîtrisée
148.30,283.4,0.0,SAFE,7,Situation maîtrisée
148.35,283.4,0.0,SAFE,7,Situation maîtrisée
148.40,283.4,0.0,SAFE,7,Situation maîtrisée
148.45,283.4,0.0,SAFE,7,Situation maîtrisée
148.50,283.4,0.0,SAFE,7,Situation maîtrisée
148.55,283.4,0.0,SAFE,7,Situation maîtrisée
148.60,283.4,0.0,SAFE,7,Situation maîtrisée
148.65,283.4,0.0,SAFE,7,Situation maîtrisée
148.70,283.4,0.0,SAFE,7,Situation maîtrisée
148.75,283.4,0.0,SAFE,7,Situation maîtrisée
148.80,283.4,0.0,SAFE,7,Situation maîtrisée
148.85,283.4,0.0,SAFE,7,Situation maîtrisée
148.90,283.4,0.0,SAFE,7,Situation maîtrisée
148.95,283.4,0.0,SAFE,7,Situation maîtrisée
149.00,283.4,0.0,SAFE,7,Situation maîtrisée
149.05,283.4,0.0,SAFE,7,Situation maîtrisée
149.10,283.4,0.0,SAFE,7,Situation maîtrisée
149.15,283.4,0.0,SAFE,7,Situation maîtrisée
149.20,283.4,0.0,SAFE,7,Situation maîtrisée
149.25,283.4,0.0,SAFE,7,Situation maîtrisée
149.30,283.4,0.0,SAFE,7,Situation maîtrisée
149.35,283.4,0.0,SAFE,7,Situation maîtrisée
149.40,283.4,0.0,SAFE,7,Situation maîtrisée
149.45,283.4,0.0,SAFE,7,Situation maîtrisée
149.50,283.4,0.0,SAFE,7,Situation maîtrisée
149.55,283.4,0.0,SAFE,7,Situation maîtrisée
149.60,283.4,0.0,SAFE,7,Situation maîtrisée
149.65,283.4,0.0,SAFE,7,Situation maîtrisée
149.70,283.4,0.0,SAFE,7,Situation maîtrisée
149.75,283.4,0.0,SAFE,7,Situation maîtrisée
149.80,283.4,0.0,SAFE,7,Situation maîtrisée
149.85,283.4,0.0,SAFE,7,Situation maîtrisée
149.90,283.4,0.0,SAFE,7,Situation maîtrisée
149.95,283.4,0.0,SAFE,8,Situation maîtrisée
150.00,283.4,0.0,SAFE,8,Situation maîtrisée
150.05,283.4,0.0,SAFE,8,Situation maîtrisée
150.10,283.4,0.0,SAFE,8,Situation maîtrisée
150.15,283.4,0.3,SAFE,8,Situation maîtrisée
150.20,283.4,0.0,SAFE,8,Situation maîtrisée
150.25,283.4,0.0,SAFE,8,Situation maîtrisée
150.30,283.4,0.0,SAFE,8,Situation maîtrisée
150.35,283.4,0.0,SAFE,8,Situation maîtrisée
150.40,283.4,0.0,SAFE,8,Situation maîtrisée
150.45,283.4,0.0,SAFE,8,Situation maîtrisée
150.50,283.4,0.0,SAFE,8,Situation maîtrisée
150.55,283.4,0.0,SAFE,8,Situation maîtrisée
150.60,283.4,0.0,SAFE,8,Situation maîtrisée
150.65,283.4,0.0,SAFE,8,Situation maîtrisée
150.70,283.4,0.0,SAFE,8,Situation maîtrisée
150.75,283.4,0.0,SAFE,8,Situation maîtrisée
150.80,283.4,0.0,SAFE,8,Situation maîtrisée
150.85,283.4,0.0,SAFE,8,Situation maîtrisée
150.90,283.4,0.0,SAFE,8,Situation maîtrisée
150.95,283.4,0.0,SAFE,8,Situation maîtrisée
151.00,283.4,0.0,SAFE,8,Situation maîtrisée
151.05,283.4,0.0,SAFE,8,Situation maîtrisée
151.10,283.4,0.0,SAFE,8,Situation maîtrisée
151.15,283.4,0.0,SAFE,8,Situation maîtrisée
151.20,283.4,0.0,SAFE,8,Situation maîtrisée
151.25,283.4,0.0,SAFE,8,Situation maîtrisée
151.30,283.4,0.0,SAFE,8,Situation maîtrisée
151.35,283.4,0.0,SAFE,8,Situation maîtrisée
151.40,283.4,0.0,SAFE,8,Situation maîtrisée
151.45,283.4,0.0,SAFE,8,Situation maîtrisée
151.50,283.4,0.0,SAFE,8,Situation maîtrisée
151.55,283.4,0.0,SAFE,8,Situation maîtrisée
151.60,283.4,0.0,SAFE,8,Situation maîtrisée
151.65,283.4,0.0,SAFE,8,Situation maîtrisée
151.70,283.4,0.0,SAFE,8,Situation maîtrisée
151.75,283.4,0.0,SAFE,8,Situation maîtrisée
151.80,283.4,0.0,SAFE,8,Situation maîtrisée
151.85,283.4,0.0,SAFE,8,Situation maîtrisée
151.90,283.4,0.0,SAFE,8,Situation maîtrisée
151.95,283.4,0.0,SAFE,8,Situation maîtrisée
152.00,283.4,0.3,SAFE,8,Situation maîtrisée
152.05,283.4,0.0,SAFE,8,Situation maîtrisée
152.10,283.4,0.0,SAFE,8,Situation maîtrisée
152.15,283.4,0.0,SAFE,8,Situation maîtrisée
152.20,283.4,0.0,SAFE,8,Situation maîtrisée
152.25,283.4,0.0,SAFE,8,Situation maîtrisée
152.30,283.4,0.0,SAFE,8,Situation maîtrisée
152.35,283.4,0.0,SAFE,8,Situation maîtrisée
152.40,283.4,0.0,SAFE,8,Situation maîtrisée
152.45,283.4,0.0,SAFE,8,Situation maîtrisée
152.50,283.4,0.0,SAFE,8,Situation maîtrisée
152.55,283.4,0.0,SAFE,8,Situation maîtrisée
152.60,283.4,0.0,SAFE,8,Situation maîtrisée
152.65,283.4,0.0,SAFE,8,Situation maîtrisée
152.70,283.4,0.0,SAFE,8,Situation maîtrisée
152.75,283.4,0.0,SAFE,8,Situation maîtrisée
152.80,283.4,0.0,SAFE,8,Situation maîtrisée
152.85,283.4,0.0,SAFE,8,Situation maîtrisée
152.90,283.4,0.0,SAFE,8,Situation maîtrisée
152.95,283.4,0.0,SAFE,8,Situation maîtrisée
153.00,283.4,0.0,SAFE,8,Situation maîtrisée
153.05,283.4,0.0,SAFE,8,Situation maîtrisée
153.10,283.4,0.0,SAFE,9,Situation maîtrisée
153.15,283.4,0.0,SAFE,9,Situation maîtrisée
153.20,283.4,0.0,SAFE,9,Situation maîtrisée
153.25,283.4,0.0,SAFE,9,Situation maîtrisée
153.30,283.4,0.0,SAFE,9,Situation maîtrisée
153.35,283.4,0.0,SAFE,9,Situation maîtrisée
153.40,283.4,0.0,SAFE,9,Situation maîtrisée
153.45,283.4,0.0,SAFE,9,Situation maîtrisée
153.50,283.4,0.0,SAFE,9,Situation maîtrisée
153.55,283.4,0.0,SAFE,9,Situation maîtrisée
153.60,283.4,0.0,SAFE,9,Situation maîtrisée
153.65,283.4,0.0,SAFE,9,Situation maîtrisée
153.70,283.4,0.0,SAFE,9,Situation maîtrisée
153.75,283.4,0.0,SAFE,9,Situation maîtrisée
153.80,283.4,0.0,SAFE,9,Situation maîtrisée
153.85,283.4,0.0,SAFE,9,Situation maîtrisée
153.90,283.4,0.0,SAFE,9,Situation maîtrisée
153.95,283.4,0.0,SAFE,9,Situation maîtrisée
154.00,283.4,0.0,SAFE,9,Situation maîtrisée
154.05,283.4,0.0,SAFE,9,Situation maîtrisée
154.10,283.4,0.0,SAFE,9,Situation maîtrisée
154.15,283.4,0.0,SAFE,9,Situation maîtrisée
154.20,283.4,0.0,SAFE,9,Situation maîtrisée
154.25,283.4,0.0,SAFE,9,Situation maîtrisée
154.30,283.4,0.0,SAFE,9,Situation maîtrisée
154.35,283.4,0.0,SAFE,9,Situation maîtrisée
154.40,283.4,0.0,SAFE,9,Situation maîtrisée
154.45,283.4,0.0,SAFE,9,Situation maîtrisée
154.50,283.4,0.0,SAFE,9,Situation maîtrisée
154.55,283.4,0.0,SAFE,9,Situation maîtrisée
154.60,283.4,0.0,SAFE,9,Situation maîtrisée
154.65,283.4,0.0,SAFE,9,Situation maîtrisée
154.70,283.4,0.0,SAFE,9,Situation maîtrisée
154.75,283.4,0.0,SAFE,9,Situation maîtrisée
154.80,283.4,0.0,SAFE,9,Situation maîtrisée
154.85,283.4,0.0,SAFE,9,Situation maîtrisée
154.90,283.4,0.0,SAFE,9,Situation maîtrisée
154.95,283.4,0.0,SAFE,9,Situation maîtrisée
155.00,283.4,0.0,SAFE,9,Situation maîtrisée
155.05,283.4,0.0,SAFE,9,Situation maîtrisée
155.10,283.4,0.0,SAFE,9,Situation maîtrisée
155.15,283.4,0.0,SAFE,9,Situation maîtrisée
155.20,283.4,0.0,SAFE,9,Situation maîtrisée
155.25,283.4,0.0,SAFE,8,Situation maîtrisée
155.30,283.4,0.0,SAFE,8,Situation maîtrisée
155.35,283.4,0.0,SAFE,8,Situation maîtrisée
155.40,283.4,0.0,SAFE,8,Situation maîtrisée
155.45,283.4,0.0,SAFE,8,Situation maîtrisée
155.50,283.4,0.0,SAFE,8,Situation maîtrisée
155.55,283.4,0.0,SAFE,8,Situation maîtrisée
155.60,283.4,0.0,SAFE,8,Situation maîtrisée
155.65,283.4,0.0,SAFE,8,Situation maîtrisée
155.70,283.4,0.0,SAFE,8,Situation maîtrisée
155.75,283.4,0.0,SAFE,8,Situation maîtrisée
155.80,283.4,0.0,SAFE,8,Situation maîtrisée
155.85,283.4,0.0,SAFE,8,Situation maîtrisée
155.90,283.4,0.0,SAFE,8,Situation maîtrisée
155.95,283.4,0.0,SAFE,8,Situation maîtrisée
156.00,283.4,0.0,SAFE,8,Situation maîtrisée
156.05,283.4,0.0,SAFE,8,Situation maîtrisée
156.10,283.4,0.0,SAFE,8,Situation maîtrisée
156.15,283.4,0.0,SAFE,8,Situation maîtrisée
156.20,283.4,0.0,SAFE,8,Situation maîtrisée
156.25,283.4,0.0,SAFE,8,Situation maîtrisée
156.30,283.4,0.0,SAFE,8,Situation maîtrisée
156.35,283.4,0.0,SAFE,8,Situation maîtrisée
156.40,283.4,0.0,SAFE,8,Situation maîtrisée
156.45,283.4,0.0,SAFE,8,Situation maîtrisée
156.50,283.4,0.0,SAFE,8,Situation maîtrisée
156.55,283.4,0.0,SAFE,8,Situation maîtrisée
156.60,283.4,0.0,SAFE,8,Situation maîtrisée
156.65,283.4,0.0,SAFE,8,Situation maîtrisée
156.70,283.4,0.0,SAFE,8,Situation maîtrisée
156.75,283.4,0.0,SAFE,8,Situation maîtrisée
156.80,283.4,0.0,SAFE,8,Situation maîtrisée
156.85,283.4,0.0,SAFE,8,Situation maîtrisée
156.90,283.4,0.0,SAFE,8,Situation maîtrisée
156.95,283.4,0.0,SAFE,8,Situation maîtrisée
157.00,283.4,0.0,SAFE,8,Situation maîtrisée
157.05,283.4,0.0,SAFE,8,Situation maîtrisée
157.10,283.4,0.0,SAFE,8,Situation maîtrisée
157.15,283.4,0.0,SAFE,8,Situation maîtrisée
157.20,283.4,0.0,SAFE,8,Situation maîtrisée
157.25,283.4,0.0,SAFE,8,Situation maîtrisée
157.30,283.4,0.0,SAFE,8,Situation maîtrisée
157.35,283.4,0.0,SAFE,8,Situation maîtrisée
157.40,283.4,0.0,SAFE,8,Situation maîtrisée
157.45,283.4,0.0,SAFE,8,Situation maîtrisée
157.50,283.4,0.0,SAFE,8,Situation maîtrisée
157.55,283.4,0.0,SAFE,8,Situation maîtrisée
157.60,283.4,0.0,SAFE,8,Situation maîtrisée
157.65,283.4,0.0,SAFE,8,Situation maîtrisée
157.70,283.4,0.0,SAFE,8,Situation maîtrisée
157.75,283.4,0.0,SAFE,8,Situation maîtrisée
157.80,283.4,0.0,SAFE,8,Situation maîtrisée
157.85,283.4,0.0,SAFE,8,Situation maîtrisée
157.90,283.4,0.0,SAFE,8,Situation maîtrisée
157.95,283.4,0.0,SAFE,8,Situation maîtrisée
158.00,283.4,0.0,SAFE,8,Situation maîtrisée
158.05,283.4,0.0,SAFE,8,Situation maîtrisée
158.10,283.4,0.0,SAFE,8,Situation maîtrisée
158.15,283.4,0.0,SAFE,8,Situation maîtrisée
158.20,283.4,0.0,SAFE,8,Situation maîtrisée
158.25,283.4,0.0,SAFE,8,Situation maîtrisée
158.30,283.4,0.0,SAFE,8,Situation maîtrisée
158.35,283.4,0.0,SAFE,8,Situation maîtrisée
158.40,283.4,0.0,SAFE,8,Situation maîtrisée
158.45,283.4,0.0,SAFE,8,Situation maîtrisée
158.50,283.4,0.0,SAFE,8,Situation maîtrisée
158.55,283.4,0.0,SAFE,8,Situation maîtrisée
158.60,283.4,0.0,SAFE,7,Situation maîtrisée
158.65,283.4,0.0,SAFE,7,Situation maîtrisée
158.70,283.4,0.0,SAFE,7,Situation maîtrisée
158.75,283.4,0.0,SAFE,7,Situation maîtrisée
158.80,283.4,0.0,SAFE,7,Situation maîtrisée
158.85,283.4,0.0,SAFE,7,Situation maîtrisée
158.90,283.4,0.0,SAFE,7,Situation maîtrisée
158.95,283.4,0.0,SAFE,7,Situation maîtrisée
159.00,283.4,0.0,SAFE,7,Situation maîtrisée
159.05,283.4,0.0,SAFE,7,Situation maîtrisée
159.10,283.4,0.0,SAFE,7,Situation maîtrisée
159.15,283.4,0.0,SAFE,7,Situation maîtrisée
159.20,283.4,0.0,SAFE,7,Situation maîtrisée
159.25,283.4,0.0,SAFE,7,Situation maîtrisée
159.30,283.4,0.0,SAFE,7,Situation maîtrisée
159.35,283.4,0.0,SAFE,7,Situation maîtrisée
159.40,283.4,0.0,SAFE,7,Situation maîtrisée
159.45,283.4,0.0,SAFE,7,Situation maîtrisée
159.50,283.4,0.0,SAFE,7,Situation maîtrisée
159.55,283.4,0.0,SAFE,7,Situation maîtrisée
159.60,283.4,0.0,SAFE,7,Situation maîtrisée
159.65,283.4,0.0,SAFE,7,Situation maîtrisée
159.70,283.4,0.0,SAFE,7,Situation maîtrisée
159.75,283.4,0.0,SAFE,7,Situation maîtrisée
159.80,283.4,0.0,SAFE,7,Situation maîtrisée
159.85,283.4,0.0,SAFE,7,Situation maîtrisée
159.90,283.4,0.0,SAFE,7,Situation maîtrisée
159.95,283.4,0.0,SAFE,7,Situation maîtrisée
160.00,283.4,0.0,SAFE,7,Situation maîtrisée
160.05,283.4,0.0,SAFE,7,Situation maîtrisée
160.10,283.4,0.0,SAFE,7,Situation maîtrisée
160.15,283.4,0.0,SAFE,7,Situation maîtrisée
160.20,283.4,0.0,SAFE,7,Situation maîtrisée
160.25,283.4,0.0,SAFE,7,Situation maîtrisée
160.30,283.4,0.0,SAFE,7,Situation maîtrisée
160.35,283.4,0.0,SAFE,7,Situation maîtrisée
160.40,283.4,0.0,SAFE,7,Situation maîtrisée
160.45,283.4,0.0,SAFE,7,Situation maîtrisée
160.50,283.4,0.0,SAFE,7,Situation maîtrisée
160.55,283.4,0.0,SAFE,7,Situation maîtrisée
160.60,283.4,0.0,SAFE,7,Situation maîtrisée
160.65,283.4,0.0,SAFE,7,Situation maîtrisée
160.70,283.4,0.0,SAFE,7,Situation maîtrisée
160.75,283.4,0.0,SAFE,7,Situation maîtrisée
160.80,283.4,0.0,SAFE,7,Situation maîtrisée
160.85,283.4,0.0,SAFE,7,Situation maîtrisée
160.90,283.4,0.0,SAFE,7,Situation maîtrisée
160.95,283.4,0.0,SAFE,7,Situation maîtrisée
161.00,283.4,0.0,SAFE,7,Situation maîtrisée
161.05,283.4,0.0,SAFE,7,Situation maîtrisée
161.10,283.4,0.0,SAFE,7,Situation maîtrisée
161.15,283.4,0.0,SAFE,7,Situation maîtrisée
161.20,283.4,0.0,SAFE,7,Situation maîtrisée
161.25,283.4,0.0,SAFE,7,Situation maîtrisée
161.30,283.4,0.0,SAFE,7,Situation maîtrisée
161.35,283.4,0.0,SAFE,7,Situation maîtrisée
161.40,283.4,0.0,SAFE,7,Situation maîtrisée
161.45,283.4,0.0,SAFE,7,Situation maîtrisée
161.50,283.4,0.0,SAFE,7,Situation maîtrisée
161.55,283.4,0.0,SAFE,7,Situation maîtrisée
161.60,283.4,0.0,SAFE,7,Situation maîtrisée
161.65,283.4,0.0,SAFE,7,Situation maîtrisée
161.70,283.4,0.0,SAFE,7,Situation maîtrisée
161.75,283.4,0.0,SAFE,7,Situation maîtrisée
161.80,283.4,0.0,SAFE,7,Situation maîtrisée
161.85,283.4,0.0,SAFE,7,Situation maîtrisée
161.90,283.4,0.0,SAFE,7,Situation maîtrisée
161.95,283.4,0.0,SAFE,7,Situation maîtrisée
162.00,283.4,0.0,SAFE,7,Situation maîtrisée
162.05,283.4,0.0,SAFE,7,Situation maîtrisée
162.10,283.4,0.0,SAFE,7,Situation maîtrisée
162.15,283.4,0.0,SAFE,7,Situation maîtrisée
162.20,283.4,0.0,SAFE,7,Situation maîtrisée
162.25,283.4,0.0,SAFE,7,Situation maîtrisée
162.30,283.4,0.0,SAFE,7,Situation maîtrisée
162.35,283.4,0.0,SAFE,7,Situation maîtrisée
162.40,283.4,0.0,SAFE,7,Situation maîtrisée
162.45,283.4,0.0,SAFE,7,Situation maîtrisée
162.50,283.4,0.0,SAFE,7,Situation maîtrisée
162.55,283.4,0.0,SAFE,7,Situation maîtrisée
162.60,283.4,0.0,SAFE,7,Situation maîtrisée
162.65,283.4,0.0,SAFE,7,Situation maîtrisée
162.70,283.4,0.0,SAFE,7,Situation maîtrisée
162.75,283.4,0.0,SAFE,7,Situation maîtrisée
162.80,283.4,0.0,SAFE,7,Situation maîtrisée
162.85,283.4,0.0,SAFE,7,Situation maîtrisée
162.90,283.4,0.0,SAFE,7,Situation maîtrisée
162.95,283.4,0.0,SAFE,7,Situation maîtrisée
163.00,283.4,0.0,SAFE,7,Situation maîtrisée
163.05,283.4,0.0,SAFE,7,Situation maîtrisée
163.10,283.4,0.0,SAFE,7,Situation maîtrisée
163.15,283.4,0.0,SAFE,7,Situation maîtrisée
163.20,283.4,0.0,SAFE,7,Situation maîtrisée
163.25,283.4,0.0,SAFE,7,Situation maîtrisée
163.30,283.4,0.0,SAFE,7,Situation maîtrisée
163.35,283.4,0.0,SAFE,7,Situation maîtrisée
163.40,283.4,0.0,SAFE,7,Situation maîtrisée
163.45,283.4,0.0,SAFE,7,Situation maîtrisée
163.50,283.4,0.0,SAFE,6,Situation maîtrisée
163.55,283.4,0.0,SAFE,6,Situation maîtrisée
163.60,283.4,0.0,SAFE,6,Situation maîtrisée
163.65,283.4,0.0,SAFE,6,Situation maîtrisée
163.70,283.4,0.0,SAFE,6,Situation maîtrisée
163.75,283.4,0.0,SAFE,6,Situation maîtrisée
163.80,283.4,0.0,SAFE,6,Situation maîtrisée
163.85,283.4,0.0,SAFE,6,Situation maîtrisée
163.90,283.4,0.0,SAFE,6,Situation maîtrisée
163.95,283.4,0.0,SAFE,6,Situation maîtrisée
164.00,283.4,0.0,SAFE,6,Situation maîtrisée
164.05,283.4,0.0,SAFE,6,Situation maîtrisée
164.10,283.4,0.0,SAFE,6,Situation maîtrisée
164.15,283.4,0.0,SAFE,6,Situation maîtrisée
164.20,283.4,0.0,SAFE,6,Situation maîtrisée
164.25,283.4,0.0,SAFE,6,Situation maîtrisée
164.30,283.4,0.0,SAFE,6,Situation maîtrisée
164.35,283.4,0.0,SAFE,6,Situation maîtrisée
164.40,283.4,0.0,SAFE,6,Situation maîtrisée
164.45,283.4,0.0,SAFE,6,Situation maîtrisée
164.50,283.4,0.0,SAFE,6,Situation maîtrisée
164.55,283.4,0.0,SAFE,6,Situation maîtrisée
164.60,283.4,0.0,SAFE,6,Situation maîtrisée
164.65,283.4,0.0,SAFE,6,Situation maîtrisée
164.70,283.4,0.0,SAFE,6,Situation maîtrisée
164.75,283.4,0.0,SAFE,6,Situation maîtrisée
164.80,283.4,0.0,SAFE,6,Situation maîtrisée
164.85,283.4,0.0,SAFE,6,Situation maîtrisée
164.90,283.4,0.0,SAFE,6,Situation maîtrisée
164.95,283.4,0.0,SAFE,6,Situation maîtrisée
