t,distance_parcourue_m,vitesse_kmh,niveau,n_agents_percus,recommandation
0.05,0.1,5.3,SAFE,0,Voie libre
0.10,0.2,7.1,SAFE,0,Voie libre
0.15,0.3,8.8,SAFE,0,Voie libre
0.20,0.4,10.6,SAFE,0,Voie libre
0.25,0.6,12.3,SAFE,0,Voie libre
0.30,0.7,14.1,SAFE,0,Voie libre
0.35,1.0,15.9,SAFE,0,Voie libre
0.40,1.2,17.6,SAFE,0,Voie libre
0.45,1.5,19.4,SAFE,0,Voie libre
0.50,1.7,21.2,SAFE,0,Voie libre
0.55,2.0,22.9,SAFE,0,Voie libre
0.60,2.3,16.0,SAFE,0,Voie libre
0.65,2.4,0.6,SAFE,0,Voie libre
0.70,2.4,0.9,SAFE,0,Voie libre
0.75,2.4,0.9,SAFE,0,Voie libre
0.80,2.4,0.8,SAFE,0,Voie libre
0.85,2.4,3.4,SAFE,0,Voie libre
0.90,2.5,5.4,SAFE,0,Voie libre
0.95,2.6,7.1,SAFE,0,Voie libre
1.00,2.7,8.2,SAFE,0,Voie libre
1.05,2.8,9.3,SAFE,0,Voie libre
1.10,3.0,10.2,SAFE,0,Voie libre
1.15,3.1,11.1,SAFE,0,Voie libre
1.20,3.3,11.8,SAFE,0,Voie libre
1.25,3.4,12.6,SAFE,0,Voie libre
1.30,3.6,13.3,SAFE,0,Voie libre
1.35,3.8,13.9,SAFE,0,Voie libre
1.40,4.0,14.4,SAFE,0,Voie libre
1.45,4.2,14.9,SAFE,0,Voie libre
1.50,4.4,15.4,SAFE,0,Voie libre
1.55,4.6,15.8,SAFE,0,Voie libre
1.60,4.9,16.2,SAFE,0,Voie libre
1.65,5.1,16.6,SAFE,0,Voie libre
1.70,5.3,16.9,SAFE,0,Voie libre
1.75,5.6,17.2,SAFE,0,Voie libre
1.80,5.8,17.5,SAFE,0,Voie libre
1.85,6.0,17.7,SAFE,0,Voie libre
1.90,6.3,17.9,SAFE,0,Voie libre
1.95,6.5,18.2,SAFE,0,Voie libre
2.00,6.8,18.1,SAFE,0,Voie libre
2.05,7.0,18.3,SAFE,0,Voie libre
2.10,7.3,17.9,SAFE,0,Voie libre
2.15,7.5,18.3,SAFE,0,Voie libre
2.20,7.8,17.9,SAFE,0,Voie libre
2.25,8.1,18.4,SAFE,0,Voie libre
2.30,8.3,18.0,SAFE,0,Voie libre
2.35,8.6,18.5,SAFE,0,Voie libre
2.40,8.8,18.3,SAFE,0,Voie libre
2.45,9.1,18.2,SAFE,0,Voie libre
2.50,9.3,18.0,SAFE,0,Voie libre
2.55,9.6,18.6,SAFE,0,Voie libre
2.60,9.8,18.6,SAFE,0,Voie libre
2.65,10.1,18.5,SAFE,0,Voie libre
2.70,10.3,18.3,SAFE,0,Voie libre
2.75,10.6,18.4,SAFE,0,Voie libre
2.80,10.9,18.2,SAFE,0,Voie libre
2.85,11.1,18.3,SAFE,0,Voie libre
2.90,11.4,18.2,SAFE,0,Voie libre
2.95,11.6,18.3,SAFE,0,Voie libre
3.00,11.9,18.2,SAFE,0,Voie libre
3.05,12.1,18.4,SAFE,0,Voie libre
3.10,12.4,18.3,SAFE,0,Voie libre
3.15,12.6,18.4,SAFE,0,Voie libre
3.20,12.9,18.4,SAFE,0,Voie libre
3.25,13.1,18.5,SAFE,0,Voie libre
3.30,13.4,18.5,SAFE,0,Voie libre
3.35,13.7,18.6,SAFE,0,Voie libre
3.40,13.9,18.5,SAFE,0,Voie libre
3.45,14.2,18.7,SAFE,0,Voie libre
3.50,14.4,18.6,SAFE,0,Voie libre
3.55,14.7,18.7,SAFE,0,Voie libre
3.60,15.0,18.7,SAFE,0,Voie libre
3.65,15.2,18.8,SAFE,0,Voie libre
3.70,15.5,18.7,SAFE,0,Voie libre
3.75,15.7,18.8,SAFE,0,Voie libre
3.80,16.0,18.8,SAFE,0,Voie libre
3.85,16.3,18.9,SAFE,0,Voie libre
3.90,16.5,18.8,SAFE,0,Voie libre
3.95,16.8,18.9,SAFE,0,Voie libre
4.00,17.0,18.9,SAFE,0,Voie libre
4.05,17.3,19.0,SAFE,0,Voie libre
4.10,17.6,18.9,SAFE,0,Voie libre
4.15,17.8,19.0,SAFE,0,Voie libre
4.20,18.1,19.0,SAFE,0,Voie libre
4.25,18.4,19.1,SAFE,0,Voie libre
4.30,18.6,19.0,SAFE,0,Voie libre
4.35,18.9,19.1,SAFE,0,Voie libre
4.40,19.2,19.0,SAFE,0,Voie libre
4.45,19.4,19.1,SAFE,0,Voie libre
4.50,19.7,19.0,SAFE,0,Voie libre
4.55,19.9,19.1,SAFE,0,Voie libre
4.60,20.2,19.1,SAFE,0,Voie libre
4.65,20.5,19.2,SAFE,0,Voie libre
4.70,20.7,19.1,SAFE,0,Voie libre
4.75,21.0,19.2,SAFE,0,Voie libre
4.80,21.3,19.1,SAFE,0,Voie libre
4.85,21.5,19.2,SAFE,0,Voie libre
4.90,21.8,19.2,SAFE,0,Voie libre
4.95,22.1,19.2,SAFE,0,Voie libre
5.00,22.3,19.2,SAFE,0,Voie libre
5.05,22.6,19.3,SAFE,0,Voie libre
5.10,22.9,19.2,SAFE,0,Voie libre
5.15,23.1,19.3,SAFE,0,Voie libre
5.20,23.4,19.2,SAFE,0,Voie libre
5.25,23.7,19.3,SAFE,0,Voie libre
5.30,23.9,19.2,SAFE,0,Voie libre
5.35,24.2,19.3,SAFE,0,Voie libre
5.40,24.5,19.3,SAFE,0,Voie libre
5.45,24.7,19.4,SAFE,0,Voie libre
5.50,25.0,19.3,SAFE,0,Voie libre
5.55,25.3,19.4,SAFE,0,Voie libre
5.60,25.5,19.3,SAFE,0,Voie libre
5.65,25.8,19.4,SAFE,0,Voie libre
5.70,26.1,19.3,SAFE,0,Voie libre
5.75,26.4,19.4,SAFE,0,Voie libre
5.80,26.6,19.3,SAFE,0,Voie libre
5.85,26.9,19.4,SAFE,0,Voie libre
5.90,27.2,19.4,SAFE,0,Voie libre
5.95,27.4,19.5,SAFE,0,Voie libre
6.00,27.7,19.4,SAFE,0,Voie libre
6.05,28.0,19.5,SAFE,0,Voie libre
6.10,28.2,19.4,SAFE,0,Voie libre
6.15,28.5,19.5,SAFE,0,Voie libre
6.20,28.8,19.4,SAFE,0,Voie libre
6.25,29.1,19.5,SAFE,0,Voie libre
6.30,29.3,19.5,SAFE,0,Voie libre
6.35,29.6,19.6,SAFE,0,Voie libre
6.40,29.9,19.5,SAFE,0,Voie libre
6.45,30.1,19.6,SAFE,0,Voie libre
6.50,30.4,19.5,SAFE,0,Voie libre
6.55,30.7,19.6,SAFE,0,Voie libre
6.60,31.0,19.5,SAFE,0,Voie libre
6.65,31.2,19.6,SAFE,0,Voie libre
6.70,31.5,19.5,SAFE,0,Voie libre
6.75,31.8,19.6,SAFE,0,Voie libre
6.80,32.0,19.6,SAFE,0,Voie libre
6.85,32.3,19.7,SAFE,0,Voie libre
6.90,32.6,19.6,SAFE,0,Voie libre
6.95,32.9,19.7,SAFE,0,Voie libre
7.00,33.1,19.6,SAFE,0,Voie libre
7.05,33.4,19.7,SAFE,0,Voie libre
7.10,33.7,19.6,SAFE,0,Voie libre
7.15,33.9,19.7,SAFE,0,Voie libre
7.20,34.2,19.6,SAFE,0,Voie libre
7.25,34.5,19.7,SAFE,0,Voie libre
7.30,34.8,19.7,SAFE,0,Voie libre
7.35,35.0,19.8,SAFE,0,Voie libre
7.40,35.3,19.7,SAFE,0,Voie libre
7.45,35.6,19.8,SAFE,0,Voie libre
7.50,35.9,19.7,SAFE,0,Voie libre
7.55,36.1,19.8,SAFE,0,Voie libre
7.60,36.4,19.7,SAFE,0,Voie libre
7.65,36.7,19.8,SAFE,0,Voie libre
7.70,37.0,19.8,SAFE,0,Voie libre
7.75,37.2,19.9,SAFE,0,Voie libre
7.80,37.5,19.8,SAFE,0,Voie libre
7.85,37.8,19.9,SAFE,0,Voie libre
7.90,38.1,19.8,SAFE,0,Voie libre
7.95,38.3,19.9,SAFE,0,Voie libre
8.00,38.6,19.8,SAFE,0,Voie libre
8.05,38.9,19.9,SAFE,0,Voie libre
8.10,39.2,19.8,SAFE,0,Voie libre
8.15,39.4,19.9,SAFE,0,Voie libre
8.20,39.7,19.9,SAFE,0,Voie libre
8.25,40.0,20.0,SAFE,0,Voie libre
8.30,40.3,19.9,SAFE,0,Voie libre
8.35,40.5,20.0,SAFE,0,Voie libre
8.40,40.8,19.9,SAFE,0,Voie libre
8.45,41.1,20.0,SAFE,0,Voie libre
8.50,41.4,19.9,SAFE,0,Voie libre
8.55,41.7,20.0,SAFE,0,Voie libre
8.60,41.9,19.9,SAFE,0,Voie libre
8.65,42.2,20.0,SAFE,0,Voie libre
8.70,42.5,20.0,SAFE,0,Voie libre
8.75,42.8,20.1,SAFE,0,Voie libre
8.80,43.0,20.0,SAFE,0,Voie libre
8.85,43.3,20.1,SAFE,0,Voie libre
8.90,43.6,20.0,SAFE,1,Situation maîtrisée
8.95,43.9,20.1,SAFE,1,Situation maîtrisée
9.00,44.2,20.0,SAFE,1,Situation maîtrisée
9.05,44.4,20.1,SAFE,1,Situation maîtrisée
9.10,44.7,20.0,SAFE,1,Situation maîtrisée
9.15,45.0,20.1,SAFE,2,Situation maîtrisée
9.20,45.3,20.1,SAFE,2,Situation maîtrisée
9.25,45.6,20.1,SAFE,2,Situation maîtrisée
9.30,45.8,20.1,SAFE,2,Situation maîtrisée
9.35,46.1,20.2,SAFE,2,Situation maîtrisée
9.40,46.4,20.1,SAFE,2,Situation maîtrisée
9.45,46.7,20.2,SAFE,2,Situation maîtrisée
9.50,46.9,20.1,SAFE,2,Situation maîtrisée
9.55,47.2,20.2,SAFE,2,Situation maîtrisée
9.60,47.5,20.1,SAFE,2,Situation maîtrisée
9.65,47.8,20.2,SAFE,2,Situation maîtrisée
9.70,48.1,20.1,SAFE,2,Situation maîtrisée
9.75,48.3,20.2,SAFE,2,Situation maîtrisée
9.80,48.6,20.1,SAFE,2,Situation maîtrisée
9.85,48.9,20.2,SAFE,2,Situation maîtrisée
9.90,49.2,20.1,SAFE,2,Situation maîtrisée
9.95,49.5,20.2,SAFE,2,Situation maîtrisée
10.00,49.7,20.1,SAFE,2,Situation maîtrisée
10.05,50.0,20.2,SAFE,2,Situation maîtrisée
10.10,50.3,20.1,SAFE,2,Situation maîtrisée
10.15,50.6,20.2,SAFE,2,Situation maîtrisée
10.20,50.9,20.1,SAFE,2,Situation maîtrisée
10.25,51.1,20.2,SAFE,2,Situation maîtrisée
10.30,51.4,20.1,SAFE,3,Situation maîtrisée
10.35,51.7,20.2,SAFE,3,Situation maîtrisée
10.40,52.0,20.2,SAFE,3,Situation maîtrisée
10.45,52.3,20.2,SAFE,3,Situation maîtrisée
10.50,52.6,20.2,SAFE,3,Situation maîtrisée
10.55,52.8,20.2,SAFE,3,Situation maîtrisée
10.60,53.1,20.2,SAFE,3,Situation maîtrisée
10.65,53.4,20.2,SAFE,3,Situation maîtrisée
10.70,53.7,20.2,SAFE,3,Situation maîtrisée
10.75,54.0,20.2,SAFE,3,Situation maîtrisée
10.80,54.2,20.2,SAFE,3,Situation maîtrisée
10.85,54.5,20.2,SAFE,4,Situation maîtrisée
10.90,54.8,20.2,SAFE,4,Situation maîtrisée
10.95,55.1,20.2,SAFE,4,Situation maîtrisée
11.00,55.4,20.2,SAFE,4,Situation maîtrisée
11.05,55.6,20.2,SAFE,4,Situation maîtrisée
11.10,55.9,20.2,SAFE,4,Situation maîtrisée
11.15,56.2,20.2,SAFE,4,Situation maîtrisée
11.20,56.5,20.2,SAFE,4,Situation maîtrisée
11.25,56.8,20.2,SAFE,4,Situation maîtrisée
11.30,57.0,20.2,SAFE,5,Situation maîtrisée
11.35,57.3,20.2,SAFE,5,Situation maîtrisée
11.40,57.6,20.2,SAFE,5,Situation maîtrisée
11.45,57.9,20.2,SAFE,5,Situation maîtrisée
11.50,58.2,20.2,SAFE,5,Situation maîtrisée
11.55,58.4,20.2,SAFE,5,Situation maîtrisée
11.60,58.7,20.2,SAFE,5,Situation maîtrisée
11.65,59.0,20.2,SAFE,5,Situation maîtrisée
11.70,59.3,20.2,SAFE,5,Situation maîtrisée
11.75,59.6,20.2,SAFE,5,Situation maîtrisée
11.80,59.8,20.2,SAFE,5,Situation maîtrisée
11.85,60.1,20.2,SAFE,5,Situation maîtrisée
11.90,60.4,20.2,SAFE,5,Situation maîtrisée
11.95,60.7,20.2,SAFE,5,Situation maîtrisée
12.00,61.0,20.2,SAFE,5,Situation maîtrisée
12.05,61.2,20.2,SAFE,5,Situation maîtrisée
12.10,61.5,20.2,SAFE,6,Situation maîtrisée
12.15,61.8,20.2,SAFE,6,Situation maîtrisée
12.20,62.1,20.2,SAFE,6,Situation maîtrisée
12.25,62.4,20.2,SAFE,6,Situation maîtrisée
12.30,62.7,20.2,SAFE,6,Situation maîtrisée
12.35,62.9,20.2,SAFE,6,Situation maîtrisée
12.40,63.2,20.3,SAFE,6,Situation maîtrisée
12.45,63.5,20.3,SAFE,6,Situation maîtrisée
12.50,63.8,20.3,SAFE,6,Situation maîtrisée
12.55,64.1,20.4,SAFE,6,Situation maîtrisée
12.60,64.3,20.4,SAFE,6,Situation maîtrisée
12.65,64.6,20.4,SAFE,6,Situation maîtrisée
12.70,64.9,20.3,SAFE,6,Situation maîtrisée
12.75,65.2,20.3,SAFE,6,Situation maîtrisée
12.80,65.5,20.2,SAFE,6,Situation maîtrisée
12.85,65.8,20.3,SAFE,6,Situation maîtrisée
12.90,66.0,20.2,SAFE,6,Situation maîtrisée
12.95,66.3,20.4,SAFE,6,Situation maîtrisée
13.00,66.6,20.3,SAFE,6,Situation maîtrisée
13.05,66.9,20.4,SAFE,6,Situation maîtrisée
13.10,67.2,20.3,SAFE,6,Situation maîtrisée
13.15,67.4,20.7,SAFE,6,Situation maîtrisée
13.20,67.7,20.4,SAFE,6,Situation maîtrisée
13.25,68.0,20.9,SAFE,6,Situation maîtrisée
13.30,68.3,20.5,SAFE,6,Situation maîtrisée
13.35,68.6,21.1,SAFE,6,Situation maîtrisée
13.40,68.9,20.7,SAFE,6,Situation maîtrisée
13.45,69.2,21.1,SAFE,6,Situation maîtrisée
13.50,69.5,20.6,SAFE,6,Situation maîtrisée
13.55,69.8,21.1,SAFE,6,Situation maîtrisée
13.60,70.0,20.7,SAFE,6,Situation maîtrisée
13.65,70.3,21.1,SAFE,6,Situation maîtrisée
13.70,70.6,20.6,SAFE,6,Situation maîtrisée
13.75,70.9,21.1,SAFE,6,Situation maîtrisée
13.80,71.2,20.7,SAFE,6,Situation maîtrisée
13.85,71.5,21.0,SAFE,6,Situation maîtrisée
13.90,71.8,20.5,SAFE,6,Situation maîtrisée
13.95,72.1,21.0,SAFE,6,Situation maîtrisée
14.00,72.4,20.6,SAFE,6,Situation maîtrisée
14.05,72.6,21.0,SAFE,6,Situation maîtrisée
14.10,72.9,20.5,SAFE,6,Situation maîtrisée
14.15,73.2,21.0,SAFE,6,Situation maîtrisée
14.20,73.5,20.6,SAFE,6,Situation maîtrisée
14.25,73.8,20.9,SAFE,6,Situation maîtrisée
14.30,74.1,20.4,SAFE,6,Situation maîtrisée
14.35,74.4,20.9,SAFE,6,Situation maîtrisée
14.40,74.7,20.5,SAFE,6,Situation maîtrisée
14.45,74.9,20.9,SAFE,6,Situation maîtrisée
14.50,75.2,20.4,SAFE,6,Situation maîtrisée
14.55,75.5,20.9,SAFE,6,Situation maîtrisée
14.60,75.8,20.5,SAFE,5,Situation maîtrisée
14.65,76.1,20.8,SAFE,5,Situation maîtrisée
14.70,76.4,20.3,SAFE,5,Situation maîtrisée
14.75,76.7,20.8,SAFE,5,Situation maîtrisée
14.80,77.0,20.4,SAFE,5,Situation maîtrisée
14.85,77.2,20.8,SAFE,5,Situation maîtrisée
14.90,77.5,20.3,SAFE,5,Situation maîtrisée
14.95,77.8,20.8,SAFE,5,Situation maîtrisée
15.00,78.1,20.4,SAFE,5,Situation maîtrisée
15.05,78.4,20.8,SAFE,5,Situation maîtrisée
15.10,78.7,20.3,SAFE,5,Situation maîtrisée
15.15,79.0,20.8,SAFE,5,Situation maîtrisée
15.20,79.2,20.3,SAFE,5,Situation maîtrisée
15.25,79.5,20.3,SAFE,4,SAFE : arret au feu rouge
15.30,79.8,19.3,SAFE,4,SAFE : arret au feu rouge
15.35,80.0,15.6,SAFE,4,SAFE : arret au feu rouge
15.40,80.2,10.8,SAFE,4,SAFE : arret au feu rouge
15.45,80.3,6.0,SAFE,4,SAFE : arret au feu rouge
15.50,80.4,1.2,SAFE,4,SAFE : arret au feu rouge
15.55,80.4,0.0,SAFE,4,SAFE : arret au feu rouge
15.60,80.4,0.0,SAFE,4,SAFE : arret au feu rouge
15.65,80.4,0.0,SAFE,4,SAFE : arret au feu rouge
15.70,80.4,0.0,SAFE,4,SAFE : arret au feu rouge
15.75,80.4,0.0,SAFE,4,SAFE : arret au feu rouge
15.80,80.4,0.0,SAFE,4,SAFE : arret au feu rouge
15.85,80.4,0.0,SAFE,4,SAFE : arret au feu rouge
15.90,80.4,0.0,SAFE,4,SAFE : arret au feu rouge
15.95,80.4,0.0,SAFE,4,SAFE : arret au feu rouge
16.00,80.4,0.0,SAFE,4,SAFE : arret au feu rouge
16.05,80.4,0.0,SAFE,4,SAFE : arret au feu rouge
16.10,80.4,0.0,SAFE,4,SAFE : arret au feu rouge
16.15,80.4,0.0,SAFE,4,SAFE : arret au feu rouge
16.20,80.4,0.0,SAFE,5,SAFE : arret au feu rouge
16.25,80.4,0.0,SAFE,5,SAFE : arret au feu rouge
16.30,80.4,0.0,SAFE,5,SAFE : arret au feu rouge
16.35,80.4,0.0,SAFE,5,SAFE : arret au feu rouge
16.40,80.4,0.0,SAFE,5,SAFE : arret au feu rouge
16.45,80.4,0.0,SAFE,5,SAFE : arret au feu rouge
16.50,80.4,0.0,SAFE,5,SAFE : arret au feu rouge
16.55,80.4,0.0,SAFE,5,SAFE : arret au feu rouge
16.60,80.4,0.0,SAFE,5,SAFE : arret au feu rouge
16.65,80.4,0.0,SAFE,5,SAFE : arret au feu rouge
16.70,80.4,0.0,SAFE,5,SAFE : arret au feu rouge
16.75,80.4,0.0,SAFE,5,SAFE : arret au feu rouge
16.80,80.4,0.0,SAFE,5,SAFE : arret au feu rouge
16.85,80.4,0.0,SAFE,5,SAFE : arret au feu rouge
16.90,80.4,0.0,SAFE,5,SAFE : arret au feu rouge
16.95,80.4,0.0,SAFE,5,SAFE : arret au feu rouge
17.00,80.4,0.0,SAFE,5,SAFE : arret au feu rouge
17.05,80.4,0.0,SAFE,5,SAFE : arret au feu rouge
17.10,80.4,0.0,SAFE,5,SAFE : arret au feu rouge
17.15,80.4,0.0,SAFE,5,SAFE : arret au feu rouge
17.20,80.4,0.0,SAFE,5,SAFE : arret au feu rouge
17.25,80.4,0.0,SAFE,5,SAFE : arret au feu rouge
17.30,80.4,0.0,SAFE,5,SAFE : arret au feu rouge
17.35,80.4,0.0,SAFE,5,SAFE : arret au feu rouge
17.40,80.4,0.0,SAFE,5,SAFE : arret au feu rouge
17.45,80.4,0.0,SAFE,5,SAFE : arret au feu rouge
17.50,80.4,0.0,SAFE,5,SAFE : arret au feu rouge
17.55,80.4,0.0,SAFE,5,SAFE : arret au feu rouge
17.60,80.4,0.0,SAFE,5,SAFE : arret au feu rouge
17.65,80.4,0.0,SAFE,5,SAFE : arret au feu rouge
17.70,80.4,0.0,SAFE,5,SAFE : arret au feu rouge
17.75,80.4,0.0,SAFE,5,SAFE : arret au feu rouge
17.80,80.4,0.0,SAFE,5,SAFE : arret au feu rouge
17.85,80.4,0.0,SAFE,5,SAFE : arret au feu rouge
17.90,80.4,0.0,SAFE,5,SAFE : arret au feu rouge
17.95,80.4,0.0,SAFE,5,SAFE : arret au feu rouge
18.00,80.4,0.0,SAFE,5,SAFE : arret au feu rouge
18.05,80.4,0.0,SAFE,5,SAFE : arret au feu rouge
18.10,80.4,0.0,SAFE,5,SAFE : arret au feu rouge
18.15,80.4,0.0,SAFE,5,SAFE : arret au feu rouge
18.20,80.4,0.0,SAFE,5,SAFE : arret au feu rouge
18.25,80.4,0.0,SAFE,5,SAFE : arret au feu rouge
18.30,80.4,0.0,SAFE,5,SAFE : arret au feu rouge
18.35,80.4,0.0,SAFE,5,SAFE : arret au feu rouge
18.40,80.4,0.0,SAFE,5,SAFE : arret au feu rouge
18.45,80.4,0.0,SAFE,5,SAFE : arret au feu rouge
18.50,80.4,0.0,SAFE,5,SAFE : arret au feu rouge
18.55,80.4,0.0,SAFE,5,SAFE : arret au feu rouge
18.60,80.4,0.0,SAFE,5,SAFE : arret au feu rouge
18.65,80.4,0.0,SAFE,5,SAFE : arret au feu rouge
18.70,80.4,0.0,SAFE,5,SAFE : arret au feu rouge
18.75,80.4,0.0,SAFE,5,SAFE : arret au feu rouge
18.80,80.4,0.0,SAFE,5,SAFE : arret au feu rouge
18.85,80.4,0.0,SAFE,5,SAFE : arret au feu rouge
18.90,80.4,0.0,SAFE,5,SAFE : arret au feu rouge
18.95,80.4,0.0,SAFE,5,SAFE : arret au feu rouge
19.00,80.4,0.0,SAFE,5,SAFE : arret au feu rouge
19.05,80.4,0.0,SAFE,5,SAFE : arret au feu rouge
19.10,80.4,0.0,SAFE,5,SAFE : arret au feu rouge
19.15,80.4,0.0,SAFE,5,SAFE : arret au feu rouge
19.20,80.4,0.0,SAFE,5,SAFE : arret au feu rouge
19.25,80.4,0.0,SAFE,5,SAFE : arret au feu rouge
19.30,80.4,0.0,SAFE,5,SAFE : arret au feu rouge
19.35,80.4,0.0,SAFE,5,SAFE : arret au feu rouge
19.40,80.4,0.0,SAFE,5,SAFE : arret au feu rouge
19.45,80.4,0.0,SAFE,5,SAFE : arret au feu rouge
19.50,80.4,0.0,SAFE,5,SAFE : arret au feu rouge
19.55,80.4,0.0,SAFE,5,SAFE : arret au feu rouge
19.60,80.4,0.0,SAFE,5,SAFE : arret au feu rouge
19.65,80.4,0.0,SAFE,5,SAFE : arret au feu rouge
19.70,80.4,0.0,SAFE,5,SAFE : arret au feu rouge
19.75,80.4,0.0,SAFE,5,SAFE : arret au feu rouge
19.80,80.4,0.0,SAFE,5,SAFE : arret au feu rouge
19.85,80.4,0.0,SAFE,6,SAFE : arret au feu rouge
19.90,80.4,0.0,SAFE,6,SAFE : arret au feu rouge
19.95,80.4,0.0,SAFE,6,SAFE : arret au feu rouge
20.00,80.4,0.0,SAFE,6,SAFE : arret au feu rouge
20.05,80.4,0.0,SAFE,6,SAFE : arret au feu rouge
20.10,80.4,0.0,SAFE,6,SAFE : arret au feu rouge
20.15,80.4,0.0,SAFE,6,SAFE : arret au feu rouge
20.20,80.4,0.0,SAFE,6,SAFE : arret au feu rouge
20.25,80.4,0.0,SAFE,6,SAFE : arret au feu rouge
20.30,80.4,0.0,SAFE,6,SAFE : arret au feu rouge
20.35,80.4,0.0,SAFE,6,SAFE : arret au feu rouge
20.40,80.4,0.0,SAFE,6,SAFE : arret au feu rouge
20.45,80.4,0.0,SAFE,6,SAFE : arret au feu rouge
20.50,80.4,0.0,SAFE,6,SAFE : arret au feu rouge
20.55,80.4,0.0,SAFE,7,SAFE : arret au feu rouge
20.60,80.4,0.0,SAFE,6,SAFE : arret au feu rouge
20.65,80.4,0.0,SAFE,6,SAFE : arret au feu rouge
20.70,80.4,0.0,SAFE,6,SAFE : arret au feu rouge
20.75,80.4,0.0,SAFE,6,SAFE : arret au feu rouge
20.80,80.4,0.0,SAFE,6,SAFE : arret au feu rouge
20.85,80.4,0.0,SAFE,6,SAFE : arret au feu rouge
20.90,80.4,0.0,SAFE,6,SAFE : arret au feu rouge
20.95,80.4,0.0,SAFE,6,SAFE : arret au feu rouge
21.00,80.4,0.0,SAFE,6,SAFE : arret au feu rouge
21.05,80.4,0.0,SAFE,6,SAFE : arret au feu rouge
21.10,80.4,0.0,SAFE,6,SAFE : arret au feu rouge
21.15,80.4,0.0,SAFE,6,SAFE : arret au feu rouge
21.20,80.4,0.0,SAFE,6,SAFE : arret au feu rouge
21.25,80.4,0.0,SAFE,6,SAFE : arret au feu rouge
21.30,80.4,0.0,SAFE,6,SAFE : arret au feu rouge
21.35,80.4,0.0,SAFE,6,SAFE : arret au feu rouge
21.40,80.4,0.0,SAFE,6,SAFE : arret au feu rouge
21.45,80.4,0.0,SAFE,6,SAFE : arret au feu rouge
21.50,80.4,0.0,SAFE,6,SAFE : arret au feu rouge
21.55,80.4,0.0,SAFE,6,SAFE : arret au feu rouge
21.60,80.4,0.0,SAFE,6,SAFE : arret au feu rouge
21.65,80.4,0.0,SAFE,6,SAFE : arret au feu rouge
21.70,80.4,0.0,SAFE,6,SAFE : arret au feu rouge
21.75,80.4,0.0,SAFE,6,SAFE : arret au feu rouge
21.80,80.4,0.0,SAFE,6,SAFE : arret au feu rouge
21.85,80.4,0.0,SAFE,6,SAFE : arret au feu rouge
21.90,80.4,0.0,SAFE,6,SAFE : arret au feu rouge
21.95,80.4,0.0,SAFE,6,SAFE : arret au feu rouge
22.00,80.4,0.0,SAFE,6,SAFE : arret au feu rouge
22.05,80.4,0.0,SAFE,6,SAFE : arret au feu rouge
22.10,80.4,0.0,SAFE,6,SAFE : arret au feu rouge
22.15,80.4,0.0,SAFE,6,SAFE : arret au feu rouge
22.20,80.4,0.0,SAFE,6,SAFE : arret au feu rouge
22.25,80.4,0.0,SAFE,6,SAFE : arret au feu rouge
22.30,80.4,0.0,SAFE,6,SAFE : arret au feu rouge
22.35,80.4,0.0,SAFE,6,SAFE : arret au feu rouge
22.40,80.4,0.0,SAFE,6,SAFE : arret au feu rouge
22.45,80.4,0.0,SAFE,6,SAFE : arret au feu rouge
22.50,80.4,0.0,SAFE,6,SAFE : arret au feu rouge
22.55,80.4,0.0,SAFE,6,SAFE : arret au feu rouge
22.60,80.4,0.0,SAFE,6,SAFE : arret au feu rouge
22.65,80.4,0.0,SAFE,6,SAFE : arret au feu rouge
22.70,80.4,0.0,SAFE,6,SAFE : arret au feu rouge
22.75,80.4,0.0,SAFE,6,SAFE : arret au feu rouge
22.80,80.4,0.0,SAFE,6,SAFE : arret au feu rouge
22.85,80.4,0.0,SAFE,6,SAFE : arret au feu rouge
22.90,80.4,0.0,SAFE,6,SAFE : arret au feu rouge
22.95,80.4,0.0,SAFE,6,SAFE : arret au feu rouge
23.00,80.4,0.0,SAFE,6,SAFE : arret au feu rouge
23.05,80.4,0.0,SAFE,6,SAFE : arret au feu rouge
23.10,80.4,0.0,SAFE,6,SAFE : arret au feu rouge
23.15,80.4,0.0,SAFE,6,SAFE : arret au feu rouge
23.20,80.4,0.0,SAFE,6,SAFE : arret au feu rouge
23.25,80.4,0.0,SAFE,6,SAFE : arret au feu rouge
23.30,80.4,0.0,SAFE,6,SAFE : arret au feu rouge
23.35,80.4,0.0,SAFE,6,SAFE : arret au feu rouge
23.40,80.4,0.0,SAFE,6,SAFE : arret au feu rouge
23.45,80.4,0.0,SAFE,6,SAFE : arret au feu rouge
23.50,80.4,0.0,SAFE,6,SAFE : arret au feu rouge
23.55,80.4,0.0,SAFE,6,SAFE : arret au feu rouge
23.60,80.4,0.0,SAFE,6,SAFE : arret au feu rouge
23.65,80.4,0.0,SAFE,6,SAFE : arret au feu rouge
23.70,80.4,0.0,SAFE,6,SAFE : arret au feu rouge
23.75,80.4,0.0,SAFE,6,SAFE : arret au feu rouge
23.80,80.4,0.0,SAFE,6,SAFE : arret au feu rouge
23.85,80.4,0.0,SAFE,6,SAFE : arret au feu rouge
23.90,80.4,0.0,SAFE,6,SAFE : arret au feu rouge
23.95,80.4,0.0,SAFE,6,SAFE : arret au feu rouge
24.00,80.4,0.0,SAFE,6,SAFE : arret au feu rouge
24.05,80.4,0.0,SAFE,6,SAFE : arret au feu rouge
24.10,80.4,0.0,SAFE,6,SAFE : arret au feu rouge
24.15,80.4,0.0,SAFE,6,SAFE : arret au feu rouge
24.20,80.4,0.0,SAFE,6,SAFE : arret au feu rouge
24.25,80.4,0.0,SAFE,6,SAFE : arret au feu rouge
24.30,80.4,0.0,SAFE,6,SAFE : arret au feu rouge
24.35,80.4,0.0,SAFE,6,SAFE : arret au feu rouge
24.40,80.4,0.0,SAFE,6,SAFE : arret au feu rouge
24.45,80.4,0.0,SAFE,6,SAFE : arret au feu rouge
24.50,80.4,0.0,SAFE,6,SAFE : arret au feu rouge
24.55,80.4,0.0,SAFE,6,SAFE : arret au feu rouge
24.60,80.4,0.0,SAFE,6,SAFE : arret au feu rouge
24.65,80.4,0.0,SAFE,6,SAFE : arret au feu rouge
24.70,80.4,0.0,SAFE,6,SAFE : arret au feu rouge
24.75,80.4,0.0,SAFE,6,SAFE : arret au feu rouge
24.80,80.4,0.0,SAFE,6,SAFE : arret au feu rouge
24.85,80.4,0.0,SAFE,6,SAFE : arret au feu rouge
24.90,80.4,0.0,SAFE,6,SAFE : arret au feu rouge
24.95,80.4,0.0,SAFE,6,SAFE : arret au feu rouge
25.00,80.4,0.0,SAFE,6,SAFE : arret au feu rouge
25.05,80.4,0.0,SAFE,6,SAFE : arret au feu rouge
25.10,80.4,0.0,SAFE,6,SAFE : arret au feu rouge
25.15,80.4,0.0,SAFE,6,SAFE : arret au feu rouge
25.20,80.4,0.0,SAFE,6,SAFE : arret au feu rouge
25.25,80.4,0.0,SAFE,6,SAFE : arret au feu rouge
25.30,80.4,0.0,SAFE,6,SAFE : arret au feu rouge
25.35,80.4,0.0,SAFE,6,SAFE : arret au feu rouge
25.40,80.4,0.0,SAFE,6,SAFE : arret au feu rouge
25.45,80.4,0.0,SAFE,6,SAFE : arret au feu rouge
25.50,80.4,0.0,SAFE,6,SAFE : arret au feu rouge
25.55,80.4,0.0,SAFE,6,SAFE : arret au feu rouge
25.60,80.4,0.0,SAFE,6,SAFE : arret au feu rouge
25.65,80.4,0.0,SAFE,6,SAFE : arret au feu rouge
25.70,80.4,0.0,SAFE,6,SAFE : arret au feu rouge
25.75,80.4,0.0,SAFE,6,SAFE : arret au feu rouge
25.80,80.4,0.0,SAFE,6,SAFE : arret au feu rouge
25.85,80.4,0.0,SAFE,6,SAFE : arret au feu rouge
25.90,80.4,0.0,SAFE,6,SAFE : arret au feu rouge
25.95,80.4,0.0,SAFE,6,SAFE : arret au feu rouge
26.00,80.4,0.0,SAFE,6,SAFE : arret au feu rouge
26.05,80.4,0.0,SAFE,6,SAFE : arret au feu rouge
26.10,80.4,0.0,SAFE,6,SAFE : arret au feu rouge
26.15,80.4,0.0,SAFE,6,SAFE : arret au feu rouge
26.20,80.4,0.0,SAFE,6,SAFE : arret au feu rouge
26.25,80.4,0.0,SAFE,6,SAFE : arret au feu rouge
26.30,80.4,0.0,SAFE,6,SAFE : arret au feu rouge
26.35,80.4,0.0,SAFE,6,SAFE : arret au feu rouge
26.40,80.4,0.0,SAFE,6,SAFE : arret au feu rouge
26.45,80.4,0.0,SAFE,6,SAFE : arret au feu rouge
26.50,80.4,0.0,SAFE,6,SAFE : arret au feu rouge
26.55,80.4,0.0,SAFE,6,SAFE : arret au feu rouge
26.60,80.4,0.0,SAFE,6,SAFE : arret au feu rouge
26.65,80.4,0.0,SAFE,6,SAFE : arret au feu rouge
26.70,80.4,0.0,SAFE,6,SAFE : arret au feu rouge
26.75,80.4,0.0,SAFE,6,SAFE : arret au feu rouge
26.80,80.4,0.0,SAFE,6,SAFE : arret au feu rouge
26.85,80.4,0.0,SAFE,6,SAFE : arret au feu rouge
26.90,80.4,0.0,SAFE,6,SAFE : arret au feu rouge
26.95,80.4,0.0,SAFE,6,SAFE : arret au feu rouge
27.00,80.4,0.0,SAFE,6,SAFE : arret au feu rouge
27.05,80.4,0.0,SAFE,6,SAFE : arret au feu rouge
27.10,80.4,0.0,SAFE,6,SAFE : arret au feu rouge
27.15,80.4,0.0,SAFE,6,SAFE : arret au feu rouge
27.20,80.4,0.0,SAFE,6,SAFE : arret au feu rouge
27.25,80.4,0.0,SAFE,6,SAFE : arret au feu rouge
27.30,80.4,0.0,SAFE,6,SAFE : arret au feu rouge
27.35,80.4,0.0,SAFE,6,SAFE : arret au feu rouge
27.40,80.4,0.0,SAFE,6,SAFE : arret au feu rouge
27.45,80.4,0.0,SAFE,6,SAFE : arret au feu rouge
27.50,80.4,0.0,SAFE,6,SAFE : arret au feu rouge
27.55,80.4,0.0,SAFE,6,SAFE : arret au feu rouge
27.60,80.4,0.0,SAFE,6,SAFE : arret au feu rouge
27.65,80.4,0.0,SAFE,6,SAFE : arret au feu rouge
27.70,80.4,0.0,SAFE,6,SAFE : arret au feu rouge
27.75,80.4,0.0,SAFE,6,SAFE : arret au feu rouge
27.80,80.4,0.0,SAFE,6,SAFE : arret au feu rouge
27.85,80.4,0.0,SAFE,6,SAFE : arret au feu rouge
27.90,80.4,0.0,SAFE,6,SAFE : arret au feu rouge
27.95,80.4,0.0,SAFE,6,SAFE : arret au feu rouge
28.00,80.4,0.0,SAFE,6,SAFE : arret au feu rouge
28.05,80.4,0.0,SAFE,6,SAFE : arret au feu rouge
28.10,80.4,0.0,SAFE,6,SAFE : arret au feu rouge
28.15,80.4,0.0,SAFE,6,SAFE : arret au feu rouge
28.20,80.4,0.0,SAFE,6,SAFE : arret au feu rouge
28.25,80.4,0.0,SAFE,6,SAFE : arret au feu rouge
28.30,80.4,0.0,SAFE,6,SAFE : arret au feu rouge
28.35,80.4,0.0,SAFE,6,SAFE : arret au feu rouge
28.40,80.4,0.0,SAFE,6,SAFE : arret au feu rouge
28.45,80.4,0.0,SAFE,6,SAFE : arret au feu rouge
28.50,80.4,0.0,SAFE,6,SAFE : arret au feu rouge
28.55,80.4,0.0,SAFE,6,SAFE : arret au feu rouge
28.60,80.4,0.0,SAFE,6,SAFE : arret au feu rouge
28.65,80.4,0.0,SAFE,6,SAFE : arret au feu rouge
28.70,80.4,0.0,SAFE,6,SAFE : arret au feu rouge
28.75,80.4,0.0,SAFE,6,SAFE : arret au feu rouge
28.80,80.4,0.0,SAFE,6,SAFE : arret au feu rouge
28.85,80.4,0.0,SAFE,6,SAFE : arret au feu rouge
28.90,80.4,0.0,SAFE,6,SAFE : arret au feu rouge
28.95,80.4,0.0,SAFE,6,SAFE : arret au feu rouge
29.00,80.4,0.0,SAFE,6,SAFE : arret au feu rouge
29.05,80.4,0.0,SAFE,6,SAFE : arret au feu rouge
29.10,80.4,0.0,SAFE,6,SAFE : arret au feu rouge
29.15,80.4,0.0,SAFE,6,SAFE : arret au feu rouge
29.20,80.4,0.0,SAFE,6,SAFE : arret au feu rouge
29.25,80.4,0.0,SAFE,6,SAFE : arret au feu rouge
29.30,80.4,0.0,SAFE,6,SAFE : arret au feu rouge
29.35,80.4,0.0,SAFE,6,SAFE : arret au feu rouge
29.40,80.4,0.0,SAFE,5,SAFE : arret au feu rouge
29.45,80.4,0.0,SAFE,5,SAFE : arret au feu rouge
29.50,80.4,0.0,SAFE,5,SAFE : arret au feu rouge
29.55,80.4,0.0,SAFE,5,SAFE : arret au feu rouge
29.60,80.4,0.0,SAFE,5,SAFE : arret au feu rouge
29.65,80.4,0.0,SAFE,5,SAFE : arret au feu rouge
29.70,80.4,0.0,SAFE,5,SAFE : arret au feu rouge
29.75,80.4,0.0,SAFE,5,SAFE : arret au feu rouge
29.80,80.4,0.0,SAFE,5,SAFE : arret au feu rouge
29.85,80.4,0.0,SAFE,5,SAFE : arret au feu rouge
29.90,80.4,0.0,SAFE,5,SAFE : arret au feu rouge
29.95,80.4,0.0,SAFE,5,SAFE : arret au feu rouge
30.00,80.4,0.0,SAFE,5,SAFE : arret au feu rouge
30.05,80.4,0.0,SAFE,5,SAFE : arret au feu rouge
30.10,80.4,0.0,SAFE,5,SAFE : arret au feu rouge
30.15,80.4,0.0,SAFE,5,SAFE : arret au feu rouge
30.20,80.4,0.0,SAFE,5,SAFE : arret au feu rouge
30.25,80.4,0.0,SAFE,5,SAFE : arret au feu rouge
30.30,80.4,0.0,SAFE,5,SAFE : arret au feu rouge
30.35,80.4,0.0,SAFE,5,SAFE : arret au feu rouge
30.40,80.4,0.0,SAFE,5,SAFE : arret au feu rouge
30.45,80.4,0.0,SAFE,5,SAFE : arret au feu rouge
30.50,80.4,0.0,SAFE,5,SAFE : arret au feu rouge
30.55,80.4,0.0,SAFE,5,SAFE : arret au feu rouge
30.60,80.4,0.0,SAFE,5,SAFE : arret au feu rouge
30.65,80.4,0.0,SAFE,5,SAFE : arret au feu rouge
30.70,80.4,0.0,SAFE,5,SAFE : arret au feu rouge
30.75,80.4,0.0,SAFE,5,SAFE : arret au feu rouge
30.80,80.4,0.0,SAFE,5,SAFE : arret au feu rouge
30.85,80.4,0.0,SAFE,5,SAFE : arret au feu rouge
30.90,80.4,0.0,SAFE,5,SAFE : arret au feu rouge
30.95,80.4,0.0,SAFE,5,SAFE : arret au feu rouge
31.00,80.4,0.0,SAFE,5,SAFE : arret au feu rouge
31.05,80.4,0.0,SAFE,5,SAFE : arret au feu rouge
31.10,80.4,0.0,SAFE,5,SAFE : arret au feu rouge
31.15,80.4,0.0,SAFE,5,SAFE : arret au feu rouge
31.20,80.4,0.0,SAFE,5,SAFE : arret au feu rouge
31.25,80.4,0.0,SAFE,5,SAFE : arret au feu rouge
31.30,80.4,0.0,SAFE,5,SAFE : arret au feu rouge
31.35,80.4,0.0,SAFE,5,SAFE : arret au feu rouge
31.40,80.4,0.0,SAFE,5,SAFE : arret au feu rouge
31.45,80.4,0.0,SAFE,5,SAFE : arret au feu rouge
31.50,80.4,0.0,SAFE,5,SAFE : arret au feu rouge
31.55,80.4,0.0,SAFE,5,SAFE : arret au feu rouge
31.60,80.4,0.0,SAFE,5,SAFE : arret au feu rouge
31.65,80.4,0.0,SAFE,5,SAFE : arret au feu rouge
31.70,80.4,0.0,SAFE,5,SAFE : arret au feu rouge
31.75,80.4,0.0,SAFE,5,SAFE : arret au feu rouge
31.80,80.4,0.0,SAFE,5,SAFE : arret au feu rouge
31.85,80.4,0.0,SAFE,5,SAFE : arret au feu rouge
31.90,80.4,0.0,SAFE,5,SAFE : arret au feu rouge
31.95,80.4,0.0,SAFE,5,SAFE : arret au feu rouge
32.00,80.4,0.0,SAFE,5,SAFE : arret au feu rouge
32.05,80.4,0.0,SAFE,5,SAFE : arret au feu rouge
32.10,80.4,0.0,SAFE,5,SAFE : arret au feu rouge
32.15,80.4,0.0,SAFE,5,SAFE : arret au feu rouge
32.20,80.4,0.0,SAFE,5,SAFE : arret au feu rouge
32.25,80.4,0.0,SAFE,5,SAFE : arret au feu rouge
32.30,80.4,0.0,SAFE,5,SAFE : arret au feu rouge
32.35,80.4,0.0,SAFE,5,SAFE : arret au feu rouge
32.40,80.4,0.0,SAFE,5,SAFE : arret au feu rouge
32.45,80.4,0.0,SAFE,5,SAFE : arret au feu rouge
32.50,80.4,0.0,SAFE,5,SAFE : arret au feu rouge
32.55,80.4,0.0,SAFE,5,SAFE : arret au feu rouge
32.60,80.4,0.0,SAFE,5,SAFE : arret au feu rouge
32.65,80.4,0.0,SAFE,5,SAFE : arret au feu rouge
32.70,80.4,0.0,SAFE,5,SAFE : arret au feu rouge
32.75,80.4,0.0,SAFE,5,SAFE : arret au feu rouge
32.80,80.4,0.0,SAFE,5,SAFE : arret au feu rouge
32.85,80.4,0.0,SAFE,5,SAFE : arret au feu rouge
32.90,80.4,0.0,SAFE,5,SAFE : arret au feu rouge
32.95,80.4,0.0,SAFE,5,SAFE : arret au feu rouge
33.00,80.4,0.0,SAFE,5,SAFE : arret au feu rouge
33.05,80.4,0.0,SAFE,5,SAFE : arret au feu rouge
33.10,80.4,0.0,SAFE,5,SAFE : arret au feu rouge
33.15,80.4,0.0,SAFE,5,SAFE : arret au feu rouge
33.20,80.4,0.0,SAFE,5,SAFE : arret au feu rouge
33.25,80.4,0.0,SAFE,5,SAFE : arret au feu rouge
33.30,80.4,0.0,SAFE,5,SAFE : arret au feu rouge
33.35,80.4,0.0,SAFE,5,SAFE : arret au feu rouge
33.40,80.4,0.0,SAFE,5,SAFE : arret au feu rouge
33.45,80.4,0.0,SAFE,5,SAFE : arret au feu rouge
33.50,80.4,0.0,SAFE,5,SAFE : arret au feu rouge
33.55,80.4,0.0,SAFE,5,SAFE : arret au feu rouge
33.60,80.4,0.0,SAFE,5,SAFE : arret au feu rouge
33.65,80.4,0.0,SAFE,5,SAFE : arret au feu rouge
33.70,80.4,0.0,SAFE,5,SAFE : arret au feu rouge
33.75,80.4,0.0,SAFE,5,SAFE : arret au feu rouge
33.80,80.4,0.0,SAFE,5,SAFE : arret au feu rouge
33.85,80.4,0.0,SAFE,5,SAFE : arret au feu rouge
33.90,80.4,0.0,SAFE,5,SAFE : arret au feu rouge
33.95,80.4,0.0,SAFE,5,SAFE : arret au feu rouge
34.00,80.4,0.0,SAFE,5,SAFE : arret au feu rouge
34.05,80.4,0.0,SAFE,5,SAFE : arret au feu rouge
34.10,80.4,0.0,SAFE,5,SAFE : arret au feu rouge
34.15,80.4,0.0,SAFE,5,SAFE : arret au feu rouge
34.20,80.4,0.0,SAFE,5,SAFE : arret au feu rouge
34.25,80.4,0.0,SAFE,5,SAFE : arret au feu rouge
34.30,80.4,0.0,SAFE,5,SAFE : arret au feu rouge
34.35,80.4,0.0,SAFE,5,SAFE : arret au feu rouge
34.40,80.4,0.0,SAFE,5,SAFE : arret au feu rouge
34.45,80.4,0.0,SAFE,5,SAFE : arret au feu rouge
34.50,80.4,0.0,SAFE,5,SAFE : arret au feu rouge
34.55,80.4,0.0,SAFE,5,SAFE : arret au feu rouge
34.60,80.4,0.0,SAFE,5,SAFE : arret au feu rouge
34.65,80.4,0.0,SAFE,5,SAFE : arret au feu rouge
34.70,80.4,0.0,SAFE,5,SAFE : arret au feu rouge
34.75,80.4,0.0,SAFE,5,SAFE : arret au feu rouge
34.80,80.4,0.0,SAFE,5,SAFE : arret au feu rouge
34.85,80.4,0.0,SAFE,5,SAFE : arret au feu rouge
34.90,80.4,0.0,SAFE,5,SAFE : arret au feu rouge
34.95,80.4,0.0,SAFE,5,SAFE : arret au feu rouge
35.00,80.4,0.0,SAFE,5,SAFE : arret au feu rouge
35.05,80.4,0.0,SAFE,5,SAFE : arret au feu rouge
35.10,80.4,0.0,SAFE,5,SAFE : arret au feu rouge
35.15,80.4,0.0,SAFE,5,SAFE : arret au feu rouge
35.20,80.4,0.0,SAFE,5,SAFE : arret au feu rouge
35.25,80.4,0.0,SAFE,5,SAFE : arret au feu rouge
35.30,80.4,0.0,SAFE,5,SAFE : arret au feu rouge
35.35,80.4,0.0,SAFE,5,SAFE : arret au feu rouge
35.40,80.4,0.0,SAFE,5,SAFE : arret au feu rouge
35.45,80.4,0.0,SAFE,5,SAFE : arret au feu rouge
35.50,80.4,0.0,SAFE,5,SAFE : arret au feu rouge
35.55,80.4,0.0,SAFE,5,SAFE : arret au feu rouge
35.60,80.4,0.0,SAFE,5,SAFE : arret au feu rouge
35.65,80.4,0.0,SAFE,5,SAFE : arret au feu rouge
35.70,80.4,0.0,SAFE,5,SAFE : arret au feu rouge
35.75,80.4,0.0,SAFE,5,SAFE : arret au feu rouge
35.80,80.4,0.0,SAFE,5,SAFE : arret au feu rouge
35.85,80.4,0.0,SAFE,5,SAFE : arret au feu rouge
35.90,80.4,0.0,SAFE,5,SAFE : arret au feu rouge
35.95,80.4,0.0,SAFE,5,SAFE : arret au feu rouge
36.00,80.4,0.0,SAFE,6,SAFE : arret au feu rouge
36.05,80.4,0.0,SAFE,6,SAFE : arret au feu rouge
36.10,80.4,0.0,SAFE,6,SAFE : arret au feu rouge
36.15,80.4,0.0,SAFE,6,SAFE : arret au feu rouge
36.20,80.4,0.0,SAFE,6,SAFE : arret au feu rouge
36.25,80.4,0.0,SAFE,6,SAFE : arret au feu rouge
36.30,80.4,0.0,SAFE,5,SAFE : arret au feu rouge
36.35,80.4,0.0,SAFE,5,SAFE : arret au feu rouge
36.40,80.4,0.0,SAFE,5,SAFE : arret au feu rouge
36.45,80.4,0.0,SAFE,5,SAFE : arret au feu rouge
36.50,80.4,0.0,SAFE,5,SAFE : arret au feu rouge
36.55,80.4,0.0,SAFE,5,SAFE : arret au feu rouge
36.60,80.4,0.0,SAFE,5,SAFE : arret au feu rouge
36.65,80.4,0.0,SAFE,5,SAFE : arret au feu rouge
36.70,80.4,0.0,SAFE,5,SAFE : arret au feu rouge
36.75,80.4,0.0,SAFE,5,SAFE : arret au feu rouge
36.80,80.4,0.0,SAFE,5,SAFE : arret au feu rouge
36.85,80.4,0.0,SAFE,5,SAFE : arret au feu rouge
36.90,80.4,0.0,SAFE,5,SAFE : arret au feu rouge
36.95,80.4,0.0,SAFE,5,SAFE : arret au feu rouge
37.00,80.4,0.0,SAFE,5,SAFE : arret au feu rouge
37.05,80.4,0.0,SAFE,5,SAFE : arret au feu rouge
37.10,80.4,0.0,SAFE,5,SAFE : arret au feu rouge
37.15,80.4,0.0,SAFE,5,SAFE : arret au feu rouge
37.20,80.4,0.0,SAFE,5,SAFE : arret au feu rouge
37.25,80.4,0.0,SAFE,5,SAFE : arret au feu rouge
37.30,80.4,0.0,SAFE,5,SAFE : arret au feu rouge
37.35,80.4,0.0,SAFE,5,SAFE : arret au feu rouge
37.40,80.4,0.0,SAFE,5,SAFE : arret au feu rouge
37.45,80.4,0.0,SAFE,5,SAFE : arret au feu rouge
37.50,80.4,0.0,SAFE,5,SAFE : arret au feu rouge
37.55,80.4,0.0,SAFE,5,SAFE : arret au feu rouge
37.60,80.4,0.0,SAFE,5,SAFE : arret au feu rouge
37.65,80.4,0.0,SAFE,5,SAFE : arret au feu rouge
37.70,80.4,0.0,SAFE,5,SAFE : arret au feu rouge
37.75,80.4,0.0,SAFE,5,SAFE : arret au feu rouge
37.80,80.4,0.0,SAFE,5,SAFE : arret au feu rouge
37.85,80.4,0.0,SAFE,5,SAFE : arret au feu rouge
37.90,80.4,0.0,SAFE,5,SAFE : arret au feu rouge
37.95,80.4,0.0,SAFE,5,SAFE : arret au feu rouge
38.00,80.4,0.0,SAFE,5,SAFE : arret au feu rouge
38.05,80.4,0.0,SAFE,5,SAFE : arret au feu rouge
38.10,80.4,0.0,SAFE,5,SAFE : arret au feu rouge
38.15,80.4,0.0,SAFE,5,SAFE : arret au feu rouge
38.20,80.4,0.0,SAFE,5,SAFE : arret au feu rouge
38.25,80.4,0.0,SAFE,5,SAFE : arret au feu rouge
38.30,80.4,0.0,SAFE,5,SAFE : arret au feu rouge
38.35,80.4,0.0,SAFE,5,SAFE : arret au feu rouge
38.40,80.4,0.0,SAFE,5,SAFE : arret au feu rouge
38.45,80.4,0.0,SAFE,5,SAFE : arret au feu rouge
38.50,80.4,0.0,SAFE,5,SAFE : arret au feu rouge
38.55,80.4,0.0,SAFE,5,SAFE : arret au feu rouge
38.60,80.4,0.0,SAFE,5,SAFE : arret au feu rouge
38.65,80.4,0.0,SAFE,5,SAFE : arret au feu rouge
38.70,80.4,0.0,SAFE,5,SAFE : arret au feu rouge
38.75,80.4,0.0,SAFE,5,SAFE : arret au feu rouge
38.80,80.4,0.0,SAFE,5,SAFE : arret au feu rouge
38.85,80.4,0.0,SAFE,5,SAFE : arret au feu rouge
38.90,80.4,0.0,SAFE,5,SAFE : arret au feu rouge
38.95,80.4,0.0,SAFE,5,SAFE : arret au feu rouge
39.00,80.4,0.0,SAFE,5,SAFE : arret au feu rouge
39.05,80.4,0.0,SAFE,5,SAFE : arret au feu rouge
39.10,80.4,0.0,SAFE,5,SAFE : arret au feu rouge
39.15,80.4,0.0,SAFE,5,SAFE : arret au feu rouge
39.20,80.4,0.0,SAFE,5,SAFE : arret au feu rouge
39.25,80.4,0.0,SAFE,5,SAFE : arret au feu rouge
39.30,80.4,0.0,SAFE,5,SAFE : arret au feu rouge
39.35,80.4,0.0,SAFE,5,SAFE : arret au feu rouge
39.40,80.4,0.0,SAFE,5,SAFE : arret au feu rouge
39.45,80.4,0.0,SAFE,5,SAFE : arret au feu rouge
39.50,80.4,0.0,SAFE,5,SAFE : arret au feu rouge
39.55,80.4,0.0,SAFE,5,SAFE : arret au feu rouge
39.60,80.4,0.0,SAFE,5,SAFE : arret au feu rouge
39.65,80.4,0.0,SAFE,5,SAFE : arret au feu rouge
39.70,80.4,0.0,SAFE,5,SAFE : arret au feu rouge
39.75,80.4,0.0,SAFE,5,SAFE : arret au feu rouge
39.80,80.4,0.0,SAFE,5,SAFE : arret au feu rouge
39.85,80.4,0.0,SAFE,5,SAFE : arret au feu rouge
39.90,80.4,0.0,SAFE,5,SAFE : arret au feu rouge
39.95,80.4,0.0,SAFE,5,SAFE : arret au feu rouge
40.00,80.4,0.0,SAFE,5,SAFE : arret au feu rouge
40.05,80.4,0.0,SAFE,5,SAFE : arret au feu rouge
40.10,80.4,0.0,SAFE,5,SAFE : arret au feu rouge
40.15,80.4,0.0,SAFE,5,SAFE : arret au feu rouge
40.20,80.4,0.0,SAFE,5,SAFE : arret au feu rouge
40.25,80.4,0.0,SAFE,5,SAFE : arret au feu rouge
40.30,80.4,0.0,SAFE,5,SAFE : arret au feu rouge
40.35,80.4,0.0,SAFE,5,SAFE : arret au feu rouge
40.40,80.4,0.0,SAFE,5,SAFE : arret au feu rouge
40.45,80.4,0.0,SAFE,5,SAFE : arret au feu rouge
40.50,80.4,0.0,SAFE,5,SAFE : arret au feu rouge
40.55,80.4,0.0,SAFE,5,SAFE : arret au feu rouge
40.60,80.4,0.0,SAFE,5,SAFE : arret au feu rouge
40.65,80.4,0.0,SAFE,5,SAFE : arret au feu rouge
40.70,80.4,0.0,SAFE,5,SAFE : arret au feu rouge
40.75,80.4,0.0,SAFE,5,SAFE : arret au feu rouge
40.80,80.4,0.0,SAFE,5,SAFE : arret au feu rouge
40.85,80.4,0.0,SAFE,5,SAFE : arret au feu rouge
40.90,80.4,0.0,SAFE,5,SAFE : arret au feu rouge
40.95,80.4,0.0,SAFE,5,SAFE : arret au feu rouge
41.00,80.4,0.0,SAFE,5,SAFE : arret au feu rouge
41.05,80.4,0.0,SAFE,5,SAFE : arret au feu rouge
41.10,80.4,0.0,SAFE,5,SAFE : arret au feu rouge
41.15,80.4,0.0,SAFE,5,SAFE : arret au feu rouge
41.20,80.4,0.0,SAFE,4,SAFE : arret au feu rouge
41.25,80.4,0.0,SAFE,4,SAFE : arret au feu rouge
41.30,80.4,0.0,SAFE,4,SAFE : arret au feu rouge
41.35,80.4,0.0,SAFE,4,SAFE : arret au feu rouge
41.40,80.4,0.0,SAFE,4,SAFE : arret au feu rouge
41.45,80.4,0.0,SAFE,4,SAFE : arret au feu rouge
41.50,80.4,0.0,SAFE,4,SAFE : arret au feu rouge
41.55,80.4,0.0,SAFE,4,SAFE : arret au feu rouge
41.60,80.4,0.0,SAFE,4,SAFE : arret au feu rouge
41.65,80.4,0.0,SAFE,4,SAFE : arret au feu rouge
41.70,80.4,0.0,SAFE,4,SAFE : arret au feu rouge
41.75,80.4,0.0,SAFE,4,SAFE : arret au feu rouge
41.80,80.4,0.0,SAFE,4,SAFE : arret au feu rouge
41.85,80.4,0.0,SAFE,4,SAFE : arret au feu rouge
41.90,80.4,0.0,SAFE,4,SAFE : arret au feu rouge
41.95,80.4,0.0,SAFE,4,SAFE : arret au feu rouge
42.00,80.4,0.0,SAFE,4,SAFE : arret au feu rouge
42.05,80.4,0.0,SAFE,4,SAFE : arret au feu rouge
42.10,80.4,0.0,SAFE,4,SAFE : arret au feu rouge
42.15,80.4,0.0,SAFE,4,SAFE : arret au feu rouge
42.20,80.4,0.0,SAFE,4,SAFE : arret au feu rouge
42.25,80.4,0.0,SAFE,4,SAFE : arret au feu rouge
42.30,80.4,0.0,SAFE,4,SAFE : arret au feu rouge
42.35,80.4,0.0,SAFE,4,SAFE : arret au feu rouge
42.40,80.4,0.0,SAFE,4,SAFE : arret au feu rouge
42.45,80.4,0.0,SAFE,4,SAFE : arret au feu rouge
42.50,80.4,0.0,SAFE,4,SAFE : arret au feu rouge
42.55,80.4,0.0,SAFE,4,SAFE : arret au feu rouge
42.60,80.4,0.0,SAFE,4,SAFE : arret au feu rouge
42.65,80.4,0.0,SAFE,4,SAFE : arret au feu rouge
42.70,80.4,0.0,SAFE,4,SAFE : arret au feu rouge
42.75,80.4,0.0,SAFE,4,SAFE : arret au feu rouge
42.80,80.4,0.0,SAFE,4,SAFE : arret au feu rouge
42.85,80.4,0.0,SAFE,4,SAFE : arret au feu rouge
42.90,80.4,0.0,SAFE,4,SAFE : arret au feu rouge
42.95,80.4,0.0,SAFE,4,SAFE : arret au feu rouge
43.00,80.4,0.0,SAFE,4,SAFE : arret au feu rouge
43.05,80.4,0.0,SAFE,4,SAFE : arret au feu rouge
43.10,80.4,0.0,SAFE,4,SAFE : arret au feu rouge
43.15,80.4,0.0,SAFE,4,SAFE : arret au feu rouge
43.20,80.4,0.0,SAFE,4,SAFE : arret au feu rouge
43.25,80.4,0.0,SAFE,4,SAFE : arret au feu rouge
43.30,80.4,0.0,SAFE,4,SAFE : arret au feu rouge
43.35,80.4,0.0,SAFE,4,SAFE : arret au feu rouge
43.40,80.4,0.0,SAFE,4,SAFE : arret au feu rouge
43.45,80.4,0.0,SAFE,3,SAFE : arret au feu rouge
43.50,80.4,0.0,SAFE,3,SAFE : arret au feu rouge
43.55,80.4,0.0,SAFE,3,SAFE : arret au feu rouge
43.60,80.4,0.0,SAFE,3,SAFE : arret au feu rouge
43.65,80.4,0.0,SAFE,3,SAFE : arret au feu rouge
43.70,80.4,0.0,SAFE,3,SAFE : arret au feu rouge
43.75,80.4,0.0,SAFE,3,SAFE : arret au feu rouge
43.80,80.4,0.0,SAFE,3,SAFE : arret au feu rouge
43.85,80.4,0.0,SAFE,3,SAFE : arret au feu rouge
43.90,80.4,0.0,SAFE,3,SAFE : arret au feu rouge
43.95,80.4,0.0,SAFE,3,SAFE : arret au feu rouge
44.00,80.4,0.0,SAFE,3,SAFE : arret au feu rouge
44.05,80.4,0.0,SAFE,3,SAFE : arret au feu rouge
44.10,80.4,0.0,SAFE,3,SAFE : arret au feu rouge
44.15,80.4,0.0,SAFE,3,SAFE : arret au feu rouge
44.20,80.4,0.0,SAFE,3,SAFE : arret au feu rouge
44.25,80.4,0.0,SAFE,3,SAFE : arret au feu rouge
44.30,80.4,0.0,SAFE,3,SAFE : arret au feu rouge
44.35,80.4,0.0,SAFE,3,SAFE : arret au feu rouge
44.40,80.4,0.0,SAFE,3,SAFE : arret au feu rouge
44.45,80.4,0.0,SAFE,3,SAFE : arret au feu rouge
44.50,80.4,0.0,SAFE,3,SAFE : arret au feu rouge
44.55,80.4,0.0,SAFE,3,SAFE : arret au feu rouge
44.60,80.4,0.0,SAFE,3,SAFE : arret au feu rouge
44.65,80.4,0.0,SAFE,3,SAFE : arret au feu rouge
44.70,80.4,0.0,SAFE,3,SAFE : arret au feu rouge
44.75,80.4,0.0,SAFE,3,SAFE : arret au feu rouge
44.80,80.4,0.0,SAFE,3,SAFE : arret au feu rouge
44.85,80.4,0.0,SAFE,3,SAFE : arret au feu rouge
44.90,80.4,0.0,SAFE,3,SAFE : arret au feu rouge
44.95,80.4,0.0,SAFE,3,SAFE : arret au feu rouge
45.00,80.4,0.0,SAFE,3,SAFE : arret au feu rouge
45.05,80.4,0.0,SAFE,3,SAFE : arret au feu rouge
45.10,80.4,0.0,SAFE,3,SAFE : arret au feu rouge
45.15,80.4,0.0,SAFE,3,SAFE : arret au feu rouge
45.20,80.4,0.0,SAFE,3,SAFE : arret au feu rouge
45.25,80.4,0.0,SAFE,3,SAFE : arret au feu rouge
45.30,80.4,0.0,SAFE,3,SAFE : arret au feu rouge
45.35,80.4,0.0,SAFE,3,SAFE : arret au feu rouge
45.40,80.4,0.0,SAFE,3,SAFE : arret au feu rouge
45.45,80.4,0.0,SAFE,3,SAFE : arret au feu rouge
45.50,80.4,0.0,SAFE,3,SAFE : arret au feu rouge
45.55,80.4,0.0,SAFE,3,SAFE : arret au feu rouge
45.60,80.4,0.0,SAFE,3,SAFE : arret au feu rouge
45.65,80.4,0.0,SAFE,3,SAFE : arret au feu rouge
45.70,80.4,0.0,SAFE,3,SAFE : arret au feu rouge
45.75,80.4,0.0,SAFE,3,SAFE : arret au feu rouge
45.80,80.4,0.0,SAFE,3,SAFE : arret au feu rouge
45.85,80.4,0.0,SAFE,3,SAFE : arret au feu rouge
45.90,80.4,0.0,SAFE,3,SAFE : arret au feu rouge
45.95,80.4,0.0,SAFE,3,SAFE : arret au feu rouge
46.00,80.4,0.0,SAFE,2,SAFE : arret au feu rouge
46.05,80.4,0.0,SAFE,2,SAFE : arret au feu rouge
46.10,80.4,0.0,SAFE,2,SAFE : arret au feu rouge
46.15,80.4,0.0,SAFE,2,SAFE : arret au feu rouge
46.20,80.4,0.0,SAFE,2,SAFE : arret au feu rouge
46.25,80.4,0.0,SAFE,2,SAFE : arret au feu rouge
46.30,80.4,0.0,SAFE,2,SAFE : arret au feu rouge
46.35,80.4,0.0,SAFE,2,SAFE : arret au feu rouge
46.40,80.4,0.0,SAFE,2,SAFE : arret au feu rouge
46.45,80.4,0.0,SAFE,1,SAFE : arret au feu rouge
46.50,80.4,0.0,SAFE,1,SAFE : arret au feu rouge
46.55,80.4,0.0,SAFE,1,SAFE : arret au feu rouge
46.60,80.4,0.0,SAFE,1,SAFE : arret au feu rouge
46.65,80.4,0.0,SAFE,1,SAFE : arret au feu rouge
46.70,80.4,0.0,SAFE,1,SAFE : arret au feu rouge
46.75,80.4,0.0,SAFE,1,SAFE : arret au feu rouge
46.80,80.4,0.0,SAFE,1,SAFE : arret au feu rouge
46.85,80.4,0.0,SAFE,1,SAFE : arret au feu rouge
46.90,80.4,0.0,SAFE,1,SAFE : arret au feu rouge
46.95,80.4,0.0,SAFE,1,SAFE : arret au feu rouge
47.00,80.4,0.0,SAFE,1,SAFE : arret au feu rouge
47.05,80.4,0.0,SAFE,1,SAFE : arret au feu rouge
47.10,80.4,0.0,SAFE,1,SAFE : arret au feu rouge
47.15,80.4,0.0,SAFE,1,SAFE : arret au feu rouge
47.20,80.4,0.0,SAFE,1,SAFE : arret au feu rouge
47.25,80.4,0.0,SAFE,1,SAFE : arret au feu rouge
47.30,80.4,0.0,SAFE,1,SAFE : arret au feu rouge
47.35,80.4,0.0,SAFE,1,SAFE : arret au feu rouge
47.40,80.4,0.0,SAFE,1,SAFE : arret au feu rouge
47.45,80.4,0.0,SAFE,1,SAFE : arret au feu rouge
47.50,80.4,0.0,SAFE,1,SAFE : arret au feu rouge
47.55,80.4,0.0,SAFE,1,SAFE : arret au feu rouge
47.60,80.4,0.0,SAFE,1,SAFE : arret au feu rouge
47.65,80.4,0.0,SAFE,1,SAFE : arret au feu rouge
47.70,80.4,0.0,SAFE,1,SAFE : arret au feu rouge
47.75,80.4,0.0,SAFE,1,SAFE : arret au feu rouge
47.80,80.4,0.0,SAFE,1,SAFE : arret au feu rouge
47.85,80.4,0.0,SAFE,1,SAFE : arret au feu rouge
47.90,80.4,0.0,SAFE,1,SAFE : arret au feu rouge
47.95,80.4,0.0,SAFE,1,SAFE : arret au feu rouge
48.00,80.4,0.0,SAFE,1,SAFE : arret au feu rouge
48.05,80.4,0.0,SAFE,1,SAFE : arret au feu rouge
48.10,80.4,0.0,SAFE,1,SAFE : arret au feu rouge
48.15,80.4,0.0,SAFE,1,SAFE : arret au feu rouge
48.20,80.4,0.0,SAFE,1,SAFE : arret au feu rouge
48.25,80.4,0.0,SAFE,1,SAFE : arret au feu rouge
48.30,80.4,0.0,SAFE,1,SAFE : arret au feu rouge
48.35,80.4,0.0,SAFE,1,SAFE : arret au feu rouge
48.40,80.4,0.0,SAFE,1,SAFE : arret au feu rouge
48.45,80.4,0.0,SAFE,1,SAFE : arret au feu rouge
48.50,80.4,0.0,SAFE,1,SAFE : arret au feu rouge
48.55,80.4,0.0,SAFE,1,SAFE : arret au feu rouge
48.60,80.4,0.0,SAFE,1,SAFE : arret au feu rouge
48.65,80.4,0.0,SAFE,1,SAFE : arret au feu rouge
48.70,80.4,0.0,SAFE,1,SAFE : arret au feu rouge
48.75,80.4,0.0,SAFE,0,SAFE : arret au feu rouge
48.80,80.4,0.0,SAFE,0,SAFE : arret au feu rouge
48.85,80.4,0.0,SAFE,0,SAFE : arret au feu rouge
48.90,80.4,0.0,SAFE,0,SAFE : arret au feu rouge
48.95,80.4,0.0,SAFE,0,SAFE : arret au feu rouge
49.00,80.4,0.0,SAFE,0,SAFE : arret au feu rouge
49.05,80.4,0.0,SAFE,0,SAFE : arret au feu rouge
49.10,80.4,0.0,SAFE,0,SAFE : arret au feu rouge
49.15,80.4,0.0,SAFE,0,SAFE : arret au feu rouge
49.20,80.4,0.0,SAFE,0,SAFE : arret au feu rouge
49.25,80.4,0.0,SAFE,0,SAFE : arret au feu rouge
49.30,80.4,0.0,SAFE,0,SAFE : arret au feu rouge
49.35,80.4,0.0,SAFE,0,SAFE : arret au feu rouge
49.40,80.4,0.0,SAFE,0,SAFE : arret au feu rouge
49.45,80.4,0.0,SAFE,0,SAFE : arret au feu rouge
49.50,80.4,0.0,SAFE,0,SAFE : arret au feu rouge
49.55,80.4,0.0,SAFE,0,SAFE : arret au feu rouge
49.60,80.4,0.0,SAFE,0,SAFE : arret au feu rouge
49.65,80.4,0.0,SAFE,0,SAFE : arret au feu rouge
49.70,80.4,0.0,SAFE,0,SAFE : arret au feu rouge
49.75,80.4,0.0,SAFE,0,SAFE : arret au feu rouge
49.80,80.4,0.0,SAFE,0,SAFE : arret au feu rouge
49.85,80.4,0.0,SAFE,0,SAFE : arret au feu rouge
49.90,80.4,0.0,SAFE,0,SAFE : arret au feu rouge
49.95,80.4,0.0,SAFE,0,SAFE : arret au feu rouge
50.00,80.4,0.0,SAFE,0,SAFE : arret au feu rouge
50.05,80.4,0.0,SAFE,0,SAFE : arret au feu rouge
50.10,80.4,0.0,SAFE,0,SAFE : arret au feu rouge
50.15,80.4,0.0,SAFE,0,SAFE : arret au feu rouge
50.20,80.4,0.0,SAFE,0,SAFE : arret au feu rouge
50.25,80.4,0.0,SAFE,0,SAFE : arret au feu rouge
50.30,80.4,0.0,SAFE,0,SAFE : arret au feu rouge
50.35,80.4,0.0,SAFE,0,SAFE : arret au feu rouge
50.40,80.4,0.0,SAFE,0,SAFE : arret au feu rouge
50.45,80.4,0.0,SAFE,0,SAFE : arret au feu rouge
50.50,80.4,0.0,SAFE,0,SAFE : arret au feu rouge
50.55,80.4,0.0,SAFE,0,SAFE : arret au feu rouge
50.60,80.4,0.0,SAFE,0,SAFE : arret au feu rouge
50.65,80.4,0.0,SAFE,0,SAFE : arret au feu rouge
50.70,80.4,0.0,SAFE,0,SAFE : arret au feu rouge
50.75,80.4,0.0,SAFE,0,SAFE : arret au feu rouge
50.80,80.4,0.0,SAFE,0,SAFE : arret au feu rouge
50.85,80.4,0.0,SAFE,0,SAFE : arret au feu rouge
50.90,80.4,0.0,SAFE,0,SAFE : arret au feu rouge
50.95,80.4,0.0,SAFE,0,SAFE : arret au feu rouge
51.00,80.4,0.0,SAFE,0,SAFE : arret au feu rouge
51.05,80.4,0.0,SAFE,0,SAFE : arret au feu rouge
51.10,80.4,0.0,SAFE,0,SAFE : arret au feu rouge
51.15,80.4,0.0,SAFE,0,SAFE : arret au feu rouge
51.20,80.4,0.0,SAFE,0,SAFE : arret au feu rouge
51.25,80.4,0.0,SAFE,0,SAFE : arret au feu rouge
51.30,80.4,0.0,SAFE,0,SAFE : arret au feu rouge
51.35,80.4,0.0,SAFE,0,SAFE : arret au feu rouge
51.40,80.4,0.0,SAFE,0,SAFE : arret au feu rouge
51.45,80.4,0.0,SAFE,0,SAFE : arret au feu rouge
51.50,80.4,0.0,SAFE,0,SAFE : arret au feu rouge
51.55,80.4,0.0,SAFE,0,SAFE : arret au feu rouge
51.60,80.4,0.0,SAFE,0,SAFE : arret au feu rouge
51.65,80.4,0.0,SAFE,0,SAFE : arret au feu rouge
51.70,80.4,0.0,SAFE,0,SAFE : arret au feu rouge
51.75,80.4,0.0,SAFE,0,SAFE : arret au feu rouge
51.80,80.4,0.0,SAFE,0,SAFE : arret au feu rouge
51.85,80.4,0.0,SAFE,0,SAFE : arret au feu rouge
51.90,80.4,0.0,SAFE,0,SAFE : arret au feu rouge
51.95,80.4,0.0,SAFE,0,SAFE : arret au feu rouge
52.00,80.4,0.0,SAFE,0,SAFE : arret au feu rouge
52.05,80.4,0.0,SAFE,0,SAFE : arret au feu rouge
52.10,80.4,0.0,SAFE,0,SAFE : arret au feu rouge
52.15,80.4,0.0,SAFE,0,SAFE : arret au feu rouge
52.20,80.4,0.0,SAFE,0,SAFE : arret au feu rouge
52.25,80.4,0.0,SAFE,0,SAFE : arret au feu rouge
52.30,80.4,0.0,SAFE,0,SAFE : arret au feu rouge
52.35,80.4,0.0,SAFE,0,SAFE : arret au feu rouge
52.40,80.4,0.0,SAFE,0,SAFE : arret au feu rouge
52.45,80.4,0.0,SAFE,0,SAFE : arret au feu rouge
52.50,80.4,0.0,SAFE,0,SAFE : arret au feu rouge
52.55,80.4,0.0,SAFE,0,SAFE : arret au feu rouge
52.60,80.4,0.0,SAFE,0,SAFE : arret au feu rouge
52.65,80.4,0.0,SAFE,0,SAFE : arret au feu rouge
52.70,80.4,0.0,SAFE,0,SAFE : arret au feu rouge
52.75,80.4,0.0,SAFE,0,SAFE : arret au feu rouge
52.80,80.4,0.0,SAFE,0,SAFE : arret au feu rouge
52.85,80.4,0.0,SAFE,0,SAFE : arret au feu rouge
52.90,80.4,0.0,SAFE,0,SAFE : arret au feu rouge
52.95,80.4,0.0,SAFE,0,SAFE : arret au feu rouge
53.00,80.4,0.0,SAFE,0,SAFE : arret au feu rouge
53.05,80.4,0.0,SAFE,0,SAFE : arret au feu rouge
53.10,80.4,0.0,SAFE,0,SAFE : arret au feu rouge
53.15,80.4,0.0,SAFE,0,SAFE : arret au feu rouge
53.20,80.4,0.0,SAFE,0,SAFE : arret au feu rouge
53.25,80.4,0.0,SAFE,0,SAFE : arret au feu rouge
53.30,80.4,0.0,SAFE,0,SAFE : arret au feu rouge
53.35,80.4,0.0,SAFE,0,SAFE : arret au feu rouge
53.40,80.4,0.0,SAFE,0,SAFE : arret au feu rouge
53.45,80.4,0.0,SAFE,0,SAFE : arret au feu rouge
53.50,80.4,0.0,SAFE,0,SAFE : arret au feu rouge
53.55,80.4,0.0,SAFE,0,SAFE : arret au feu rouge
53.60,80.4,0.0,SAFE,0,SAFE : arret au feu rouge
53.65,80.4,0.0,SAFE,1,SAFE : arret au feu rouge
53.70,80.4,0.0,SAFE,1,SAFE : arret au feu rouge
53.75,80.4,0.0,SAFE,1,SAFE : arret au feu rouge
53.80,80.4,0.0,SAFE,1,SAFE : arret au feu rouge
53.85,80.4,0.0,SAFE,1,SAFE : arret au feu rouge
53.90,80.4,0.0,SAFE,1,SAFE : arret au feu rouge
53.95,80.4,0.0,SAFE,1,SAFE : arret au feu rouge
54.00,80.4,0.0,SAFE,1,SAFE : arret au feu rouge
54.05,80.4,0.0,SAFE,1,SAFE : arret au feu rouge
54.10,80.4,0.0,SAFE,1,SAFE : arret au feu rouge
54.15,80.4,0.0,SAFE,1,SAFE : arret au feu rouge
54.20,80.4,0.0,SAFE,1,SAFE : arret au feu rouge
54.25,80.4,0.0,SAFE,1,SAFE : arret au feu rouge
54.30,80.4,0.0,SAFE,1,SAFE : arret au feu rouge
54.35,80.4,0.0,SAFE,1,SAFE : arret au feu rouge
54.40,80.4,0.0,SAFE,1,SAFE : arret au feu rouge
54.45,80.4,0.0,SAFE,1,SAFE : arret au feu rouge
54.50,80.4,0.0,SAFE,1,SAFE : arret au feu rouge
54.55,80.4,0.0,SAFE,1,SAFE : arret au feu rouge
54.60,80.4,0.0,SAFE,1,SAFE : arret au feu rouge
54.65,80.4,0.0,SAFE,1,SAFE : arret au feu rouge
54.70,80.4,0.0,SAFE,1,SAFE : arret au feu rouge
54.75,80.4,0.0,SAFE,1,SAFE : arret au feu rouge
54.80,80.4,0.0,SAFE,1,SAFE : arret au feu rouge
54.85,80.4,0.0,SAFE,1,SAFE : arret au feu rouge
54.90,80.4,0.0,SAFE,1,SAFE : arret au feu rouge
54.95,80.4,0.0,SAFE,1,SAFE : arret au feu rouge
55.00,80.4,0.0,SAFE,1,SAFE : arret au feu rouge
55.05,80.4,0.0,SAFE,1,SAFE : arret au feu rouge
55.10,80.4,0.0,SAFE,1,SAFE : arret au feu rouge
55.15,80.4,0.0,SAFE,1,SAFE : arret au feu rouge
55.20,80.4,0.0,SAFE,1,SAFE : arret au feu rouge
55.25,80.4,0.0,SAFE,1,SAFE : arret au feu rouge
55.30,80.4,0.0,SAFE,1,SAFE : arret au feu rouge
55.35,80.4,0.0,SAFE,1,SAFE : arret au feu rouge
55.40,80.4,0.0,SAFE,1,SAFE : arret au feu rouge
55.45,80.4,0.0,SAFE,1,SAFE : arret au feu rouge
55.50,80.4,0.0,SAFE,1,SAFE : arret au feu rouge
55.55,80.4,0.0,SAFE,1,SAFE : arret au feu rouge
55.60,80.4,0.0,SAFE,1,SAFE : arret au feu rouge
55.65,80.4,0.0,SAFE,1,SAFE : arret au feu rouge
55.70,80.4,0.0,SAFE,1,SAFE : arret au feu rouge
55.75,80.4,0.0,SAFE,1,SAFE : arret au feu rouge
55.80,80.4,0.0,SAFE,1,SAFE : arret au feu rouge
55.85,80.4,0.0,SAFE,1,SAFE : arret au feu rouge
55.90,80.4,0.0,SAFE,1,SAFE : arret au feu rouge
55.95,80.4,0.0,SAFE,1,SAFE : arret au feu rouge
56.00,80.4,0.0,SAFE,1,SAFE : arret au feu rouge
56.05,80.4,0.0,SAFE,1,SAFE : arret au feu rouge
56.10,80.4,0.0,SAFE,1,SAFE : arret au feu rouge
56.15,80.4,0.0,SAFE,1,SAFE : arret au feu rouge
56.20,80.4,0.0,SAFE,1,SAFE : arret au feu rouge
56.25,80.4,0.0,SAFE,1,SAFE : arret au feu rouge
56.30,80.4,0.0,SAFE,1,SAFE : arret au feu rouge
56.35,80.4,0.0,SAFE,1,SAFE : arret au feu rouge
56.40,80.4,0.0,SAFE,1,SAFE : arret au feu rouge
56.45,80.4,0.0,SAFE,1,SAFE : arret au feu rouge
56.50,80.4,0.0,SAFE,1,SAFE : arret au feu rouge
56.55,80.4,0.0,SAFE,1,SAFE : arret au feu rouge
56.60,80.4,0.0,SAFE,1,SAFE : arret au feu rouge
56.65,80.4,0.0,SAFE,1,SAFE : arret au feu rouge
56.70,80.4,0.0,SAFE,1,SAFE : arret au feu rouge
56.75,80.4,0.0,SAFE,1,SAFE : arret au feu rouge
56.80,80.4,0.0,SAFE,1,SAFE : arret au feu rouge
56.85,80.4,0.0,SAFE,1,SAFE : arret au feu rouge
56.90,80.4,0.0,SAFE,1,SAFE : arret au feu rouge
56.95,80.4,0.0,SAFE,1,SAFE : arret au feu rouge
57.00,80.4,0.0,SAFE,1,SAFE : arret au feu rouge
57.05,80.4,0.0,SAFE,1,SAFE : arret au feu rouge
57.10,80.4,0.0,SAFE,1,SAFE : arret au feu rouge
57.15,80.4,0.0,SAFE,1,SAFE : arret au feu rouge
57.20,80.4,0.0,SAFE,1,SAFE : arret au feu rouge
57.25,80.4,0.0,SAFE,1,SAFE : arret au feu rouge
57.30,80.4,0.0,SAFE,1,SAFE : arret au feu rouge
57.35,80.4,0.0,SAFE,1,SAFE : arret au feu rouge
57.40,80.4,0.0,SAFE,1,SAFE : arret au feu rouge
57.45,80.4,0.0,SAFE,1,SAFE : arret au feu rouge
57.50,80.4,0.0,SAFE,1,SAFE : arret au feu rouge
57.55,80.4,0.0,SAFE,1,SAFE : arret au feu rouge
57.60,80.4,0.0,SAFE,1,SAFE : arret au feu rouge
57.65,80.4,0.0,SAFE,1,SAFE : arret au feu rouge
57.70,80.4,0.0,SAFE,1,SAFE : arret au feu rouge
57.75,80.4,0.0,SAFE,1,SAFE : arret au feu rouge
57.80,80.4,0.0,SAFE,1,SAFE : arret au feu rouge
57.85,80.4,0.0,SAFE,1,SAFE : arret au feu rouge
57.90,80.4,0.0,SAFE,1,SAFE : arret au feu rouge
57.95,80.4,0.0,SAFE,1,SAFE : arret au feu rouge
58.00,80.4,0.0,SAFE,1,SAFE : arret au feu rouge
58.05,80.4,0.0,SAFE,1,SAFE : arret au feu rouge
58.10,80.4,0.0,SAFE,1,SAFE : arret au feu rouge
58.15,80.4,0.0,SAFE,1,SAFE : arret au feu rouge
58.20,80.4,0.0,SAFE,1,SAFE : arret au feu rouge
58.25,80.4,0.0,SAFE,1,SAFE : arret au feu rouge
58.30,80.4,0.0,SAFE,1,SAFE : arret au feu rouge
58.35,80.4,0.0,SAFE,2,SAFE : arret au feu rouge
58.40,80.4,0.0,SAFE,2,SAFE : arret au feu rouge
58.45,80.4,0.0,SAFE,2,SAFE : arret au feu rouge
58.50,80.4,0.0,SAFE,2,SAFE : arret au feu rouge
58.55,80.4,0.0,SAFE,2,SAFE : arret au feu rouge
58.60,80.4,0.0,SAFE,2,SAFE : arret au feu rouge
58.65,80.4,0.0,SAFE,2,SAFE : arret au feu rouge
58.70,80.4,0.0,SAFE,2,SAFE : arret au feu rouge
58.75,80.4,0.0,SAFE,2,SAFE : arret au feu rouge
58.80,80.4,0.0,SAFE,2,SAFE : arret au feu rouge
58.85,80.4,0.0,SAFE,2,SAFE : arret au feu rouge
58.90,80.4,0.0,SAFE,2,SAFE : arret au feu rouge
58.95,80.4,0.0,SAFE,2,SAFE : arret au feu rouge
59.00,80.4,0.0,SAFE,3,SAFE : arret au feu rouge
59.05,80.4,0.0,SAFE,3,SAFE : arret au feu rouge
59.10,80.4,0.0,SAFE,3,SAFE : arret au feu rouge
59.15,80.4,0.0,SAFE,3,SAFE : arret au feu rouge
59.20,80.4,0.0,SAFE,3,SAFE : arret au feu rouge
59.25,80.4,0.0,SAFE,3,SAFE : arret au feu rouge
59.30,80.4,0.0,SAFE,3,SAFE : arret au feu rouge
59.35,80.4,0.0,SAFE,3,SAFE : arret au feu rouge
59.40,80.4,0.0,SAFE,3,SAFE : arret au feu rouge
59.45,80.4,0.0,SAFE,3,SAFE : arret au feu rouge
59.50,80.4,0.0,SAFE,3,SAFE : arret au feu rouge
59.55,80.4,0.0,SAFE,3,SAFE : arret au feu rouge
59.60,80.4,0.0,SAFE,3,SAFE : arret au feu rouge
59.65,80.4,0.0,SAFE,3,SAFE : arret au feu rouge
59.70,80.4,0.0,SAFE,3,SAFE : arret au feu rouge
59.75,80.4,0.0,SAFE,3,SAFE : arret au feu rouge
59.80,80.4,0.0,SAFE,3,SAFE : arret au feu rouge
59.85,80.4,0.0,SAFE,3,SAFE : arret au feu rouge
59.90,80.4,0.0,SAFE,3,SAFE : arret au feu rouge
59.95,80.4,0.0,SAFE,3,SAFE : arret au feu rouge
60.00,80.4,0.0,SAFE,3,SAFE : arret au feu rouge
60.05,80.4,0.0,SAFE,3,SAFE : arret au feu rouge
60.10,80.4,0.0,SAFE,3,SAFE : arret au feu rouge
60.15,80.4,0.0,SAFE,3,SAFE : arret au feu rouge
60.20,80.4,0.0,SAFE,3,SAFE : arret au feu rouge
60.25,80.4,0.0,SAFE,3,SAFE : arret au feu rouge
60.30,80.4,0.0,SAFE,3,SAFE : arret au feu rouge
60.35,80.4,0.0,SAFE,3,SAFE : arret au feu rouge
60.40,80.4,0.0,SAFE,3,SAFE : arret au feu rouge
60.45,80.4,0.0,SAFE,3,SAFE : arret au feu rouge
60.50,80.4,0.0,SAFE,3,SAFE : arret au feu rouge
60.55,80.4,0.0,SAFE,3,SAFE : arret au feu rouge
60.60,80.4,0.0,SAFE,3,SAFE : arret au feu rouge
60.65,80.4,0.0,SAFE,3,SAFE : arret au feu rouge
60.70,80.4,0.0,SAFE,3,SAFE : arret au feu rouge
60.75,80.4,0.0,SAFE,3,SAFE : arret au feu rouge
60.80,80.4,0.0,SAFE,3,SAFE : arret au feu rouge
60.85,80.4,0.0,SAFE,3,SAFE : arret au feu rouge
60.90,80.4,0.0,SAFE,3,SAFE : arret au feu rouge
60.95,80.4,0.0,SAFE,3,SAFE : arret au feu rouge
61.00,80.4,0.0,SAFE,3,SAFE : arret au feu rouge
61.05,80.4,0.0,SAFE,3,SAFE : arret au feu rouge
61.10,80.4,0.0,SAFE,3,SAFE : arret au feu rouge
61.15,80.4,0.0,SAFE,3,SAFE : arret au feu rouge
61.20,80.4,0.0,SAFE,3,SAFE : arret au feu rouge
61.25,80.4,0.0,SAFE,3,SAFE : arret au feu rouge
61.30,80.4,0.0,SAFE,3,SAFE : arret au feu rouge
61.35,80.4,0.0,SAFE,3,SAFE : arret au feu rouge
61.40,80.4,0.0,SAFE,3,SAFE : arret au feu rouge
61.45,80.4,0.0,SAFE,3,SAFE : arret au feu rouge
61.50,80.4,0.0,SAFE,3,SAFE : arret au feu rouge
61.55,80.4,0.0,SAFE,3,SAFE : arret au feu rouge
61.60,80.4,0.0,SAFE,3,SAFE : arret au feu rouge
61.65,80.4,0.0,SAFE,3,SAFE : arret au feu rouge
61.70,80.4,0.0,SAFE,3,SAFE : arret au feu rouge
61.75,80.4,0.0,SAFE,3,SAFE : arret au feu rouge
61.80,80.4,0.0,SAFE,3,SAFE : arret au feu rouge
61.85,80.4,0.0,SAFE,3,SAFE : arret au feu rouge
61.90,80.4,0.0,SAFE,3,SAFE : arret au feu rouge
61.95,80.4,0.0,SAFE,3,SAFE : arret au feu rouge
62.00,80.4,0.0,SAFE,3,SAFE : arret au feu rouge
62.05,80.4,0.0,SAFE,3,SAFE : arret au feu rouge
62.10,80.4,0.0,SAFE,3,SAFE : arret au feu rouge
62.15,80.4,0.0,SAFE,3,SAFE : arret au feu rouge
62.20,80.4,0.0,SAFE,3,SAFE : arret au feu rouge
62.25,80.4,0.0,SAFE,3,SAFE : arret au feu rouge
62.30,80.4,0.0,SAFE,3,SAFE : arret au feu rouge
62.35,80.4,0.0,SAFE,3,SAFE : arret au feu rouge
62.40,80.4,0.0,SAFE,3,SAFE : arret au feu rouge
62.45,80.4,0.0,SAFE,3,SAFE : arret au feu rouge
62.50,80.4,0.0,SAFE,3,SAFE : arret au feu rouge
62.55,80.4,0.0,SAFE,3,SAFE : arret au feu rouge
62.60,80.4,0.0,SAFE,3,SAFE : arret au feu rouge
62.65,80.4,0.0,SAFE,3,SAFE : arret au feu rouge
62.70,80.4,0.0,SAFE,3,SAFE : arret au feu rouge
62.75,80.4,0.0,SAFE,3,SAFE : arret au feu rouge
62.80,80.4,0.0,SAFE,3,SAFE : arret au feu rouge
62.85,80.4,0.0,SAFE,3,SAFE : arret au feu rouge
62.90,80.4,0.0,SAFE,3,SAFE : arret au feu rouge
62.95,80.4,0.0,SAFE,3,SAFE : arret au feu rouge
63.00,80.4,0.0,SAFE,3,SAFE : arret au feu rouge
63.05,80.4,0.0,SAFE,3,SAFE : arret au feu rouge
63.10,80.4,0.0,SAFE,3,SAFE : arret au feu rouge
63.15,80.4,0.0,SAFE,3,SAFE : arret au feu rouge
63.20,80.4,0.0,SAFE,3,SAFE : arret au feu rouge
63.25,80.4,0.0,SAFE,3,SAFE : arret au feu rouge
63.30,80.4,0.0,SAFE,3,SAFE : arret au feu rouge
63.35,80.4,0.0,SAFE,3,SAFE : arret au feu rouge
63.40,80.4,0.0,SAFE,3,SAFE : arret au feu rouge
63.45,80.4,0.0,SAFE,3,SAFE : arret au feu rouge
63.50,80.4,0.0,SAFE,3,SAFE : arret au feu rouge
63.55,80.4,0.0,SAFE,3,SAFE : arret au feu rouge
63.60,80.4,0.0,SAFE,3,SAFE : arret au feu rouge
63.65,80.4,0.0,SAFE,3,SAFE : arret au feu rouge
63.70,80.4,0.0,SAFE,3,SAFE : arret au feu rouge
63.75,80.4,0.0,SAFE,3,SAFE : arret au feu rouge
63.80,80.4,0.0,SAFE,3,SAFE : arret au feu rouge
63.85,80.4,0.0,SAFE,3,SAFE : arret au feu rouge
63.90,80.4,0.0,SAFE,3,SAFE : arret au feu rouge
63.95,80.4,0.0,SAFE,3,SAFE : arret au feu rouge
64.00,80.4,0.0,SAFE,3,SAFE : arret au feu rouge
64.05,80.4,0.0,SAFE,3,SAFE : arret au feu rouge
64.10,80.4,0.0,SAFE,3,SAFE : arret au feu rouge
64.15,80.4,0.0,SAFE,3,SAFE : arret au feu rouge
64.20,80.4,0.0,SAFE,3,SAFE : arret au feu rouge
64.25,80.4,0.0,SAFE,3,SAFE : arret au feu rouge
64.30,80.4,0.0,SAFE,3,SAFE : arret au feu rouge
64.35,80.4,0.0,SAFE,3,Situation maîtrisée
64.40,80.4,0.0,SAFE,3,Situation maîtrisée
64.45,80.4,0.0,SAFE,3,Situation maîtrisée
64.50,80.4,0.3,SAFE,3,Situation maîtrisée
64.55,80.4,0.8,SAFE,3,Situation maîtrisée
64.60,80.4,1.5,SAFE,3,Situation maîtrisée
64.65,80.4,2.3,SAFE,3,Situation maîtrisée
64.70,80.5,2.9,SAFE,3,Situation maîtrisée
64.75,80.5,3.8,SAFE,3,Situation maîtrisée
64.80,80.6,4.4,SAFE,3,Situation maîtrisée
64.85,80.6,5.3,SAFE,3,Situation maîtrisée
64.90,80.7,6.2,SAFE,3,Situation maîtrisée
64.95,80.8,7.1,SAFE,3,Situation maîtrisée
65.00,80.9,7.9,SAFE,3,Situation maîtrisée
65.05,81.0,8.7,SAFE,3,Situation maîtrisée
65.10,81.2,9.5,SAFE,3,Situation maîtrisée
65.15,81.3,10.4,SAFE,3,Situation maîtrisée
65.20,81.4,11.2,SAFE,3,Situation maîtrisée
65.25,81.6,12.0,SAFE,3,Situation maîtrisée
65.30,81.8,12.7,SAFE,3,Situation maîtrisée
65.35,82.0,13.4,SAFE,3,Situation maîtrisée
65.40,82.2,14.1,SAFE,3,Situation maîtrisée
65.45,82.4,14.7,SAFE,3,Situation maîtrisée
65.50,82.6,15.2,SAFE,3,Situation maîtrisée
65.55,82.8,15.7,SAFE,3,Situation maîtrisée
65.60,83.0,16.1,SAFE,3,Situation maîtrisée
65.65,83.2,16.5,SAFE,3,Situation maîtrisée
65.70,83.5,16.9,SAFE,3,Situation maîtrisée
65.75,83.7,17.3,SAFE,3,Situation maîtrisée
65.80,83.9,17.6,SAFE,3,Situation maîtrisée
65.85,84.2,17.9,SAFE,3,Situation maîtrisée
65.90,84.4,18.1,SAFE,3,Situation maîtrisée
65.95,84.7,18.3,SAFE,3,Situation maîtrisée
66.00,84.9,18.1,SAFE,3,Situation maîtrisée
66.05,85.2,18.2,SAFE,3,Situation maîtrisée
66.10,85.4,18.2,SAFE,3,Situation maîtrisée
66.15,85.7,18.2,SAFE,3,Situation maîtrisée
66.20,86.0,18.1,SAFE,3,Situation maîtrisée
66.25,86.2,18.4,SAFE,3,Situation maîtrisée
66.30,86.5,18.2,SAFE,3,Situation maîtrisée
66.35,86.7,18.0,SAFE,3,Situation maîtrisée
66.40,87.0,18.4,SAFE,3,Situation maîtrisée
66.45,87.2,18.2,SAFE,3,Situation maîtrisée
66.50,87.5,18.1,SAFE,3,Situation maîtrisée
66.55,87.7,18.5,SAFE,3,Situation maîtrisée
66.60,88.0,18.3,SAFE,3,Situation maîtrisée
66.65,88.2,18.1,SAFE,3,Situation maîtrisée
66.70,88.5,18.5,SAFE,3,Situation maîtrisée
66.75,88.7,18.2,SAFE,3,Situation maîtrisée
66.80,89.0,18.1,SAFE,3,Situation maîtrisée
66.85,89.2,18.4,SAFE,3,Situation maîtrisée
66.90,89.5,18.2,SAFE,3,Situation maîtrisée
66.95,89.8,18.3,SAFE,3,Situation maîtrisée
67.00,90.0,18.1,SAFE,3,Situation maîtrisée
67.05,90.3,18.1,SAFE,3,Situation maîtrisée
67.10,90.5,18.3,SAFE,3,Situation maîtrisée
67.15,90.8,18.1,SAFE,3,Situation maîtrisée
67.20,91.0,17.8,SAFE,3,Situation maîtrisée
67.25,91.3,18.0,SAFE,3,Situation maîtrisée
67.30,91.5,17.8,SAFE,3,Situation maîtrisée
67.35,91.8,17.8,SAFE,3,Situation maîtrisée
67.40,92.0,17.9,SAFE,3,Situation maîtrisée
67.45,92.2,17.7,SAFE,3,Situation maîtrisée
67.50,92.5,17.5,SAFE,3,Situation maîtrisée
67.55,92.7,17.4,SAFE,3,Situation maîtrisée
67.60,93.0,17.4,SAFE,3,Situation maîtrisée
67.65,93.2,17.5,SAFE,2,Situation maîtrisée
67.70,93.4,17.3,SAFE,2,Situation maîtrisée
67.75,93.7,17.0,SAFE,2,Situation maîtrisée
67.80,93.9,16.9,SAFE,2,Situation maîtrisée
67.85,94.1,16.9,SAFE,2,Situation maîtrisée
67.90,94.4,16.9,SAFE,2,Situation maîtrisée
67.95,94.6,17.0,SAFE,2,Situation maîtrisée
68.00,94.8,17.1,SAFE,2,Situation maîtrisée
68.05,95.1,17.0,SAFE,2,Situation maîtrisée
68.10,95.3,16.8,SAFE,2,Situation maîtrisée
68.15,95.5,16.9,SAFE,2,Situation maîtrisée
68.20,95.8,16.9,SAFE,2,Situation maîtrisée
68.25,96.0,17.0,SAFE,2,Situation maîtrisée
68.30,96.3,17.1,SAFE,2,Situation maîtrisée
68.35,96.5,17.2,SAFE,2,Situation maîtrisée
68.40,96.7,17.2,SAFE,2,Situation maîtrisée
68.45,97.0,17.2,SAFE,2,Situation maîtrisée
68.50,97.2,17.3,SAFE,2,Situation maîtrisée
68.55,97.5,17.4,SAFE,2,Situation maîtrisée
68.60,97.7,17.5,SAFE,2,Situation maîtrisée
68.65,97.9,17.6,SAFE,2,Situation maîtrisée
68.70,98.2,17.7,SAFE,2,Situation maîtrisée
68.75,98.4,17.7,SAFE,2,Situation maîtrisée
68.80,98.7,17.8,SAFE,2,Situation maîtrisée
68.85,98.9,17.9,SAFE,2,Situation maîtrisée
68.90,99.2,18.0,SAFE,2,Situation maîtrisée
68.95,99.4,18.1,SAFE,2,Situation maîtrisée
69.00,99.7,18.0,SAFE,2,Situation maîtrisée
69.05,99.9,18.0,SAFE,2,Situation maîtrisée
69.10,100.2,18.1,SAFE,2,Situation maîtrisée
69.15,100.4,18.1,SAFE,2,Situation maîtrisée
69.20,100.7,18.0,SAFE,2,Situation maîtrisée
69.25,100.9,18.2,SAFE,2,Situation maîtrisée
69.30,101.2,18.1,SAFE,2,Situation maîtrisée
69.35,101.4,18.0,SAFE,2,Situation maîtrisée
69.40,101.7,17.9,SAFE,2,Situation maîtrisée
69.45,101.9,18.2,SAFE,2,Situation maîtrisée
69.50,102.2,18.2,SAFE,2,Situation maîtrisée
69.55,102.4,17.9,SAFE,2,Situation maîtrisée
69.60,102.7,18.1,SAFE,2,Situation maîtrisée
69.65,102.9,18.2,SAFE,2,Situation maîtrisée
69.70,103.2,18.2,SAFE,2,Situation maîtrisée
69.75,103.4,18.1,SAFE,2,Situation maîtrisée
69.80,103.7,18.4,SAFE,2,Situation maîtrisée
69.85,104.0,18.2,SAFE,2,Situation maîtrisée
69.90,104.2,18.0,SAFE,2,Situation maîtrisée
69.95,104.5,18.5,SAFE,2,Situation maîtrisée
70.00,104.7,18.2,SAFE,2,Situation maîtrisée
70.05,105.0,18.1,SAFE,2,Situation maîtrisée
70.10,105.2,18.5,SAFE,2,Situation maîtrisée
70.15,105.5,18.4,SAFE,2,Situation maîtrisée
70.20,105.7,18.2,SAFE,2,Situation maîtrisée
70.25,106.0,18.2,SAFE,2,Situation maîtrisée
70.30,106.2,18.0,SAFE,2,Situation maîtrisée
70.35,106.5,18.7,SAFE,2,Situation maîtrisée
70.40,106.7,18.4,SAFE,1,Situation maîtrisée
70.45,107.0,18.4,SAFE,1,Situation maîtrisée
70.50,107.3,18.2,SAFE,1,Situation maîtrisée
70.55,107.5,18.3,SAFE,1,Situation maîtrisée
70.60,107.8,18.2,SAFE,1,Situation maîtrisée
70.65,108.0,18.2,SAFE,1,Situation maîtrisée
70.70,108.3,18.1,SAFE,1,Situation maîtrisée
70.75,108.5,18.2,SAFE,1,Situation maîtrisée
70.80,108.8,18.1,SAFE,1,Situation maîtrisée
70.85,109.0,18.3,SAFE,1,Situation maîtrisée
70.90,109.3,18.2,SAFE,1,Situation maîtrisée
70.95,109.5,18.3,SAFE,1,Situation maîtrisée
71.00,109.8,18.3,SAFE,1,Situation maîtrisée
71.05,110.0,18.4,SAFE,1,Situation maîtrisée
71.10,110.3,18.3,SAFE,1,Situation maîtrisée
71.15,110.6,18.4,SAFE,1,Situation maîtrisée
71.20,110.8,18.4,SAFE,1,Situation maîtrisée
71.25,111.1,18.5,SAFE,1,Situation maîtrisée
71.30,111.3,18.5,SAFE,1,Situation maîtrisée
71.35,111.6,18.6,SAFE,1,Situation maîtrisée
71.40,111.8,18.6,SAFE,1,Situation maîtrisée
71.45,112.1,18.7,SAFE,1,Situation maîtrisée
71.50,112.4,18.6,SAFE,1,Situation maîtrisée
71.55,112.6,18.7,SAFE,1,Situation maîtrisée
71.60,112.9,18.7,SAFE,1,Situation maîtrisée
71.65,113.1,18.8,SAFE,1,Situation maîtrisée
71.70,113.4,18.8,SAFE,1,Situation maîtrisée
71.75,113.7,18.9,SAFE,1,Situation maîtrisée
71.80,113.9,18.8,SAFE,1,Situation maîtrisée
71.85,114.2,18.9,SAFE,1,Situation maîtrisée
71.90,114.4,18.9,SAFE,1,Situation maîtrisée
71.95,114.7,19.0,SAFE,1,Situation maîtrisée
72.00,115.0,18.9,SAFE,1,Situation maîtrisée
72.05,115.2,19.1,SAFE,1,Situation maîtrisée
72.10,115.5,19.0,SAFE,1,Situation maîtrisée
72.15,115.8,19.1,SAFE,1,Situation maîtrisée
72.20,116.0,19.1,SAFE,0,Voie libre
72.25,116.3,19.2,SAFE,0,Voie libre
72.30,116.6,19.1,SAFE,0,Voie libre
72.35,116.8,19.2,SAFE,0,Voie libre
72.40,117.1,19.1,SAFE,0,Voie libre
72.45,117.4,19.2,SAFE,0,Voie libre
72.50,117.6,19.2,SAFE,0,Voie libre
72.55,117.9,19.3,SAFE,0,Voie libre
72.60,118.2,19.2,SAFE,0,Voie libre
72.65,118.4,19.3,SAFE,0,Voie libre
72.70,118.7,19.3,SAFE,0,Voie libre
72.75,119.0,19.4,SAFE,0,Voie libre
72.80,119.2,19.3,SAFE,0,Voie libre
72.85,119.5,19.4,SAFE,0,Voie libre
72.90,119.8,19.3,SAFE,0,Voie libre
72.95,120.0,19.4,SAFE,0,Voie libre
73.00,120.3,19.3,SAFE,0,Voie libre
73.05,120.6,19.4,SAFE,0,Voie libre
73.10,120.8,19.3,SAFE,0,Voie libre
73.15,121.1,19.4,SAFE,0,Voie libre
73.20,121.4,19.3,SAFE,0,Voie libre
73.25,121.7,19.4,SAFE,0,Voie libre
73.30,121.9,19.3,SAFE,0,Voie libre
73.35,122.2,19.4,SAFE,0,Voie libre
73.40,122.5,19.3,SAFE,0,Voie libre
73.45,122.7,19.4,SAFE,0,Voie libre
73.50,123.0,19.3,SAFE,0,Voie libre
73.55,123.3,19.3,SAFE,0,Voie libre
73.60,123.5,19.2,SAFE,0,Voie libre
73.65,123.8,19.3,SAFE,0,Voie libre
73.70,124.1,19.2,SAFE,0,Voie libre
73.75,124.3,19.2,SAFE,0,Voie libre
73.80,124.6,19.1,SAFE,0,Voie libre
73.85,124.9,19.1,SAFE,0,Voie libre
73.90,125.1,19.0,SAFE,0,Voie libre
73.95,125.4,19.1,SAFE,0,Voie libre
74.00,125.7,18.9,SAFE,0,Voie libre
74.05,125.9,19.0,SAFE,0,Voie libre
74.10,126.2,18.9,SAFE,0,Voie libre
74.15,126.4,18.9,SAFE,0,Voie libre
74.20,126.7,18.8,SAFE,0,Voie libre
74.25,127.0,18.8,SAFE,0,Voie libre
74.30,127.2,18.7,SAFE,0,Voie libre
74.35,127.5,18.8,SAFE,0,Voie libre
74.40,127.8,18.6,SAFE,0,Voie libre
74.45,128.0,18.7,SAFE,0,Voie libre
74.50,128.3,18.6,SAFE,0,Voie libre
74.55,128.5,18.6,SAFE,0,Voie libre
74.60,128.8,18.5,SAFE,0,Voie libre
74.65,129.0,18.5,SAFE,0,Voie libre
74.70,129.3,18.4,SAFE,0,Voie libre
74.75,129.6,18.4,SAFE,0,Voie libre
74.80,129.8,18.3,SAFE,0,Voie libre
74.85,130.1,18.3,SAFE,0,Voie libre
74.90,130.3,18.2,SAFE,0,Voie libre
74.95,130.6,18.3,SAFE,0,Voie libre
75.00,130.8,18.1,SAFE,0,Voie libre
75.05,131.1,18.2,SAFE,0,Voie libre
75.10,131.3,18.0,SAFE,0,Voie libre
75.15,131.6,18.6,SAFE,0,Voie libre
75.20,131.8,18.5,SAFE,0,Voie libre
75.25,132.1,18.5,SAFE,0,Voie libre
75.30,132.3,18.2,SAFE,0,Voie libre
75.35,132.6,18.2,SAFE,0,Voie libre
75.40,132.8,18.0,SAFE,0,Voie libre
75.45,133.1,18.6,SAFE,0,Voie libre
75.50,133.4,18.3,SAFE,0,Voie libre
75.55,133.6,18.2,SAFE,0,Voie libre
75.60,133.9,18.0,SAFE,0,Voie libre
75.65,134.1,18.5,SAFE,0,Voie libre
75.70,134.4,18.2,SAFE,0,Voie libre
75.75,134.6,18.1,SAFE,0,Voie libre
75.80,134.9,18.4,SAFE,0,Voie libre
75.85,135.1,18.3,SAFE,0,Voie libre
75.90,135.4,18.0,SAFE,0,Voie libre
75.95,135.6,18.4,SAFE,0,Voie libre
76.00,135.9,18.1,SAFE,0,Voie libre
76.05,136.1,18.4,SAFE,0,Voie libre
76.10,136.4,18.2,SAFE,0,Voie libre
76.15,136.6,18.2,SAFE,0,Voie libre
76.20,136.9,18.2,SAFE,0,Voie libre
76.25,137.2,18.2,SAFE,0,Voie libre
76.30,137.4,18.3,SAFE,0,Voie libre
76.35,137.7,18.3,SAFE,0,Voie libre
76.40,137.9,18.0,SAFE,0,Voie libre
76.45,138.2,18.3,SAFE,0,Voie libre
76.50,138.4,18.3,SAFE,0,Voie libre
76.55,138.7,18.3,SAFE,0,Voie libre
76.60,138.9,18.3,SAFE,0,Voie libre
76.65,139.2,18.1,SAFE,0,Voie libre
76.70,139.4,18.3,SAFE,0,Voie libre
76.75,139.7,18.1,SAFE,0,Voie libre
76.80,139.9,18.2,SAFE,0,Voie libre
76.85,140.2,18.1,SAFE,0,Voie libre
76.90,140.4,18.3,SAFE,0,Voie libre
76.95,140.7,18.1,SAFE,0,Voie libre
77.00,140.9,18.3,SAFE,0,Voie libre
77.05,141.2,18.0,SAFE,0,Voie libre
77.10,141.4,18.3,SAFE,0,Voie libre
77.15,141.7,18.2,SAFE,0,Voie libre
77.20,142.0,18.1,SAFE,0,Voie libre
77.25,142.2,18.3,SAFE,0,Voie libre
77.30,142.5,18.1,SAFE,0,Voie libre
77.35,142.7,18.3,SAFE,0,Voie libre
77.40,143.0,18.0,SAFE,0,Voie libre
77.45,143.2,18.2,SAFE,0,Voie libre
77.50,143.5,18.2,SAFE,0,Voie libre
77.55,143.7,18.1,SAFE,0,Voie libre
77.60,144.0,18.3,SAFE,0,Voie libre
77.65,144.2,18.1,SAFE,0,Voie libre
77.70,144.5,18.3,SAFE,0,Voie libre
77.75,144.7,18.0,SAFE,0,Voie libre
77.80,145.0,18.3,SAFE,0,Voie libre
77.85,145.2,18.0,SAFE,0,Voie libre
77.90,145.5,18.3,SAFE,0,Voie libre
77.95,145.7,18.0,SAFE,0,Voie libre
78.00,146.0,18.3,SAFE,0,Voie libre
78.05,146.2,18.0,SAFE,0,Voie libre
78.10,146.5,18.3,SAFE,0,Voie libre
78.15,146.7,18.0,SAFE,0,Voie libre
78.20,147.0,18.3,SAFE,0,Voie libre
78.25,147.2,18.0,SAFE,0,Voie libre
78.30,147.5,18.2,SAFE,0,Voie libre
78.35,147.8,18.0,SAFE,0,Voie libre
78.40,148.0,18.2,SAFE,0,Voie libre
78.45,148.3,18.0,SAFE,0,Voie libre
78.50,148.5,18.3,SAFE,0,Voie libre
78.55,148.8,18.0,SAFE,0,Voie libre
78.60,149.0,18.3,SAFE,0,Voie libre
78.65,149.3,18.0,SAFE,0,Voie libre
78.70,149.5,18.3,SAFE,0,Voie libre
78.75,149.8,18.1,SAFE,0,Voie libre
78.80,150.0,18.3,SAFE,0,Voie libre
78.85,150.3,18.1,SAFE,0,Voie libre
78.90,150.5,18.3,SAFE,0,Voie libre
78.95,150.8,18.0,SAFE,0,Voie libre
79.00,151.0,18.3,SAFE,0,Voie libre
79.05,151.3,18.1,SAFE,0,Voie libre
79.10,151.5,18.2,SAFE,0,Voie libre
79.15,151.8,18.2,SAFE,0,Voie libre
79.20,152.0,18.0,SAFE,0,Voie libre
79.25,152.3,18.3,SAFE,0,Voie libre
79.30,152.5,18.1,SAFE,0,Voie libre
79.35,152.8,18.4,SAFE,0,Voie libre
79.40,153.1,18.3,SAFE,0,Voie libre
79.45,153.3,18.0,SAFE,0,Voie libre
79.50,153.6,18.3,SAFE,0,Voie libre
79.55,153.8,18.1,SAFE,0,Voie libre
79.60,154.1,18.3,SAFE,0,Voie libre
79.65,154.3,18.3,SAFE,0,Voie libre
79.70,154.6,18.1,SAFE,0,Voie libre
79.75,154.8,18.4,SAFE,0,Voie libre
79.80,155.1,18.2,SAFE,0,Voie libre
79.85,155.3,18.0,SAFE,0,Voie libre
79.90,155.6,18.5,SAFE,0,Voie libre
79.95,155.8,18.0,SAFE,0,Voie libre
80.00,156.1,18.3,SAFE,0,Voie libre
80.05,156.3,18.2,SAFE,0,Voie libre
80.10,156.6,18.2,SAFE,0,Voie libre
80.15,156.8,18.2,SAFE,0,Voie libre
80.20,157.1,18.2,SAFE,0,Voie libre
80.25,157.4,18.2,SAFE,0,Voie libre
80.30,157.6,18.3,SAFE,0,Voie libre
80.35,157.9,18.1,SAFE,0,Voie libre
80.40,158.1,18.3,SAFE,0,Voie libre
80.45,158.4,18.3,SAFE,0,Voie libre
80.50,158.6,18.1,SAFE,0,Voie libre
80.55,158.9,18.4,SAFE,0,Voie libre
80.60,159.1,18.3,SAFE,0,Voie libre
80.65,159.4,18.1,SAFE,0,Voie libre
80.70,159.6,18.4,SAFE,0,Voie libre
80.75,159.9,18.2,SAFE,0,Voie libre
80.80,160.1,18.4,SAFE,0,Voie libre
80.85,160.4,18.0,SAFE,0,Voie libre
80.90,160.6,18.4,SAFE,0,Voie libre
80.95,160.9,18.3,SAFE,0,Voie libre
81.00,161.2,18.2,SAFE,0,Voie libre
81.05,161.4,18.1,SAFE,0,Voie libre
81.10,161.7,18.3,SAFE,0,Voie libre
81.15,161.9,18.5,SAFE,0,Voie libre
81.20,162.2,18.3,SAFE,0,Voie libre
81.25,162.4,18.2,SAFE,0,Voie libre
81.30,162.7,18.1,SAFE,0,Voie libre
81.35,162.9,18.0,SAFE,0,Voie libre
81.40,163.2,18.6,SAFE,0,Voie libre
81.45,163.4,18.5,SAFE,0,Voie libre
81.50,163.7,18.4,SAFE,0,Voie libre
81.55,163.9,18.3,SAFE,0,Voie libre
81.60,164.2,18.2,SAFE,0,Voie libre
81.65,164.5,18.2,SAFE,0,Voie libre
81.70,164.7,18.2,SAFE,0,Voie libre
81.75,165.0,18.2,SAFE,0,Voie libre
81.80,165.2,18.2,SAFE,0,Voie libre
81.85,165.5,18.2,SAFE,0,Voie libre
81.90,165.7,18.2,SAFE,0,Voie libre
81.95,166.0,18.2,SAFE,0,Voie libre
82.00,166.2,18.3,SAFE,0,Voie libre
82.05,166.5,18.3,SAFE,0,Voie libre
82.10,166.7,18.3,SAFE,0,Voie libre
82.15,167.0,18.4,SAFE,0,Voie libre
82.20,167.2,18.4,SAFE,0,Voie libre
82.25,167.5,18.5,SAFE,0,Voie libre
82.30,167.8,18.5,SAFE,0,Voie libre
82.35,168.0,18.6,SAFE,0,Voie libre
82.40,168.3,18.6,SAFE,0,Voie libre
82.45,168.5,18.6,SAFE,0,Voie libre
82.50,168.8,18.7,SAFE,0,Voie libre
82.55,169.0,18.7,SAFE,0,Voie libre
82.60,169.3,18.8,SAFE,0,Voie libre
82.65,169.6,18.8,SAFE,0,Voie libre
82.70,169.8,18.8,SAFE,0,Voie libre
82.75,170.1,18.9,SAFE,0,Voie libre
82.80,170.4,18.9,SAFE,0,Voie libre
82.85,170.6,18.9,SAFE,0,Voie libre
82.90,170.9,19.0,SAFE,0,Voie libre
82.95,171.1,19.0,SAFE,0,Voie libre
83.00,171.4,19.0,SAFE,0,Voie libre
83.05,171.7,19.1,SAFE,0,Voie libre
83.10,171.9,19.1,SAFE,0,Voie libre
83.15,172.2,19.1,SAFE,0,Voie libre
83.20,172.5,19.2,SAFE,0,Voie libre
83.25,172.7,19.2,SAFE,0,Voie libre
83.30,173.0,19.2,SAFE,0,Voie libre
83.35,173.3,19.2,SAFE,0,Voie libre
83.40,173.5,19.3,SAFE,0,Voie libre
83.45,173.8,19.3,SAFE,0,Voie libre
83.50,174.1,19.3,SAFE,0,Voie libre
83.55,174.3,19.3,SAFE,0,Voie libre
83.60,174.6,19.3,SAFE,0,Voie libre
83.65,174.9,19.4,SAFE,0,Voie libre
83.70,175.1,19.4,SAFE,0,Voie libre
83.75,175.4,19.4,SAFE,0,Voie libre
83.80,175.7,19.4,SAFE,0,Voie libre
83.85,176.0,19.4,SAFE,0,Voie libre
83.90,176.2,19.4,SAFE,0,Voie libre
83.95,176.5,19.5,SAFE,0,Voie libre
84.00,176.8,19.5,SAFE,0,Voie libre
84.05,177.0,19.5,SAFE,0,Voie libre
84.10,177.3,19.5,SAFE,0,Voie libre
84.15,177.6,19.5,SAFE,0,Voie libre
84.20,177.8,19.5,SAFE,0,Voie libre
84.25,178.1,19.5,SAFE,0,Voie libre
84.30,178.4,19.5,SAFE,0,Voie libre
84.35,178.7,19.6,SAFE,0,Voie libre
84.40,178.9,19.6,SAFE,0,Voie libre
84.45,179.2,19.6,SAFE,0,Voie libre
84.50,179.5,19.6,SAFE,0,Voie libre
84.55,179.8,19.6,SAFE,0,Voie libre
84.60,180.0,19.6,SAFE,0,Voie libre
84.65,180.3,19.6,SAFE,0,Voie libre
84.70,180.6,19.6,SAFE,0,Voie libre
84.75,180.8,19.6,SAFE,0,Voie libre
84.80,181.1,19.6,SAFE,0,Voie libre
84.85,181.4,19.6,SAFE,0,Voie libre
84.90,181.7,19.6,SAFE,0,Voie libre
84.95,181.9,19.7,SAFE,0,Voie libre
85.00,182.2,19.7,SAFE,0,Voie libre
85.05,182.5,19.7,SAFE,0,Voie libre
85.10,182.8,19.7,SAFE,0,Voie libre
85.15,183.0,19.7,SAFE,0,Voie libre
85.20,183.3,19.7,SAFE,0,Voie libre
85.25,183.6,19.7,SAFE,0,Voie libre
85.30,183.8,19.7,SAFE,0,Voie libre
85.35,184.1,19.7,SAFE,0,Voie libre
85.40,184.4,19.7,SAFE,0,Voie libre
85.45,184.7,19.7,SAFE,0,Voie libre
85.50,184.9,19.7,SAFE,0,Voie libre
85.55,185.2,19.7,SAFE,0,Voie libre
85.60,185.5,19.7,SAFE,0,Voie libre
85.65,185.8,19.7,SAFE,0,Voie libre
85.70,186.0,19.7,SAFE,0,Voie libre
85.75,186.3,19.7,SAFE,0,Voie libre
85.80,186.6,19.7,SAFE,0,Voie libre
85.85,186.9,19.7,SAFE,0,Voie libre
85.90,187.1,19.7,SAFE,0,Voie libre
85.95,187.4,19.7,SAFE,0,Voie libre
86.00,187.7,19.7,SAFE,0,Voie libre
86.05,188.0,19.7,SAFE,0,Voie libre
86.10,188.2,19.7,SAFE,0,Voie libre
86.15,188.5,19.7,SAFE,0,Voie libre
86.20,188.8,19.7,SAFE,0,Voie libre
86.25,189.0,19.7,SAFE,0,Voie libre
86.30,189.3,19.7,SAFE,0,Voie libre
86.35,189.6,19.7,SAFE,0,Voie libre
86.40,189.9,19.7,SAFE,0,Voie libre
86.45,190.1,19.7,SAFE,0,Voie libre
86.50,190.4,19.7,SAFE,0,Voie libre
86.55,190.7,19.7,SAFE,0,Voie libre
86.60,191.0,19.7,SAFE,0,Voie libre
86.65,191.2,19.7,SAFE,0,Voie libre
86.70,191.5,19.7,SAFE,1,Situation maîtrisée
86.75,191.8,19.7,SAFE,1,Situation maîtrisée
86.80,192.1,19.7,SAFE,1,Situation maîtrisée
86.85,192.3,19.7,SAFE,1,Situation maîtrisée
86.90,192.6,19.7,SAFE,1,Situation maîtrisée
86.95,192.9,19.7,SAFE,1,Situation maîtrisée
87.00,193.2,19.7,SAFE,1,Situation maîtrisée
87.05,193.4,19.7,SAFE,1,Situation maîtrisée
87.10,193.7,19.7,SAFE,1,Situation maîtrisée
87.15,194.0,19.7,SAFE,1,Situation maîtrisée
87.20,194.3,19.7,SAFE,1,Situation maîtrisée
87.25,194.5,19.7,SAFE,1,Situation maîtrisée
87.30,194.8,19.7,SAFE,1,Situation maîtrisée
87.35,195.1,19.7,SAFE,1,Situation maîtrisée
87.40,195.4,19.7,SAFE,1,Situation maîtrisée
87.45,195.6,19.7,SAFE,1,Situation maîtrisée
87.50,195.9,19.7,SAFE,1,Situation maîtrisée
87.55,196.2,19.7,SAFE,1,Situation maîtrisée
87.60,196.4,19.7,SAFE,1,Situation maîtrisée
87.65,196.7,19.7,SAFE,1,Situation maîtrisée
87.70,197.0,19.7,SAFE,1,Situation maîtrisée
87.75,197.3,19.7,SAFE,1,Situation maîtrisée
87.80,197.5,19.7,SAFE,1,Situation maîtrisée
87.85,197.8,19.7,SAFE,1,Situation maîtrisée
87.90,198.1,19.7,SAFE,1,Situation maîtrisée
87.95,198.4,19.7,SAFE,1,Situation maîtrisée
88.00,198.6,19.7,SAFE,1,Situation maîtrisée
88.05,198.9,19.7,SAFE,1,Situation maîtrisée
88.10,199.2,19.7,SAFE,1,Situation maîtrisée
88.15,199.5,19.7,SAFE,1,Situation maîtrisée
88.20,199.7,19.7,SAFE,1,Situation maîtrisée
88.25,200.0,19.7,SAFE,1,Situation maîtrisée
88.30,200.3,19.7,SAFE,1,Situation maîtrisée
88.35,200.6,19.7,SAFE,1,Situation maîtrisée
88.40,200.8,19.7,SAFE,1,Situation maîtrisée
88.45,201.1,19.7,SAFE,1,Situation maîtrisée
88.50,201.4,19.7,SAFE,1,Situation maîtrisée
88.55,201.7,19.7,SAFE,1,Situation maîtrisée
88.60,201.9,19.7,SAFE,1,Situation maîtrisée
88.65,202.2,19.7,SAFE,1,Situation maîtrisée
88.70,202.5,19.7,SAFE,1,Situation maîtrisée
88.75,202.8,19.7,SAFE,1,Situation maîtrisée
88.80,203.0,19.7,SAFE,1,Situation maîtrisée
88.85,203.3,19.7,SAFE,1,Situation maîtrisée
88.90,203.6,19.7,SAFE,1,Situation maîtrisée
88.95,203.9,19.7,SAFE,1,Situation maîtrisée
89.00,204.1,19.7,SAFE,1,Situation maîtrisée
89.05,204.4,19.7,SAFE,1,Situation maîtrisée
89.10,204.7,19.7,SAFE,1,Situation maîtrisée
89.15,205.0,19.7,SAFE,1,Situation maîtrisée
89.20,205.2,19.7,SAFE,1,Situation maîtrisée
89.25,205.5,19.7,SAFE,1,Situation maîtrisée
89.30,205.8,19.7,SAFE,1,Situation maîtrisée
89.35,206.0,19.7,SAFE,1,Situation maîtrisée
89.40,206.3,19.7,SAFE,1,Situation maîtrisée
89.45,206.6,19.7,SAFE,1,Situation maîtrisée
89.50,206.9,19.7,SAFE,1,Situation maîtrisée
89.55,207.1,19.7,SAFE,1,Situation maîtrisée
89.60,207.4,19.7,SAFE,1,Situation maîtrisée
89.65,207.7,19.7,SAFE,1,Situation maîtrisée
89.70,208.0,19.7,SAFE,1,Situation maîtrisée
89.75,208.2,19.7,SAFE,1,Situation maîtrisée
89.80,208.5,19.7,SAFE,1,Situation maîtrisée
89.85,208.8,19.7,SAFE,1,Situation maîtrisée
89.90,209.1,19.7,SAFE,1,Situation maîtrisée
89.95,209.3,19.7,SAFE,1,Situation maîtrisée
90.00,209.6,19.7,SAFE,1,Situation maîtrisée
90.05,209.9,19.7,SAFE,1,Situation maîtrisée
90.10,210.2,19.7,SAFE,1,Situation maîtrisée
90.15,210.4,19.7,SAFE,1,Situation maîtrisée
90.20,210.7,19.7,SAFE,1,Situation maîtrisée
90.25,211.0,19.7,SAFE,1,Situation maîtrisée
90.30,211.3,19.7,SAFE,1,Situation maîtrisée
90.35,211.5,19.7,SAFE,1,Situation maîtrisée
90.40,211.8,19.7,SAFE,1,Situation maîtrisée
90.45,212.1,19.7,SAFE,1,Situation maîtrisée
90.50,212.4,19.7,SAFE,1,Situation maîtrisée
90.55,212.6,19.7,SAFE,1,Situation maîtrisée
90.60,212.9,19.7,SAFE,1,Situation maîtrisée
90.65,213.2,19.7,SAFE,1,Situation maîtrisée
90.70,213.5,19.7,SAFE,1,Situation maîtrisée
90.75,213.7,19.7,SAFE,1,Situation maîtrisée
90.80,214.0,19.7,SAFE,1,Situation maîtrisée
90.85,214.3,19.7,SAFE,1,Situation maîtrisée
90.90,214.5,19.7,SAFE,0,Voie libre
90.95,214.8,19.7,SAFE,0,Voie libre
91.00,215.1,19.7,SAFE,0,Voie libre
91.05,215.4,19.7,SAFE,0,Voie libre
91.10,215.6,19.7,SAFE,0,Voie libre
91.15,215.9,19.7,SAFE,0,Voie libre
91.20,216.2,19.7,SAFE,0,Voie libre
91.25,216.5,19.7,SAFE,0,Voie libre
91.30,216.7,19.7,SAFE,0,Voie libre
91.35,217.0,19.7,SAFE,0,Voie libre
91.40,217.3,19.7,SAFE,0,Voie libre
91.45,217.6,19.7,SAFE,0,Voie libre
91.50,217.8,19.7,SAFE,0,Voie libre
91.55,218.1,19.7,SAFE,0,Voie libre
91.60,218.4,19.7,SAFE,0,Voie libre
91.65,218.7,19.7,SAFE,0,Voie libre
91.70,218.9,19.7,SAFE,0,Voie libre
91.75,219.2,19.7,SAFE,0,Voie libre
91.80,219.5,19.7,SAFE,0,Voie libre
91.85,219.8,19.7,SAFE,0,Voie libre
91.90,220.0,19.7,SAFE,0,Voie libre
91.95,220.3,19.7,SAFE,0,Voie libre
92.00,220.6,19.7,SAFE,0,Voie libre
92.05,220.9,19.7,SAFE,0,Voie libre
92.10,221.1,19.7,SAFE,0,Voie libre
92.15,221.4,19.7,SAFE,0,Voie libre
92.20,221.7,19.7,SAFE,0,Voie libre
92.25,222.0,19.7,SAFE,0,Voie libre
92.30,222.2,19.7,SAFE,0,Voie libre
92.35,222.5,19.7,SAFE,0,Voie libre
92.40,222.8,19.7,SAFE,0,Voie libre
92.45,223.0,19.7,SAFE,0,Voie libre
92.50,223.3,19.7,SAFE,0,Voie libre
92.55,223.6,19.7,SAFE,0,Voie libre
92.60,223.9,19.7,SAFE,0,Voie libre
92.65,224.1,19.7,SAFE,0,Voie libre
92.70,224.4,19.7,SAFE,0,Voie libre
92.75,224.7,19.7,SAFE,0,Voie libre
92.80,225.0,19.7,SAFE,0,Voie libre
92.85,225.2,19.7,SAFE,0,Voie libre
92.90,225.5,19.7,SAFE,0,Voie libre
92.95,225.8,19.7,SAFE,0,Voie libre
93.00,226.1,19.7,SAFE,0,Voie libre
93.05,226.3,19.7,SAFE,0,Voie libre
93.10,226.6,19.7,SAFE,0,Voie libre
93.15,226.9,19.7,SAFE,0,Voie libre
93.20,227.2,19.7,SAFE,0,Voie libre
93.25,227.4,19.7,SAFE,0,Voie libre
93.30,227.7,19.7,SAFE,0,Voie libre
93.35,228.0,19.7,SAFE,0,Voie libre
93.40,228.3,19.7,SAFE,0,Voie libre
93.45,228.5,19.7,SAFE,0,Voie libre
93.50,228.8,19.7,SAFE,0,Voie libre
93.55,229.1,19.7,SAFE,0,Voie libre
93.60,229.4,19.7,SAFE,0,Voie libre
93.65,229.6,19.7,SAFE,0,Voie libre
93.70,229.9,19.7,SAFE,0,Voie libre
93.75,230.2,19.7,SAFE,0,Voie libre
93.80,230.5,19.7,SAFE,0,Voie libre
93.85,230.7,19.7,SAFE,0,Voie libre
93.90,231.0,19.7,SAFE,0,Voie libre
93.95,231.3,19.7,SAFE,0,Voie libre
94.00,231.5,19.7,SAFE,0,Voie libre
94.05,231.8,19.7,SAFE,0,Voie libre
94.10,232.1,19.7,SAFE,0,Voie libre
94.15,232.4,19.7,SAFE,0,Voie libre
94.20,232.6,19.7,SAFE,0,Voie libre
94.25,232.9,19.7,SAFE,0,Voie libre
94.30,233.2,19.7,SAFE,0,Voie libre
94.35,233.5,19.7,SAFE,0,Voie libre
94.40,233.7,19.7,SAFE,0,Voie libre
94.45,234.0,19.7,SAFE,0,Voie libre
94.50,234.3,19.7,SAFE,0,Voie libre
94.55,234.6,19.7,SAFE,0,Voie libre
94.60,234.8,19.7,SAFE,0,Voie libre
94.65,235.1,19.7,SAFE,0,Voie libre
94.70,235.4,19.7,SAFE,0,Voie libre
94.75,235.7,19.7,SAFE,0,Voie libre
94.80,235.9,19.7,SAFE,0,Voie libre
94.85,236.2,19.7,SAFE,0,Voie libre
94.90,236.5,19.7,SAFE,0,Voie libre
94.95,236.8,19.7,SAFE,0,Voie libre
95.00,237.0,19.7,SAFE,0,Voie libre
95.05,237.3,19.7,SAFE,0,Voie libre
95.10,237.6,19.7,SAFE,0,Voie libre
95.15,237.9,19.7,SAFE,0,Voie libre
95.20,238.1,19.7,SAFE,0,Voie libre
95.25,238.4,19.7,SAFE,0,Voie libre
95.30,238.7,19.7,SAFE,0,Voie libre
95.35,239.0,19.7,SAFE,0,Voie libre
95.40,239.2,19.7,SAFE,0,Voie libre
95.45,239.5,19.7,SAFE,0,Voie libre
95.50,239.8,19.7,SAFE,0,Voie libre
95.55,240.1,19.7,SAFE,0,Voie libre
95.60,240.3,19.7,SAFE,0,Voie libre
95.65,240.6,19.7,SAFE,0,Voie libre
95.70,240.9,19.7,SAFE,0,Voie libre
95.75,241.1,19.7,SAFE,0,Voie libre
95.80,241.4,19.7,SAFE,0,Voie libre
95.85,241.7,19.7,SAFE,0,Voie libre
95.90,242.0,19.7,SAFE,0,Voie libre
95.95,242.2,19.7,SAFE,0,Voie libre
96.00,242.5,19.7,SAFE,0,Voie libre
96.05,242.8,19.7,SAFE,0,Voie libre
96.10,243.1,19.8,SAFE,0,Voie libre
96.15,243.3,19.8,SAFE,0,Voie libre
96.20,243.6,20.2,SAFE,0,Voie libre
96.25,243.9,20.1,SAFE,0,Voie libre
96.30,244.2,20.5,SAFE,0,Voie libre
96.35,244.5,20.1,SAFE,0,Voie libre
96.40,244.7,20.7,SAFE,0,Voie libre
96.45,245.0,20.4,SAFE,0,Voie libre
96.50,245.3,20.8,SAFE,0,Voie libre
96.55,245.6,20.3,SAFE,0,Voie libre
96.60,245.9,20.8,SAFE,0,Voie libre
96.65,246.2,20.4,SAFE,0,Voie libre
96.70,246.5,20.9,SAFE,0,Voie libre
96.75,246.7,20.4,SAFE,0,Voie libre
96.80,247.0,20.7,SAFE,0,Voie libre
96.85,247.3,20.2,SAFE,0,Voie libre
96.90,247.6,20.7,SAFE,0,Voie libre
96.95,247.9,20.3,SAFE,0,Voie libre
97.00,248.2,20.7,SAFE,0,Voie libre
97.05,248.5,20.2,SAFE,0,Voie libre
97.10,248.7,20.7,SAFE,0,Voie libre
97.15,249.0,20.3,SAFE,0,Voie libre
97.20,249.3,20.6,SAFE,0,Voie libre
97.25,249.6,20.1,SAFE,0,Voie libre
97.30,249.9,20.6,SAFE,0,Voie libre
97.35,250.2,20.2,SAFE,0,Voie libre
97.40,250.4,20.6,SAFE,0,Voie libre
97.45,250.7,20.1,SAFE,0,Voie libre
97.50,251.0,20.6,SAFE,0,Voie libre
97.55,251.3,20.2,SAFE,0,Voie libre
97.60,251.6,20.5,SAFE,0,Voie libre
97.65,251.9,20.0,SAFE,0,Voie libre
97.70,252.1,20.6,SAFE,0,Voie libre
97.75,252.4,20.2,SAFE,0,Voie libre
97.80,252.7,20.5,SAFE,0,Voie libre
97.85,253.0,20.0,SAFE,0,Voie libre
97.90,253.3,20.5,SAFE,0,Voie libre
97.95,253.5,20.1,SAFE,0,Voie libre
98.00,253.8,20.5,SAFE,0,Voie libre
98.05,254.1,20.0,SAFE,0,Voie libre
98.10,254.4,20.5,SAFE,0,Voie libre
98.15,254.7,20.1,SAFE,0,Voie libre
98.20,255.0,20.5,SAFE,0,Voie libre
98.25,255.2,20.0,SAFE,0,Voie libre
98.30,255.5,20.5,SAFE,0,Voie libre
98.35,255.8,20.1,SAFE,0,Voie libre
98.40,256.1,20.5,SAFE,0,Voie libre
98.45,256.4,20.0,SAFE,0,Voie libre
98.50,256.6,20.5,SAFE,0,Voie libre
98.55,256.9,20.1,SAFE,0,Voie libre
98.60,257.2,20.4,SAFE,0,Voie libre
98.65,257.5,19.9,SAFE,0,Voie libre
98.70,257.8,20.5,SAFE,0,SAFE : arret au feu rouge
98.75,258.0,20.0,SAFE,0,SAFE : arret au feu rouge
98.80,258.3,20.0,SAFE,0,SAFE : arret au feu rouge
98.85,258.6,18.9,SAFE,0,SAFE : arret au feu rouge
98.90,258.8,14.1,SAFE,0,SAFE : arret au feu rouge
98.95,259.0,9.2,SAFE,0,SAFE : arret au feu rouge
99.00,259.1,4.4,SAFE,0,SAFE : arret au feu rouge
99.05,259.1,0.0,SAFE,0,SAFE : arret au feu rouge
99.10,259.1,0.0,SAFE,0,SAFE : arret au feu rouge
99.15,259.1,0.0,SAFE,0,SAFE : arret au feu rouge
99.20,259.1,0.0,SAFE,0,SAFE : arret au feu rouge
99.25,259.1,0.0,SAFE,0,SAFE : arret au feu rouge
99.30,259.1,0.0,SAFE,0,SAFE : arret au feu rouge
99.35,259.1,0.0,SAFE,0,SAFE : arret au feu rouge
99.40,259.1,0.0,SAFE,0,SAFE : arret au feu rouge
99.45,259.1,0.0,SAFE,0,SAFE : arret au feu rouge
99.50,259.1,0.0,SAFE,0,SAFE : arret au feu rouge
99.55,259.1,0.0,SAFE,0,SAFE : arret au feu rouge
99.60,259.1,0.0,SAFE,0,SAFE : arret au feu rouge
99.65,259.1,0.0,SAFE,0,SAFE : arret au feu rouge
99.70,259.1,0.0,SAFE,0,SAFE : arret au feu rouge
99.75,259.1,0.0,SAFE,0,SAFE : arret au feu rouge
99.80,259.1,0.0,SAFE,0,SAFE : arret au feu rouge
99.85,259.1,0.0,SAFE,0,SAFE : arret au feu rouge
99.90,259.1,0.0,SAFE,0,SAFE : arret au feu rouge
99.95,259.1,0.0,SAFE,0,SAFE : arret au feu rouge
100.00,259.1,0.0,SAFE,0,SAFE : arret au feu rouge
100.05,259.1,0.0,SAFE,0,SAFE : arret au feu rouge
100.10,259.1,0.0,SAFE,0,SAFE : arret au feu rouge
100.15,259.1,0.0,SAFE,0,SAFE : arret au feu rouge
100.20,259.1,0.0,SAFE,0,SAFE : arret au feu rouge
100.25,259.1,0.0,SAFE,0,SAFE : arret au feu rouge
100.30,259.1,0.0,SAFE,0,SAFE : arret au feu rouge
100.35,259.1,0.0,SAFE,0,SAFE : arret au feu rouge
100.40,259.1,0.0,SAFE,0,SAFE : arret au feu rouge
100.45,259.1,0.0,SAFE,0,SAFE : arret au feu rouge
100.50,259.1,0.0,SAFE,0,SAFE : arret au feu rouge
100.55,259.1,0.0,SAFE,0,SAFE : arret au feu rouge
100.60,259.1,0.0,SAFE,0,SAFE : arret au feu rouge
100.65,259.1,0.0,SAFE,0,SAFE : arret au feu rouge
100.70,259.1,0.0,SAFE,0,SAFE : arret au feu rouge
100.75,259.1,0.0,SAFE,0,SAFE : arret au feu rouge
100.80,259.1,0.0,SAFE,0,SAFE : arret au feu rouge
100.85,259.1,0.0,SAFE,0,SAFE : arret au feu rouge
100.90,259.1,0.0,SAFE,0,SAFE : arret au feu rouge
100.95,259.1,0.0,SAFE,0,SAFE : arret au feu rouge
101.00,259.1,0.0,SAFE,0,SAFE : arret au feu rouge
101.05,259.1,0.0,SAFE,0,SAFE : arret au feu rouge
101.10,259.1,0.0,SAFE,0,SAFE : arret au feu rouge
101.15,259.1,0.0,SAFE,0,SAFE : arret au feu rouge
101.20,259.1,0.0,SAFE,0,SAFE : arret au feu rouge
101.25,259.1,0.0,SAFE,0,SAFE : arret au feu rouge
101.30,259.1,0.0,SAFE,0,SAFE : arret au feu rouge
101.35,259.1,0.0,SAFE,0,SAFE : arret au feu rouge
101.40,259.1,0.0,SAFE,0,SAFE : arret au feu rouge
101.45,259.1,0.0,SAFE,0,SAFE : arret au feu rouge
101.50,259.1,0.0,SAFE,0,SAFE : arret au feu rouge
101.55,259.1,0.0,SAFE,0,SAFE : arret au feu rouge
101.60,259.1,0.0,SAFE,0,SAFE : arret au feu rouge
101.65,259.1,0.0,SAFE,0,SAFE : arret au feu rouge
101.70,259.1,0.0,SAFE,0,SAFE : arret au feu rouge
101.75,259.1,0.0,SAFE,0,SAFE : arret au feu rouge
101.80,259.1,0.0,SAFE,0,SAFE : arret au feu rouge
101.85,259.1,0.0,SAFE,0,SAFE : arret au feu rouge
101.90,259.1,0.0,SAFE,0,SAFE : arret au feu rouge
101.95,259.1,0.0,SAFE,0,SAFE : arret au feu rouge
102.00,259.1,0.0,SAFE,0,SAFE : arret au feu rouge
102.05,259.1,0.0,SAFE,0,SAFE : arret au feu rouge
102.10,259.1,0.0,SAFE,0,SAFE : arret au feu rouge
102.15,259.1,0.0,SAFE,0,SAFE : arret au feu rouge
102.20,259.1,0.0,SAFE,0,SAFE : arret au feu rouge
102.25,259.1,0.0,SAFE,0,SAFE : arret au feu rouge
102.30,259.1,0.0,SAFE,0,SAFE : arret au feu rouge
102.35,259.1,0.0,SAFE,0,SAFE : arret au feu rouge
102.40,259.1,0.0,SAFE,0,SAFE : arret au feu rouge
102.45,259.1,0.0,SAFE,0,SAFE : arret au feu rouge
102.50,259.1,0.0,SAFE,0,SAFE : arret au feu rouge
102.55,259.1,0.0,SAFE,0,SAFE : arret au feu rouge
102.60,259.1,0.0,SAFE,0,SAFE : arret au feu rouge
102.65,259.1,0.0,SAFE,0,SAFE : arret au feu rouge
102.70,259.1,0.0,SAFE,0,SAFE : arret au feu rouge
102.75,259.1,0.0,SAFE,0,SAFE : arret au feu rouge
102.80,259.1,0.0,SAFE,0,SAFE : arret au feu rouge
102.85,259.1,0.0,SAFE,0,SAFE : arret au feu rouge
102.90,259.1,0.0,SAFE,0,SAFE : arret au feu rouge
102.95,259.1,0.0,SAFE,0,SAFE : arret au feu rouge
103.00,259.1,0.0,SAFE,0,SAFE : arret au feu rouge
103.05,259.1,0.0,SAFE,0,SAFE : arret au feu rouge
103.10,259.1,0.0,SAFE,0,SAFE : arret au feu rouge
103.15,259.1,0.0,SAFE,0,SAFE : arret au feu rouge
103.20,259.1,0.0,SAFE,0,SAFE : arret au feu rouge
103.25,259.1,0.0,SAFE,0,SAFE : arret au feu rouge
103.30,259.1,0.0,SAFE,0,SAFE : arret au feu rouge
103.35,259.1,0.0,SAFE,0,SAFE : arret au feu rouge
103.40,259.1,0.0,SAFE,0,SAFE : arret au feu rouge
103.45,259.1,0.0,SAFE,0,SAFE : arret au feu rouge
103.50,259.1,0.0,SAFE,0,SAFE : arret au feu rouge
103.55,259.1,0.0,SAFE,0,SAFE : arret au feu rouge
103.60,259.1,0.0,SAFE,0,SAFE : arret au feu rouge
103.65,259.1,0.0,SAFE,0,SAFE : arret au feu rouge
103.70,259.1,0.0,SAFE,0,SAFE : arret au feu rouge
103.75,259.1,0.0,SAFE,0,SAFE : arret au feu rouge
103.80,259.1,0.0,SAFE,0,SAFE : arret au feu rouge
103.85,259.1,0.0,SAFE,0,SAFE : arret au feu rouge
103.90,259.1,0.0,SAFE,0,SAFE : arret au feu rouge
103.95,259.1,0.0,SAFE,0,SAFE : arret au feu rouge
104.00,259.1,0.0,SAFE,0,SAFE : arret au feu rouge
104.05,259.1,0.0,SAFE,0,SAFE : arret au feu rouge
104.10,259.1,0.0,SAFE,0,SAFE : arret au feu rouge
104.15,259.1,0.0,SAFE,0,SAFE : arret au feu rouge
104.20,259.1,0.0,SAFE,0,SAFE : arret au feu rouge
104.25,259.1,0.0,SAFE,0,SAFE : arret au feu rouge
104.30,259.1,0.0,SAFE,0,SAFE : arret au feu rouge
104.35,259.1,0.0,SAFE,0,SAFE : arret au feu rouge
104.40,259.1,0.0,SAFE,0,SAFE : arret au feu rouge
104.45,259.1,0.0,SAFE,0,SAFE : arret au feu rouge
104.50,259.1,0.0,SAFE,0,SAFE : arret au feu rouge
104.55,259.1,0.0,SAFE,0,SAFE : arret au feu rouge
104.60,259.1,0.0,SAFE,0,SAFE : arret au feu rouge
104.65,259.1,0.0,SAFE,0,SAFE : arret au feu rouge
104.70,259.1,0.0,SAFE,0,SAFE : arret au feu rouge
104.75,259.1,0.0,SAFE,0,SAFE : arret au feu rouge
104.80,259.1,0.0,SAFE,0,SAFE : arret au feu rouge
104.85,259.1,0.0,SAFE,0,SAFE : arret au feu rouge
104.90,259.1,0.0,SAFE,0,SAFE : arret au feu rouge
104.95,259.1,0.0,SAFE,0,SAFE : arret au feu rouge
105.00,259.1,0.0,SAFE,0,SAFE : arret au feu rouge
105.05,259.1,0.0,SAFE,0,SAFE : arret au feu rouge
105.10,259.1,0.0,SAFE,0,SAFE : arret au feu rouge
105.15,259.1,0.0,SAFE,0,SAFE : arret au feu rouge
105.20,259.1,0.0,SAFE,0,SAFE : arret au feu rouge
105.25,259.1,0.0,SAFE,0,SAFE : arret au feu rouge
105.30,259.1,0.0,SAFE,0,SAFE : arret au feu rouge
105.35,259.1,0.0,SAFE,0,SAFE : arret au feu rouge
105.40,259.1,0.0,SAFE,0,SAFE : arret au feu rouge
105.45,259.1,0.0,SAFE,0,SAFE : arret au feu rouge
105.50,259.1,0.0,SAFE,0,SAFE : arret au feu rouge
105.55,259.1,0.0,SAFE,0,SAFE : arret au feu rouge
105.60,259.1,0.0,SAFE,0,SAFE : arret au feu rouge
105.65,259.1,0.0,SAFE,0,SAFE : arret au feu rouge
105.70,259.1,0.0,SAFE,0,SAFE : arret au feu rouge
105.75,259.1,0.0,SAFE,0,SAFE : arret au feu rouge
105.80,259.1,0.0,SAFE,0,SAFE : arret au feu rouge
105.85,259.1,0.0,SAFE,0,SAFE : arret au feu rouge
105.90,259.1,0.0,SAFE,0,SAFE : arret au feu rouge
105.95,259.1,0.0,SAFE,0,SAFE : arret au feu rouge
106.00,259.1,0.0,SAFE,0,SAFE : arret au feu rouge
106.05,259.1,0.0,SAFE,0,SAFE : arret au feu rouge
106.10,259.1,0.0,SAFE,0,SAFE : arret au feu rouge
106.15,259.1,0.0,SAFE,0,SAFE : arret au feu rouge
106.20,259.1,0.0,SAFE,0,SAFE : arret au feu rouge
106.25,259.1,0.0,SAFE,0,SAFE : arret au feu rouge
106.30,259.1,0.0,SAFE,0,SAFE : arret au feu rouge
106.35,259.1,0.0,SAFE,0,SAFE : arret au feu rouge
106.40,259.1,0.0,SAFE,0,SAFE : arret au feu rouge
106.45,259.1,0.0,SAFE,0,SAFE : arret au feu rouge
106.50,259.1,0.0,SAFE,0,SAFE : arret au feu rouge
106.55,259.1,0.0,SAFE,0,SAFE : arret au feu rouge
106.60,259.1,0.0,SAFE,0,SAFE : arret au feu rouge
106.65,259.1,0.0,SAFE,0,SAFE : arret au feu rouge
106.70,259.1,0.0,SAFE,0,SAFE : arret au feu rouge
106.75,259.1,0.0,SAFE,0,SAFE : arret au feu rouge
106.80,259.1,0.0,SAFE,0,SAFE : arret au feu rouge
106.85,259.1,0.0,SAFE,0,SAFE : arret au feu rouge
106.90,259.1,0.0,SAFE,0,SAFE : arret au feu rouge
106.95,259.1,0.0,SAFE,0,SAFE : arret au feu rouge
107.00,259.1,0.0,SAFE,0,SAFE : arret au feu rouge
107.05,259.1,0.0,SAFE,0,SAFE : arret au feu rouge
107.10,259.1,0.0,SAFE,0,SAFE : arret au feu rouge
107.15,259.1,0.0,SAFE,0,SAFE : arret au feu rouge
107.20,259.1,0.0,SAFE,0,SAFE : arret au feu rouge
107.25,259.1,0.0,SAFE,0,SAFE : arret au feu rouge
107.30,259.1,0.0,SAFE,0,SAFE : arret au feu rouge
107.35,259.1,0.0,SAFE,0,SAFE : arret au feu rouge
107.40,259.1,0.0,SAFE,0,SAFE : arret au feu rouge
107.45,259.1,0.0,SAFE,0,SAFE : arret au feu rouge
107.50,259.1,0.0,SAFE,0,SAFE : arret au feu rouge
107.55,259.1,0.0,SAFE,0,SAFE : arret au feu rouge
107.60,259.1,0.0,SAFE,0,SAFE : arret au feu rouge
107.65,259.1,0.0,SAFE,0,SAFE : arret au feu rouge
107.70,259.1,0.0,SAFE,0,SAFE : arret au feu rouge
107.75,259.1,0.0,SAFE,0,SAFE : arret au feu rouge
107.80,259.1,0.0,SAFE,0,SAFE : arret au feu rouge
107.85,259.1,0.0,SAFE,0,SAFE : arret au feu rouge
107.90,259.1,0.0,SAFE,0,SAFE : arret au feu rouge
107.95,259.1,0.0,SAFE,0,SAFE : arret au feu rouge
108.00,259.1,0.0,SAFE,0,SAFE : arret au feu rouge
108.05,259.1,0.0,SAFE,0,SAFE : arret au feu rouge
108.10,259.1,0.0,SAFE,0,SAFE : arret au feu rouge
108.15,259.1,0.0,SAFE,0,SAFE : arret au feu rouge
108.20,259.1,0.0,SAFE,0,SAFE : arret au feu rouge
108.25,259.1,0.0,SAFE,0,SAFE : arret au feu rouge
108.30,259.1,0.0,SAFE,0,SAFE : arret au feu rouge
108.35,259.1,0.0,SAFE,0,SAFE : arret au feu rouge
108.40,259.1,0.0,SAFE,0,SAFE : arret au feu rouge
108.45,259.1,0.0,SAFE,0,SAFE : arret au feu rouge
108.50,259.1,0.0,SAFE,0,SAFE : arret au feu rouge
108.55,259.1,0.0,SAFE,0,SAFE : arret au feu rouge
108.60,259.1,0.0,SAFE,0,SAFE : arret au feu rouge
108.65,259.1,0.0,SAFE,0,SAFE : arret au feu rouge
108.70,259.1,0.0,SAFE,0,SAFE : arret au feu rouge
108.75,259.1,0.0,SAFE,0,SAFE : arret au feu rouge
108.80,259.1,0.0,SAFE,0,SAFE : arret au feu rouge
108.85,259.1,0.0,SAFE,0,SAFE : arret au feu rouge
108.90,259.1,0.0,SAFE,0,SAFE : arret au feu rouge
108.95,259.1,0.0,SAFE,0,SAFE : arret au feu rouge
109.00,259.1,0.0,SAFE,0,SAFE : arret au feu rouge
109.05,259.1,0.0,SAFE,0,SAFE : arret au feu rouge
109.10,259.1,0.0,SAFE,0,SAFE : arret au feu rouge
109.15,259.1,0.0,SAFE,0,SAFE : arret au feu rouge
109.20,259.1,0.0,SAFE,0,SAFE : arret au feu rouge
109.25,259.1,0.0,SAFE,0,SAFE : arret au feu rouge
109.30,259.1,0.0,SAFE,0,SAFE : arret au feu rouge
109.35,259.1,0.0,SAFE,0,SAFE : arret au feu rouge
109.40,259.1,0.0,SAFE,0,SAFE : arret au feu rouge
109.45,259.1,0.0,SAFE,0,SAFE : arret au feu rouge
109.50,259.1,0.0,SAFE,0,SAFE : arret au feu rouge
109.55,259.1,0.0,SAFE,0,SAFE : arret au feu rouge
109.60,259.1,0.0,SAFE,0,SAFE : arret au feu rouge
109.65,259.1,0.0,SAFE,0,SAFE : arret au feu rouge
109.70,259.1,0.0,SAFE,0,SAFE : arret au feu rouge
109.75,259.1,0.0,SAFE,0,SAFE : arret au feu rouge
109.80,259.1,0.0,SAFE,0,SAFE : arret au feu rouge
109.85,259.1,0.0,SAFE,0,SAFE : arret au feu rouge
109.90,259.1,0.0,SAFE,0,SAFE : arret au feu rouge
109.95,259.1,0.0,SAFE,0,SAFE : arret au feu rouge
110.00,259.1,0.0,SAFE,0,SAFE : arret au feu rouge
110.05,259.1,0.0,SAFE,0,SAFE : arret au feu rouge
110.10,259.1,0.0,SAFE,0,SAFE : arret au feu rouge
110.15,259.1,0.0,SAFE,0,SAFE : arret au feu rouge
110.20,259.1,0.0,SAFE,0,SAFE : arret au feu rouge
110.25,259.1,0.0,SAFE,0,SAFE : arret au feu rouge
110.30,259.1,0.0,SAFE,0,SAFE : arret au feu rouge
110.35,259.1,0.0,SAFE,0,SAFE : arret au feu rouge
110.40,259.1,0.0,SAFE,0,SAFE : arret au feu rouge
110.45,259.1,0.0,SAFE,0,SAFE : arret au feu rouge
110.50,259.1,0.0,SAFE,0,SAFE : arret au feu rouge
110.55,259.1,0.0,SAFE,0,SAFE : arret au feu rouge
110.60,259.1,0.0,SAFE,0,SAFE : arret au feu rouge
110.65,259.1,0.0,SAFE,0,SAFE : arret au feu rouge
110.70,259.1,0.0,SAFE,0,SAFE : arret au feu rouge
110.75,259.1,0.0,SAFE,0,SAFE : arret au feu rouge
110.80,259.1,0.0,SAFE,0,SAFE : arret au feu rouge
110.85,259.1,0.0,SAFE,0,SAFE : arret au feu rouge
110.90,259.1,0.0,SAFE,0,SAFE : arret au feu rouge
110.95,259.1,0.0,SAFE,0,SAFE : arret au feu rouge
111.00,259.1,0.0,SAFE,0,SAFE : arret au feu rouge
111.05,259.1,0.0,SAFE,0,SAFE : arret au feu rouge
111.10,259.1,0.0,SAFE,0,SAFE : arret au feu rouge
111.15,259.1,0.0,SAFE,0,SAFE : arret au feu rouge
111.20,259.1,0.0,SAFE,0,SAFE : arret au feu rouge
111.25,259.1,0.0,SAFE,0,SAFE : arret au feu rouge
111.30,259.1,0.0,SAFE,0,SAFE : arret au feu rouge
111.35,259.1,0.0,SAFE,0,SAFE : arret au feu rouge
111.40,259.1,0.0,SAFE,0,SAFE : arret au feu rouge
111.45,259.1,0.0,SAFE,0,SAFE : arret au feu rouge
111.50,259.1,0.0,SAFE,0,SAFE : arret au feu rouge
111.55,259.1,0.0,SAFE,0,SAFE : arret au feu rouge
111.60,259.1,0.0,SAFE,0,SAFE : arret au feu rouge
111.65,259.1,0.0,SAFE,0,SAFE : arret au feu rouge
111.70,259.1,0.0,SAFE,0,SAFE : arret au feu rouge
111.75,259.1,0.0,SAFE,0,SAFE : arret au feu rouge
111.80,259.1,0.0,SAFE,0,SAFE : arret au feu rouge
111.85,259.1,0.0,SAFE,0,SAFE : arret au feu rouge
111.90,259.1,0.0,SAFE,0,SAFE : arret au feu rouge
111.95,259.1,0.0,SAFE,0,SAFE : arret au feu rouge
112.00,259.1,0.0,SAFE,0,SAFE : arret au feu rouge
112.05,259.1,0.0,SAFE,0,SAFE : arret au feu rouge
112.10,259.1,0.0,SAFE,0,SAFE : arret au feu rouge
112.15,259.1,0.0,SAFE,0,SAFE : arret au feu rouge
112.20,259.1,0.0,SAFE,0,SAFE : arret au feu rouge
112.25,259.1,0.0,SAFE,0,SAFE : arret au feu rouge
112.30,259.1,0.0,SAFE,0,SAFE : arret au feu rouge
112.35,259.1,0.0,SAFE,0,SAFE : arret au feu rouge
112.40,259.1,0.0,SAFE,0,SAFE : arret au feu rouge
112.45,259.1,0.0,SAFE,0,SAFE : arret au feu rouge
112.50,259.1,0.0,SAFE,0,SAFE : arret au feu rouge
112.55,259.1,0.0,SAFE,0,SAFE : arret au feu rouge
112.60,259.1,0.0,SAFE,0,SAFE : arret au feu rouge
112.65,259.1,0.0,SAFE,0,Voie libre
112.70,259.1,0.0,SAFE,0,Voie libre
112.75,259.1,0.0,SAFE,0,Voie libre
112.80,259.1,0.3,SAFE,0,Voie libre
112.85,259.1,0.8,SAFE,0,Voie libre
112.90,259.1,1.4,SAFE,0,Voie libre
112.95,259.1,2.1,SAFE,0,Voie libre
113.00,259.2,2.8,SAFE,0,Voie libre
113.05,259.2,3.6,SAFE,0,Voie libre
113.10,259.3,4.5,SAFE,0,Voie libre
113.15,259.3,5.1,SAFE,0,Voie libre
113.20,259.4,6.0,SAFE,0,Voie libre
113.25,259.5,7.0,SAFE,0,Voie libre
113.30,259.6,7.7,SAFE,0,Voie libre
113.35,259.7,8.5,SAFE,0,Voie libre
113.40,259.9,9.3,SAFE,0,Voie libre
113.45,260.0,10.1,SAFE,0,Voie libre
113.50,260.1,10.9,SAFE,0,Voie libre
113.55,260.3,11.7,SAFE,0,Voie libre
113.60,260.5,12.5,SAFE,0,Voie libre
113.65,260.6,13.2,SAFE,0,Voie libre
113.70,260.8,13.8,SAFE,0,Voie libre
113.75,261.0,14.4,SAFE,0,Voie libre
113.80,261.2,15.0,SAFE,0,Voie libre
113.85,261.4,15.4,SAFE,0,Voie libre
113.90,261.7,15.8,SAFE,0,Voie libre
113.95,261.9,16.2,SAFE,0,Voie libre
114.00,262.1,16.5,SAFE,0,Voie libre
114.05,262.3,16.7,SAFE,0,Voie libre
114.10,262.6,16.9,SAFE,0,Voie libre
114.15,262.8,17.0,SAFE,0,Voie libre
114.20,263.0,17.1,SAFE,0,Voie libre
114.25,263.3,17.2,SAFE,0,Voie libre
114.30,263.5,17.3,SAFE,0,Voie libre
114.35,263.8,17.2,SAFE,0,Voie libre
114.40,264.0,17.0,SAFE,0,Voie libre
114.45,264.2,17.0,SAFE,0,Voie libre
114.50,264.5,17.0,SAFE,0,Voie libre
114.55,264.7,17.0,SAFE,0,Voie libre
114.60,264.9,17.1,SAFE,0,Voie libre
114.65,265.2,17.0,SAFE,0,Voie libre
114.70,265.4,16.8,SAFE,0,Voie libre
114.75,265.6,16.7,SAFE,0,Voie libre
114.80,265.9,16.8,SAFE,0,Voie libre
114.85,266.1,16.8,SAFE,0,Voie libre
114.90,266.3,16.9,SAFE,0,Voie libre
114.95,266.6,16.8,SAFE,0,Voie libre
115.00,266.8,16.6,SAFE,0,Voie libre
115.05,267.0,16.6,SAFE,0,Voie libre
115.10,267.2,16.7,SAFE,0,Voie libre
115.15,267.5,16.7,SAFE,0,Voie libre
115.20,267.7,16.8,SAFE,0,Voie libre
115.25,267.9,16.8,SAFE,0,Voie libre
115.30,268.2,16.6,SAFE,0,Voie libre
115.35,268.4,16.6,SAFE,0,Voie libre
115.40,268.6,16.7,SAFE,0,Voie libre
115.45,268.9,16.8,SAFE,0,Voie libre
115.50,269.1,16.8,SAFE,0,Voie libre
115.55,269.3,16.8,SAFE,0,Voie libre
115.60,269.6,16.7,SAFE,0,Voie libre
115.65,269.8,16.8,SAFE,0,Voie libre
115.70,270.0,16.9,SAFE,0,Voie libre
115.75,270.3,16.9,SAFE,0,Voie libre
115.80,270.5,17.1,SAFE,0,Voie libre
115.85,270.7,17.2,SAFE,0,Voie libre
115.90,271.0,17.2,SAFE,0,Voie libre
115.95,271.2,17.2,SAFE,0,Voie libre
116.00,271.4,17.3,SAFE,0,Voie libre
116.05,271.7,17.4,SAFE,0,Voie libre
116.10,271.9,17.6,SAFE,0,Voie libre
116.15,272.2,17.7,SAFE,0,Voie libre
116.20,272.4,17.8,SAFE,0,Voie libre
116.25,272.7,17.9,SAFE,0,Voie libre
116.30,272.9,17.9,SAFE,0,Voie libre
116.35,273.2,18.0,SAFE,0,Voie libre
116.40,273.4,18.2,SAFE,0,Voie libre
116.45,273.7,18.0,SAFE,0,Voie libre
116.50,273.9,18.1,SAFE,0,Voie libre
116.55,274.2,18.1,SAFE,0,Voie libre
116.60,274.4,17.9,SAFE,0,Voie libre
116.65,274.7,18.2,SAFE,0,Voie libre
116.70,274.9,18.2,SAFE,0,Voie libre
116.75,275.2,18.1,SAFE,0,Voie libre
116.80,275.4,18.0,SAFE,0,Voie libre
116.85,275.7,18.2,SAFE,0,Voie libre
116.90,275.9,18.0,SAFE,0,Voie libre
116.95,276.2,18.2,SAFE,0,Voie libre
117.00,276.4,18.2,SAFE,0,Voie libre
117.05,276.7,18.2,SAFE,0,Voie libre
117.10,276.9,18.0,SAFE,0,Voie libre
117.15,277.2,18.3,SAFE,0,Voie libre
117.20,277.4,18.4,SAFE,0,Voie libre
117.25,277.7,18.0,SAFE,0,Voie libre
117.30,277.9,18.3,SAFE,0,Voie libre
117.35,278.2,18.5,SAFE,0,Voie libre
117.40,278.5,18.1,SAFE,1,Situation maîtrisée
117.45,278.7,18.6,SAFE,1,Situation maîtrisée
117.50,279.0,18.2,SAFE,1,Situation maîtrisée
117.55,279.2,18.5,SAFE,1,Situation maîtrisée
117.60,279.5,18.1,SAFE,1,Situation maîtrisée
117.65,279.7,18.7,SAFE,1,Situation maîtrisée
117.70,280.0,18.4,SAFE,1,Situation maîtrisée
117.75,280.2,18.7,SAFE,1,Situation maîtrisée
117.80,280.5,18.3,SAFE,1,Situation maîtrisée
117.85,280.8,18.9,SAFE,1,Situation maîtrisée
117.90,281.0,18.5,SAFE,1,Situation maîtrisée
117.95,281.3,18.9,SAFE,1,Situation maîtrisée
118.00,281.5,18.5,SAFE,1,Situation maîtrisée
118.05,281.8,19.1,SAFE,1,Situation maîtrisée
118.10,282.1,18.7,SAFE,1,Situation maîtrisée
118.15,282.3,19.1,SAFE,1,Situation maîtrisée
118.20,282.6,18.7,SAFE,1,Situation maîtrisée
118.25,282.9,19.2,SAFE,1,Situation maîtrisée
118.30,283.1,19.1,SAFE,1,Situation maîtrisée
118.35,283.4,19.3,SAFE,1,Situation maîtrisée
118.40,283.7,19.0,SAFE,1,Situation maîtrisée
118.45,283.9,19.4,SAFE,1,Situation maîtrisée
118.50,284.2,19.2,SAFE,1,Situation maîtrisée
118.55,284.5,19.5,SAFE,1,Situation maîtrisée
118.60,284.7,19.2,SAFE,1,Situation maîtrisée
118.65,285.0,19.7,SAFE,1,Situation maîtrisée
118.70,285.3,19.5,SAFE,1,Situation maîtrisée
118.75,285.5,19.8,SAFE,1,Situation maîtrisée
118.80,285.8,19.4,SAFE,1,Situation maîtrisée
118.85,286.1,19.9,SAFE,1,Situation maîtrisée
118.90,286.4,19.6,SAFE,2,Situation maîtrisée
118.95,286.6,19.9,SAFE,2,Situation maîtrisée
119.00,286.9,19.6,SAFE,2,Situation maîtrisée
119.05,287.2,20.0,SAFE,2,Situation maîtrisée
119.10,287.5,19.8,SAFE,2,Situation maîtrisée
119.15,287.7,20.0,SAFE,2,Situation maîtrisée
119.20,288.0,19.7,SAFE,2,Situation maîtrisée
119.25,288.3,20.1,SAFE,2,Situation maîtrisée
119.30,288.6,19.9,SAFE,2,Situation maîtrisée
119.35,288.8,20.1,SAFE,2,Situation maîtrisée
119.40,289.1,19.8,SAFE,2,Situation maîtrisée
119.45,289.4,20.2,SAFE,2,Situation maîtrisée
119.50,289.7,20.0,SAFE,2,Situation maîtrisée
119.55,290.0,20.2,SAFE,2,Situation maîtrisée
119.60,290.2,19.9,SAFE,2,Situation maîtrisée
119.65,290.5,20.3,SAFE,2,Situation maîtrisée
119.70,290.8,20.1,SAFE,2,Situation maîtrisée
119.75,291.1,20.3,SAFE,2,Situation maîtrisée
119.80,291.4,20.0,SAFE,2,Situation maîtrisée
119.85,291.6,20.4,SAFE,2,Situation maîtrisée
119.90,291.9,20.1,SAFE,2,Situation maîtrisée
119.95,292.2,20.4,SAFE,2,Situation maîtrisée
120.00,292.5,20.0,SAFE,2,Situation maîtrisée
120.05,292.8,20.5,SAFE,2,Situation maîtrisée
120.10,293.0,20.2,SAFE,2,Situation maîtrisée
120.15,293.3,20.4,SAFE,2,Situation maîtrisée
120.20,293.6,20.1,SAFE,2,Situation maîtrisée
120.25,293.9,20.5,SAFE,2,Situation maîtrisée
120.30,294.2,20.2,SAFE,2,Situation maîtrisée
120.35,294.4,20.4,SAFE,2,Situation maîtrisée
120.40,294.7,20.1,SAFE,2,Situation maîtrisée
120.45,295.0,20.5,SAFE,2,Situation maîtrisée
120.50,295.3,20.2,SAFE,2,Situation maîtrisée
120.55,295.6,20.4,SAFE,2,Situation maîtrisée
120.60,295.9,20.1,SAFE,2,Situation maîtrisée
120.65,296.1,20.5,SAFE,2,Situation maîtrisée
120.70,296.4,20.2,SAFE,2,Situation maîtrisée
120.75,296.7,20.4,SAFE,3,Situation maîtrisée
120.80,297.0,20.1,SAFE,3,Situation maîtrisée
120.85,297.3,20.5,SAFE,3,Situation maîtrisée
120.90,297.5,20.2,SAFE,3,Situation maîtrisée
120.95,297.8,20.4,SAFE,3,Situation maîtrisée
121.00,298.1,20.1,SAFE,3,Situation maîtrisée
121.05,298.4,20.5,SAFE,3,Situation maîtrisée
121.10,298.7,20.2,SAFE,3,Situation maîtrisée
121.15,299.0,20.4,SAFE,3,Situation maîtrisée
121.20,299.2,20.1,SAFE,3,Situation maîtrisée
121.25,299.5,20.5,SAFE,3,Situation maîtrisée
121.30,299.8,20.2,SAFE,3,Situation maîtrisée
121.35,300.1,20.4,SAFE,3,Situation maîtrisée
121.40,300.4,20.0,SAFE,3,Situation maîtrisée
121.45,300.6,20.5,SAFE,3,Situation maîtrisée
121.50,300.9,20.2,SAFE,3,Situation maîtrisée
121.55,301.2,20.4,SAFE,3,Situation maîtrisée
121.60,301.5,20.0,SAFE,3,Situation maîtrisée
121.65,301.8,20.4,SAFE,3,Situation maîtrisée
121.70,302.1,20.2,SAFE,3,Situation maîtrisée
121.75,302.3,20.4,SAFE,3,Situation maîtrisée
121.80,302.6,20.0,SAFE,3,Situation maîtrisée
121.85,302.9,20.4,SAFE,3,Situation maîtrisée
121.90,303.2,20.1,SAFE,3,Situation maîtrisée
121.95,303.5,20.4,SAFE,3,Situation maîtrisée
122.00,303.7,20.0,SAFE,3,Situation maîtrisée
122.05,304.0,20.4,SAFE,3,Situation maîtrisée
122.10,304.3,20.1,SAFE,3,Situation maîtrisée
122.15,304.6,20.4,SAFE,3,Situation maîtrisée
122.20,304.9,20.0,SAFE,3,Situation maîtrisée
122.25,305.1,20.4,SAFE,3,Situation maîtrisée
122.30,305.4,20.1,SAFE,3,Situation maîtrisée
122.35,305.7,20.4,SAFE,3,Situation maîtrisée
122.40,306.0,20.0,SAFE,3,Situation maîtrisée
122.45,306.3,20.4,SAFE,3,Situation maîtrisée
122.50,306.6,20.1,SAFE,3,Situation maîtrisée
122.55,306.8,20.4,SAFE,3,Situation maîtrisée
122.60,307.1,20.0,SAFE,3,Situation maîtrisée
122.65,307.4,20.4,SAFE,3,Situation maîtrisée
122.70,307.7,20.1,SAFE,3,Situation maîtrisée
122.75,308.0,20.4,SAFE,3,Situation maîtrisée
122.80,308.2,20.0,SAFE,3,Situation maîtrisée
122.85,308.5,20.4,SAFE,3,Situation maîtrisée
122.90,308.8,20.2,SAFE,3,Situation maîtrisée
122.95,309.1,20.4,SAFE,3,Situation maîtrisée
123.00,309.4,20.0,SAFE,3,Situation maîtrisée
123.05,309.6,20.4,SAFE,3,Situation maîtrisée
123.10,309.9,20.1,SAFE,3,Situation maîtrisée
123.15,310.2,20.3,SAFE,3,Situation maîtrisée
123.20,310.5,19.9,SAFE,3,Situation maîtrisée
123.25,310.8,20.2,SAFE,3,Situation maîtrisée
123.30,311.0,19.8,SAFE,3,Situation maîtrisée
123.35,311.3,20.0,SAFE,3,Situation maîtrisée
123.40,311.6,19.6,SAFE,3,Situation maîtrisée
123.45,311.9,19.9,SAFE,3,Situation maîtrisée
123.50,312.1,19.5,SAFE,3,Situation maîtrisée
123.55,312.4,19.6,SAFE,3,Situation maîtrisée
123.60,312.7,19.1,SAFE,3,Situation maîtrisée
123.65,312.9,19.4,SAFE,3,Situation maîtrisée
123.70,313.2,19.0,SAFE,3,Situation maîtrisée
123.75,313.5,19.2,SAFE,3,Situation maîtrisée
123.80,313.7,18.6,SAFE,3,Situation maîtrisée
123.85,314.0,18.9,SAFE,3,Situation maîtrisée
123.90,314.3,18.4,SAFE,3,Situation maîtrisée
123.95,314.5,18.5,SAFE,3,Situation maîtrisée
124.00,314.8,18.0,SAFE,3,Situation maîtrisée
124.05,315.0,18.2,SAFE,3,Situation maîtrisée
124.10,315.3,18.1,SAFE,3,Situation maîtrisée
124.15,315.5,18.2,SAFE,3,Situation maîtrisée
124.20,315.8,18.1,SAFE,3,Situation maîtrisée
124.25,316.0,18.1,SAFE,3,Situation maîtrisée
124.30,316.3,18.0,SAFE,3,Situation maîtrisée
124.35,316.5,17.8,SAFE,3,Situation maîtrisée
124.40,316.8,17.3,SAFE,3,Situation maîtrisée
124.45,317.0,16.8,SAFE,3,Situation maîtrisée
124.50,317.2,16.5,SAFE,3,Situation maîtrisée
124.55,317.5,16.4,SAFE,3,Situation maîtrisée
124.60,317.7,16.3,SAFE,3,Situation maîtrisée
124.65,317.9,16.3,SAFE,3,Situation maîtrisée
124.70,318.1,16.4,SAFE,3,Situation maîtrisée
124.75,318.4,16.5,SAFE,3,Situation maîtrisée
124.80,318.6,16.4,SAFE,3,Situation maîtrisée
124.85,318.8,16.3,SAFE,3,Situation maîtrisée
124.90,319.0,16.3,SAFE,3,Situation maîtrisée
124.95,319.3,16.4,SAFE,3,Situation maîtrisée
125.00,319.5,16.5,SAFE,3,Situation maîtrisée
125.05,319.7,16.6,SAFE,3,Situation maîtrisée
125.10,319.9,16.8,SAFE,3,Situation maîtrisée
125.15,320.2,16.8,SAFE,3,Situation maîtrisée
125.20,320.4,16.8,SAFE,3,Situation maîtrisée
125.25,320.6,16.9,SAFE,3,Situation maîtrisée
125.30,320.9,17.0,SAFE,3,Situation maîtrisée
125.35,321.1,17.1,SAFE,3,Situation maîtrisée
125.40,321.3,17.2,SAFE,3,Situation maîtrisée
125.45,321.6,17.4,SAFE,3,Situation maîtrisée
125.50,321.8,17.3,SAFE,3,Situation maîtrisée
125.55,322.1,17.1,SAFE,3,Situation maîtrisée
125.60,322.3,16.9,SAFE,3,Situation maîtrisée
125.65,322.5,16.6,SAFE,3,Situation maîtrisée
125.70,322.8,16.2,SAFE,3,Situation maîtrisée
125.75,323.0,15.9,SAFE,2,Situation maîtrisée
125.80,323.2,15.6,SAFE,2,Situation maîtrisée
125.85,323.4,15.5,SAFE,2,Situation maîtrisée
125.90,323.6,15.6,SAFE,2,Situation maîtrisée
125.95,323.9,15.8,SAFE,2,Situation maîtrisée
126.00,324.1,16.0,SAFE,2,Situation maîtrisée
126.05,324.3,16.2,SAFE,2,Situation maîtrisée
126.10,324.5,16.4,SAFE,2,Situation maîtrisée
126.15,324.8,16.7,SAFE,3,Situation maîtrisée
126.20,325.0,16.9,SAFE,3,Situation maîtrisée
126.25,325.2,17.2,SAFE,3,Situation maîtrisée
126.30,325.5,17.3,SAFE,3,Situation maîtrisée
126.35,325.7,17.5,SAFE,3,Situation maîtrisée
126.40,325.9,17.7,SAFE,3,Situation maîtrisée
126.45,326.2,17.8,SAFE,3,Situation maîtrisée
126.50,326.4,18.0,SAFE,3,Situation maîtrisée
126.55,326.7,18.2,SAFE,3,Situation maîtrisée
126.60,326.9,18.0,SAFE,3,Situation maîtrisée
126.65,327.2,18.1,SAFE,3,Situation maîtrisée
126.70,327.4,18.0,SAFE,3,Situation maîtrisée
126.75,327.7,18.1,SAFE,3,Situation maîtrisée
126.80,328.0,18.1,SAFE,3,Situation maîtrisée
126.85,328.2,18.0,SAFE,3,Situation maîtrisée
126.90,328.5,18.2,SAFE,3,Situation maîtrisée
126.95,328.7,18.0,SAFE,3,Situation maîtrisée
127.00,329.0,18.4,SAFE,3,Situation maîtrisée
127.05,329.2,18.0,SAFE,3,Situation maîtrisée
127.10,329.5,18.4,SAFE,3,Situation maîtrisée
127.15,329.7,18.3,SAFE,3,Situation maîtrisée
127.20,330.0,18.1,SAFE,3,Situation maîtrisée
127.25,330.2,18.0,SAFE,3,Situation maîtrisée
127.30,330.5,18.6,SAFE,3,Situation maîtrisée
127.35,330.7,18.2,SAFE,3,Situation maîtrisée
127.40,331.0,18.6,SAFE,3,Situation maîtrisée
127.45,331.2,18.3,SAFE,3,Situation maîtrisée
127.50,331.5,18.6,SAFE,3,Situation maîtrisée
127.55,331.8,18.2,SAFE,3,Situation maîtrisée
127.60,332.0,18.7,SAFE,3,Situation maîtrisée
127.65,332.3,18.4,SAFE,3,Situation maîtrisée
127.70,332.5,18.7,SAFE,3,Situation maîtrisée
127.75,332.8,18.4,SAFE,3,Situation maîtrisée
127.80,333.1,18.9,SAFE,3,Situation maîtrisée
127.85,333.3,18.5,SAFE,2,Situation maîtrisée
127.90,333.6,18.8,SAFE,2,Situation maîtrisée
127.95,333.8,18.5,SAFE,2,Situation maîtrisée
128.00,334.1,19.0,SAFE,2,Situation maîtrisée
128.05,334.4,18.6,SAFE,3,Situation maîtrisée
128.10,334.6,19.0,SAFE,3,Situation maîtrisée
128.15,334.9,18.6,SAFE,3,Situation maîtrisée
128.20,335.1,19.1,SAFE,3,Situation maîtrisée
128.25,335.4,18.7,SAFE,3,Situation maîtrisée
128.30,335.7,19.0,SAFE,3,Situation maîtrisée
128.35,335.9,18.7,SAFE,3,Situation maîtrisée
128.40,336.2,19.2,SAFE,2,Situation maîtrisée
128.45,336.5,18.8,SAFE,2,Situation maîtrisée
128.50,336.7,19.1,SAFE,2,Situation maîtrisée
128.55,337.0,18.8,SAFE,2,Situation maîtrisée
128.60,337.2,19.2,SAFE,2,Situation maîtrisée
128.65,337.5,18.9,SAFE,2,Situation maîtrisée
128.70,337.8,19.2,SAFE,2,Situation maîtrisée
128.75,338.0,18.8,SAFE,2,Situation maîtrisée
128.80,338.3,19.3,SAFE,2,Situation maîtrisée
128.85,338.6,19.0,SAFE,2,Situation maîtrisée
128.90,338.8,19.3,SAFE,2,Situation maîtrisée
128.95,339.1,18.9,SAFE,2,Situation maîtrisée
129.00,339.4,19.4,SAFE,2,Situation maîtrisée
129.05,339.6,19.2,SAFE,2,Situation maîtrisée
129.10,339.9,19.4,SAFE,2,Situation maîtrisée
129.15,340.2,19.0,SAFE,2,Situation maîtrisée
129.20,340.4,19.4,SAFE,2,Situation maîtrisée
129.25,340.7,19.2,SAFE,2,Situation maîtrisée
129.30,341.0,19.5,SAFE,2,Situation maîtrisée
129.35,341.2,19.1,SAFE,2,Situation maîtrisée
129.40,341.5,19.5,SAFE,2,Situation maîtrisée
129.45,341.8,19.2,SAFE,2,Situation maîtrisée
129.50,342.0,19.5,SAFE,2,Situation maîtrisée
129.55,342.3,19.2,SAFE,2,Situation maîtrisée
129.60,342.6,19.6,SAFE,2,Situation maîtrisée
129.65,342.9,19.3,SAFE,2,Situation maîtrisée
129.70,343.1,19.6,SAFE,2,Situation maîtrisée
129.75,343.4,19.2,SAFE,2,Situation maîtrisée
129.80,343.7,19.7,SAFE,2,Situation maîtrisée
129.85,343.9,19.3,SAFE,2,Situation maîtrisée
129.90,344.2,19.6,SAFE,2,Situation maîtrisée
129.95,344.5,19.2,SAFE,2,Situation maîtrisée
130.00,344.8,19.7,SAFE,2,Situation maîtrisée
130.05,345.0,19.5,SAFE,2,Situation maîtrisée
130.10,345.3,19.8,SAFE,2,Situation maîtrisée
130.15,345.6,19.4,SAFE,1,Situation maîtrisée
130.20,345.8,19.9,SAFE,1,Situation maîtrisée
130.25,346.1,19.6,SAFE,1,Situation maîtrisée
130.30,346.4,19.9,SAFE,1,Situation maîtrisée
130.35,346.7,19.4,SAFE,1,Situation maîtrisée
130.40,346.9,19.9,SAFE,1,Situation maîtrisée
130.45,347.2,19.6,SAFE,1,Situation maîtrisée
130.50,347.5,19.9,SAFE,1,Situation maîtrisée
130.55,347.8,19.5,SAFE,1,Situation maîtrisée
130.60,348.0,19.9,SAFE,1,Situation maîtrisée
130.65,348.3,19.6,SAFE,1,Situation maîtrisée
130.70,348.6,19.9,SAFE,1,Situation maîtrisée
130.75,348.9,19.5,SAFE,1,Situation maîtrisée
130.80,349.1,19.9,SAFE,1,Situation maîtrisée
130.85,349.4,19.6,SAFE,1,Situation maîtrisée
130.90,349.7,19.9,SAFE,1,Situation maîtrisée
130.95,350.0,19.5,SAFE,1,Situation maîtrisée
131.00,350.2,19.9,SAFE,1,Situation maîtrisée
131.05,350.5,19.7,SAFE,1,Situation maîtrisée
131.10,350.8,19.9,SAFE,1,Situation maîtrisée
131.15,351.1,19.5,SAFE,1,Situation maîtrisée
131.20,351.3,20.0,SAFE,1,Situation maîtrisée
131.25,351.6,19.7,SAFE,1,Situation maîtrisée
131.30,351.9,19.9,SAFE,1,Situation maîtrisée
131.35,352.1,19.5,SAFE,1,Situation maîtrisée
131.40,352.4,19.9,SAFE,1,Situation maîtrisée
131.45,352.7,19.7,SAFE,1,Situation maîtrisée
131.50,353.0,19.9,SAFE,1,Situation maîtrisée
131.55,353.2,19.5,SAFE,1,Situation maîtrisée
131.60,353.5,19.9,SAFE,1,Situation maîtrisée
131.65,353.8,19.7,SAFE,1,Situation maîtrisée
131.70,354.1,19.9,SAFE,1,Situation maîtrisée
131.75,354.3,19.5,SAFE,1,Situation maîtrisée
131.80,354.6,19.9,SAFE,1,Situation maîtrisée
131.85,354.9,19.6,SAFE,0,Voie libre
131.90,355.2,19.9,SAFE,0,Voie libre
131.95,355.4,19.5,SAFE,0,Voie libre
132.00,355.7,19.9,SAFE,0,Voie libre
132.05,356.0,19.6,SAFE,0,Voie libre
132.10,356.3,19.9,SAFE,0,Voie libre
132.15,356.5,19.5,SAFE,0,Voie libre
132.20,356.8,19.9,SAFE,0,Voie libre
132.25,357.1,19.6,SAFE,0,Voie libre
132.30,357.4,19.9,SAFE,0,Voie libre
132.35,357.6,19.5,SAFE,0,Voie libre
132.40,357.9,19.9,SAFE,0,Voie libre
132.45,358.2,19.6,SAFE,0,Voie libre
132.50,358.5,19.8,SAFE,0,Voie libre
132.55,358.7,19.5,SAFE,0,Voie libre
132.60,359.0,19.9,SAFE,0,Voie libre
132.65,359.3,19.6,SAFE,0,Voie libre
132.70,359.6,19.8,SAFE,0,Voie libre
132.75,359.8,19.4,SAFE,0,Voie libre
132.80,360.1,19.9,SAFE,0,Voie libre
132.85,360.4,19.6,SAFE,0,Voie libre
132.90,360.6,19.8,SAFE,0,Voie libre
132.95,360.9,19.4,SAFE,0,Voie libre
133.00,361.2,19.9,SAFE,0,Voie libre
133.05,361.5,19.6,SAFE,0,Voie libre
133.10,361.7,19.8,SAFE,0,Voie libre
133.15,362.0,19.4,SAFE,0,Voie libre
133.20,362.3,19.9,SAFE,0,Voie libre
133.25,362.6,19.6,SAFE,0,Voie libre
133.30,362.8,19.8,SAFE,0,Voie libre
133.35,363.1,19.4,SAFE,0,Voie libre
133.40,363.4,19.8,SAFE,0,Voie libre
133.45,363.6,19.6,SAFE,0,Voie libre
133.50,363.9,19.8,SAFE,0,Voie libre
133.55,364.2,19.4,SAFE,0,Voie libre
133.60,364.5,19.9,SAFE,0,Voie libre
133.65,364.7,19.6,SAFE,0,Voie libre
133.70,365.0,19.8,SAFE,0,Voie libre
133.75,365.3,19.4,SAFE,0,Voie libre
133.80,365.6,19.9,SAFE,0,Voie libre
133.85,365.8,19.6,SAFE,0,Voie libre
133.90,366.1,19.8,SAFE,0,Voie libre
133.95,366.4,19.4,SAFE,0,Voie libre
134.00,366.6,19.9,SAFE,0,Voie libre
134.05,366.9,19.6,SAFE,0,Voie libre
134.10,367.2,19.8,SAFE,0,Voie libre
134.15,367.5,19.4,SAFE,0,Voie libre
134.20,367.7,19.9,SAFE,0,Voie libre
134.25,368.0,19.6,SAFE,0,Voie libre
134.30,368.3,19.8,SAFE,0,Voie libre
134.35,368.6,19.4,SAFE,0,Voie libre
134.40,368.8,19.9,SAFE,0,Voie libre
134.45,369.1,19.6,SAFE,0,Voie libre
134.50,369.4,19.8,SAFE,0,Voie libre
134.55,369.7,19.5,SAFE,0,Voie libre
134.60,369.9,19.9,SAFE,0,Voie libre
134.65,370.2,19.6,SAFE,0,Voie libre
