t,distance_parcourue_m,vitesse_kmh,niveau,n_agents_percus,raison_arret,recommandation
0.05,0.1,5.3,SAFE,3,,Situation maîtrisée
0.10,0.2,7.1,SAFE,3,,Situation maîtrisée
0.15,0.3,8.8,SAFE,3,,Situation maîtrisée
0.20,0.4,10.6,SAFE,3,,Situation maîtrisée
0.25,0.6,12.3,SAFE,3,,Situation maîtrisée
0.30,0.7,14.1,SAFE,3,,Situation maîtrisée
0.35,1.0,15.9,SAFE,3,,Situation maîtrisée
0.40,1.2,17.6,SAFE,3,,Situation maîtrisée
0.45,1.5,19.4,SAFE,3,,Situation maîtrisée
0.50,1.7,21.2,SAFE,3,,Situation maîtrisée
0.55,2.0,22.9,SAFE,3,,Situation maîtrisée
0.60,2.3,16.0,SAFE,3,,Situation maîtrisée
0.65,2.4,0.6,SAFE,3,,Situation maîtrisée
0.70,2.4,0.9,SAFE,3,,Situation maîtrisée
0.75,2.4,0.9,SAFE,3,,Situation maîtrisée
0.80,2.4,0.8,SAFE,3,,Situation maîtrisée
0.85,2.4,3.4,SAFE,3,,Situation maîtrisée
0.90,2.5,5.4,SAFE,3,,Situation maîtrisée
0.95,2.6,7.1,SAFE,3,,Situation maîtrisée
1.00,2.7,8.2,SAFE,3,,Situation maîtrisée
1.05,2.8,9.3,SAFE,3,,Situation maîtrisée
1.10,3.0,10.2,SAFE,3,,Situation maîtrisée
1.15,3.1,11.1,SAFE,3,,Situation maîtrisée
1.20,3.3,11.8,SAFE,3,,Situation maîtrisée
1.25,3.4,12.6,SAFE,3,,Situation maîtrisée
1.30,3.6,13.3,SAFE,3,,Situation maîtrisée
1.35,3.8,13.9,SAFE,3,,Situation maîtrisée
1.40,4.0,14.4,SAFE,3,,Situation maîtrisée
1.45,4.2,14.9,SAFE,3,,Situation maîtrisée
1.50,4.4,15.4,SAFE,3,,Situation maîtrisée
1.55,4.6,15.8,SAFE,4,,Situation maîtrisée
1.60,4.9,16.2,SAFE,4,,Situation maîtrisée
1.65,5.1,16.6,SAFE,4,,Situation maîtrisée
1.70,5.3,16.9,SAFE,4,,Situation maîtrisée
1.75,5.6,17.2,SAFE,4,,Situation maîtrisée
1.80,5.8,17.5,SAFE,4,,Situation maîtrisée
1.85,6.0,17.7,SAFE,4,,Situation maîtrisée
1.90,6.3,17.9,SAFE,4,,Situation maîtrisée
1.95,6.5,18.2,SAFE,4,,Situation maîtrisée
2.00,6.8,18.1,SAFE,4,,Situation maîtrisée
2.05,7.0,18.3,SAFE,4,,Situation maîtrisée
2.10,7.3,17.9,SAFE,4,,Situation maîtrisée
2.15,7.5,18.3,SAFE,4,,Situation maîtrisée
2.20,7.8,17.9,SAFE,4,,Situation maîtrisée
2.25,8.1,18.4,SAFE,4,,Situation maîtrisée
2.30,8.3,18.0,SAFE,4,,Situation maîtrisée
2.35,8.6,18.5,SAFE,4,,Situation maîtrisée
2.40,8.8,18.3,SAFE,4,,Situation maîtrisée
2.45,9.1,18.2,SAFE,4,,Situation maîtrisée
2.50,9.3,18.0,SAFE,4,,Situation maîtrisée
2.55,9.6,18.6,SAFE,4,,Situation maîtrisée
2.60,9.8,18.6,SAFE,4,,Situation maîtrisée
2.65,10.1,18.5,SAFE,4,,Situation maîtrisée
2.70,10.3,18.3,SAFE,4,,Situation maîtrisée
2.75,10.6,18.4,SAFE,4,,Situation maîtrisée
2.80,10.9,18.2,SAFE,4,,Situation maîtrisée
2.85,11.1,18.3,SAFE,4,,Situation maîtrisée
2.90,11.4,18.2,SAFE,4,,Situation maîtrisée
2.95,11.6,18.3,SAFE,4,,Situation maîtrisée
3.00,11.9,18.2,SAFE,4,,Situation maîtrisée
3.05,12.1,18.4,SAFE,4,,Situation maîtrisée
3.10,12.4,18.3,SAFE,4,,Situation maîtrisée
3.15,12.6,18.4,SAFE,4,,Situation maîtrisée
3.20,12.9,18.4,SAFE,4,,Situation maîtrisée
3.25,13.1,18.5,SAFE,4,,Situation maîtrisée
3.30,13.4,18.5,SAFE,3,,Situation maîtrisée
3.35,13.7,18.6,SAFE,3,,Situation maîtrisée
3.40,13.9,18.5,SAFE,3,,Situation maîtrisée
3.45,14.2,18.7,SAFE,3,,Situation maîtrisée
3.50,14.4,18.6,SAFE,3,,Situation maîtrisée
3.55,14.7,18.7,SAFE,3,,Situation maîtrisée
3.60,15.0,18.7,SAFE,3,,Situation maîtrisée
3.65,15.2,18.8,SAFE,3,,Situation maîtrisée
3.70,15.5,18.7,SAFE,3,,Situation maîtrisée
3.75,15.7,18.8,SAFE,3,,Situation maîtrisée
3.80,16.0,18.8,SAFE,3,,Situation maîtrisée
3.85,16.3,18.9,SAFE,3,,Situation maîtrisée
3.90,16.5,18.8,SAFE,3,,Situation maîtrisée
3.95,16.8,18.9,SAFE,3,,Situation maîtrisée
4.00,17.0,18.9,SAFE,3,,Situation maîtrisée
4.05,17.3,19.0,SAFE,3,,Situation maîtrisée
4.10,17.6,18.9,SAFE,3,,Situation maîtrisée
4.15,17.8,19.0,SAFE,3,,Situation maîtrisée
4.20,18.1,19.0,SAFE,3,,Situation maîtrisée
4.25,18.4,19.1,SAFE,3,,Situation maîtrisée
4.30,18.6,19.0,SAFE,3,,Situation maîtrisée
4.35,18.9,19.1,SAFE,3,,Situation maîtrisée
4.40,19.2,19.0,SAFE,3,,Situation maîtrisée
4.45,19.4,19.1,SAFE,3,,Situation maîtrisée
4.50,19.7,19.0,SAFE,3,,Situation maîtrisée
4.55,19.9,19.1,SAFE,3,,Situation maîtrisée
4.60,20.2,19.1,SAFE,3,,Situation maîtrisée
4.65,20.5,19.2,SAFE,3,,Situation maîtrisée
4.70,20.7,19.1,SAFE,3,,Situation maîtrisée
4.75,21.0,19.2,SAFE,3,,Situation maîtrisée
4.80,21.3,19.1,SAFE,3,,Situation maîtrisée
4.85,21.5,19.2,SAFE,3,,Situation maîtrisée
4.90,21.8,19.2,SAFE,3,,Situation maîtrisée
4.95,22.1,19.2,SAFE,3,,Situation maîtrisée
5.00,22.3,19.2,SAFE,3,,Situation maîtrisée
5.05,22.6,19.3,SAFE,3,,Situation maîtrisée
5.10,22.9,19.2,SAFE,3,,Situation maîtrisée
5.15,23.1,19.3,SAFE,3,,Situation maîtrisée
5.20,23.4,19.2,SAFE,3,,Situation maîtrisée
5.25,23.7,19.3,SAFE,3,moteur:physique,Situation maîtrisée
5.30,23.9,19.1,SAFE,3,moteur:physique,Situation maîtrisée
5.35,24.2,19.0,SAFE,2,moteur:physique,Situation maîtrisée
5.40,24.5,18.6,SAFE,2,moteur:physique,Situation maîtrisée
5.45,24.7,18.3,SAFE,2,moteur:physique,Situation maîtrisée
5.50,25.0,18.0,SAFE,2,moteur:physique,Situation maîtrisée
5.55,25.2,17.8,SAFE,2,moteur:physique,Situation maîtrisée
5.60,25.5,17.6,SAFE,2,moteur:physique,Situation maîtrisée
5.65,25.7,17.2,SAFE,1,,Situation maîtrisée
5.70,25.9,17.0,SAFE,1,,Situation maîtrisée
5.75,26.2,16.9,SAFE,1,,Situation maîtrisée
5.80,26.4,16.9,SAFE,1,,Situation maîtrisée
5.85,26.7,17.1,SAFE,1,,Situation maîtrisée
5.90,26.9,17.3,SAFE,1,,Situation maîtrisée
5.95,27.1,17.5,SAFE,1,,Situation maîtrisée
6.00,27.4,17.8,SAFE,1,,Situation maîtrisée
6.05,27.6,18.0,SAFE,1,,Situation maîtrisée
6.10,27.9,18.2,SAFE,1,,Situation maîtrisée
6.15,28.1,18.2,SAFE,1,,Situation maîtrisée
6.20,28.4,18.1,SAFE,1,,Situation maîtrisée
6.25,28.6,18.1,SAFE,1,,Situation maîtrisée
6.30,28.9,18.2,SAFE,1,,Situation maîtrisée
6.35,29.1,18.2,SAFE,1,,Situation maîtrisée
6.40,29.4,18.2,SAFE,1,,Situation maîtrisée
6.45,29.6,18.0,SAFE,1,,Situation maîtrisée
6.50,29.9,18.7,SAFE,1,,Situation maîtrisée
6.55,30.2,18.4,SAFE,1,,Situation maîtrisée
6.60,30.4,18.4,SAFE,1,,Situation maîtrisée
6.65,30.7,18.3,SAFE,1,,Situation maîtrisée
6.70,30.9,18.3,SAFE,1,,Situation maîtrisée
6.75,31.2,18.3,SAFE,1,,Situation maîtrisée
6.80,31.4,18.4,SAFE,1,,Situation maîtrisée
6.85,31.7,18.3,SAFE,1,,Situation maîtrisée
6.90,31.9,18.5,SAFE,1,,Situation maîtrisée
6.95,32.2,18.5,SAFE,1,,Situation maîtrisée
7.00,32.5,18.6,SAFE,1,,Situation maîtrisée
7.05,32.7,18.6,SAFE,1,,Situation maîtrisée
7.10,33.0,18.8,SAFE,1,,Situation maîtrisée
7.15,33.2,18.8,SAFE,1,,Situation maîtrisée
7.20,33.5,18.9,SAFE,1,,Situation maîtrisée
7.25,33.8,18.9,SAFE,1,,Situation maîtrisée
7.30,34.0,19.0,SAFE,1,,Situation maîtrisée
7.35,34.3,19.0,SAFE,1,,Situation maîtrisée
7.40,34.5,19.2,SAFE,1,,Situation maîtrisée
7.45,34.8,19.1,SAFE,1,,Situation maîtrisée
7.50,35.1,19.3,SAFE,1,,Situation maîtrisée
7.55,35.3,19.2,SAFE,1,,Situation maîtrisée
7.60,35.6,19.4,SAFE,1,,Situation maîtrisée
7.65,35.9,19.4,SAFE,1,,Situation maîtrisée
7.70,36.2,19.5,SAFE,1,,Situation maîtrisée
7.75,36.4,19.4,SAFE,1,,Situation maîtrisée
7.80,36.7,19.6,SAFE,1,,Situation maîtrisée
7.85,37.0,19.5,SAFE,1,,Situation maîtrisée
7.90,37.2,19.6,SAFE,1,,Situation maîtrisée
7.95,37.5,19.6,SAFE,1,,Situation maîtrisée
8.00,37.8,19.7,SAFE,1,,Situation maîtrisée
8.05,38.1,19.6,SAFE,1,,Situation maîtrisée
8.10,38.3,19.7,SAFE,1,,Situation maîtrisée
8.15,38.6,19.7,SAFE,1,,Situation maîtrisée
8.20,38.9,19.8,SAFE,1,,Situation maîtrisée
8.25,39.2,19.7,SAFE,1,,Situation maîtrisée
8.30,39.4,19.8,SAFE,1,,Situation maîtrisée
8.35,39.7,19.8,SAFE,1,,Situation maîtrisée
8.40,40.0,19.9,SAFE,1,,Situation maîtrisée
8.45,40.3,19.8,SAFE,1,,Situation maîtrisée
8.50,40.5,19.9,SAFE,2,,Situation maîtrisée
8.55,40.8,19.9,SAFE,2,,Situation maîtrisée
8.60,41.1,19.9,SAFE,2,,Situation maîtrisée
8.65,41.4,19.9,SAFE,2,,Situation maîtrisée
8.70,41.6,20.0,SAFE,2,,Situation maîtrisée
8.75,41.9,19.9,SAFE,2,,Situation maîtrisée
8.80,42.2,20.0,SAFE,2,,Situation maîtrisée
8.85,42.5,19.9,SAFE,2,,Situation maîtrisée
8.90,42.7,20.0,SAFE,2,,Situation maîtrisée
8.95,43.0,20.0,SAFE,2,,Situation maîtrisée
9.00,43.3,20.1,SAFE,3,,Situation maîtrisée
9.05,43.6,20.0,SAFE,3,,Situation maîtrisée
9.10,43.9,20.1,SAFE,3,,Situation maîtrisée
9.15,44.1,20.0,SAFE,3,,Situation maîtrisée
9.20,44.4,20.1,SAFE,3,,Situation maîtrisée
9.25,44.7,20.0,SAFE,4,,Situation maîtrisée
9.30,45.0,20.1,SAFE,4,,Situation maîtrisée
9.35,45.2,20.0,SAFE,4,,Situation maîtrisée
9.40,45.5,20.1,SAFE,5,,Situation maîtrisée
9.45,45.8,20.1,SAFE,5,,Situation maîtrisée
9.50,46.1,20.1,SAFE,5,,Situation maîtrisée
9.55,46.4,20.1,SAFE,5,,Situation maîtrisée
9.60,46.6,20.2,SAFE,5,,Situation maîtrisée
9.65,46.9,20.1,SAFE,5,,Situation maîtrisée
9.70,47.2,20.2,SAFE,5,,Situation maîtrisée
9.75,47.5,20.1,SAFE,5,,Situation maîtrisée
9.80,47.8,20.2,SAFE,5,,Situation maîtrisée
9.85,48.0,20.1,SAFE,5,,Situation maîtrisée
9.90,48.3,20.2,SAFE,5,,Situation maîtrisée
9.95,48.6,20.1,SAFE,5,,Situation maîtrisée
10.00,48.9,20.2,SAFE,5,,Situation maîtrisée
10.05,49.2,20.1,SAFE,5,,Situation maîtrisée
10.10,49.4,20.2,SAFE,5,,Situation maîtrisée
10.15,49.7,20.1,SAFE,5,,Situation maîtrisée
10.20,50.0,20.2,SAFE,5,,Situation maîtrisée
10.25,50.3,20.1,SAFE,5,,Situation maîtrisée
10.30,50.6,20.2,SAFE,5,,Situation maîtrisée
10.35,50.8,20.1,SAFE,5,,Situation maîtrisée
10.40,51.1,20.2,SAFE,5,,Situation maîtrisée
10.45,51.4,20.1,SAFE,5,,Situation maîtrisée
10.50,51.7,20.2,SAFE,5,,Situation maîtrisée
10.55,52.0,20.1,SAFE,6,,Situation maîtrisée
10.60,52.2,20.2,SAFE,6,,Situation maîtrisée
10.65,52.5,20.2,SAFE,6,,Situation maîtrisée
10.70,52.8,20.2,SAFE,6,,Situation maîtrisée
10.75,53.1,20.2,SAFE,6,,Situation maîtrisée
10.80,53.4,20.2,SAFE,6,,Situation maîtrisée
10.85,53.6,20.2,SAFE,6,,Situation maîtrisée
10.90,53.9,20.2,SAFE,6,,Situation maîtrisée
10.95,54.2,20.2,SAFE,6,,Situation maîtrisée
11.00,54.5,20.2,SAFE,6,,Situation maîtrisée
11.05,54.8,20.2,SAFE,6,,Situation maîtrisée
11.10,55.0,20.2,SAFE,6,,Situation maîtrisée
11.15,55.3,20.2,SAFE,7,,Situation maîtrisée
11.20,55.6,20.2,SAFE,8,,Situation maîtrisée
11.25,55.9,20.2,SAFE,8,,Situation maîtrisée
11.30,56.2,20.2,SAFE,8,,Situation maîtrisée
11.35,56.4,20.2,SAFE,8,,Situation maîtrisée
11.40,56.7,20.2,SAFE,8,,Situation maîtrisée
11.45,57.0,20.2,SAFE,8,,Situation maîtrisée
11.50,57.3,20.2,SAFE,8,,Situation maîtrisée
11.55,57.6,20.2,SAFE,8,,Situation maîtrisée
11.60,57.9,20.2,SAFE,8,,Situation maîtrisée
11.65,58.1,20.2,SAFE,8,,Situation maîtrisée
11.70,58.4,20.2,SAFE,8,,Situation maîtrisée
11.75,58.7,20.2,SAFE,8,,Situation maîtrisée
11.80,59.0,20.2,SAFE,8,,Situation maîtrisée
11.85,59.3,20.2,SAFE,8,,Situation maîtrisée
11.90,59.5,20.2,SAFE,8,,Situation maîtrisée
11.95,59.8,20.2,SAFE,9,,Situation maîtrisée
12.00,60.1,20.2,SAFE,9,,Situation maîtrisée
12.05,60.4,20.2,SAFE,9,,Situation maîtrisée
12.10,60.7,20.2,SAFE,9,,Situation maîtrisée
12.15,60.9,20.2,SAFE,9,,Situation maîtrisée
12.20,61.2,20.2,SAFE,9,,Situation maîtrisée
12.25,61.5,20.2,SAFE,9,,Situation maîtrisée
12.30,61.8,20.2,SAFE,9,,Situation maîtrisée
12.35,62.1,20.2,SAFE,9,,Situation maîtrisée
12.40,62.3,20.2,SAFE,9,,Situation maîtrisée
12.45,62.6,20.2,SAFE,9,,Situation maîtrisée
12.50,62.9,20.2,SAFE,9,,Situation maîtrisée
12.55,63.2,20.2,SAFE,9,,Situation maîtrisée
12.60,63.5,20.3,SAFE,9,,Situation maîtrisée
12.65,63.7,20.3,SAFE,9,,Situation maîtrisée
12.70,64.0,20.4,SAFE,9,,Situation maîtrisée
12.75,64.3,20.5,SAFE,9,,Situation maîtrisée
12.80,64.6,20.5,SAFE,9,,Situation maîtrisée
12.85,64.9,20.3,SAFE,9,,Situation maîtrisée
12.90,65.2,20.4,SAFE,9,,Situation maîtrisée
12.95,65.4,20.3,SAFE,9,,Situation maîtrisée
13.00,65.7,20.3,SAFE,9,,Situation maîtrisée
13.05,66.0,20.2,SAFE,9,,Situation maîtrisée
13.10,66.3,20.4,SAFE,9,,Situation maîtrisée
13.15,66.6,20.2,SAFE,9,,Situation maîtrisée
13.20,66.9,20.7,SAFE,9,,Situation maîtrisée
13.25,67.1,20.4,SAFE,9,,Situation maîtrisée
13.30,67.4,20.9,SAFE,9,,Situation maîtrisée
13.35,67.7,20.5,SAFE,9,,Situation maîtrisée
13.40,68.0,21.1,SAFE,9,,Situation maîtrisée
13.45,68.3,20.7,SAFE,9,,Situation maîtrisée
13.50,68.6,21.1,SAFE,10,,Situation maîtrisée
13.55,68.9,20.6,SAFE,10,,Situation maîtrisée
13.60,69.2,21.1,SAFE,10,,Situation maîtrisée
13.65,69.5,20.7,SAFE,10,,Situation maîtrisée
13.70,69.7,21.1,SAFE,10,,Situation maîtrisée
13.75,70.0,20.6,SAFE,10,,Situation maîtrisée
13.80,70.3,21.1,SAFE,10,,Situation maîtrisée
13.85,70.6,20.7,SAFE,10,,Situation maîtrisée
13.90,70.9,21.0,SAFE,10,,Situation maîtrisée
13.95,71.2,20.5,SAFE,9,,Situation maîtrisée
14.00,71.5,21.0,SAFE,9,,Situation maîtrisée
14.05,71.8,20.6,SAFE,9,,Situation maîtrisée
14.10,72.1,21.0,SAFE,8,,Situation maîtrisée
14.15,72.3,20.5,SAFE,8,,Situation maîtrisée
14.20,72.6,21.0,SAFE,8,,Situation maîtrisée
14.25,72.9,20.6,SAFE,8,,Situation maîtrisée
14.30,73.2,20.9,SAFE,8,,Situation maîtrisée
14.35,73.5,20.4,SAFE,8,,Situation maîtrisée
14.40,73.8,20.9,SAFE,8,,Situation maîtrisée
14.45,74.1,20.5,SAFE,8,,Situation maîtrisée
14.50,74.4,20.9,SAFE,7,,Situation maîtrisée
14.55,74.6,20.4,SAFE,7,,Situation maîtrisée
14.60,74.9,20.9,SAFE,7,,Situation maîtrisée
14.65,75.2,20.5,SAFE,7,,Situation maîtrisée
14.70,75.5,20.8,SAFE,7,,Situation maîtrisée
14.75,75.8,20.3,SAFE,7,,Situation maîtrisée
14.80,76.1,20.8,SAFE,7,,Situation maîtrisée
14.85,76.4,20.5,SAFE,7,,Situation maîtrisée
14.90,76.7,20.8,SAFE,7,,Situation maîtrisée
14.95,76.9,20.3,SAFE,7,,Situation maîtrisée
15.00,77.2,20.8,SAFE,7,,Situation maîtrisée
15.05,77.5,20.4,SAFE,7,,Situation maîtrisée
15.10,77.8,20.8,SAFE,7,,Situation maîtrisée
15.15,78.1,20.3,SAFE,7,,Situation maîtrisée
15.20,78.4,20.8,SAFE,7,,Situation maîtrisée
15.25,78.7,20.4,SAFE,7,,Situation maîtrisée
15.30,78.9,20.7,SAFE,7,,Situation maîtrisée
15.35,79.2,20.2,SAFE,7,,Situation maîtrisée
15.40,79.5,20.8,SAFE,7,feu_rouge,SAFE : arret au feu rouge
15.45,79.8,20.2,SAFE,7,feu_rouge,SAFE : arret au feu rouge
15.50,80.1,20.3,SAFE,6,feu_rouge,SAFE : arret au feu rouge
15.55,80.3,19.2,SAFE,6,feu_rouge,SAFE : arret au feu rouge
15.60,80.6,15.0,SAFE,6,feu_rouge,SAFE : arret au feu rouge
15.65,80.8,10.2,SAFE,6,feu_rouge,SAFE : arret au feu rouge
15.70,80.9,5.4,SAFE,6,feu_rouge,SAFE : arret au feu rouge
15.75,80.9,0.7,SAFE,6,feu_rouge,SAFE : arret au feu rouge
15.80,80.9,0.0,SAFE,6,feu_rouge,SAFE : arret au feu rouge
15.85,80.9,0.0,SAFE,6,feu_rouge,SAFE : arret au feu rouge
15.90,80.9,0.0,SAFE,6,feu_rouge,SAFE : arret au feu rouge
15.95,80.9,0.0,SAFE,6,feu_rouge,SAFE : arret au feu rouge
16.00,80.9,0.0,SAFE,6,feu_rouge,SAFE : arret au feu rouge
16.05,80.9,0.0,SAFE,6,feu_rouge,SAFE : arret au feu rouge
16.10,80.9,0.0,SAFE,6,feu_rouge,SAFE : arret au feu rouge
16.15,80.9,0.0,SAFE,6,feu_rouge,SAFE : arret au feu rouge
16.20,80.9,0.0,SAFE,6,feu_rouge,SAFE : arret au feu rouge
16.25,80.9,0.0,SAFE,6,feu_rouge,SAFE : arret au feu rouge
16.30,80.9,0.0,SAFE,6,feu_rouge,SAFE : arret au feu rouge
16.35,80.9,0.0,SAFE,6,feu_rouge,SAFE : arret au feu rouge
16.40,80.9,0.0,SAFE,6,feu_rouge,SAFE : arret au feu rouge
16.45,80.9,0.0,SAFE,6,feu_rouge,SAFE : arret au feu rouge
16.50,80.9,0.0,SAFE,6,feu_rouge,SAFE : arret au feu rouge
16.55,80.9,0.0,SAFE,6,feu_rouge,SAFE : arret au feu rouge
16.60,80.9,0.0,SAFE,6,feu_rouge,SAFE : arret au feu rouge
16.65,80.9,0.0,SAFE,6,feu_rouge,SAFE : arret au feu rouge
16.70,80.9,0.0,SAFE,5,feu_rouge,SAFE : arret au feu rouge
16.75,80.9,0.0,SAFE,5,feu_rouge,SAFE : arret au feu rouge
16.80,80.9,0.0,SAFE,5,feu_rouge,SAFE : arret au feu rouge
16.85,80.9,0.0,SAFE,5,feu_rouge,SAFE : arret au feu rouge
16.90,80.9,0.0,SAFE,6,feu_rouge,SAFE : arret au feu rouge
16.95,80.9,0.0,SAFE,6,feu_rouge,SAFE : arret au feu rouge
17.00,80.9,0.0,SAFE,6,feu_rouge,SAFE : arret au feu rouge
17.05,80.9,0.0,SAFE,6,feu_rouge,SAFE : arret au feu rouge
17.10,80.9,0.0,SAFE,6,feu_rouge,SAFE : arret au feu rouge
17.15,80.9,0.0,SAFE,7,feu_rouge,SAFE : arret au feu rouge
17.20,80.9,0.0,SAFE,7,feu_rouge,SAFE : arret au feu rouge
17.25,80.9,0.0,SAFE,7,feu_rouge,SAFE : arret au feu rouge
17.30,80.9,0.0,SAFE,7,feu_rouge,SAFE : arret au feu rouge
17.35,80.9,0.0,SAFE,7,feu_rouge,SAFE : arret au feu rouge
17.40,80.9,0.0,SAFE,7,feu_rouge,SAFE : arret au feu rouge
17.45,80.9,0.0,SAFE,7,feu_rouge,SAFE : arret au feu rouge
17.50,80.9,0.0,SAFE,7,feu_rouge,SAFE : arret au feu rouge
17.55,80.9,0.0,SAFE,7,feu_rouge,SAFE : arret au feu rouge
17.60,80.9,0.0,SAFE,7,feu_rouge,SAFE : arret au feu rouge
17.65,80.9,0.0,SAFE,7,feu_rouge,SAFE : arret au feu rouge
17.70,80.9,0.0,SAFE,7,feu_rouge,SAFE : arret au feu rouge
17.75,80.9,0.0,SAFE,7,feu_rouge,SAFE : arret au feu rouge
17.80,80.9,0.0,SAFE,7,feu_rouge,SAFE : arret au feu rouge
17.85,80.9,0.0,SAFE,7,feu_rouge,SAFE : arret au feu rouge
17.90,80.9,0.0,SAFE,7,feu_rouge,SAFE : arret au feu rouge
17.95,80.9,0.0,SAFE,7,feu_rouge,SAFE : arret au feu rouge
18.00,80.9,0.0,SAFE,7,feu_rouge,SAFE : arret au feu rouge
18.05,80.9,0.0,SAFE,7,feu_rouge,SAFE : arret au feu rouge
18.10,80.9,0.0,SAFE,7,feu_rouge,SAFE : arret au feu rouge
18.15,80.9,0.0,SAFE,7,feu_rouge,SAFE : arret au feu rouge
18.20,80.9,0.0,SAFE,7,feu_rouge,SAFE : arret au feu rouge
18.25,80.9,0.0,SAFE,7,feu_rouge,SAFE : arret au feu rouge
18.30,80.9,0.0,SAFE,7,feu_rouge,SAFE : arret au feu rouge
18.35,80.9,0.0,SAFE,7,feu_rouge,SAFE : arret au feu rouge
18.40,80.9,0.0,SAFE,7,feu_rouge,SAFE : arret au feu rouge
18.45,80.9,0.0,SAFE,7,feu_rouge,SAFE : arret au feu rouge
18.50,80.9,0.0,SAFE,7,feu_rouge,SAFE : arret au feu rouge
18.55,80.9,0.0,SAFE,7,feu_rouge,SAFE : arret au feu rouge
18.60,80.9,0.0,SAFE,7,feu_rouge,SAFE : arret au feu rouge
18.65,80.9,0.0,SAFE,7,feu_rouge,SAFE : arret au feu rouge
18.70,80.9,0.0,SAFE,8,feu_rouge,SAFE : arret au feu rouge
18.75,80.9,0.0,SAFE,8,feu_rouge,SAFE : arret au feu rouge
18.80,80.9,0.0,SAFE,8,feu_rouge,SAFE : arret au feu rouge
18.85,80.9,0.0,SAFE,8,feu_rouge,SAFE : arret au feu rouge
18.90,80.9,0.0,SAFE,8,feu_rouge,SAFE : arret au feu rouge
18.95,80.9,0.0,SAFE,8,feu_rouge,SAFE : arret au feu rouge
19.00,80.9,0.0,SAFE,8,feu_rouge,SAFE : arret au feu rouge
19.05,80.9,0.0,SAFE,8,feu_rouge,SAFE : arret au feu rouge
19.10,80.9,0.0,SAFE,8,feu_rouge,SAFE : arret au feu rouge
19.15,80.9,0.0,SAFE,8,feu_rouge,SAFE : arret au feu rouge
19.20,80.9,0.0,SAFE,8,feu_rouge,SAFE : arret au feu rouge
19.25,80.9,0.0,SAFE,8,feu_rouge,SAFE : arret au feu rouge
19.30,80.9,0.0,SAFE,8,feu_rouge,SAFE : arret au feu rouge
19.35,80.9,0.0,SAFE,8,feu_rouge,SAFE : arret au feu rouge
19.40,80.9,0.0,SAFE,8,feu_rouge,SAFE : arret au feu rouge
19.45,80.9,0.0,SAFE,8,feu_rouge,SAFE : arret au feu rouge
19.50,80.9,0.0,SAFE,8,feu_rouge,SAFE : arret au feu rouge
19.55,80.9,0.0,SAFE,8,feu_rouge,SAFE : arret au feu rouge
19.60,80.9,0.0,SAFE,8,feu_rouge,SAFE : arret au feu rouge
19.65,80.9,0.0,SAFE,8,feu_rouge,SAFE : arret au feu rouge
19.70,80.9,0.0,SAFE,8,feu_rouge,SAFE : arret au feu rouge
19.75,80.9,0.0,SAFE,8,feu_rouge,SAFE : arret au feu rouge
19.80,80.9,0.0,SAFE,8,feu_rouge,SAFE : arret au feu rouge
19.85,80.9,0.0,SAFE,8,feu_rouge,SAFE : arret au feu rouge
19.90,80.9,0.0,SAFE,8,feu_rouge,SAFE : arret au feu rouge
19.95,80.9,0.0,SAFE,8,feu_rouge,SAFE : arret au feu rouge
20.00,80.9,0.0,SAFE,8,feu_rouge,SAFE : arret au feu rouge
20.05,80.9,0.0,SAFE,8,feu_rouge,SAFE : arret au feu rouge
20.10,80.9,0.0,SAFE,8,feu_rouge,SAFE : arret au feu rouge
20.15,80.9,0.0,SAFE,8,feu_rouge,SAFE : arret au feu rouge
20.20,80.9,0.0,SAFE,8,feu_rouge,SAFE : arret au feu rouge
20.25,80.9,0.0,SAFE,8,feu_rouge,SAFE : arret au feu rouge
20.30,80.9,0.0,SAFE,8,feu_rouge,SAFE : arret au feu rouge
20.35,80.9,0.0,SAFE,8,feu_rouge,SAFE : arret au feu rouge
20.40,80.9,0.0,SAFE,8,feu_rouge,SAFE : arret au feu rouge
20.45,80.9,0.0,SAFE,8,feu_rouge,SAFE : arret au feu rouge
20.50,80.9,0.0,SAFE,8,feu_rouge,SAFE : arret au feu rouge
20.55,80.9,0.0,SAFE,9,feu_rouge,SAFE : arret au feu rouge
20.60,80.9,0.0,SAFE,8,feu_rouge,SAFE : arret au feu rouge
20.65,80.9,0.0,SAFE,8,feu_rouge,SAFE : arret au feu rouge
20.70,80.9,0.0,SAFE,8,feu_rouge,SAFE : arret au feu rouge
20.75,80.9,0.0,SAFE,8,feu_rouge,SAFE : arret au feu rouge
20.80,80.9,0.0,SAFE,8,feu_rouge,SAFE : arret au feu rouge
20.85,80.9,0.0,SAFE,8,feu_rouge,SAFE : arret au feu rouge
20.90,80.9,0.0,SAFE,8,feu_rouge,SAFE : arret au feu rouge
20.95,80.9,0.0,SAFE,8,feu_rouge,SAFE : arret au feu rouge
21.00,80.9,0.0,SAFE,8,feu_rouge,SAFE : arret au feu rouge
21.05,80.9,0.0,SAFE,8,feu_rouge,SAFE : arret au feu rouge
21.10,80.9,0.0,SAFE,8,feu_rouge,SAFE : arret au feu rouge
21.15,80.9,0.0,SAFE,8,feu_rouge,SAFE : arret au feu rouge
21.20,80.9,0.0,SAFE,8,feu_rouge,SAFE : arret au feu rouge
21.25,80.9,0.0,SAFE,8,feu_rouge,SAFE : arret au feu rouge
21.30,80.9,0.0,SAFE,8,feu_rouge,SAFE : arret au feu rouge
21.35,80.9,0.0,SAFE,8,feu_rouge,SAFE : arret au feu rouge
21.40,80.9,0.0,SAFE,8,feu_rouge,SAFE : arret au feu rouge
21.45,80.9,0.0,SAFE,8,feu_rouge,SAFE : arret au feu rouge
21.50,80.9,0.0,SAFE,8,feu_rouge,SAFE : arret au feu rouge
21.55,80.9,0.0,SAFE,8,feu_rouge,SAFE : arret au feu rouge
21.60,80.9,0.0,SAFE,8,feu_rouge,SAFE : arret au feu rouge
21.65,80.9,0.0,SAFE,8,feu_rouge,SAFE : arret au feu rouge
21.70,80.9,0.0,SAFE,8,feu_rouge,SAFE : arret au feu rouge
21.75,80.9,0.0,SAFE,8,feu_rouge,SAFE : arret au feu rouge
21.80,80.9,0.0,SAFE,8,feu_rouge,SAFE : arret au feu rouge
21.85,80.9,0.0,SAFE,8,feu_rouge,SAFE : arret au feu rouge
21.90,80.9,0.0,SAFE,8,feu_rouge,SAFE : arret au feu rouge
21.95,80.9,0.0,SAFE,8,feu_rouge,SAFE : arret au feu rouge
22.00,80.9,0.0,SAFE,9,feu_rouge,SAFE : arret au feu rouge
22.05,80.9,0.0,SAFE,9,feu_rouge,SAFE : arret au feu rouge
22.10,80.9,0.0,SAFE,9,feu_rouge,SAFE : arret au feu rouge
22.15,80.9,0.0,SAFE,9,feu_rouge,SAFE : arret au feu rouge
22.20,80.9,0.0,SAFE,9,feu_rouge,SAFE : arret au feu rouge
22.25,80.9,0.0,SAFE,9,feu_rouge,SAFE : arret au feu rouge
22.30,80.9,0.0,SAFE,9,feu_rouge,SAFE : arret au feu rouge
22.35,80.9,0.0,SAFE,9,feu_rouge,SAFE : arret au feu rouge
22.40,80.9,0.0,SAFE,9,feu_rouge,SAFE : arret au feu rouge
22.45,80.9,0.0,SAFE,9,feu_rouge,SAFE : arret au feu rouge
22.50,80.9,0.0,SAFE,9,feu_rouge,SAFE : arret au feu rouge
22.55,80.9,0.0,SAFE,9,feu_rouge,SAFE : arret au feu rouge
22.60,80.9,0.0,SAFE,9,feu_rouge,SAFE : arret au feu rouge
22.65,80.9,0.0,SAFE,9,feu_rouge,SAFE : arret au feu rouge
22.70,80.9,0.0,SAFE,9,feu_rouge,SAFE : arret au feu rouge
22.75,80.9,0.0,SAFE,9,feu_rouge,SAFE : arret au feu rouge
22.80,80.9,0.0,SAFE,9,feu_rouge,SAFE : arret au feu rouge
22.85,80.9,0.0,SAFE,9,feu_rouge,SAFE : arret au feu rouge
22.90,80.9,0.0,SAFE,9,feu_rouge,SAFE : arret au feu rouge
22.95,80.9,0.0,SAFE,9,feu_rouge,SAFE : arret au feu rouge
23.00,80.9,0.0,SAFE,9,feu_rouge,SAFE : arret au feu rouge
23.05,80.9,0.0,SAFE,9,feu_rouge,SAFE : arret au feu rouge
23.10,80.9,0.0,SAFE,9,feu_rouge,SAFE : arret au feu rouge
23.15,80.9,0.0,SAFE,9,feu_rouge,SAFE : arret au feu rouge
23.20,80.9,0.0,SAFE,9,feu_rouge,SAFE : arret au feu rouge
23.25,80.9,0.0,SAFE,9,feu_rouge,SAFE : arret au feu rouge
23.30,80.9,0.0,SAFE,9,feu_rouge,SAFE : arret au feu rouge
23.35,80.9,0.0,SAFE,9,feu_rouge,SAFE : arret au feu rouge
23.40,80.9,0.0,SAFE,9,feu_rouge,SAFE : arret au feu rouge
23.45,80.9,0.0,SAFE,9,feu_rouge,SAFE : arret au feu rouge
23.50,80.9,0.0,SAFE,9,feu_rouge,SAFE : arret au feu rouge
23.55,80.9,0.0,SAFE,9,feu_rouge,SAFE : arret au feu rouge
23.60,80.9,0.0,SAFE,9,feu_rouge,SAFE : arret au feu rouge
23.65,80.9,0.0,SAFE,9,feu_rouge,SAFE : arret au feu rouge
23.70,80.9,0.0,SAFE,9,feu_rouge,SAFE : arret au feu rouge
23.75,80.9,0.0,SAFE,9,feu_rouge,SAFE : arret au feu rouge
23.80,80.9,0.0,SAFE,9,feu_rouge,SAFE : arret au feu rouge
23.85,80.9,0.0,SAFE,9,feu_rouge,SAFE : arret au feu rouge
23.90,80.9,0.0,SAFE,9,feu_rouge,SAFE : arret au feu rouge
23.95,80.9,0.0,SAFE,9,feu_rouge,SAFE : arret au feu rouge
24.00,80.9,0.0,SAFE,9,feu_rouge,SAFE : arret au feu rouge
24.05,80.9,0.0,SAFE,9,feu_rouge,SAFE : arret au feu rouge
24.10,80.9,0.0,SAFE,9,feu_rouge,SAFE : arret au feu rouge
24.15,80.9,0.0,SAFE,9,feu_rouge,SAFE : arret au feu rouge
24.20,80.9,0.0,SAFE,9,feu_rouge,SAFE : arret au feu rouge
24.25,80.9,0.0,SAFE,9,feu_rouge,SAFE : arret au feu rouge
24.30,80.9,0.0,SAFE,9,feu_rouge,SAFE : arret au feu rouge
24.35,80.9,0.0,SAFE,9,feu_rouge,SAFE : arret au feu rouge
24.40,80.9,0.0,SAFE,9,feu_rouge,SAFE : arret au feu rouge
24.45,80.9,0.0,SAFE,9,feu_rouge,SAFE : arret au feu rouge
24.50,80.9,0.0,SAFE,9,feu_rouge,SAFE : arret au feu rouge
24.55,80.9,0.0,SAFE,9,feu_rouge,SAFE : arret au feu rouge
24.60,80.9,0.0,SAFE,9,feu_rouge,SAFE : arret au feu rouge
24.65,80.9,0.0,SAFE,9,feu_rouge,SAFE : arret au feu rouge
24.70,80.9,0.0,SAFE,9,feu_rouge,SAFE : arret au feu rouge
24.75,80.9,0.0,SAFE,9,feu_rouge,SAFE : arret au feu rouge
24.80,80.9,0.0,SAFE,9,feu_rouge,SAFE : arret au feu rouge
24.85,80.9,0.0,SAFE,9,feu_rouge,SAFE : arret au feu rouge
24.90,80.9,0.0,SAFE,9,feu_rouge,SAFE : arret au feu rouge
24.95,80.9,0.0,SAFE,9,feu_rouge,SAFE : arret au feu rouge
25.00,80.9,0.0,SAFE,9,feu_rouge,SAFE : arret au feu rouge
25.05,80.9,0.0,SAFE,9,feu_rouge,SAFE : arret au feu rouge
25.10,80.9,0.0,SAFE,9,feu_rouge,SAFE : arret au feu rouge
25.15,80.9,0.0,SAFE,9,feu_rouge,SAFE : arret au feu rouge
25.20,80.9,0.0,SAFE,9,feu_rouge,SAFE : arret au feu rouge
25.25,80.9,0.0,SAFE,9,feu_rouge,SAFE : arret au feu rouge
25.30,80.9,0.0,SAFE,9,feu_rouge,SAFE : arret au feu rouge
25.35,80.9,0.0,SAFE,9,feu_rouge,SAFE : arret au feu rouge
25.40,80.9,0.0,SAFE,9,feu_rouge,SAFE : arret au feu rouge
25.45,80.9,0.0,SAFE,9,feu_rouge,SAFE : arret au feu rouge
25.50,80.9,0.0,SAFE,9,feu_rouge,SAFE : arret au feu rouge
25.55,80.9,0.0,SAFE,9,feu_rouge,SAFE : arret au feu rouge
25.60,80.9,0.0,SAFE,9,feu_rouge,SAFE : arret au feu rouge
25.65,80.9,0.0,SAFE,9,feu_rouge,SAFE : arret au feu rouge
25.70,80.9,0.0,SAFE,9,feu_rouge,SAFE : arret au feu rouge
25.75,80.9,0.0,SAFE,9,feu_rouge,SAFE : arret au feu rouge
25.80,80.9,0.0,SAFE,9,feu_rouge,SAFE : arret au feu rouge
25.85,80.9,0.0,SAFE,9,feu_rouge,SAFE : arret au feu rouge
25.90,80.9,0.0,SAFE,9,feu_rouge,SAFE : arret au feu rouge
25.95,80.9,0.0,SAFE,9,feu_rouge,SAFE : arret au feu rouge
26.00,80.9,0.0,SAFE,9,feu_rouge,SAFE : arret au feu rouge
26.05,80.9,0.0,SAFE,9,feu_rouge,SAFE : arret au feu rouge
26.10,80.9,0.0,SAFE,9,feu_rouge,SAFE : arret au feu rouge
26.15,80.9,0.0,SAFE,9,feu_rouge,SAFE : arret au feu rouge
26.20,80.9,0.0,SAFE,9,feu_rouge,SAFE : arret au feu rouge
26.25,80.9,0.0,SAFE,9,feu_rouge,SAFE : arret au feu rouge
26.30,80.9,0.0,SAFE,9,feu_rouge,SAFE : arret au feu rouge
26.35,80.9,0.0,SAFE,9,feu_rouge,SAFE : arret au feu rouge
26.40,80.9,0.0,SAFE,9,feu_rouge,SAFE : arret au feu rouge
26.45,80.9,0.0,SAFE,9,feu_rouge,SAFE : arret au feu rouge
26.50,80.9,0.0,SAFE,9,feu_rouge,SAFE : arret au feu rouge
26.55,80.9,0.0,SAFE,9,feu_rouge,SAFE : arret au feu rouge
26.60,80.9,0.0,SAFE,9,feu_rouge,SAFE : arret au feu rouge
26.65,80.9,0.0,SAFE,9,feu_rouge,SAFE : arret au feu rouge
26.70,80.9,0.0,SAFE,9,feu_rouge,SAFE : arret au feu rouge
26.75,80.9,0.0,SAFE,9,feu_rouge,SAFE : arret au feu rouge
26.80,80.9,0.0,SAFE,9,feu_rouge,SAFE : arret au feu rouge
26.85,80.9,0.0,SAFE,9,feu_rouge,SAFE : arret au feu rouge
26.90,80.9,0.0,SAFE,9,feu_rouge,SAFE : arret au feu rouge
26.95,80.9,0.0,SAFE,9,feu_rouge,SAFE : arret au feu rouge
27.00,80.9,0.0,SAFE,9,feu_rouge,SAFE : arret au feu rouge
27.05,80.9,0.0,SAFE,9,feu_rouge,SAFE : arret au feu rouge
27.10,80.9,0.0,SAFE,9,feu_rouge,SAFE : arret au feu rouge
27.15,80.9,0.0,SAFE,9,feu_rouge,SAFE : arret au feu rouge
27.20,80.9,0.0,SAFE,9,feu_rouge,SAFE : arret au feu rouge
27.25,80.9,0.0,SAFE,9,feu_rouge,SAFE : arret au feu rouge
27.30,80.9,0.0,SAFE,9,feu_rouge,SAFE : arret au feu rouge
27.35,80.9,0.0,SAFE,9,feu_rouge,SAFE : arret au feu rouge
27.40,80.9,0.0,SAFE,9,feu_rouge,SAFE : arret au feu rouge
27.45,80.9,0.0,SAFE,9,feu_rouge,SAFE : arret au feu rouge
27.50,80.9,0.0,SAFE,9,feu_rouge,SAFE : arret au feu rouge
27.55,80.9,0.0,SAFE,9,feu_rouge,SAFE : arret au feu rouge
27.60,80.9,0.0,SAFE,9,feu_rouge,SAFE : arret au feu rouge
27.65,80.9,0.0,SAFE,9,feu_rouge,SAFE : arret au feu rouge
27.70,80.9,0.0,SAFE,9,feu_rouge,SAFE : arret au feu rouge
27.75,80.9,0.0,SAFE,9,feu_rouge,SAFE : arret au feu rouge
27.80,80.9,0.0,SAFE,9,feu_rouge,SAFE : arret au feu rouge
27.85,80.9,0.0,SAFE,9,feu_rouge,SAFE : arret au feu rouge
27.90,80.9,0.0,SAFE,9,feu_rouge,SAFE : arret au feu rouge
27.95,80.9,0.0,SAFE,9,feu_rouge,SAFE : arret au feu rouge
28.00,80.9,0.0,SAFE,9,feu_rouge,SAFE : arret au feu rouge
28.05,80.9,0.0,SAFE,9,feu_rouge,SAFE : arret au feu rouge
28.10,80.9,0.0,SAFE,9,feu_rouge,SAFE : arret au feu rouge
28.15,80.9,0.0,SAFE,9,feu_rouge,SAFE : arret au feu rouge
28.20,80.9,0.0,SAFE,9,feu_rouge,SAFE : arret au feu rouge
28.25,80.9,0.0,SAFE,9,feu_rouge,SAFE : arret au feu rouge
28.30,80.9,0.0,SAFE,9,feu_rouge,SAFE : arret au feu rouge
28.35,80.9,0.0,SAFE,9,feu_rouge,SAFE : arret au feu rouge
28.40,80.9,0.0,SAFE,9,feu_rouge,SAFE : arret au feu rouge
28.45,80.9,0.0,SAFE,9,feu_rouge,SAFE : arret au feu rouge
28.50,80.9,0.0,SAFE,8,feu_rouge,SAFE : arret au feu rouge
28.55,80.9,0.0,SAFE,8,feu_rouge,SAFE : arret au feu rouge
28.60,80.9,0.0,SAFE,8,feu_rouge,SAFE : arret au feu rouge
28.65,80.9,0.0,SAFE,8,feu_rouge,SAFE : arret au feu rouge
28.70,80.9,0.0,SAFE,8,feu_rouge,SAFE : arret au feu rouge
28.75,80.9,0.0,SAFE,8,feu_rouge,SAFE : arret au feu rouge
28.80,80.9,0.0,SAFE,8,feu_rouge,SAFE : arret au feu rouge
28.85,80.9,0.0,SAFE,8,feu_rouge,SAFE : arret au feu rouge
28.90,80.9,0.0,SAFE,8,feu_rouge,SAFE : arret au feu rouge
28.95,80.9,0.0,SAFE,8,feu_rouge,SAFE : arret au feu rouge
29.00,80.9,0.0,SAFE,8,feu_rouge,SAFE : arret au feu rouge
29.05,80.9,0.0,SAFE,8,feu_rouge,SAFE : arret au feu rouge
29.10,80.9,0.0,SAFE,8,feu_rouge,SAFE : arret au feu rouge
29.15,80.9,0.0,SAFE,8,feu_rouge,SAFE : arret au feu rouge
29.20,80.9,0.0,SAFE,8,feu_rouge,SAFE : arret au feu rouge
29.25,80.9,0.0,SAFE,8,feu_rouge,SAFE : arret au feu rouge
29.30,80.9,0.0,SAFE,8,feu_rouge,SAFE : arret au feu rouge
29.35,80.9,0.0,SAFE,8,feu_rouge,SAFE : arret au feu rouge
29.40,80.9,0.0,SAFE,8,feu_rouge,SAFE : arret au feu rouge
29.45,80.9,0.0,SAFE,8,feu_rouge,SAFE : arret au feu rouge
29.50,80.9,0.0,SAFE,8,feu_rouge,SAFE : arret au feu rouge
29.55,80.9,0.0,SAFE,7,feu_rouge,SAFE : arret au feu rouge
29.60,80.9,0.0,SAFE,7,feu_rouge,SAFE : arret au feu rouge
29.65,80.9,0.0,SAFE,7,feu_rouge,SAFE : arret au feu rouge
29.70,80.9,0.0,SAFE,7,feu_rouge,SAFE : arret au feu rouge
29.75,80.9,0.0,SAFE,7,feu_rouge,SAFE : arret au feu rouge
29.80,80.9,0.0,SAFE,7,feu_rouge,SAFE : arret au feu rouge
29.85,80.9,0.0,SAFE,7,feu_rouge,SAFE : arret au feu rouge
29.90,80.9,0.0,SAFE,7,feu_rouge,SAFE : arret au feu rouge
29.95,80.9,0.0,SAFE,7,feu_rouge,SAFE : arret au feu rouge
30.00,80.9,0.0,SAFE,7,feu_rouge,SAFE : arret au feu rouge
30.05,80.9,0.0,SAFE,7,feu_rouge,SAFE : arret au feu rouge
30.10,80.9,0.0,SAFE,7,feu_rouge,SAFE : arret au feu rouge
30.15,80.9,0.0,SAFE,7,feu_rouge,SAFE : arret au feu rouge
30.20,80.9,0.0,SAFE,7,feu_rouge,SAFE : arret au feu rouge
30.25,80.9,0.0,SAFE,7,feu_rouge,SAFE : arret au feu rouge
30.30,80.9,0.0,SAFE,7,feu_rouge,SAFE : arret au feu rouge
30.35,80.9,0.0,SAFE,7,feu_rouge,SAFE : arret au feu rouge
30.40,80.9,0.0,SAFE,7,feu_rouge,SAFE : arret au feu rouge
30.45,80.9,0.0,SAFE,7,feu_rouge,SAFE : arret au feu rouge
30.50,80.9,0.0,SAFE,7,feu_rouge,SAFE : arret au feu rouge
30.55,80.9,0.0,SAFE,7,feu_rouge,SAFE : arret au feu rouge
30.60,80.9,0.0,SAFE,7,feu_rouge,SAFE : arret au feu rouge
30.65,80.9,0.0,SAFE,7,feu_rouge,SAFE : arret au feu rouge
30.70,80.9,0.0,SAFE,7,feu_rouge,SAFE : arret au feu rouge
30.75,80.9,0.0,SAFE,7,feu_rouge,SAFE : arret au feu rouge
30.80,80.9,0.0,SAFE,7,feu_rouge,SAFE : arret au feu rouge
30.85,80.9,0.0,SAFE,7,feu_rouge,SAFE : arret au feu rouge
30.90,80.9,0.0,SAFE,7,feu_rouge,SAFE : arret au feu rouge
30.95,80.9,0.0,SAFE,7,feu_rouge,SAFE : arret au feu rouge
31.00,80.9,0.0,SAFE,7,feu_rouge,SAFE : arret au feu rouge
31.05,80.9,0.0,SAFE,7,feu_rouge,SAFE : arret au feu rouge
31.10,80.9,0.0,SAFE,7,feu_rouge,SAFE : arret au feu rouge
31.15,80.9,0.0,SAFE,7,feu_rouge,SAFE : arret au feu rouge
31.20,80.9,0.0,SAFE,7,feu_rouge,SAFE : arret au feu rouge
31.25,80.9,0.0,SAFE,7,feu_rouge,SAFE : arret au feu rouge
31.30,80.9,0.0,SAFE,7,feu_rouge,SAFE : arret au feu rouge
31.35,80.9,0.0,SAFE,7,feu_rouge,SAFE : arret au feu rouge
31.40,80.9,0.0,SAFE,7,feu_rouge,SAFE : arret au feu rouge
31.45,80.9,0.0,SAFE,7,feu_rouge,SAFE : arret au feu rouge
31.50,80.9,0.0,SAFE,7,feu_rouge,SAFE : arret au feu rouge
31.55,80.9,0.0,SAFE,7,feu_rouge,SAFE : arret au feu rouge
31.60,80.9,0.0,SAFE,7,feu_rouge,SAFE : arret au feu rouge
31.65,80.9,0.0,SAFE,7,feu_rouge,SAFE : arret au feu rouge
31.70,80.9,0.0,SAFE,7,feu_rouge,SAFE : arret au feu rouge
31.75,80.9,0.0,SAFE,7,feu_rouge,SAFE : arret au feu rouge
31.80,80.9,0.0,SAFE,7,feu_rouge,SAFE : arret au feu rouge
31.85,80.9,0.0,SAFE,7,feu_rouge,SAFE : arret au feu rouge
31.90,80.9,0.0,SAFE,7,feu_rouge,SAFE : arret au feu rouge
31.95,80.9,0.0,SAFE,7,feu_rouge,SAFE : arret au feu rouge
32.00,80.9,0.0,SAFE,7,feu_rouge,SAFE : arret au feu rouge
32.05,80.9,0.0,SAFE,7,feu_rouge,SAFE : arret au feu rouge
32.10,80.9,0.0,SAFE,7,feu_rouge,SAFE : arret au feu rouge
32.15,80.9,0.0,SAFE,7,feu_rouge,SAFE : arret au feu rouge
32.20,80.9,0.0,SAFE,7,feu_rouge,SAFE : arret au feu rouge
32.25,80.9,0.0,SAFE,7,feu_rouge,SAFE : arret au feu rouge
32.30,80.9,0.0,SAFE,7,feu_rouge,SAFE : arret au feu rouge
32.35,80.9,0.0,SAFE,7,feu_rouge,SAFE : arret au feu rouge
32.40,80.9,0.0,SAFE,7,feu_rouge,SAFE : arret au feu rouge
32.45,80.9,0.0,SAFE,7,feu_rouge,SAFE : arret au feu rouge
32.50,80.9,0.0,SAFE,7,feu_rouge,SAFE : arret au feu rouge
32.55,80.9,0.0,SAFE,7,feu_rouge,SAFE : arret au feu rouge
32.60,80.9,0.0,SAFE,7,feu_rouge,SAFE : arret au feu rouge
32.65,80.9,0.0,SAFE,7,feu_rouge,SAFE : arret au feu rouge
32.70,80.9,0.0,SAFE,7,feu_rouge,SAFE : arret au feu rouge
32.75,80.9,0.0,SAFE,7,feu_rouge,SAFE : arret au feu rouge
32.80,80.9,0.0,SAFE,7,feu_rouge,SAFE : arret au feu rouge
32.85,80.9,0.0,SAFE,7,feu_rouge,SAFE : arret au feu rouge
32.90,80.9,0.0,SAFE,7,feu_rouge,SAFE : arret au feu rouge
32.95,80.9,0.0,SAFE,7,feu_rouge,SAFE : arret au feu rouge
33.00,80.9,0.0,SAFE,7,feu_rouge,SAFE : arret au feu rouge
33.05,80.9,0.0,SAFE,7,feu_rouge,SAFE : arret au feu rouge
33.10,80.9,0.0,SAFE,7,feu_rouge,SAFE : arret au feu rouge
33.15,80.9,0.0,SAFE,7,feu_rouge,SAFE : arret au feu rouge
33.20,80.9,0.0,SAFE,7,feu_rouge,SAFE : arret au feu rouge
33.25,80.9,0.0,SAFE,7,feu_rouge,SAFE : arret au feu rouge
33.30,80.9,0.0,SAFE,7,feu_rouge,SAFE : arret au feu rouge
33.35,80.9,0.0,SAFE,7,feu_rouge,SAFE : arret au feu rouge
33.40,80.9,0.0,SAFE,7,feu_rouge,SAFE : arret au feu rouge
33.45,80.9,0.0,SAFE,7,feu_rouge,SAFE : arret au feu rouge
33.50,80.9,0.0,SAFE,7,feu_rouge,SAFE : arret au feu rouge
33.55,80.9,0.0,SAFE,7,feu_rouge,SAFE : arret au feu rouge
33.60,80.9,0.0,SAFE,7,feu_rouge,SAFE : arret au feu rouge
33.65,80.9,0.0,SAFE,7,feu_rouge,SAFE : arret au feu rouge
33.70,80.9,0.0,SAFE,7,feu_rouge,SAFE : arret au feu rouge
33.75,80.9,0.0,SAFE,7,feu_rouge,SAFE : arret au feu rouge
33.80,80.9,0.0,SAFE,7,feu_rouge,SAFE : arret au feu rouge
33.85,80.9,0.0,SAFE,7,feu_rouge,SAFE : arret au feu rouge
33.90,80.9,0.0,SAFE,7,feu_rouge,SAFE : arret au feu rouge
33.95,80.9,0.0,SAFE,7,feu_rouge,SAFE : arret au feu rouge
34.00,80.9,0.0,SAFE,7,feu_rouge,SAFE : arret au feu rouge
34.05,80.9,0.0,SAFE,7,feu_rouge,SAFE : arret au feu rouge
34.10,80.9,0.0,SAFE,7,feu_rouge,SAFE : arret au feu rouge
34.15,80.9,0.0,SAFE,7,feu_rouge,SAFE : arret au feu rouge
34.20,80.9,0.0,SAFE,7,feu_rouge,SAFE : arret au feu rouge
34.25,80.9,0.0,SAFE,7,feu_rouge,SAFE : arret au feu rouge
34.30,80.9,0.0,SAFE,7,feu_rouge,SAFE : arret au feu rouge
34.35,80.9,0.0,SAFE,7,feu_rouge,SAFE : arret au feu rouge
34.40,80.9,0.0,SAFE,7,feu_rouge,SAFE : arret au feu rouge
34.45,80.9,0.0,SAFE,7,feu_rouge,SAFE : arret au feu rouge
34.50,80.9,0.0,SAFE,7,feu_rouge,SAFE : arret au feu rouge
34.55,80.9,0.0,SAFE,7,feu_rouge,SAFE : arret au feu rouge
34.60,80.9,0.0,SAFE,7,feu_rouge,SAFE : arret au feu rouge
34.65,80.9,0.0,SAFE,7,feu_rouge,SAFE : arret au feu rouge
34.70,80.9,0.0,SAFE,7,feu_rouge,SAFE : arret au feu rouge
34.75,80.9,0.0,SAFE,7,feu_rouge,SAFE : arret au feu rouge
34.80,80.9,0.0,SAFE,7,feu_rouge,SAFE : arret au feu rouge
34.85,80.9,0.0,SAFE,7,feu_rouge,SAFE : arret au feu rouge
34.90,80.9,0.0,SAFE,7,feu_rouge,SAFE : arret au feu rouge
34.95,80.9,0.0,SAFE,7,feu_rouge,SAFE : arret au feu rouge
35.00,80.9,0.0,SAFE,7,feu_rouge,SAFE : arret au feu rouge
35.05,80.9,0.0,SAFE,7,feu_rouge,SAFE : arret au feu rouge
35.10,80.9,0.0,SAFE,7,feu_rouge,SAFE : arret au feu rouge
35.15,80.9,0.0,SAFE,7,feu_rouge,SAFE : arret au feu rouge
35.20,80.9,0.0,SAFE,7,feu_rouge,SAFE : arret au feu rouge
35.25,80.9,0.0,SAFE,7,feu_rouge,SAFE : arret au feu rouge
35.30,80.9,0.0,SAFE,7,feu_rouge,SAFE : arret au feu rouge
35.35,80.9,0.0,SAFE,7,feu_rouge,SAFE : arret au feu rouge
35.40,80.9,0.0,SAFE,7,feu_rouge,SAFE : arret au feu rouge
35.45,80.9,0.0,SAFE,7,feu_rouge,SAFE : arret au feu rouge
35.50,80.9,0.0,SAFE,7,feu_rouge,SAFE : arret au feu rouge
35.55,80.9,0.0,SAFE,7,feu_rouge,SAFE : arret au feu rouge
35.60,80.9,0.0,SAFE,7,feu_rouge,SAFE : arret au feu rouge
35.65,80.9,0.0,SAFE,7,feu_rouge,SAFE : arret au feu rouge
35.70,80.9,0.0,SAFE,7,feu_rouge,SAFE : arret au feu rouge
35.75,80.9,0.0,SAFE,7,feu_rouge,SAFE : arret au feu rouge
35.80,80.9,0.0,SAFE,7,feu_rouge,SAFE : arret au feu rouge
35.85,80.9,0.0,SAFE,7,feu_rouge,SAFE : arret au feu rouge
35.90,80.9,0.0,SAFE,7,feu_rouge,SAFE : arret au feu rouge
35.95,80.9,0.0,SAFE,7,feu_rouge,SAFE : arret au feu rouge
36.00,80.9,0.0,SAFE,7,feu_rouge,SAFE : arret au feu rouge
36.05,80.9,0.0,SAFE,7,feu_rouge,SAFE : arret au feu rouge
36.10,80.9,0.0,SAFE,7,feu_rouge,SAFE : arret au feu rouge
36.15,80.9,0.0,SAFE,7,feu_rouge,SAFE : arret au feu rouge
36.20,80.9,0.0,SAFE,7,feu_rouge,SAFE : arret au feu rouge
36.25,80.9,0.0,SAFE,7,feu_rouge,SAFE : arret au feu rouge
36.30,80.9,0.0,SAFE,7,feu_rouge,SAFE : arret au feu rouge
36.35,80.9,0.0,SAFE,7,feu_rouge,SAFE : arret au feu rouge
36.40,80.9,0.0,SAFE,7,feu_rouge,SAFE : arret au feu rouge
36.45,80.9,0.0,SAFE,8,feu_rouge,SAFE : arret au feu rouge
36.50,80.9,0.0,SAFE,8,feu_rouge,SAFE : arret au feu rouge
36.55,80.9,0.0,SAFE,8,feu_rouge,SAFE : arret au feu rouge
36.60,80.9,0.0,SAFE,8,feu_rouge,SAFE : arret au feu rouge
36.65,80.9,0.0,SAFE,8,feu_rouge,SAFE : arret au feu rouge
36.70,80.9,0.0,SAFE,8,feu_rouge,SAFE : arret au feu rouge
36.75,80.9,0.0,SAFE,8,feu_rouge,SAFE : arret au feu rouge
36.80,80.9,0.0,SAFE,8,feu_rouge,SAFE : arret au feu rouge
36.85,80.9,0.0,SAFE,8,feu_rouge,SAFE : arret au feu rouge
36.90,80.9,0.0,SAFE,8,feu_rouge,SAFE : arret au feu rouge
36.95,80.9,0.0,SAFE,8,feu_rouge,SAFE : arret au feu rouge
37.00,80.9,0.0,SAFE,8,feu_rouge,SAFE : arret au feu rouge
37.05,80.9,0.0,SAFE,8,feu_rouge,SAFE : arret au feu rouge
37.10,80.9,0.0,SAFE,8,feu_rouge,SAFE : arret au feu rouge
37.15,80.9,0.0,SAFE,8,feu_rouge,SAFE : arret au feu rouge
37.20,80.9,0.0,SAFE,8,feu_rouge,SAFE : arret au feu rouge
37.25,80.9,0.0,SAFE,8,feu_rouge,SAFE : arret au feu rouge
37.30,80.9,0.0,SAFE,8,feu_rouge,SAFE : arret au feu rouge
37.35,80.9,0.0,SAFE,8,feu_rouge,SAFE : arret au feu rouge
37.40,80.9,0.0,SAFE,8,feu_rouge,SAFE : arret au feu rouge
37.45,80.9,0.0,SAFE,8,feu_rouge,SAFE : arret au feu rouge
37.50,80.9,0.0,SAFE,8,feu_rouge,SAFE : arret au feu rouge
37.55,80.9,0.0,SAFE,8,feu_rouge,SAFE : arret au feu rouge
37.60,80.9,0.0,SAFE,8,feu_rouge,SAFE : arret au feu rouge
37.65,80.9,0.0,SAFE,8,feu_rouge,SAFE : arret au feu rouge
37.70,80.9,0.0,SAFE,8,feu_rouge,SAFE : arret au feu rouge
37.75,80.9,0.0,SAFE,8,feu_rouge,SAFE : arret au feu rouge
37.80,80.9,0.0,SAFE,8,feu_rouge,SAFE : arret au feu rouge
37.85,80.9,0.0,SAFE,8,feu_rouge,SAFE : arret au feu rouge
37.90,80.9,0.0,SAFE,8,feu_rouge,SAFE : arret au feu rouge
37.95,80.9,0.0,SAFE,8,feu_rouge,SAFE : arret au feu rouge
38.00,80.9,0.0,SAFE,8,feu_rouge,SAFE : arret au feu rouge
38.05,80.9,0.0,SAFE,8,feu_rouge,SAFE : arret au feu rouge
38.10,80.9,0.0,SAFE,8,feu_rouge,SAFE : arret au feu rouge
38.15,80.9,0.0,SAFE,8,feu_rouge,SAFE : arret au feu rouge
38.20,80.9,0.0,SAFE,8,feu_rouge,SAFE : arret au feu rouge
38.25,80.9,0.0,SAFE,8,feu_rouge,SAFE : arret au feu rouge
38.30,80.9,0.0,SAFE,8,feu_rouge,SAFE : arret au feu rouge
38.35,80.9,0.0,SAFE,8,feu_rouge,SAFE : arret au feu rouge
38.40,80.9,0.0,SAFE,8,feu_rouge,SAFE : arret au feu rouge
38.45,80.9,0.0,SAFE,8,feu_rouge,SAFE : arret au feu rouge
38.50,80.9,0.0,SAFE,8,feu_rouge,SAFE : arret au feu rouge
38.55,80.9,0.0,SAFE,8,feu_rouge,SAFE : arret au feu rouge
38.60,80.9,0.0,SAFE,8,feu_rouge,SAFE : arret au feu rouge
38.65,80.9,0.0,SAFE,8,feu_rouge,SAFE : arret au feu rouge
38.70,80.9,0.0,SAFE,8,feu_rouge,SAFE : arret au feu rouge
38.75,80.9,0.0,SAFE,8,feu_rouge,SAFE : arret au feu rouge
38.80,80.9,0.0,SAFE,8,feu_rouge,SAFE : arret au feu rouge
38.85,80.9,0.0,SAFE,8,feu_rouge,SAFE : arret au feu rouge
38.90,80.9,0.0,SAFE,8,feu_rouge,SAFE : arret au feu rouge
38.95,80.9,0.0,SAFE,8,feu_rouge,SAFE : arret au feu rouge
39.00,80.9,0.0,SAFE,8,feu_rouge,SAFE : arret au feu rouge
39.05,80.9,0.0,SAFE,8,feu_rouge,SAFE : arret au feu rouge
39.10,80.9,0.0,SAFE,9,feu_rouge,SAFE : arret au feu rouge
39.15,80.9,0.0,SAFE,9,feu_rouge,SAFE : arret au feu rouge
39.20,80.9,0.0,SAFE,9,feu_rouge,SAFE : arret au feu rouge
39.25,80.9,0.0,SAFE,9,feu_rouge,SAFE : arret au feu rouge
39.30,80.9,0.0,SAFE,9,feu_rouge,SAFE : arret au feu rouge
39.35,80.9,0.0,SAFE,9,feu_rouge,SAFE : arret au feu rouge
39.40,80.9,0.0,SAFE,9,feu_rouge,SAFE : arret au feu rouge
39.45,80.9,0.0,SAFE,9,feu_rouge,SAFE : arret au feu rouge
39.50,80.9,0.0,SAFE,9,feu_rouge,SAFE : arret au feu rouge
39.55,80.9,0.0,SAFE,9,feu_rouge,SAFE : arret au feu rouge
39.60,80.9,0.0,SAFE,9,feu_rouge,SAFE : arret au feu rouge
39.65,80.9,0.0,SAFE,9,feu_rouge,SAFE : arret au feu rouge
39.70,80.9,0.0,SAFE,9,feu_rouge,SAFE : arret au feu rouge
39.75,80.9,0.0,SAFE,9,feu_rouge,SAFE : arret au feu rouge
39.80,80.9,0.0,SAFE,9,feu_rouge,SAFE : arret au feu rouge
39.85,80.9,0.0,SAFE,9,feu_rouge,SAFE : arret au feu rouge
39.90,80.9,0.0,SAFE,9,feu_rouge,SAFE : arret au feu rouge
39.95,80.9,0.0,SAFE,9,feu_rouge,SAFE : arret au feu rouge
40.00,80.9,0.0,SAFE,9,feu_rouge,SAFE : arret au feu rouge
40.05,80.9,0.0,SAFE,9,feu_rouge,SAFE : arret au feu rouge
40.10,80.9,0.0,SAFE,9,feu_rouge,SAFE : arret au feu rouge
40.15,80.9,0.0,SAFE,9,feu_rouge,SAFE : arret au feu rouge
40.20,80.9,0.0,SAFE,9,feu_rouge,SAFE : arret au feu rouge
40.25,80.9,0.0,SAFE,9,feu_rouge,SAFE : arret au feu rouge
40.30,80.9,0.0,SAFE,9,feu_rouge,SAFE : arret au feu rouge
40.35,80.9,0.0,SAFE,9,feu_rouge,SAFE : arret au feu rouge
40.40,80.9,0.0,SAFE,9,feu_rouge,SAFE : arret au feu rouge
40.45,80.9,0.0,SAFE,9,feu_rouge,SAFE : arret au feu rouge
40.50,80.9,0.0,SAFE,9,feu_rouge,SAFE : arret au feu rouge
40.55,80.9,0.0,SAFE,9,feu_rouge,SAFE : arret au feu rouge
40.60,80.9,0.0,SAFE,9,feu_rouge,SAFE : arret au feu rouge
40.65,80.9,0.0,SAFE,9,feu_rouge,SAFE : arret au feu rouge
40.70,80.9,0.0,SAFE,9,feu_rouge,SAFE : arret au feu rouge
40.75,80.9,0.0,SAFE,9,feu_rouge,SAFE : arret au feu rouge
40.80,80.9,0.0,SAFE,9,feu_rouge,SAFE : arret au feu rouge
40.85,80.9,0.0,SAFE,9,feu_rouge,SAFE : arret au feu rouge
40.90,80.9,0.0,SAFE,9,feu_rouge,SAFE : arret au feu rouge
40.95,80.9,0.0,SAFE,9,feu_rouge,SAFE : arret au feu rouge
41.00,80.9,0.0,SAFE,9,feu_rouge,SAFE : arret au feu rouge
41.05,80.9,0.0,SAFE,9,feu_rouge,SAFE : arret au feu rouge
41.10,80.9,0.0,SAFE,9,feu_rouge,SAFE : arret au feu rouge
41.15,80.9,0.0,SAFE,9,feu_rouge,SAFE : arret au feu rouge
41.20,80.9,0.0,SAFE,9,feu_rouge,SAFE : arret au feu rouge
41.25,80.9,0.0,SAFE,9,feu_rouge,SAFE : arret au feu rouge
41.30,80.9,0.0,SAFE,8,feu_rouge,SAFE : arret au feu rouge
41.35,80.9,0.0,SAFE,8,feu_rouge,SAFE : arret au feu rouge
41.40,80.9,0.0,SAFE,8,feu_rouge,SAFE : arret au feu rouge
41.45,80.9,0.0,SAFE,8,feu_rouge,SAFE : arret au feu rouge
41.50,80.9,0.0,SAFE,8,feu_rouge,SAFE : arret au feu rouge
41.55,80.9,0.0,SAFE,8,feu_rouge,SAFE : arret au feu rouge
41.60,80.9,0.0,SAFE,8,feu_rouge,SAFE : arret au feu rouge
41.65,80.9,0.0,SAFE,8,feu_rouge,SAFE : arret au feu rouge
41.70,80.9,0.0,SAFE,8,feu_rouge,SAFE : arret au feu rouge
41.75,80.9,0.0,SAFE,8,feu_rouge,SAFE : arret au feu rouge
41.80,80.9,0.0,SAFE,8,feu_rouge,SAFE : arret au feu rouge
41.85,80.9,0.0,SAFE,8,feu_rouge,SAFE : arret au feu rouge
41.90,80.9,0.0,SAFE,8,feu_rouge,SAFE : arret au feu rouge
41.95,80.9,0.0,SAFE,8,feu_rouge,SAFE : arret au feu rouge
42.00,80.9,0.0,SAFE,8,feu_rouge,SAFE : arret au feu rouge
42.05,80.9,0.0,SAFE,8,feu_rouge,SAFE : arret au feu rouge
42.10,80.9,0.0,SAFE,8,feu_rouge,SAFE : arret au feu rouge
42.15,80.9,0.0,SAFE,8,feu_rouge,SAFE : arret au feu rouge
42.20,80.9,0.0,SAFE,8,feu_rouge,SAFE : arret au feu rouge
42.25,80.9,0.0,SAFE,8,feu_rouge,SAFE : arret au feu rouge
42.30,80.9,0.0,SAFE,8,feu_rouge,SAFE : arret au feu rouge
42.35,80.9,0.0,SAFE,8,feu_rouge,SAFE : arret au feu rouge
42.40,80.9,0.0,SAFE,8,feu_rouge,SAFE : arret au feu rouge
42.45,80.9,0.0,SAFE,8,feu_rouge,SAFE : arret au feu rouge
42.50,80.9,0.0,SAFE,8,feu_rouge,SAFE : arret au feu rouge
42.55,80.9,0.0,SAFE,8,feu_rouge,SAFE : arret au feu rouge
42.60,80.9,0.0,SAFE,8,feu_rouge,SAFE : arret au feu rouge
42.65,80.9,0.0,SAFE,8,feu_rouge,SAFE : arret au feu rouge
42.70,80.9,0.0,SAFE,8,feu_rouge,SAFE : arret au feu rouge
42.75,80.9,0.0,SAFE,8,feu_rouge,SAFE : arret au feu rouge
42.80,80.9,0.0,SAFE,8,feu_rouge,SAFE : arret au feu rouge
42.85,80.9,0.0,SAFE,8,feu_rouge,SAFE : arret au feu rouge
42.90,80.9,0.0,SAFE,8,feu_rouge,SAFE : arret au feu rouge
42.95,80.9,0.0,SAFE,8,feu_rouge,SAFE : arret au feu rouge
43.00,80.9,0.0,SAFE,8,feu_rouge,SAFE : arret au feu rouge
43.05,80.9,0.0,SAFE,8,feu_rouge,SAFE : arret au feu rouge
43.10,80.9,0.0,SAFE,8,feu_rouge,SAFE : arret au feu rouge
43.15,80.9,0.0,SAFE,8,feu_rouge,SAFE : arret au feu rouge
43.20,80.9,0.0,SAFE,7,feu_rouge,SAFE : arret au feu rouge
43.25,80.9,0.0,SAFE,7,feu_rouge,SAFE : arret au feu rouge
43.30,80.9,0.0,SAFE,7,feu_rouge,SAFE : arret au feu rouge
43.35,80.9,0.0,SAFE,7,feu_rouge,SAFE : arret au feu rouge
43.40,80.9,0.0,SAFE,7,feu_rouge,SAFE : arret au feu rouge
43.45,80.9,0.0,SAFE,7,feu_rouge,SAFE : arret au feu rouge
43.50,80.9,0.0,SAFE,7,feu_rouge,SAFE : arret au feu rouge
43.55,80.9,0.0,SAFE,7,feu_rouge,SAFE : arret au feu rouge
43.60,80.9,0.0,SAFE,7,feu_rouge,SAFE : arret au feu rouge
43.65,80.9,0.0,SAFE,7,feu_rouge,SAFE : arret au feu rouge
43.70,80.9,0.0,SAFE,7,feu_rouge,SAFE : arret au feu rouge
43.75,80.9,0.0,SAFE,7,feu_rouge,SAFE : arret au feu rouge
43.80,80.9,0.0,SAFE,7,feu_rouge,SAFE : arret au feu rouge
43.85,80.9,0.0,SAFE,7,feu_rouge,SAFE : arret au feu rouge
43.90,80.9,0.0,SAFE,7,feu_rouge,SAFE : arret au feu rouge
43.95,80.9,0.0,SAFE,7,feu_rouge,SAFE : arret au feu rouge
44.00,80.9,0.0,SAFE,7,feu_rouge,SAFE : arret au feu rouge
44.05,80.9,0.0,SAFE,7,feu_rouge,SAFE : arret au feu rouge
44.10,80.9,0.0,SAFE,7,feu_rouge,SAFE : arret au feu rouge
44.15,80.9,0.0,SAFE,7,feu_rouge,SAFE : arret au feu rouge
44.20,80.9,0.0,SAFE,7,feu_rouge,SAFE : arret au feu rouge
44.25,80.9,0.0,SAFE,7,feu_rouge,SAFE : arret au feu rouge
44.30,80.9,0.0,SAFE,7,feu_rouge,SAFE : arret au feu rouge
44.35,80.9,0.0,SAFE,7,feu_rouge,SAFE : arret au feu rouge
44.40,80.9,0.0,SAFE,7,feu_rouge,SAFE : arret au feu rouge
44.45,80.9,0.0,SAFE,7,feu_rouge,SAFE : arret au feu rouge
44.50,80.9,0.0,SAFE,7,feu_rouge,SAFE : arret au feu rouge
44.55,80.9,0.0,SAFE,7,feu_rouge,SAFE : arret au feu rouge
44.60,80.9,0.0,SAFE,7,feu_rouge,SAFE : arret au feu rouge
44.65,80.9,0.0,SAFE,7,feu_rouge,SAFE : arret au feu rouge
44.70,80.9,0.0,SAFE,7,feu_rouge,SAFE : arret au feu rouge
44.75,80.9,0.0,SAFE,7,feu_rouge,SAFE : arret au feu rouge
44.80,80.9,0.0,SAFE,7,feu_rouge,SAFE : arret au feu rouge
44.85,80.9,0.0,SAFE,7,feu_rouge,SAFE : arret au feu rouge
44.90,80.9,0.0,SAFE,7,feu_rouge,SAFE : arret au feu rouge
44.95,80.9,0.0,SAFE,7,feu_rouge,SAFE : arret au feu rouge
45.00,80.9,0.0,SAFE,7,feu_rouge,SAFE : arret au feu rouge
45.05,80.9,0.0,SAFE,7,feu_rouge,SAFE : arret au feu rouge
45.10,80.9,0.0,SAFE,7,feu_rouge,SAFE : arret au feu rouge
45.15,80.9,0.0,SAFE,7,feu_rouge,SAFE : arret au feu rouge
45.20,80.9,0.0,SAFE,7,feu_rouge,SAFE : arret au feu rouge
45.25,80.9,0.0,SAFE,7,feu_rouge,SAFE : arret au feu rouge
45.30,80.9,0.0,SAFE,7,feu_rouge,SAFE : arret au feu rouge
45.35,80.9,0.0,SAFE,7,feu_rouge,SAFE : arret au feu rouge
45.40,80.9,0.0,SAFE,7,feu_rouge,SAFE : arret au feu rouge
45.45,80.9,0.0,SAFE,7,feu_rouge,SAFE : arret au feu rouge
45.50,80.9,0.0,SAFE,7,feu_rouge,SAFE : arret au feu rouge
45.55,80.9,0.0,SAFE,7,feu_rouge,SAFE : arret au feu rouge
45.60,80.9,0.0,SAFE,7,feu_rouge,SAFE : arret au feu rouge
45.65,80.9,0.0,SAFE,7,feu_rouge,SAFE : arret au feu rouge
45.70,80.9,0.0,SAFE,7,feu_rouge,SAFE : arret au feu rouge
45.75,80.9,0.0,SAFE,7,feu_rouge,SAFE : arret au feu rouge
45.80,80.9,0.0,SAFE,7,feu_rouge,SAFE : arret au feu rouge
45.85,80.9,0.0,SAFE,7,feu_rouge,SAFE : arret au feu rouge
45.90,80.9,0.0,SAFE,7,feu_rouge,SAFE : arret au feu rouge
45.95,80.9,0.0,SAFE,7,feu_rouge,SAFE : arret au feu rouge
46.00,80.9,0.0,SAFE,7,feu_rouge,SAFE : arret au feu rouge
46.05,80.9,0.0,SAFE,7,feu_rouge,SAFE : arret au feu rouge
46.10,80.9,0.0,SAFE,7,feu_rouge,SAFE : arret au feu rouge
46.15,80.9,0.0,SAFE,7,feu_rouge,SAFE : arret au feu rouge
46.20,80.9,0.0,SAFE,7,feu_rouge,SAFE : arret au feu rouge
46.25,80.9,0.0,SAFE,7,feu_rouge,SAFE : arret au feu rouge
46.30,80.9,0.0,SAFE,7,feu_rouge,SAFE : arret au feu rouge
46.35,80.9,0.0,SAFE,7,feu_rouge,SAFE : arret au feu rouge
46.40,80.9,0.0,SAFE,7,feu_rouge,SAFE : arret au feu rouge
46.45,80.9,0.0,SAFE,6,feu_rouge,SAFE : arret au feu rouge
46.50,80.9,0.0,SAFE,6,feu_rouge,SAFE : arret au feu rouge
46.55,80.9,0.0,SAFE,6,feu_rouge,SAFE : arret au feu rouge
46.60,80.9,0.0,SAFE,6,feu_rouge,SAFE : arret au feu rouge
46.65,80.9,0.0,SAFE,6,feu_rouge,SAFE : arret au feu rouge
46.70,80.9,0.0,SAFE,6,feu_rouge,SAFE : arret au feu rouge
46.75,80.9,0.0,SAFE,6,feu_rouge,SAFE : arret au feu rouge
46.80,80.9,0.0,SAFE,6,feu_rouge,SAFE : arret au feu rouge
46.85,80.9,0.0,SAFE,6,feu_rouge,SAFE : arret au feu rouge
46.90,80.9,0.0,SAFE,6,feu_rouge,SAFE : arret au feu rouge
46.95,80.9,0.0,SAFE,6,feu_rouge,SAFE : arret au feu rouge
47.00,80.9,0.0,SAFE,6,feu_rouge,SAFE : arret au feu rouge
47.05,80.9,0.0,SAFE,6,feu_rouge,SAFE : arret au feu rouge
47.10,80.9,0.0,SAFE,6,feu_rouge,SAFE : arret au feu rouge
47.15,80.9,0.0,SAFE,6,feu_rouge,SAFE : arret au feu rouge
47.20,80.9,0.0,SAFE,6,feu_rouge,SAFE : arret au feu rouge
47.25,80.9,0.0,SAFE,6,feu_rouge,SAFE : arret au feu rouge
47.30,80.9,0.0,SAFE,6,feu_rouge,SAFE : arret au feu rouge
47.35,80.9,0.0,SAFE,6,feu_rouge,SAFE : arret au feu rouge
47.40,80.9,0.0,SAFE,6,feu_rouge,SAFE : arret au feu rouge
47.45,80.9,0.0,SAFE,6,feu_rouge,SAFE : arret au feu rouge
47.50,80.9,0.0,SAFE,6,feu_rouge,SAFE : arret au feu rouge
47.55,80.9,0.0,SAFE,6,feu_rouge,SAFE : arret au feu rouge
47.60,80.9,0.0,SAFE,6,feu_rouge,SAFE : arret au feu rouge
47.65,80.9,0.0,SAFE,6,feu_rouge,SAFE : arret au feu rouge
47.70,80.9,0.0,SAFE,7,feu_rouge,SAFE : arret au feu rouge
47.75,80.9,0.0,SAFE,7,feu_rouge,SAFE : arret au feu rouge
47.80,80.9,0.0,SAFE,7,feu_rouge,SAFE : arret au feu rouge
47.85,80.9,0.0,SAFE,7,feu_rouge,SAFE : arret au feu rouge
47.90,80.9,0.0,SAFE,7,feu_rouge,SAFE : arret au feu rouge
47.95,80.9,0.0,SAFE,7,feu_rouge,SAFE : arret au feu rouge
48.00,80.9,0.0,SAFE,7,feu_rouge,SAFE : arret au feu rouge
48.05,80.9,0.0,SAFE,7,feu_rouge,SAFE : arret au feu rouge
48.10,80.9,0.0,SAFE,7,feu_rouge,SAFE : arret au feu rouge
48.15,80.9,0.0,SAFE,7,feu_rouge,SAFE : arret au feu rouge
48.20,80.9,0.0,SAFE,7,feu_rouge,SAFE : arret au feu rouge
48.25,80.9,0.0,SAFE,7,feu_rouge,SAFE : arret au feu rouge
48.30,80.9,0.0,SAFE,7,feu_rouge,SAFE : arret au feu rouge
48.35,80.9,0.0,SAFE,7,feu_rouge,SAFE : arret au feu rouge
48.40,80.9,0.0,SAFE,7,feu_rouge,SAFE : arret au feu rouge
48.45,80.9,0.0,SAFE,7,feu_rouge,SAFE : arret au feu rouge
48.50,80.9,0.0,SAFE,7,feu_rouge,SAFE : arret au feu rouge
48.55,80.9,0.0,SAFE,7,feu_rouge,SAFE : arret au feu rouge
48.60,80.9,0.0,SAFE,7,feu_rouge,SAFE : arret au feu rouge
48.65,80.9,0.0,SAFE,7,feu_rouge,SAFE : arret au feu rouge
48.70,80.9,0.0,SAFE,6,feu_rouge,SAFE : arret au feu rouge
48.75,80.9,0.0,SAFE,6,feu_rouge,SAFE : arret au feu rouge
48.80,80.9,0.0,SAFE,6,feu_rouge,SAFE : arret au feu rouge
48.85,80.9,0.0,SAFE,6,feu_rouge,SAFE : arret au feu rouge
48.90,80.9,0.0,SAFE,6,feu_rouge,SAFE : arret au feu rouge
48.95,80.9,0.0,SAFE,6,feu_rouge,SAFE : arret au feu rouge
49.00,80.9,0.0,SAFE,6,feu_rouge,SAFE : arret au feu rouge
49.05,80.9,0.0,SAFE,6,feu_rouge,SAFE : arret au feu rouge
49.10,80.9,0.0,SAFE,6,feu_rouge,SAFE : arret au feu rouge
49.15,80.9,0.0,SAFE,6,feu_rouge,SAFE : arret au feu rouge
49.20,80.9,0.0,SAFE,6,feu_rouge,SAFE : arret au feu rouge
49.25,80.9,0.0,SAFE,6,feu_rouge,SAFE : arret au feu rouge
49.30,80.9,0.0,SAFE,6,feu_rouge,SAFE : arret au feu rouge
49.35,80.9,0.0,SAFE,6,feu_rouge,SAFE : arret au feu rouge
49.40,80.9,0.0,SAFE,6,feu_rouge,SAFE : arret au feu rouge
49.45,80.9,0.0,SAFE,6,feu_rouge,SAFE : arret au feu rouge
49.50,80.9,0.0,SAFE,6,feu_rouge,SAFE : arret au feu rouge
49.55,80.9,0.0,SAFE,6,feu_rouge,SAFE : arret au feu rouge
49.60,80.9,0.0,SAFE,6,feu_rouge,SAFE : arret au feu rouge
49.65,80.9,0.0,SAFE,6,feu_rouge,SAFE : arret au feu rouge
49.70,80.9,0.0,SAFE,6,feu_rouge,SAFE : arret au feu rouge
49.75,80.9,0.0,SAFE,6,feu_rouge,SAFE : arret au feu rouge
49.80,80.9,0.0,SAFE,6,feu_rouge,SAFE : arret au feu rouge
49.85,80.9,0.0,SAFE,6,feu_rouge,SAFE : arret au feu rouge
49.90,80.9,0.0,SAFE,6,feu_rouge,SAFE : arret au feu rouge
49.95,80.9,0.0,SAFE,6,feu_rouge,SAFE : arret au feu rouge
50.00,80.9,0.0,SAFE,6,feu_rouge,SAFE : arret au feu rouge
50.05,80.9,0.0,SAFE,6,feu_rouge,SAFE : arret au feu rouge
50.10,80.9,0.0,SAFE,6,feu_rouge,SAFE : arret au feu rouge
50.15,80.9,0.0,SAFE,6,feu_rouge,SAFE : arret au feu rouge
50.20,80.9,0.0,SAFE,6,feu_rouge,SAFE : arret au feu rouge
50.25,80.9,0.0,SAFE,6,feu_rouge,SAFE : arret au feu rouge
50.30,80.9,0.0,SAFE,6,feu_rouge,SAFE : arret au feu rouge
50.35,80.9,0.0,SAFE,6,feu_rouge,SAFE : arret au feu rouge
50.40,80.9,0.0,SAFE,6,feu_rouge,SAFE : arret au feu rouge
50.45,80.9,0.0,SAFE,6,feu_rouge,SAFE : arret au feu rouge
50.50,80.9,0.0,SAFE,6,feu_rouge,SAFE : arret au feu rouge
50.55,80.9,0.0,SAFE,6,feu_rouge,SAFE : arret au feu rouge
50.60,80.9,0.0,SAFE,6,feu_rouge,SAFE : arret au feu rouge
50.65,80.9,0.0,SAFE,6,feu_rouge,SAFE : arret au feu rouge
50.70,80.9,0.0,SAFE,6,feu_rouge,SAFE : arret au feu rouge
50.75,80.9,0.0,SAFE,6,feu_rouge,SAFE : arret au feu rouge
50.80,80.9,0.0,SAFE,6,feu_rouge,SAFE : arret au feu rouge
50.85,80.9,0.0,SAFE,6,feu_rouge,SAFE : arret au feu rouge
50.90,80.9,0.0,SAFE,6,feu_rouge,SAFE : arret au feu rouge
50.95,80.9,0.0,SAFE,6,feu_rouge,SAFE : arret au feu rouge
51.00,80.9,0.0,SAFE,6,feu_rouge,SAFE : arret au feu rouge
51.05,80.9,0.0,SAFE,5,feu_rouge,SAFE : arret au feu rouge
51.10,80.9,0.0,SAFE,5,feu_rouge,SAFE : arret au feu rouge
51.15,80.9,0.0,SAFE,5,feu_rouge,SAFE : arret au feu rouge
51.20,80.9,0.0,SAFE,5,feu_rouge,SAFE : arret au feu rouge
51.25,80.9,0.0,SAFE,5,feu_rouge,SAFE : arret au feu rouge
51.30,80.9,0.0,SAFE,5,feu_rouge,SAFE : arret au feu rouge
51.35,80.9,0.0,SAFE,5,feu_rouge,SAFE : arret au feu rouge
51.40,80.9,0.0,SAFE,5,feu_rouge,SAFE : arret au feu rouge
51.45,80.9,0.0,SAFE,5,feu_rouge,SAFE : arret au feu rouge
51.50,80.9,0.0,SAFE,5,feu_rouge,SAFE : arret au feu rouge
51.55,80.9,0.0,SAFE,5,feu_rouge,SAFE : arret au feu rouge
51.60,80.9,0.0,SAFE,5,feu_rouge,SAFE : arret au feu rouge
51.65,80.9,0.0,SAFE,5,feu_rouge,SAFE : arret au feu rouge
51.70,80.9,0.0,SAFE,5,feu_rouge,SAFE : arret au feu rouge
51.75,80.9,0.0,SAFE,5,feu_rouge,SAFE : arret au feu rouge
51.80,80.9,0.0,SAFE,5,feu_rouge,SAFE : arret au feu rouge
51.85,80.9,0.0,SAFE,5,feu_rouge,SAFE : arret au feu rouge
51.90,80.9,0.0,SAFE,5,feu_rouge,SAFE : arret au feu rouge
51.95,80.9,0.0,SAFE,5,feu_rouge,SAFE : arret au feu rouge
52.00,80.9,0.0,SAFE,5,feu_rouge,SAFE : arret au feu rouge
52.05,80.9,0.0,SAFE,5,feu_rouge,SAFE : arret au feu rouge
52.10,80.9,0.0,SAFE,5,feu_rouge,SAFE : arret au feu rouge
52.15,80.9,0.0,SAFE,5,feu_rouge,SAFE : arret au feu rouge
52.20,80.9,0.0,SAFE,5,feu_rouge,SAFE : arret au feu rouge
52.25,80.9,0.0,SAFE,5,feu_rouge,SAFE : arret au feu rouge
52.30,80.9,0.0,SAFE,5,feu_rouge,SAFE : arret au feu rouge
52.35,80.9,0.0,SAFE,5,feu_rouge,SAFE : arret au feu rouge
52.40,80.9,0.0,SAFE,5,feu_rouge,SAFE : arret au feu rouge
52.45,80.9,0.0,SAFE,5,feu_rouge,SAFE : arret au feu rouge
52.50,80.9,0.0,SAFE,5,feu_rouge,SAFE : arret au feu rouge
52.55,80.9,0.0,SAFE,5,feu_rouge,SAFE : arret au feu rouge
52.60,80.9,0.0,SAFE,5,feu_rouge,SAFE : arret au feu rouge
52.65,80.9,0.0,SAFE,5,feu_rouge,SAFE : arret au feu rouge
52.70,80.9,0.0,SAFE,5,feu_rouge,SAFE : arret au feu rouge
52.75,80.9,0.0,SAFE,5,feu_rouge,SAFE : arret au feu rouge
52.80,80.9,0.0,SAFE,5,feu_rouge,SAFE : arret au feu rouge
52.85,80.9,0.0,SAFE,5,feu_rouge,SAFE : arret au feu rouge
52.90,80.9,0.0,SAFE,5,feu_rouge,SAFE : arret au feu rouge
52.95,80.9,0.0,SAFE,5,feu_rouge,SAFE : arret au feu rouge
53.00,80.9,0.0,SAFE,5,feu_rouge,SAFE : arret au feu rouge
53.05,80.9,0.0,SAFE,5,feu_rouge,SAFE : arret au feu rouge
53.10,80.9,0.0,SAFE,5,feu_rouge,SAFE : arret au feu rouge
53.15,80.9,0.0,SAFE,5,feu_rouge,SAFE : arret au feu rouge
53.20,80.9,0.0,SAFE,5,feu_rouge,SAFE : arret au feu rouge
53.25,80.9,0.0,SAFE,5,feu_rouge,SAFE : arret au feu rouge
53.30,80.9,0.0,SAFE,5,feu_rouge,SAFE : arret au feu rouge
53.35,80.9,0.0,SAFE,5,feu_rouge,SAFE : arret au feu rouge
53.40,80.9,0.0,SAFE,5,feu_rouge,SAFE : arret au feu rouge
53.45,80.9,0.0,SAFE,5,feu_rouge,SAFE : arret au feu rouge
53.50,80.9,0.0,SAFE,5,feu_rouge,SAFE : arret au feu rouge
53.55,80.9,0.0,SAFE,5,feu_rouge,SAFE : arret au feu rouge
53.60,80.9,0.0,SAFE,5,feu_rouge,SAFE : arret au feu rouge
53.65,80.9,0.0,SAFE,4,feu_rouge,SAFE : arret au feu rouge
53.70,80.9,0.0,SAFE,4,feu_rouge,SAFE : arret au feu rouge
53.75,80.9,0.0,SAFE,4,feu_rouge,SAFE : arret au feu rouge
53.80,80.9,0.0,SAFE,4,feu_rouge,SAFE : arret au feu rouge
53.85,80.9,0.0,SAFE,4,feu_rouge,SAFE : arret au feu rouge
53.90,80.9,0.0,SAFE,5,feu_rouge,SAFE : arret au feu rouge
53.95,80.9,0.0,SAFE,5,feu_rouge,SAFE : arret au feu rouge
54.00,80.9,0.0,SAFE,5,feu_rouge,SAFE : arret au feu rouge
54.05,80.9,0.0,SAFE,5,feu_rouge,SAFE : arret au feu rouge
54.10,80.9,0.0,SAFE,5,feu_rouge,SAFE : arret au feu rouge
54.15,80.9,0.0,SAFE,5,feu_rouge,SAFE : arret au feu rouge
54.20,80.9,0.0,SAFE,5,feu_rouge,SAFE : arret au feu rouge
54.25,80.9,0.0,SAFE,5,feu_rouge,SAFE : arret au feu rouge
54.30,80.9,0.0,SAFE,5,feu_rouge,SAFE : arret au feu rouge
54.35,80.9,0.0,SAFE,5,feu_rouge,SAFE : arret au feu rouge
54.40,80.9,0.0,SAFE,5,feu_rouge,SAFE : arret au feu rouge
54.45,80.9,0.0,SAFE,5,feu_rouge,SAFE : arret au feu rouge
54.50,80.9,0.0,SAFE,5,feu_rouge,SAFE : arret au feu rouge
54.55,80.9,0.0,SAFE,5,feu_rouge,SAFE : arret au feu rouge
54.60,80.9,0.0,SAFE,5,feu_rouge,SAFE : arret au feu rouge
54.65,80.9,0.0,SAFE,5,feu_rouge,SAFE : arret au feu rouge
54.70,80.9,0.0,SAFE,5,feu_rouge,SAFE : arret au feu rouge
54.75,80.9,0.0,SAFE,5,feu_rouge,SAFE : arret au feu rouge
54.80,80.9,0.0,SAFE,5,feu_rouge,SAFE : arret au feu rouge
54.85,80.9,0.0,SAFE,5,feu_rouge,SAFE : arret au feu rouge
54.90,80.9,0.0,SAFE,5,feu_rouge,SAFE : arret au feu rouge
54.95,80.9,0.0,SAFE,5,feu_rouge,SAFE : arret au feu rouge
55.00,80.9,0.0,SAFE,5,feu_rouge,SAFE : arret au feu rouge
55.05,80.9,0.0,SAFE,5,feu_rouge,SAFE : arret au feu rouge
55.10,80.9,0.0,SAFE,5,feu_rouge,SAFE : arret au feu rouge
55.15,80.9,0.0,SAFE,5,feu_rouge,SAFE : arret au feu rouge
55.20,80.9,0.0,SAFE,5,feu_rouge,SAFE : arret au feu rouge
55.25,80.9,0.0,SAFE,5,feu_rouge,SAFE : arret au feu rouge
55.30,80.9,0.0,SAFE,5,feu_rouge,SAFE : arret au feu rouge
55.35,80.9,0.0,SAFE,5,feu_rouge,SAFE : arret au feu rouge
55.40,80.9,0.0,SAFE,5,feu_rouge,SAFE : arret au feu rouge
55.45,80.9,0.0,SAFE,5,feu_rouge,SAFE : arret au feu rouge
55.50,80.9,0.0,SAFE,5,feu_rouge,SAFE : arret au feu rouge
55.55,80.9,0.0,SAFE,5,feu_rouge,SAFE : arret au feu rouge
55.60,80.9,0.0,SAFE,5,feu_rouge,SAFE : arret au feu rouge
55.65,80.9,0.0,SAFE,5,feu_rouge,SAFE : arret au feu rouge
55.70,80.9,0.0,SAFE,5,feu_rouge,SAFE : arret au feu rouge
55.75,80.9,0.0,SAFE,5,feu_rouge,SAFE : arret au feu rouge
55.80,80.9,0.0,SAFE,5,feu_rouge,SAFE : arret au feu rouge
55.85,80.9,0.0,SAFE,5,feu_rouge,SAFE : arret au feu rouge
55.90,80.9,0.0,SAFE,5,feu_rouge,SAFE : arret au feu rouge
55.95,80.9,0.0,SAFE,5,feu_rouge,SAFE : arret au feu rouge
56.00,80.9,0.0,SAFE,5,feu_rouge,SAFE : arret au feu rouge
56.05,80.9,0.0,SAFE,5,feu_rouge,SAFE : arret au feu rouge
56.10,80.9,0.0,SAFE,5,feu_rouge,SAFE : arret au feu rouge
56.15,80.9,0.0,SAFE,5,feu_rouge,SAFE : arret au feu rouge
56.20,80.9,0.0,SAFE,5,feu_rouge,SAFE : arret au feu rouge
56.25,80.9,0.0,SAFE,5,feu_rouge,SAFE : arret au feu rouge
56.30,80.9,0.0,SAFE,5,feu_rouge,SAFE : arret au feu rouge
56.35,80.9,0.0,SAFE,5,feu_rouge,SAFE : arret au feu rouge
56.40,80.9,0.0,SAFE,5,feu_rouge,SAFE : arret au feu rouge
56.45,80.9,0.0,SAFE,5,feu_rouge,SAFE : arret au feu rouge
56.50,80.9,0.0,SAFE,5,feu_rouge,SAFE : arret au feu rouge
56.55,80.9,0.0,SAFE,5,feu_rouge,SAFE : arret au feu rouge
56.60,80.9,0.0,SAFE,5,feu_rouge,SAFE : arret au feu rouge
56.65,80.9,0.0,SAFE,5,feu_rouge,SAFE : arret au feu rouge
56.70,80.9,0.0,SAFE,5,feu_rouge,SAFE : arret au feu rouge
56.75,80.9,0.0,SAFE,5,feu_rouge,SAFE : arret au feu rouge
56.80,80.9,0.0,SAFE,5,feu_rouge,SAFE : arret au feu rouge
56.85,80.9,0.0,SAFE,5,feu_rouge,SAFE : arret au feu rouge
56.90,80.9,0.0,SAFE,5,feu_rouge,SAFE : arret au feu rouge
56.95,80.9,0.0,SAFE,5,feu_rouge,SAFE : arret au feu rouge
57.00,80.9,0.0,SAFE,4,feu_rouge,SAFE : arret au feu rouge
57.05,80.9,0.0,SAFE,4,feu_rouge,SAFE : arret au feu rouge
57.10,80.9,0.0,SAFE,4,feu_rouge,SAFE : arret au feu rouge
57.15,80.9,0.0,SAFE,4,feu_rouge,SAFE : arret au feu rouge
57.20,80.9,0.0,SAFE,4,feu_rouge,SAFE : arret au feu rouge
57.25,80.9,0.0,SAFE,4,feu_rouge,SAFE : arret au feu rouge
57.30,80.9,0.0,SAFE,4,feu_rouge,SAFE : arret au feu rouge
57.35,80.9,0.0,SAFE,4,feu_rouge,SAFE : arret au feu rouge
57.40,80.9,0.0,SAFE,4,feu_rouge,SAFE : arret au feu rouge
57.45,80.9,0.0,SAFE,4,feu_rouge,SAFE : arret au feu rouge
57.50,80.9,0.0,SAFE,4,feu_rouge,SAFE : arret au feu rouge
57.55,80.9,0.0,SAFE,3,feu_rouge,SAFE : arret au feu rouge
57.60,80.9,0.0,SAFE,3,feu_rouge,SAFE : arret au feu rouge
57.65,80.9,0.0,SAFE,3,feu_rouge,SAFE : arret au feu rouge
57.70,80.9,0.0,SAFE,3,feu_rouge,SAFE : arret au feu rouge
57.75,80.9,0.0,SAFE,3,feu_rouge,SAFE : arret au feu rouge
57.80,80.9,0.0,SAFE,3,feu_rouge,SAFE : arret au feu rouge
57.85,80.9,0.0,SAFE,3,feu_rouge,SAFE : arret au feu rouge
57.90,80.9,0.0,SAFE,3,feu_rouge,SAFE : arret au feu rouge
57.95,80.9,0.0,SAFE,3,feu_rouge,SAFE : arret au feu rouge
58.00,80.9,0.0,SAFE,3,feu_rouge,SAFE : arret au feu rouge
58.05,80.9,0.0,SAFE,3,feu_rouge,SAFE : arret au feu rouge
58.10,80.9,0.0,SAFE,4,feu_rouge,SAFE : arret au feu rouge
58.15,80.9,0.0,SAFE,4,feu_rouge,SAFE : arret au feu rouge
58.20,80.9,0.0,SAFE,4,feu_rouge,SAFE : arret au feu rouge
58.25,80.9,0.0,SAFE,4,feu_rouge,SAFE : arret au feu rouge
58.30,80.9,0.0,SAFE,4,feu_rouge,SAFE : arret au feu rouge
58.35,80.9,0.0,SAFE,4,feu_rouge,SAFE : arret au feu rouge
58.40,80.9,0.0,SAFE,4,feu_rouge,SAFE : arret au feu rouge
58.45,80.9,0.0,SAFE,4,feu_rouge,SAFE : arret au feu rouge
58.50,80.9,0.0,SAFE,4,feu_rouge,SAFE : arret au feu rouge
58.55,80.9,0.0,SAFE,4,feu_rouge,SAFE : arret au feu rouge
58.60,80.9,0.0,SAFE,4,feu_rouge,SAFE : arret au feu rouge
58.65,80.9,0.0,SAFE,4,feu_rouge,SAFE : arret au feu rouge
58.70,80.9,0.0,SAFE,4,feu_rouge,SAFE : arret au feu rouge
58.75,80.9,0.0,SAFE,4,feu_rouge,SAFE : arret au feu rouge
58.80,80.9,0.0,SAFE,4,feu_rouge,SAFE : arret au feu rouge
58.85,80.9,0.0,SAFE,4,feu_rouge,SAFE : arret au feu rouge
58.90,80.9,0.0,SAFE,4,feu_rouge,SAFE : arret au feu rouge
58.95,80.9,0.0,SAFE,4,feu_rouge,SAFE : arret au feu rouge
59.00,80.9,0.0,SAFE,4,feu_rouge,SAFE : arret au feu rouge
59.05,80.9,0.0,SAFE,4,feu_rouge,SAFE : arret au feu rouge
59.10,80.9,0.0,SAFE,4,feu_rouge,SAFE : arret au feu rouge
59.15,80.9,0.0,SAFE,4,feu_rouge,SAFE : arret au feu rouge
59.20,80.9,0.0,SAFE,4,feu_rouge,SAFE : arret au feu rouge
59.25,80.9,0.0,SAFE,4,feu_rouge,SAFE : arret au feu rouge
59.30,80.9,0.0,SAFE,4,feu_rouge,SAFE : arret au feu rouge
59.35,80.9,0.0,SAFE,4,feu_rouge,SAFE : arret au feu rouge
59.40,80.9,0.0,SAFE,4,feu_rouge,SAFE : arret au feu rouge
59.45,80.9,0.0,SAFE,4,feu_rouge,SAFE : arret au feu rouge
59.50,80.9,0.0,SAFE,4,feu_rouge,SAFE : arret au feu rouge
59.55,80.9,0.0,SAFE,4,feu_rouge,SAFE : arret au feu rouge
59.60,80.9,0.0,SAFE,4,feu_rouge,SAFE : arret au feu rouge
59.65,80.9,0.0,SAFE,4,feu_rouge,SAFE : arret au feu rouge
59.70,80.9,0.0,SAFE,4,feu_rouge,SAFE : arret au feu rouge
59.75,80.9,0.0,SAFE,4,feu_rouge,SAFE : arret au feu rouge
59.80,80.9,0.0,SAFE,4,feu_rouge,SAFE : arret au feu rouge
59.85,80.9,0.0,SAFE,4,feu_rouge,SAFE : arret au feu rouge
59.90,80.9,0.0,SAFE,4,feu_rouge,SAFE : arret au feu rouge
59.95,80.9,0.0,SAFE,4,feu_rouge,SAFE : arret au feu rouge
60.00,80.9,0.0,SAFE,4,feu_rouge,SAFE : arret au feu rouge
60.05,80.9,0.0,SAFE,4,feu_rouge,SAFE : arret au feu rouge
60.10,80.9,0.0,SAFE,4,feu_rouge,SAFE : arret au feu rouge
60.15,80.9,0.0,SAFE,4,feu_rouge,SAFE : arret au feu rouge
60.20,80.9,0.0,SAFE,4,feu_rouge,SAFE : arret au feu rouge
60.25,80.9,0.0,SAFE,4,feu_rouge,SAFE : arret au feu rouge
60.30,80.9,0.0,SAFE,4,feu_rouge,SAFE : arret au feu rouge
60.35,80.9,0.0,SAFE,4,feu_rouge,SAFE : arret au feu rouge
60.40,80.9,0.0,SAFE,4,feu_rouge,SAFE : arret au feu rouge
60.45,80.9,0.0,SAFE,4,feu_rouge,SAFE : arret au feu rouge
60.50,80.9,0.0,SAFE,4,feu_rouge,SAFE : arret au feu rouge
60.55,80.9,0.0,SAFE,4,feu_rouge,SAFE : arret au feu rouge
60.60,80.9,0.0,SAFE,4,feu_rouge,SAFE : arret au feu rouge
60.65,80.9,0.0,SAFE,4,feu_rouge,SAFE : arret au feu rouge
60.70,80.9,0.0,SAFE,4,feu_rouge,SAFE : arret au feu rouge
60.75,80.9,0.0,SAFE,4,feu_rouge,SAFE : arret au feu rouge
60.80,80.9,0.0,SAFE,4,feu_rouge,SAFE : arret au feu rouge
60.85,80.9,0.0,SAFE,4,feu_rouge,SAFE : arret au feu rouge
60.90,80.9,0.0,SAFE,4,feu_rouge,SAFE : arret au feu rouge
60.95,80.9,0.0,SAFE,4,feu_rouge,SAFE : arret au feu rouge
61.00,80.9,0.0,SAFE,4,feu_rouge,SAFE : arret au feu rouge
61.05,80.9,0.0,SAFE,4,feu_rouge,SAFE : arret au feu rouge
61.10,80.9,0.0,SAFE,4,feu_rouge,SAFE : arret au feu rouge
61.15,80.9,0.0,SAFE,4,feu_rouge,SAFE : arret au feu rouge
61.20,80.9,0.0,SAFE,4,feu_rouge,SAFE : arret au feu rouge
61.25,80.9,0.0,SAFE,5,feu_rouge,SAFE : arret au feu rouge
61.30,80.9,0.0,SAFE,5,feu_rouge,SAFE : arret au feu rouge
61.35,80.9,0.0,SAFE,5,feu_rouge,SAFE : arret au feu rouge
61.40,80.9,0.0,SAFE,5,feu_rouge,SAFE : arret au feu rouge
61.45,80.9,0.0,SAFE,5,feu_rouge,SAFE : arret au feu rouge
61.50,80.9,0.0,SAFE,5,feu_rouge,SAFE : arret au feu rouge
61.55,80.9,0.0,SAFE,5,feu_rouge,SAFE : arret au feu rouge
61.60,80.9,0.0,SAFE,5,feu_rouge,SAFE : arret au feu rouge
61.65,80.9,0.0,SAFE,5,feu_rouge,SAFE : arret au feu rouge
61.70,80.9,0.0,SAFE,5,feu_rouge,SAFE : arret au feu rouge
61.75,80.9,0.0,SAFE,5,feu_rouge,SAFE : arret au feu rouge
61.80,80.9,0.0,SAFE,5,feu_rouge,SAFE : arret au feu rouge
61.85,80.9,0.0,SAFE,5,feu_rouge,SAFE : arret au feu rouge
61.90,80.9,0.0,SAFE,5,feu_rouge,SAFE : arret au feu rouge
61.95,80.9,0.0,SAFE,5,feu_rouge,SAFE : arret au feu rouge
62.00,80.9,0.0,SAFE,5,feu_rouge,SAFE : arret au feu rouge
62.05,80.9,0.0,SAFE,5,feu_rouge,SAFE : arret au feu rouge
62.10,80.9,0.0,SAFE,5,feu_rouge,SAFE : arret au feu rouge
62.15,80.9,0.0,SAFE,5,feu_rouge,SAFE : arret au feu rouge
62.20,80.9,0.0,SAFE,5,feu_rouge,SAFE : arret au feu rouge
62.25,80.9,0.0,SAFE,5,feu_rouge,SAFE : arret au feu rouge
62.30,80.9,0.0,SAFE,5,feu_rouge,SAFE : arret au feu rouge
62.35,80.9,0.0,SAFE,5,feu_rouge,SAFE : arret au feu rouge
62.40,80.9,0.0,SAFE,5,feu_rouge,SAFE : arret au feu rouge
62.45,80.9,0.0,SAFE,5,feu_rouge,SAFE : arret au feu rouge
62.50,80.9,0.0,SAFE,5,feu_rouge,SAFE : arret au feu rouge
62.55,80.9,0.0,SAFE,5,feu_rouge,SAFE : arret au feu rouge
62.60,80.9,0.0,SAFE,5,feu_rouge,SAFE : arret au feu rouge
62.65,80.9,0.0,SAFE,5,feu_rouge,SAFE : arret au feu rouge
62.70,80.9,0.0,SAFE,5,feu_rouge,SAFE : arret au feu rouge
62.75,80.9,0.0,SAFE,5,feu_rouge,SAFE : arret au feu rouge
62.80,80.9,0.0,SAFE,5,feu_rouge,SAFE : arret au feu rouge
62.85,80.9,0.0,SAFE,5,feu_rouge,SAFE : arret au feu rouge
62.90,80.9,0.0,SAFE,5,feu_rouge,SAFE : arret au feu rouge
62.95,80.9,0.0,SAFE,5,feu_rouge,SAFE : arret au feu rouge
63.00,80.9,0.0,SAFE,5,feu_rouge,SAFE : arret au feu rouge
63.05,80.9,0.0,SAFE,5,feu_rouge,SAFE : arret au feu rouge
63.10,80.9,0.0,SAFE,5,feu_rouge,SAFE : arret au feu rouge
63.15,80.9,0.0,SAFE,5,feu_rouge,SAFE : arret au feu rouge
63.20,80.9,0.0,SAFE,5,feu_rouge,SAFE : arret au feu rouge
63.25,80.9,0.0,SAFE,5,feu_rouge,SAFE : arret au feu rouge
63.30,80.9,0.0,SAFE,5,feu_rouge,SAFE : arret au feu rouge
63.35,80.9,0.0,SAFE,5,feu_rouge,SAFE : arret au feu rouge
63.40,80.9,0.0,SAFE,5,feu_rouge,SAFE : arret au feu rouge
63.45,80.9,0.0,SAFE,5,feu_rouge,SAFE : arret au feu rouge
63.50,80.9,0.0,SAFE,5,feu_rouge,SAFE : arret au feu rouge
63.55,80.9,0.0,SAFE,6,feu_rouge,SAFE : arret au feu rouge
63.60,80.9,0.0,SAFE,6,feu_rouge,SAFE : arret au feu rouge
63.65,80.9,0.0,SAFE,6,feu_rouge,SAFE : arret au feu rouge
63.70,80.9,0.0,SAFE,6,feu_rouge,SAFE : arret au feu rouge
63.75,80.9,0.0,SAFE,6,feu_rouge,SAFE : arret au feu rouge
63.80,80.9,0.0,SAFE,6,feu_rouge,SAFE : arret au feu rouge
63.85,80.9,0.0,SAFE,6,feu_rouge,SAFE : arret au feu rouge
63.90,80.9,0.0,SAFE,6,feu_rouge,SAFE : arret au feu rouge
63.95,80.9,0.0,SAFE,6,feu_rouge,SAFE : arret au feu rouge
64.00,80.9,0.0,SAFE,6,feu_rouge,SAFE : arret au feu rouge
64.05,80.9,0.0,SAFE,6,feu_rouge,SAFE : arret au feu rouge
64.10,80.9,0.0,SAFE,6,feu_rouge,SAFE : arret au feu rouge
64.15,80.9,0.0,SAFE,6,feu_rouge,SAFE : arret au feu rouge
64.20,80.9,0.0,SAFE,6,feu_rouge,SAFE : arret au feu rouge
64.25,80.9,0.0,SAFE,6,feu_rouge,SAFE : arret au feu rouge
64.30,80.9,0.0,SAFE,6,feu_rouge,SAFE : arret au feu rouge
64.35,80.9,0.0,SAFE,6,moteur:physique,Situation maîtrisée
64.40,80.9,0.0,SAFE,6,moteur:physique,Situation maîtrisée
64.45,80.9,0.0,SAFE,6,moteur:physique,Situation maîtrisée
64.50,80.9,0.0,SAFE,6,,Situation maîtrisée
64.55,80.9,0.0,SAFE,6,,Situation maîtrisée
64.60,80.9,0.0,SAFE,6,,Situation maîtrisée
64.65,80.9,0.3,SAFE,6,moteur:physique,Situation maîtrisée
64.70,80.9,0.0,SAFE,6,,Situation maîtrisée
64.75,80.9,0.4,SAFE,6,moteur:physique,Situation maîtrisée
64.80,80.9,0.0,SAFE,6,,Situation maîtrisée
64.85,80.9,0.4,SAFE,6,moteur:physique,Situation maîtrisée
64.90,80.9,0.0,SAFE,6,,Situation maîtrisée
64.95,80.9,0.3,SAFE,6,,Situation maîtrisée
65.00,80.9,0.0,SAFE,6,,Situation maîtrisée
65.05,80.9,0.7,SAFE,6,,Situation maîtrisée
65.10,80.9,1.2,SAFE,6,,Situation maîtrisée
65.15,80.9,1.9,SAFE,6,,Situation maîtrisée
65.20,81.0,2.7,SAFE,6,moteur:physique,Situation maîtrisée
65.25,81.0,0.0,SAFE,6,,Situation maîtrisée
65.30,81.0,1.1,SAFE,6,,Situation maîtrisée
65.35,81.0,1.9,SAFE,6,,Situation maîtrisée
65.40,81.0,2.5,SAFE,6,,Situation maîtrisée
65.45,81.1,3.4,SAFE,6,,Situation maîtrisée
65.50,81.1,4.2,SAFE,6,moteur:physique,Situation maîtrisée
65.55,81.2,1.1,SAFE,6,,Situation maîtrisée
65.60,81.2,2.3,SAFE,6,,Situation maîtrisée
65.65,81.3,3.2,SAFE,6,,Situation maîtrisée
65.70,81.3,4.2,SAFE,6,,Situation maîtrisée
65.75,81.4,4.9,SAFE,6,moteur:physique,Situation maîtrisée
65.80,81.4,4.6,SAFE,6,,Situation maîtrisée
65.85,81.5,5.2,SAFE,6,,Situation maîtrisée
65.90,81.6,5.6,SAFE,6,moteur:physique,Situation maîtrisée
65.95,81.7,6.0,SAFE,6,moteur:physique,Situation maîtrisée
66.00,81.7,6.1,SAFE,7,,Situation maîtrisée
66.05,81.8,6.3,SAFE,7,moteur:physique,Situation maîtrisée
66.10,81.9,6.1,SAFE,7,,Situation maîtrisée
66.15,82.0,6.3,SAFE,7,,Situation maîtrisée
66.20,82.1,6.2,SAFE,7,,Situation maîtrisée
66.25,82.2,6.5,SAFE,7,,Situation maîtrisée
66.30,82.3,6.7,SAFE,7,,Situation maîtrisée
66.35,82.4,7.1,SAFE,7,moteur:physique,Situation maîtrisée
66.40,82.5,7.3,SAFE,7,,Situation maîtrisée
66.45,82.6,7.5,SAFE,7,moteur:physique,Situation maîtrisée
66.50,82.7,7.5,SAFE,7,,Situation maîtrisée
66.55,82.8,7.5,SAFE,7,,Situation maîtrisée
66.60,82.9,7.4,CRITICAL,7,feu_rouge_devant,FREINEZ de 7 km/h  (7 -> 0 km/h)
66.65,83.0,7.6,CRITICAL,7,feu_rouge_devant,FREINEZ de 8 km/h  (8 -> 0 km/h)
66.70,83.1,7.3,CRITICAL,7,feu_rouge_devant,FREINEZ de 7 km/h  (7 -> 0 km/h)
66.75,83.2,6.4,CRITICAL,7,feu_rouge_devant,FREINEZ de 6 km/h  (6 -> 0 km/h)
66.80,83.2,2.8,CRITICAL,7,feu_rouge_devant,FREINEZ de 3 km/h  (3 -> 0 km/h)
66.85,83.3,0.2,SAFE,7,feu_rouge_devant,Situation maîtrisée
66.90,83.3,0.1,SAFE,7,feu_rouge_devant,Situation maîtrisée
66.95,83.3,0.1,SAFE,7,feu_rouge_devant,Situation maîtrisée
67.00,83.3,0.1,SAFE,7,feu_rouge_devant,Situation maîtrisée
67.05,83.3,0.1,SAFE,7,feu_rouge_devant,Situation maîtrisée
67.10,83.3,0.1,SAFE,7,feu_rouge_devant,Situation maîtrisée
67.15,83.3,0.1,SAFE,7,feu_rouge_devant,Situation maîtrisée
67.20,83.3,0.1,SAFE,7,feu_rouge_devant,Situation maîtrisée
67.25,83.3,0.0,SAFE,7,feu_rouge_devant,Situation maîtrisée
67.30,83.3,0.0,SAFE,7,feu_rouge_devant,Situation maîtrisée
67.35,83.3,0.0,SAFE,7,feu_rouge_devant,Situation maîtrisée
67.40,83.3,0.0,SAFE,7,feu_rouge_devant,Situation maîtrisée
67.45,83.3,0.0,SAFE,7,feu_rouge_devant,Situation maîtrisée
67.50,83.3,0.0,SAFE,7,feu_rouge_devant,Situation maîtrisée
67.55,83.3,0.0,SAFE,7,feu_rouge_devant,Situation maîtrisée
67.60,83.3,0.0,SAFE,7,feu_rouge_devant,Situation maîtrisée
67.65,83.3,0.0,SAFE,7,feu_rouge_devant,Situation maîtrisée
67.70,83.3,0.0,SAFE,7,feu_rouge_devant,Situation maîtrisée
67.75,83.3,0.0,SAFE,7,feu_rouge_devant,Situation maîtrisée
67.80,83.3,0.0,SAFE,7,feu_rouge_devant,Situation maîtrisée
67.85,83.3,0.0,SAFE,7,feu_rouge_devant,Situation maîtrisée
67.90,83.3,0.0,SAFE,7,feu_rouge_devant,Situation maîtrisée
67.95,83.3,0.0,SAFE,7,feu_rouge_devant,Situation maîtrisée
68.00,83.3,0.0,SAFE,7,feu_rouge_devant,Situation maîtrisée
68.05,83.3,0.0,SAFE,7,feu_rouge_devant,Situation maîtrisée
68.10,83.3,0.0,SAFE,7,feu_rouge_devant,Situation maîtrisée
68.15,83.3,0.0,SAFE,7,feu_rouge_devant,Situation maîtrisée
68.20,83.3,0.0,SAFE,7,feu_rouge_devant,Situation maîtrisée
68.25,83.3,0.0,SAFE,7,feu_rouge_devant,Situation maîtrisée
68.30,83.3,0.0,SAFE,7,feu_rouge_devant,Situation maîtrisée
68.35,83.3,0.0,SAFE,7,feu_rouge_devant,Situation maîtrisée
68.40,83.3,0.0,SAFE,7,feu_rouge_devant,Situation maîtrisée
68.45,83.3,0.0,SAFE,7,feu_rouge_devant,Situation maîtrisée
68.50,83.3,0.0,SAFE,7,feu_rouge_devant,Situation maîtrisée
68.55,83.3,0.0,SAFE,7,feu_rouge_devant,Situation maîtrisée
68.60,83.3,0.0,SAFE,7,feu_rouge_devant,Situation maîtrisée
68.65,83.3,0.0,SAFE,7,feu_rouge_devant,Situation maîtrisée
68.70,83.3,0.0,SAFE,8,feu_rouge_devant,Situation maîtrisée
68.75,83.3,0.0,SAFE,8,feu_rouge_devant,Situation maîtrisée
68.80,83.3,0.0,SAFE,8,,Situation maîtrisée
68.85,83.3,0.0,SAFE,8,,Situation maîtrisée
68.90,83.3,0.0,SAFE,8,,Situation maîtrisée
68.95,83.3,0.4,SAFE,8,,Situation maîtrisée
69.00,83.3,0.7,SAFE,8,,Situation maîtrisée
69.05,83.3,1.5,WATCH,8,moteur:proportionnel,Vigilance — situation à la limite
69.10,83.3,0.0,SAFE,8,,Situation maîtrisée
69.15,83.3,0.4,SAFE,8,,Situation maîtrisée
69.20,83.3,1.0,SAFE,8,,Situation maîtrisée
69.25,83.3,1.7,SAFE,8,,Situation maîtrisée
69.30,83.4,2.6,SAFE,8,,Situation maîtrisée
69.35,83.4,3.3,WATCH,8,moteur:proportionnel,Vigilance — situation à la limite
69.40,83.4,0.0,SAFE,8,,Situation maîtrisée
69.45,83.4,0.7,SAFE,8,,Situation maîtrisée
69.50,83.5,1.5,SAFE,8,,Situation maîtrisée
69.55,83.5,2.4,SAFE,8,,Situation maîtrisée
69.60,83.5,3.1,SAFE,8,,Situation maîtrisée
69.65,83.6,4.0,SAFE,8,,Situation maîtrisée
69.70,83.6,4.8,SAFE,8,,Situation maîtrisée
69.75,83.7,5.7,WATCH,8,moteur:proportionnel,Ralentissez de 2 km/h  (6 -> 4 km/h)
69.80,83.8,6.3,WATCH,8,moteur:proportionnel,Ralentissez de 3 km/h  (6 -> 3 km/h)
69.85,83.9,6.5,WATCH,8,moteur:proportionnel,Ralentissez de 4 km/h  (7 -> 3 km/h)
69.90,84.0,6.6,WATCH,8,moteur:proportionnel,Ralentissez de 4 km/h  (7 -> 2 km/h)
69.95,84.1,6.5,SAFE,8,,Situation maîtrisée
70.00,84.2,6.5,SAFE,8,,Situation maîtrisée
70.05,84.2,6.6,SAFE,8,,Situation maîtrisée
70.10,84.3,6.9,SAFE,8,,Situation maîtrisée
70.15,84.4,7.5,SAFE,8,,Situation maîtrisée
70.20,84.5,8.1,SAFE,8,,Situation maîtrisée
70.25,84.7,8.9,SAFE,8,,Situation maîtrisée
70.30,84.8,9.7,WATCH,8,moteur:proportionnel,Vigilance — situation à la limite
70.35,84.9,10.3,WATCH,8,moteur:proportionnel,Ralentissez de 1 km/h  (10 -> 9 km/h)
70.40,85.1,10.6,WATCH,8,moteur:proportionnel,Ralentissez de 2 km/h  (11 -> 9 km/h)
70.45,85.2,10.6,WATCH,8,moteur:proportionnel,Ralentissez de 2 km/h  (11 -> 9 km/h)
70.50,85.4,10.5,WATCH,8,moteur:proportionnel,Ralentissez de 2 km/h  (10 -> 9 km/h)
70.55,85.5,10.2,WATCH,8,moteur:proportionnel,Ralentissez de 2 km/h  (10 -> 8 km/h)
70.60,85.7,9.9,WATCH,8,moteur:proportionnel,Ralentissez de 2 km/h  (10 -> 8 km/h)
70.65,85.8,9.6,WATCH,8,moteur:proportionnel,Ralentissez de 2 km/h  (10 -> 8 km/h)
70.70,85.9,9.3,WATCH,8,moteur:proportionnel,Ralentissez de 2 km/h  (9 -> 8 km/h)
70.75,86.1,9.0,WATCH,8,moteur:proportionnel,Ralentissez de 2 km/h  (9 -> 7 km/h)
70.80,86.2,8.6,SAFE,8,,Situation maîtrisée
70.85,86.3,8.4,SAFE,8,,Situation maîtrisée
70.90,86.4,8.4,SAFE,8,,Situation maîtrisée
70.95,86.5,8.7,SAFE,8,,Situation maîtrisée
71.00,86.7,9.2,SAFE,8,,Situation maîtrisée
71.05,86.8,9.8,SAFE,8,,Situation maîtrisée
71.10,86.9,10.5,SAFE,8,,Situation maîtrisée
71.15,87.1,11.3,SAFE,8,,Situation maîtrisée
71.20,87.2,12.0,SAFE,8,,Situation maîtrisée
71.25,87.4,12.6,SAFE,8,,Situation maîtrisée
71.30,87.6,13.3,SAFE,8,,Situation maîtrisée
71.35,87.8,13.9,CRITICAL,8,moteur:proportionnel,FREINEZ de 9 km/h  (14 -> 5 km/h)
71.40,88.0,14.2,CRITICAL,8,moteur:proportionnel,FREINEZ de 9 km/h  (14 -> 5 km/h)
71.45,88.2,14.1,SAFE,8,,Situation maîtrisée
71.50,88.4,13.9,SAFE,8,,Situation maîtrisée
71.55,88.6,13.9,SAFE,8,,Situation maîtrisée
71.60,88.8,14.2,SAFE,8,,Situation maîtrisée
71.65,89.0,14.5,SAFE,8,,Situation maîtrisée
71.70,89.2,14.8,SAFE,8,,Situation maîtrisée
71.75,89.4,15.1,SAFE,8,,Situation maîtrisée
71.80,89.6,15.3,SAFE,8,,Situation maîtrisée
71.85,89.8,15.6,SAFE,8,,Situation maîtrisée
71.90,90.0,15.9,SAFE,8,,Situation maîtrisée
71.95,90.2,16.2,SAFE,8,,Situation maîtrisée
72.00,90.5,16.3,SAFE,9,,Situation maîtrisée
72.05,90.7,16.5,SAFE,9,,Situation maîtrisée
72.10,90.9,16.6,SAFE,9,,Situation maîtrisée
72.15,91.2,16.8,SAFE,9,,Situation maîtrisée
72.20,91.4,16.8,SAFE,9,,Situation maîtrisée
72.25,91.6,16.8,SAFE,9,,Situation maîtrisée
72.30,91.9,16.8,SAFE,9,,Situation maîtrisée
72.35,92.1,16.9,SAFE,9,,Situation maîtrisée
72.40,92.3,17.0,SAFE,9,,Situation maîtrisée
72.45,92.6,17.0,SAFE,10,,Situation maîtrisée
72.50,92.8,16.9,SAFE,10,,Situation maîtrisée
72.55,93.0,16.9,SAFE,10,,Situation maîtrisée
72.60,93.3,17.0,SAFE,9,,Situation maîtrisée
72.65,93.5,17.1,SAFE,9,,Situation maîtrisée
72.70,93.7,17.0,SAFE,9,,Situation maîtrisée
72.75,93.9,16.7,SAFE,8,,Situation maîtrisée
72.80,94.2,16.7,SAFE,7,,Situation maîtrisée
72.85,94.4,16.7,SAFE,5,,Situation maîtrisée
72.90,94.6,16.7,SAFE,4,,Situation maîtrisée
72.95,94.9,16.8,SAFE,4,,Situation maîtrisée
73.00,95.1,16.7,SAFE,4,,Situation maîtrisée
73.05,95.3,16.6,SAFE,4,,Situation maîtrisée
73.10,95.6,16.6,SAFE,4,,Situation maîtrisée
73.15,95.8,16.6,SAFE,4,,Situation maîtrisée
73.20,96.0,16.7,SAFE,4,,Situation maîtrisée
73.25,96.2,16.8,SAFE,4,,Situation maîtrisée
73.30,96.5,16.9,SAFE,4,,Situation maîtrisée
73.35,96.7,17.1,SAFE,4,,Situation maîtrisée
73.40,97.0,17.1,SAFE,4,,Situation maîtrisée
73.45,97.2,17.1,SAFE,4,,Situation maîtrisée
73.50,97.4,17.2,SAFE,4,,Situation maîtrisée
73.55,97.7,17.3,SAFE,4,,Situation maîtrisée
73.60,97.9,17.4,SAFE,4,,Situation maîtrisée
73.65,98.2,17.6,SAFE,4,,Situation maîtrisée
73.70,98.4,17.6,SAFE,4,,Situation maîtrisée
73.75,98.6,17.6,SAFE,4,,Situation maîtrisée
73.80,98.9,17.7,SAFE,4,,Situation maîtrisée
73.85,99.1,17.8,SAFE,4,,Situation maîtrisée
73.90,99.4,17.9,SAFE,4,,Situation maîtrisée
73.95,99.6,18.1,SAFE,4,,Situation maîtrisée
74.00,99.9,18.2,SAFE,4,,Situation maîtrisée
74.05,100.1,18.1,SAFE,4,,Situation maîtrisée
74.10,100.4,18.1,SAFE,4,,Situation maîtrisée
74.15,100.6,18.2,SAFE,4,,Situation maîtrisée
74.20,100.9,18.1,SAFE,4,,Situation maîtrisée
74.25,101.1,18.1,SAFE,4,,Situation maîtrisée
74.30,101.4,18.2,SAFE,4,,Situation maîtrisée
74.35,101.6,18.4,SAFE,4,,Situation maîtrisée
74.40,101.9,18.1,SAFE,4,,Situation maîtrisée
74.45,102.1,18.2,SAFE,4,,Situation maîtrisée
74.50,102.4,18.1,SAFE,4,,Situation maîtrisée
74.55,102.6,18.1,SAFE,4,,Situation maîtrisée
74.60,102.9,18.2,SAFE,4,,Situation maîtrisée
74.65,103.2,18.2,SAFE,4,,Situation maîtrisée
74.70,103.4,18.2,SAFE,4,,Situation maîtrisée
74.75,103.7,18.2,SAFE,4,,Situation maîtrisée
74.80,103.9,18.2,SAFE,4,,Situation maîtrisée
74.85,104.2,18.0,SAFE,4,,Situation maîtrisée
74.90,104.4,18.3,SAFE,4,,Situation maîtrisée
74.95,104.7,18.4,SAFE,4,,Situation maîtrisée
75.00,104.9,18.4,SAFE,4,,Situation maîtrisée
75.05,105.2,18.4,SAFE,4,,Situation maîtrisée
75.10,105.4,18.2,SAFE,4,,Situation maîtrisée
75.15,105.7,18.0,SAFE,4,,Situation maîtrisée
75.20,105.9,18.5,SAFE,3,,Situation maîtrisée
75.25,106.2,18.6,SAFE,3,,Situation maîtrisée
75.30,106.4,18.3,SAFE,3,,Situation maîtrisée
75.35,106.7,18.6,SAFE,3,,Situation maîtrisée
75.40,107.0,18.3,SAFE,3,,Situation maîtrisée
75.45,107.2,18.6,SAFE,3,,Situation maîtrisée
75.50,107.5,18.3,SAFE,3,,Situation maîtrisée
75.55,107.7,18.7,SAFE,3,,Situation maîtrisée
75.60,108.0,18.4,SAFE,3,,Situation maîtrisée
75.65,108.2,18.7,SAFE,3,,Situation maîtrisée
75.70,108.5,18.4,SAFE,3,,Situation maîtrisée
75.75,108.8,18.8,SAFE,3,,Situation maîtrisée
75.80,109.0,18.5,SAFE,3,,Situation maîtrisée
75.85,109.3,18.8,SAFE,3,,Situation maîtrisée
75.90,109.5,18.6,SAFE,3,,Situation maîtrisée
75.95,109.8,19.0,SAFE,3,,Situation maîtrisée
76.00,110.1,18.6,SAFE,3,,Situation maîtrisée
76.05,110.3,19.0,SAFE,3,,Situation maîtrisée
76.10,110.6,18.7,SAFE,3,,Situation maîtrisée
76.15,110.8,19.1,SAFE,3,,Situation maîtrisée
76.20,111.1,18.8,SAFE,3,,Situation maîtrisée
76.25,111.4,19.1,SAFE,3,,Situation maîtrisée
76.30,111.6,18.9,SAFE,3,,Situation maîtrisée
76.35,111.9,19.2,SAFE,3,,Situation maîtrisée
76.40,112.2,18.9,SAFE,3,,Situation maîtrisée
76.45,112.4,19.2,SAFE,3,,Situation maîtrisée
76.50,112.7,19.0,SAFE,3,,Situation maîtrisée
76.55,113.0,19.3,SAFE,3,,Situation maîtrisée
76.60,113.2,19.0,SAFE,3,,Situation maîtrisée
76.65,113.5,19.4,SAFE,3,,Situation maîtrisée
76.70,113.8,19.0,SAFE,3,,Situation maîtrisée
76.75,114.0,19.5,SAFE,3,,Situation maîtrisée
76.80,114.3,19.2,SAFE,3,,Situation maîtrisée
76.85,114.6,19.5,SAFE,3,,Situation maîtrisée
76.90,114.8,19.1,SAFE,2,,Situation maîtrisée
76.95,115.1,19.6,SAFE,2,,Situation maîtrisée
77.00,115.4,19.4,SAFE,2,,Situation maîtrisée
77.05,115.6,19.7,SAFE,2,,Situation maîtrisée
77.10,115.9,19.3,SAFE,2,,Situation maîtrisée
77.15,116.2,19.7,SAFE,2,,Situation maîtrisée
77.20,116.5,19.4,SAFE,2,,Situation maîtrisée
77.25,116.7,19.7,SAFE,2,,Situation maîtrisée
77.30,117.0,19.4,SAFE,2,,Situation maîtrisée
77.35,117.3,19.9,SAFE,2,,Situation maîtrisée
77.40,117.6,19.7,SAFE,2,,Situation maîtrisée
77.45,117.8,19.9,SAFE,2,,Situation maîtrisée
77.50,118.1,19.6,SAFE,2,,Situation maîtrisée
77.55,118.4,20.0,SAFE,2,,Situation maîtrisée
77.60,118.7,19.7,SAFE,2,,Situation maîtrisée
77.65,118.9,20.0,SAFE,2,,Situation maîtrisée
77.70,119.2,19.6,SAFE,2,,Situation maîtrisée
77.75,119.5,20.1,SAFE,2,,Situation maîtrisée
77.80,119.8,19.8,SAFE,2,,Situation maîtrisée
77.85,120.0,20.0,SAFE,2,,Situation maîtrisée
77.90,120.3,19.6,SAFE,2,,Situation maîtrisée
77.95,120.6,20.1,SAFE,2,,Situation maîtrisée
78.00,120.9,19.8,SAFE,2,,Situation maîtrisée
78.05,121.1,20.0,SAFE,2,,Situation maîtrisée
78.10,121.4,19.6,SAFE,2,,Situation maîtrisée
78.15,121.7,20.0,SAFE,2,,Situation maîtrisée
78.20,122.0,19.7,SAFE,2,,Situation maîtrisée
78.25,122.2,19.9,SAFE,2,,Situation maîtrisée
78.30,122.5,19.6,SAFE,2,,Situation maîtrisée
78.35,122.8,20.0,SAFE,2,,Situation maîtrisée
78.40,123.1,19.7,SAFE,2,,Situation maîtrisée
78.45,123.3,19.9,SAFE,1,,Situation maîtrisée
78.50,123.6,19.5,SAFE,1,,Situation maîtrisée
78.55,123.9,19.9,SAFE,1,,Situation maîtrisée
78.60,124.2,19.5,SAFE,1,,Situation maîtrisée
78.65,124.4,19.8,SAFE,1,,Situation maîtrisée
78.70,124.7,19.3,SAFE,1,,Situation maîtrisée
78.75,125.0,19.7,SAFE,1,,Situation maîtrisée
78.80,125.2,19.4,SAFE,1,,Situation maîtrisée
78.85,125.5,19.6,SAFE,1,,Situation maîtrisée
78.90,125.8,19.2,SAFE,1,,Situation maîtrisée
78.95,126.0,19.6,SAFE,1,,Situation maîtrisée
79.00,126.3,19.2,SAFE,1,,Situation maîtrisée
79.05,126.6,19.4,SAFE,1,,Situation maîtrisée
79.10,126.9,19.0,SAFE,1,,Situation maîtrisée
79.15,127.1,19.3,SAFE,1,,Situation maîtrisée
79.20,127.4,18.9,SAFE,1,,Situation maîtrisée
79.25,127.6,19.2,SAFE,1,,Situation maîtrisée
79.30,127.9,18.8,SAFE,1,,Situation maîtrisée
79.35,128.2,19.1,SAFE,1,,Situation maîtrisée
79.40,128.4,18.7,SAFE,1,,Situation maîtrisée
79.45,128.7,19.0,SAFE,1,,Situation maîtrisée
79.50,129.0,18.6,SAFE,1,,Situation maîtrisée
79.55,129.2,18.9,SAFE,1,,Situation maîtrisée
79.60,129.5,18.5,SAFE,1,,Situation maîtrisée
79.65,129.7,18.8,SAFE,1,,Situation maîtrisée
79.70,130.0,18.4,SAFE,1,,Situation maîtrisée
79.75,130.3,18.7,SAFE,1,,Situation maîtrisée
79.80,130.5,18.4,SAFE,1,,Situation maîtrisée
79.85,130.8,18.7,SAFE,1,,Situation maîtrisée
79.90,131.0,18.2,SAFE,1,,Situation maîtrisée
79.95,131.3,18.5,SAFE,1,,Situation maîtrisée
80.00,131.5,18.2,SAFE,1,,Situation maîtrisée
80.05,131.8,18.5,SAFE,1,,Situation maîtrisée
80.10,132.0,18.1,SAFE,1,,Situation maîtrisée
80.15,132.3,18.4,SAFE,1,,Situation maîtrisée
80.20,132.5,18.4,SAFE,1,,Situation maîtrisée
80.25,132.8,18.3,SAFE,1,,Situation maîtrisée
80.30,133.1,18.2,SAFE,1,,Situation maîtrisée
80.35,133.3,18.0,SAFE,1,,Situation maîtrisée
80.40,133.6,18.3,SAFE,1,,Situation maîtrisée
80.45,133.8,18.4,SAFE,1,,Situation maîtrisée
80.50,134.1,18.0,SAFE,1,,Situation maîtrisée
80.55,134.3,18.3,SAFE,1,,Situation maîtrisée
80.60,134.6,18.2,SAFE,1,,Situation maîtrisée
80.65,134.8,18.3,SAFE,1,,Situation maîtrisée
80.70,135.1,18.2,SAFE,1,,Situation maîtrisée
80.75,135.3,18.1,SAFE,1,,Situation maîtrisée
80.80,135.6,18.4,SAFE,1,,Situation maîtrisée
80.85,135.8,18.1,SAFE,1,,Situation maîtrisée
80.90,136.1,18.2,SAFE,1,,Situation maîtrisée
80.95,136.3,18.2,SAFE,1,,Situation maîtrisée
81.00,136.6,18.2,SAFE,1,,Situation maîtrisée
81.05,136.8,18.1,SAFE,1,,Situation maîtrisée
81.10,137.1,18.2,SAFE,1,,Situation maîtrisée
81.15,137.3,18.1,SAFE,1,,Situation maîtrisée
81.20,137.6,18.3,SAFE,1,,Situation maîtrisée
81.25,137.9,18.0,SAFE,1,,Situation maîtrisée
81.30,138.1,18.2,SAFE,1,,Situation maîtrisée
81.35,138.4,18.2,SAFE,1,,Situation maîtrisée
81.40,138.6,18.1,SAFE,1,,Situation maîtrisée
81.45,138.9,18.2,SAFE,1,,Situation maîtrisée
81.50,139.1,18.1,SAFE,1,,Situation maîtrisée
81.55,139.4,18.1,SAFE,1,,Situation maîtrisée
81.60,139.6,18.3,SAFE,1,,Situation maîtrisée
81.65,139.9,18.0,SAFE,1,,Situation maîtrisée
81.70,140.1,18.0,SAFE,1,,Situation maîtrisée
81.75,140.4,18.3,SAFE,1,,Situation maîtrisée
81.80,140.6,18.2,SAFE,1,,Situation maîtrisée
81.85,140.9,18.0,SAFE,1,,Situation maîtrisée
81.90,141.1,18.1,SAFE,1,,Situation maîtrisée
81.95,141.4,18.2,SAFE,1,,Situation maîtrisée
82.00,141.6,18.0,SAFE,1,,Situation maîtrisée
82.05,141.9,18.1,SAFE,1,,Situation maîtrisée
82.10,142.1,18.3,SAFE,1,,Situation maîtrisée
82.15,142.4,18.1,SAFE,1,,Situation maîtrisée
82.20,142.6,18.0,SAFE,1,,Situation maîtrisée
82.25,142.9,18.2,SAFE,1,,Situation maîtrisée
82.30,143.1,18.1,SAFE,1,,Situation maîtrisée
82.35,143.4,18.1,SAFE,1,,Situation maîtrisée
82.40,143.6,18.3,SAFE,1,,Situation maîtrisée
82.45,143.9,18.1,SAFE,1,,Situation maîtrisée
82.50,144.1,18.1,SAFE,1,,Situation maîtrisée
82.55,144.4,18.2,SAFE,1,,Situation maîtrisée
82.60,144.7,18.1,SAFE,1,,Situation maîtrisée
82.65,144.9,18.1,SAFE,1,,Situation maîtrisée
82.70,145.2,18.3,SAFE,1,,Situation maîtrisée
82.75,145.4,18.0,SAFE,1,,Situation maîtrisée
82.80,145.7,18.2,SAFE,1,,Situation maîtrisée
82.85,145.9,18.1,SAFE,1,,Situation maîtrisée
82.90,146.2,18.1,SAFE,1,,Situation maîtrisée
82.95,146.4,18.3,SAFE,1,,Situation maîtrisée
83.00,146.7,18.0,SAFE,1,,Situation maîtrisée
83.05,146.9,18.2,SAFE,1,,Situation maîtrisée
83.10,147.2,18.2,SAFE,1,,Situation maîtrisée
83.15,147.4,18.1,SAFE,1,,Situation maîtrisée
83.20,147.7,18.2,SAFE,1,,Situation maîtrisée
83.25,147.9,18.1,SAFE,1,,Situation maîtrisée
83.30,148.2,18.3,SAFE,1,,Situation maîtrisée
83.35,148.4,18.0,SAFE,1,,Situation maîtrisée
83.40,148.7,18.3,SAFE,1,,Situation maîtrisée
83.45,148.9,18.0,SAFE,1,,Situation maîtrisée
83.50,149.2,18.2,SAFE,1,,Situation maîtrisée
83.55,149.4,18.0,SAFE,1,,Situation maîtrisée
83.60,149.7,18.1,SAFE,1,,Situation maîtrisée
83.65,149.9,18.3,SAFE,1,,Situation maîtrisée
83.70,150.2,18.0,SAFE,1,,Situation maîtrisée
83.75,150.4,18.3,SAFE,1,,Situation maîtrisée
83.80,150.7,18.0,SAFE,1,,Situation maîtrisée
83.85,151.0,18.3,SAFE,1,,Situation maîtrisée
83.90,151.2,18.0,SAFE,1,,Situation maîtrisée
83.95,151.5,18.3,SAFE,1,,Situation maîtrisée
84.00,151.7,18.1,SAFE,1,,Situation maîtrisée
84.05,152.0,18.3,SAFE,1,,Situation maîtrisée
84.10,152.2,18.1,SAFE,1,,Situation maîtrisée
84.15,152.5,18.4,SAFE,1,,Situation maîtrisée
84.20,152.7,18.0,SAFE,1,,Situation maîtrisée
84.25,153.0,18.4,SAFE,1,,Situation maîtrisée
84.30,153.2,18.2,SAFE,1,,Situation maîtrisée
84.35,153.5,18.2,SAFE,1,,Situation maîtrisée
84.40,153.7,18.2,SAFE,1,,Situation maîtrisée
84.45,154.0,18.1,SAFE,1,,Situation maîtrisée
84.50,154.2,18.4,SAFE,1,,Situation maîtrisée
84.55,154.5,18.2,SAFE,1,,Situation maîtrisée
84.60,154.7,18.2,SAFE,1,,Situation maîtrisée
84.65,155.0,18.3,SAFE,1,,Situation maîtrisée
84.70,155.2,18.1,SAFE,1,,Situation maîtrisée
84.75,155.5,18.4,SAFE,1,,Situation maîtrisée
84.80,155.8,18.1,SAFE,1,,Situation maîtrisée
84.85,156.0,18.3,SAFE,1,,Situation maîtrisée
84.90,156.3,18.4,SAFE,1,,Situation maîtrisée
84.95,156.5,18.1,SAFE,1,,Situation maîtrisée
85.00,156.8,18.2,SAFE,1,,Situation maîtrisée
85.05,157.0,18.3,SAFE,1,,Situation maîtrisée
85.10,157.3,18.1,SAFE,1,,Situation maîtrisée
85.15,157.5,18.2,SAFE,1,,Situation maîtrisée
85.20,157.8,18.3,SAFE,1,,Situation maîtrisée
85.25,158.0,18.1,SAFE,1,,Situation maîtrisée
85.30,158.3,18.4,SAFE,1,,Situation maîtrisée
85.35,158.5,18.2,SAFE,1,,Situation maîtrisée
85.40,158.8,18.1,SAFE,1,,Situation maîtrisée
85.45,159.0,18.4,SAFE,1,,Situation maîtrisée
85.50,159.3,18.2,SAFE,1,,Situation maîtrisée
85.55,159.5,18.1,SAFE,1,,Situation maîtrisée
85.60,159.8,18.4,SAFE,2,,Situation maîtrisée
85.65,160.1,18.3,SAFE,2,,Situation maîtrisée
85.70,160.3,18.1,SAFE,2,,Situation maîtrisée
85.75,160.6,18.0,SAFE,2,,Situation maîtrisée
85.80,160.8,18.4,SAFE,2,,Situation maîtrisée
85.85,161.1,18.2,SAFE,2,,Situation maîtrisée
85.90,161.3,18.1,SAFE,2,,Situation maîtrisée
85.95,161.6,18.0,SAFE,2,,Situation maîtrisée
86.00,161.8,18.6,SAFE,2,,Situation maîtrisée
86.05,162.1,18.4,SAFE,2,,Situation maîtrisée
86.10,162.3,18.3,SAFE,2,,Situation maîtrisée
86.15,162.6,18.2,SAFE,2,,Situation maîtrisée
86.20,162.8,18.1,SAFE,2,,Situation maîtrisée
86.25,163.1,18.0,SAFE,2,,Situation maîtrisée
86.30,163.3,18.0,SAFE,2,,Situation maîtrisée
86.35,163.6,18.4,SAFE,2,,Situation maîtrisée
86.40,163.9,18.8,SAFE,2,,Situation maîtrisée
86.45,164.1,18.6,SAFE,2,,Situation maîtrisée
86.50,164.4,18.5,SAFE,2,,Situation maîtrisée
86.55,164.6,18.5,SAFE,2,,Situation maîtrisée
86.60,164.9,18.4,SAFE,2,,Situation maîtrisée
86.65,165.1,18.4,SAFE,2,,Situation maîtrisée
86.70,165.4,18.4,SAFE,2,,Situation maîtrisée
86.75,165.6,18.4,SAFE,2,,Situation maîtrisée
86.80,165.9,18.4,SAFE,2,,Situation maîtrisée
86.85,166.2,18.4,SAFE,2,,Situation maîtrisée
86.90,166.4,18.4,SAFE,2,,Situation maîtrisée
86.95,166.7,18.4,SAFE,2,,Situation maîtrisée
87.00,166.9,18.5,SAFE,2,,Situation maîtrisée
87.05,167.2,18.5,SAFE,2,,Situation maîtrisée
87.10,167.4,18.5,SAFE,2,,Situation maîtrisée
87.15,167.7,18.6,SAFE,2,,Situation maîtrisée
87.20,168.0,18.6,SAFE,2,,Situation maîtrisée
87.25,168.2,18.6,SAFE,2,,Situation maîtrisée
87.30,168.5,18.7,SAFE,2,,Situation maîtrisée
87.35,168.7,18.7,SAFE,2,,Situation maîtrisée
87.40,169.0,18.7,SAFE,2,,Situation maîtrisée
87.45,169.3,18.8,SAFE,2,,Situation maîtrisée
87.50,169.5,18.8,SAFE,2,,Situation maîtrisée
87.55,169.8,18.9,SAFE,2,,Situation maîtrisée
87.60,170.0,18.9,SAFE,2,,Situation maîtrisée
87.65,170.3,18.9,SAFE,2,,Situation maîtrisée
87.70,170.6,19.0,SAFE,2,,Situation maîtrisée
87.75,170.8,19.0,SAFE,2,,Situation maîtrisée
87.80,171.1,19.0,SAFE,2,,Situation maîtrisée
87.85,171.4,19.0,SAFE,2,,Situation maîtrisée
87.90,171.6,19.1,SAFE,2,,Situation maîtrisée
87.95,171.9,19.1,SAFE,2,,Situation maîtrisée
88.00,172.2,19.1,SAFE,2,,Situation maîtrisée
88.05,172.4,19.2,SAFE,2,,Situation maîtrisée
88.10,172.7,19.2,SAFE,2,,Situation maîtrisée
88.15,172.9,19.2,SAFE,2,,Situation maîtrisée
88.20,173.2,19.2,SAFE,2,,Situation maîtrisée
88.25,173.5,19.3,SAFE,2,,Situation maîtrisée
88.30,173.8,19.3,SAFE,2,,Situation maîtrisée
88.35,174.0,19.3,SAFE,2,,Situation maîtrisée
88.40,174.3,19.3,SAFE,2,,Situation maîtrisée
88.45,174.6,19.3,SAFE,3,,Situation maîtrisée
88.50,174.8,19.4,SAFE,3,,Situation maîtrisée
88.55,175.1,19.4,SAFE,3,,Situation maîtrisée
88.60,175.4,19.4,SAFE,3,,Situation maîtrisée
88.65,175.6,19.4,SAFE,3,,Situation maîtrisée
88.70,175.9,19.4,SAFE,3,,Situation maîtrisée
88.75,176.2,19.4,SAFE,3,,Situation maîtrisée
88.80,176.4,19.4,SAFE,3,,Situation maîtrisée
88.85,176.7,19.5,SAFE,3,,Situation maîtrisée
88.90,177.0,19.5,SAFE,3,,Situation maîtrisée
88.95,177.3,19.5,SAFE,3,,Situation maîtrisée
89.00,177.5,19.5,SAFE,3,,Situation maîtrisée
89.05,177.8,19.5,SAFE,3,,Situation maîtrisée
89.10,178.1,19.5,SAFE,3,,Situation maîtrisée
89.15,178.3,19.5,SAFE,3,,Situation maîtrisée
89.20,178.6,19.5,SAFE,3,,Situation maîtrisée
89.25,178.9,19.6,SAFE,3,,Situation maîtrisée
89.30,179.2,19.6,SAFE,3,,Situation maîtrisée
89.35,179.4,19.6,SAFE,3,,Situation maîtrisée
89.40,179.7,19.6,SAFE,3,,Situation maîtrisée
89.45,180.0,19.6,SAFE,3,,Situation maîtrisée
89.50,180.2,19.6,SAFE,3,,Situation maîtrisée
89.55,180.5,19.6,SAFE,3,,Situation maîtrisée
89.60,180.8,19.6,SAFE,3,,Situation maîtrisée
89.65,181.1,19.6,SAFE,3,,Situation maîtrisée
89.70,181.3,19.6,SAFE,3,,Situation maîtrisée
89.75,181.6,19.6,SAFE,3,,Situation maîtrisée
89.80,181.9,19.6,SAFE,3,,Situation maîtrisée
89.85,182.1,19.6,SAFE,3,,Situation maîtrisée
89.90,182.4,19.7,SAFE,3,,Situation maîtrisée
89.95,182.7,19.7,SAFE,3,,Situation maîtrisée
90.00,183.0,19.7,SAFE,3,,Situation maîtrisée
90.05,183.2,19.7,SAFE,3,,Situation maîtrisée
90.10,183.5,19.7,SAFE,3,,Situation maîtrisée
90.15,183.8,19.7,SAFE,3,,Situation maîtrisée
90.20,184.1,19.7,SAFE,3,,Situation maîtrisée
90.25,184.3,19.7,SAFE,3,,Situation maîtrisée
90.30,184.6,19.7,SAFE,3,,Situation maîtrisée
90.35,184.9,19.7,SAFE,3,,Situation maîtrisée
90.40,185.2,19.7,SAFE,3,,Situation maîtrisée
90.45,185.4,19.7,SAFE,3,,Situation maîtrisée
90.50,185.7,19.7,SAFE,3,,Situation maîtrisée
90.55,186.0,19.7,SAFE,3,,Situation maîtrisée
90.60,186.2,19.7,SAFE,3,,Situation maîtrisée
90.65,186.5,19.7,SAFE,3,,Situation maîtrisée
90.70,186.8,19.7,SAFE,3,,Situation maîtrisée
90.75,187.1,19.7,SAFE,3,,Situation maîtrisée
90.80,187.3,19.7,SAFE,3,,Situation maîtrisée
90.85,187.6,19.7,SAFE,3,,Situation maîtrisée
90.90,187.9,19.7,SAFE,3,,Situation maîtrisée
90.95,188.2,19.7,SAFE,3,,Situation maîtrisée
91.00,188.4,19.7,SAFE,3,,Situation maîtrisée
91.05,188.7,19.7,SAFE,3,,Situation maîtrisée
91.10,189.0,19.7,SAFE,3,,Situation maîtrisée
91.15,189.3,19.7,SAFE,3,,Situation maîtrisée
91.20,189.5,19.7,SAFE,3,,Situation maîtrisée
91.25,189.8,19.7,SAFE,3,,Situation maîtrisée
91.30,190.1,19.7,SAFE,3,,Situation maîtrisée
91.35,190.4,19.7,SAFE,3,,Situation maîtrisée
91.40,190.6,19.7,SAFE,3,,Situation maîtrisée
91.45,190.9,19.7,SAFE,3,,Situation maîtrisée
91.50,191.2,19.7,SAFE,3,,Situation maîtrisée
91.55,191.5,19.7,SAFE,3,,Situation maîtrisée
91.60,191.7,19.7,SAFE,3,,Situation maîtrisée
91.65,192.0,19.7,SAFE,3,,Situation maîtrisée
91.70,192.3,19.7,SAFE,3,,Situation maîtrisée
91.75,192.5,19.7,SAFE,3,,Situation maîtrisée
91.80,192.8,19.7,SAFE,3,,Situation maîtrisée
91.85,193.1,19.7,SAFE,3,,Situation maîtrisée
91.90,193.4,19.7,SAFE,3,,Situation maîtrisée
91.95,193.6,19.7,SAFE,3,,Situation maîtrisée
92.00,193.9,19.7,SAFE,3,,Situation maîtrisée
92.05,194.2,19.7,SAFE,3,,Situation maîtrisée
92.10,194.5,19.7,SAFE,3,,Situation maîtrisée
92.15,194.7,19.7,SAFE,3,,Situation maîtrisée
92.20,195.0,19.7,SAFE,3,,Situation maîtrisée
92.25,195.3,19.7,SAFE,3,,Situation maîtrisée
92.30,195.6,19.7,SAFE,3,,Situation maîtrisée
92.35,195.8,19.7,SAFE,3,,Situation maîtrisée
92.40,196.1,19.7,SAFE,3,,Situation maîtrisée
92.45,196.4,19.7,SAFE,3,,Situation maîtrisée
92.50,196.7,19.7,SAFE,2,,Situation maîtrisée
92.55,196.9,19.7,SAFE,2,,Situation maîtrisée
92.60,197.2,19.7,SAFE,2,,Situation maîtrisée
92.65,197.5,19.7,SAFE,2,,Situation maîtrisée
92.70,197.8,19.7,SAFE,2,,Situation maîtrisée
92.75,198.0,19.7,SAFE,2,,Situation maîtrisée
92.80,198.3,19.7,SAFE,2,,Situation maîtrisée
92.85,198.6,19.7,SAFE,2,,Situation maîtrisée
92.90,198.9,19.7,SAFE,2,,Situation maîtrisée
92.95,199.1,19.7,SAFE,2,,Situation maîtrisée
93.00,199.4,19.7,SAFE,2,,Situation maîtrisée
93.05,199.7,19.7,SAFE,2,,Situation maîtrisée
93.10,200.0,19.7,SAFE,2,,Situation maîtrisée
93.15,200.2,19.7,SAFE,2,,Situation maîtrisée
93.20,200.5,19.7,SAFE,2,,Situation maîtrisée
93.25,200.8,19.7,SAFE,2,,Situation maîtrisée
93.30,201.1,19.7,SAFE,2,,Situation maîtrisée
93.35,201.3,19.7,SAFE,2,,Situation maîtrisée
93.40,201.6,19.7,SAFE,2,,Situation maîtrisée
93.45,201.9,19.7,SAFE,2,,Situation maîtrisée
93.50,202.1,19.7,SAFE,2,,Situation maîtrisée
93.55,202.4,19.7,SAFE,2,,Situation maîtrisée
93.60,202.7,19.7,SAFE,2,,Situation maîtrisée
93.65,203.0,19.7,SAFE,2,,Situation maîtrisée
93.70,203.2,19.7,SAFE,2,,Situation maîtrisée
93.75,203.5,19.7,SAFE,2,,Situation maîtrisée
93.80,203.8,19.7,SAFE,2,,Situation maîtrisée
93.85,204.1,19.7,SAFE,2,,Situation maîtrisée
93.90,204.3,19.7,SAFE,2,,Situation maîtrisée
93.95,204.6,19.7,SAFE,2,,Situation maîtrisée
94.00,204.9,19.7,SAFE,2,,Situation maîtrisée
94.05,205.2,19.7,SAFE,2,,Situation maîtrisée
94.10,205.4,19.7,SAFE,2,,Situation maîtrisée
94.15,205.7,19.7,SAFE,2,,Situation maîtrisée
94.20,206.0,19.7,SAFE,2,,Situation maîtrisée
94.25,206.3,19.7,SAFE,2,,Situation maîtrisée
94.30,206.5,19.7,SAFE,2,,Situation maîtrisée
94.35,206.8,9.5,SAFE,2,,Situation maîtrisée
94.40,206.9,7.2,SAFE,2,,Situation maîtrisée
94.45,207.0,5.8,SAFE,2,,Situation maîtrisée
94.50,207.0,4.7,SAFE,2,,Situation maîtrisée
94.55,207.1,3.6,SAFE,2,,Situation maîtrisée
94.60,207.1,2.6,SAFE,2,,Situation maîtrisée
94.65,207.2,1.9,SAFE,2,,Situation maîtrisée
94.70,207.2,1.4,SAFE,2,,Situation maîtrisée
94.75,207.2,1.0,SAFE,2,,Situation maîtrisée
94.80,207.2,0.5,SAFE,2,,Situation maîtrisée
94.85,207.2,0.4,SAFE,2,,Situation maîtrisée
94.90,207.2,0.4,SAFE,2,,Situation maîtrisée
94.95,207.2,0.3,SAFE,2,,Situation maîtrisée
95.00,207.2,0.3,SAFE,2,,Situation maîtrisée
95.05,207.2,0.3,SAFE,2,,Situation maîtrisée
95.10,207.2,0.3,SAFE,2,,Situation maîtrisée
95.15,207.3,0.3,SAFE,2,,Situation maîtrisée
95.20,207.3,0.3,SAFE,2,,Situation maîtrisée
95.25,207.3,0.3,SAFE,2,,Situation maîtrisée
95.30,207.3,0.3,SAFE,2,,Situation maîtrisée
95.35,207.3,0.3,SAFE,2,,Situation maîtrisée
95.40,207.3,0.3,SAFE,2,,Situation maîtrisée
95.45,207.3,0.3,SAFE,2,,Situation maîtrisée
95.50,207.3,0.3,SAFE,2,,Situation maîtrisée
95.55,207.3,0.3,SAFE,2,,Situation maîtrisée
95.60,207.3,0.3,SAFE,2,,Situation maîtrisée
95.65,207.3,0.2,SAFE,2,,Situation maîtrisée
95.70,207.3,0.1,SAFE,2,,Situation maîtrisée
95.75,207.3,0.2,SAFE,2,,Situation maîtrisée
95.80,207.3,0.2,SAFE,2,,Situation maîtrisée
95.85,207.3,0.1,SAFE,2,,Situation maîtrisée
95.90,207.3,0.1,SAFE,2,,Situation maîtrisée
95.95,207.3,0.2,SAFE,2,,Situation maîtrisée
96.00,207.3,0.2,SAFE,2,,Situation maîtrisée
96.05,207.3,0.2,SAFE,2,,Situation maîtrisée
96.10,207.3,0.2,SAFE,2,,Situation maîtrisée
96.15,207.3,0.2,SAFE,2,,Situation maîtrisée
96.20,207.3,0.1,SAFE,2,,Situation maîtrisée
96.25,207.3,0.1,SAFE,2,,Situation maîtrisée
96.30,207.3,0.2,SAFE,2,,Situation maîtrisée
96.35,207.3,0.2,SAFE,2,,Situation maîtrisée
96.40,207.3,0.2,SAFE,2,,Situation maîtrisée
96.45,207.3,0.2,SAFE,2,,Situation maîtrisée
96.50,207.3,0.2,SAFE,2,,Situation maîtrisée
96.55,207.4,0.2,SAFE,2,,Situation maîtrisée
96.60,207.4,0.2,SAFE,2,,Situation maîtrisée
96.65,207.4,0.1,SAFE,2,,Situation maîtrisée
96.70,207.4,0.2,SAFE,2,,Situation maîtrisée
96.75,207.4,0.2,SAFE,2,,Situation maîtrisée
96.80,207.4,0.2,SAFE,2,,Situation maîtrisée
96.85,207.4,0.2,SAFE,2,,Situation maîtrisée
96.90,207.4,0.1,SAFE,2,,Situation maîtrisée
96.95,207.4,0.2,SAFE,2,,Situation maîtrisée
97.00,207.4,0.2,SAFE,2,,Situation maîtrisée
97.05,207.4,0.2,SAFE,2,,Situation maîtrisée
97.10,207.4,0.2,SAFE,2,,Situation maîtrisée
97.15,207.4,0.2,SAFE,2,,Situation maîtrisée
97.20,207.4,0.3,SAFE,2,,Situation maîtrisée
97.25,207.4,0.3,SAFE,2,,Situation maîtrisée
97.30,207.4,0.3,SAFE,2,,Situation maîtrisée
97.35,207.4,0.3,SAFE,2,,Situation maîtrisée
97.40,207.4,0.3,SAFE,2,,Situation maîtrisée
97.45,207.4,0.3,SAFE,2,,Situation maîtrisée
97.50,207.4,0.3,SAFE,2,,Situation maîtrisée
97.55,207.4,0.3,SAFE,2,,Situation maîtrisée
97.60,207.4,0.3,SAFE,2,,Situation maîtrisée
97.65,207.4,0.3,SAFE,2,,Situation maîtrisée
97.70,207.4,0.3,SAFE,2,,Situation maîtrisée
97.75,207.4,0.3,SAFE,2,,Situation maîtrisée
97.80,207.4,0.2,SAFE,2,,Situation maîtrisée
97.85,207.5,0.3,SAFE,2,,Situation maîtrisée
97.90,207.5,0.3,SAFE,2,,Situation maîtrisée
97.95,207.5,0.3,SAFE,2,,Situation maîtrisée
98.00,207.5,0.3,SAFE,2,,Situation maîtrisée
98.05,207.5,0.3,SAFE,2,,Situation maîtrisée
98.10,207.5,0.2,SAFE,2,,Situation maîtrisée
98.15,207.5,0.5,SAFE,2,,Situation maîtrisée
98.20,207.5,0.4,SAFE,2,,Situation maîtrisée
98.25,207.5,0.3,SAFE,2,,Situation maîtrisée
98.30,207.5,0.4,SAFE,2,,Situation maîtrisée
98.35,207.5,0.4,SAFE,2,,Situation maîtrisée
98.40,207.5,0.4,SAFE,2,,Situation maîtrisée
98.45,207.5,0.4,SAFE,2,,Situation maîtrisée
98.50,207.5,0.4,SAFE,2,,Situation maîtrisée
98.55,207.5,0.3,SAFE,2,,Situation maîtrisée
98.60,207.5,0.4,SAFE,2,,Situation maîtrisée
98.65,207.5,0.3,SAFE,2,,Situation maîtrisée
98.70,207.5,0.4,SAFE,2,,Situation maîtrisée
98.75,207.5,0.4,SAFE,2,,Situation maîtrisée
98.80,207.5,0.4,SAFE,2,,Situation maîtrisée
98.85,207.6,0.2,SAFE,2,,Situation maîtrisée
98.90,207.6,0.3,SAFE,2,,Situation maîtrisée
98.95,207.6,0.3,SAFE,2,,Situation maîtrisée
99.00,207.6,0.3,SAFE,2,,Situation maîtrisée
99.05,207.6,0.3,SAFE,2,,Situation maîtrisée
99.10,207.6,0.2,SAFE,2,,Situation maîtrisée
99.15,207.6,0.2,SAFE,2,,Situation maîtrisée
99.20,207.6,0.2,SAFE,2,,Situation maîtrisée
99.25,207.6,0.2,SAFE,2,,Situation maîtrisée
99.30,207.6,0.2,SAFE,2,,Situation maîtrisée
99.35,207.6,0.2,SAFE,2,,Situation maîtrisée
99.40,207.6,0.2,SAFE,2,,Situation maîtrisée
99.45,207.6,0.2,SAFE,2,,Situation maîtrisée
99.50,207.6,0.2,SAFE,2,,Situation maîtrisée
99.55,207.6,0.1,SAFE,2,,Situation maîtrisée
99.60,207.6,0.2,SAFE,2,,Situation maîtrisée
99.65,207.6,0.2,SAFE,2,,Situation maîtrisée
99.70,207.6,0.1,SAFE,2,,Situation maîtrisée
99.75,207.6,0.2,SAFE,2,,Situation maîtrisée
99.80,207.6,0.2,SAFE,2,,Situation maîtrisée
99.85,207.6,0.2,SAFE,2,,Situation maîtrisée
99.90,207.6,0.2,SAFE,2,,Situation maîtrisée
99.95,207.6,0.2,SAFE,2,,Situation maîtrisée
100.00,207.6,0.2,SAFE,2,,Situation maîtrisée
100.05,207.6,0.3,SAFE,2,,Situation maîtrisée
100.10,207.6,0.3,SAFE,2,,Situation maîtrisée
100.15,207.6,0.2,SAFE,2,,Situation maîtrisée
100.20,207.7,0.2,SAFE,2,,Situation maîtrisée
100.25,207.7,0.2,SAFE,2,,Situation maîtrisée
100.30,207.7,0.2,SAFE,2,,Situation maîtrisée
100.35,207.7,0.2,SAFE,2,,Situation maîtrisée
100.40,207.7,0.3,SAFE,2,,Situation maîtrisée
100.45,207.7,0.3,SAFE,2,,Situation maîtrisée
100.50,207.7,0.2,SAFE,2,,Situation maîtrisée
100.55,207.7,0.2,SAFE,2,,Situation maîtrisée
100.60,207.7,0.2,SAFE,2,,Situation maîtrisée
100.65,207.7,0.2,SAFE,2,,Situation maîtrisée
100.70,207.7,0.2,SAFE,2,,Situation maîtrisée
100.75,207.7,0.3,SAFE,2,,Situation maîtrisée
100.80,207.7,0.3,SAFE,2,,Situation maîtrisée
100.85,207.7,0.2,SAFE,2,,Situation maîtrisée
100.90,207.7,0.2,SAFE,2,,Situation maîtrisée
100.95,207.7,0.2,SAFE,2,,Situation maîtrisée
101.00,207.7,0.2,SAFE,2,,Situation maîtrisée
101.05,207.7,0.3,SAFE,2,,Situation maîtrisée
101.10,207.7,0.2,SAFE,2,,Situation maîtrisée
101.15,207.7,0.2,SAFE,2,,Situation maîtrisée
101.20,207.7,0.2,SAFE,2,,Situation maîtrisée
101.25,207.7,0.1,SAFE,2,,Situation maîtrisée
101.30,207.7,0.2,SAFE,2,,Situation maîtrisée
101.35,207.7,0.2,SAFE,2,,Situation maîtrisée
101.40,207.7,0.2,SAFE,2,,Situation maîtrisée
101.45,207.7,0.2,SAFE,2,,Situation maîtrisée
101.50,207.7,0.2,SAFE,2,,Situation maîtrisée
101.55,207.7,0.1,SAFE,2,,Situation maîtrisée
101.60,207.7,0.2,SAFE,2,,Situation maîtrisée
101.65,207.8,0.2,SAFE,2,,Situation maîtrisée
101.70,207.8,0.2,SAFE,2,,Situation maîtrisée
101.75,207.8,0.2,SAFE,2,,Situation maîtrisée
101.80,207.8,0.1,SAFE,2,,Situation maîtrisée
101.85,207.8,0.2,SAFE,2,,Situation maîtrisée
101.90,207.8,0.2,SAFE,2,,Situation maîtrisée
101.95,207.8,0.2,SAFE,2,,Situation maîtrisée
102.00,207.8,0.2,SAFE,2,,Situation maîtrisée
102.05,207.8,0.3,SAFE,2,,Situation maîtrisée
102.10,207.8,0.2,SAFE,2,,Situation maîtrisée
102.15,207.8,0.3,SAFE,2,,Situation maîtrisée
102.20,207.8,0.2,SAFE,2,,Situation maîtrisée
102.25,207.8,0.2,SAFE,2,,Situation maîtrisée
102.30,207.8,0.2,SAFE,2,,Situation maîtrisée
102.35,207.8,0.2,SAFE,2,,Situation maîtrisée
102.40,207.8,0.1,SAFE,2,,Situation maîtrisée
102.45,207.8,0.1,SAFE,2,,Situation maîtrisée
102.50,207.8,0.3,SAFE,2,,Situation maîtrisée
102.55,207.8,0.2,SAFE,2,,Situation maîtrisée
102.60,207.8,0.2,SAFE,2,,Situation maîtrisée
102.65,207.8,0.2,SAFE,2,,Situation maîtrisée
102.70,207.8,0.2,SAFE,2,,Situation maîtrisée
102.75,207.8,0.2,SAFE,2,,Situation maîtrisée
102.80,207.8,0.2,SAFE,2,,Situation maîtrisée
102.85,207.8,0.2,SAFE,2,,Situation maîtrisée
102.90,207.8,0.2,SAFE,2,,Situation maîtrisée
102.95,207.8,0.3,SAFE,2,,Situation maîtrisée
103.00,207.8,0.2,SAFE,2,,Situation maîtrisée
103.05,207.8,0.1,SAFE,2,,Situation maîtrisée
103.10,207.8,0.1,SAFE,2,,Situation maîtrisée
103.15,207.9,0.1,SAFE,2,,Situation maîtrisée
103.20,207.9,0.2,SAFE,2,,Situation maîtrisée
103.25,207.9,0.2,SAFE,2,,Situation maîtrisée
103.30,207.9,0.2,SAFE,2,,Situation maîtrisée
103.35,207.9,0.2,SAFE,2,,Situation maîtrisée
103.40,207.9,0.2,SAFE,2,,Situation maîtrisée
103.45,207.9,0.2,SAFE,2,,Situation maîtrisée
103.50,207.9,0.2,SAFE,2,,Situation maîtrisée
103.55,207.9,0.2,SAFE,2,,Situation maîtrisée
103.60,207.9,0.2,SAFE,2,,Situation maîtrisée
103.65,207.9,0.2,SAFE,2,,Situation maîtrisée
103.70,207.9,0.2,SAFE,2,,Situation maîtrisée
103.75,207.9,0.3,SAFE,2,,Situation maîtrisée
103.80,207.9,0.2,SAFE,2,,Situation maîtrisée
103.85,207.9,0.3,SAFE,2,,Situation maîtrisée
103.90,207.9,0.2,SAFE,2,,Situation maîtrisée
103.95,207.9,0.2,SAFE,2,,Situation maîtrisée
104.00,207.9,0.2,SAFE,2,,Situation maîtrisée
104.05,207.9,0.2,SAFE,2,,Situation maîtrisée
104.10,207.9,0.2,SAFE,2,,Situation maîtrisée
104.15,207.9,0.2,SAFE,2,,Situation maîtrisée
104.20,207.9,0.2,SAFE,2,,Situation maîtrisée
104.25,207.9,0.2,SAFE,2,,Situation maîtrisée
104.30,207.9,0.2,SAFE,2,,Situation maîtrisée
104.35,207.9,0.2,SAFE,2,,Situation maîtrisée
104.40,207.9,0.2,SAFE,2,,Situation maîtrisée
104.45,207.9,0.2,SAFE,2,,Situation maîtrisée
104.50,207.9,0.2,SAFE,2,,Situation maîtrisée
104.55,208.0,0.2,SAFE,2,,Situation maîtrisée
104.60,208.0,0.1,SAFE,2,,Situation maîtrisée
104.65,208.0,0.3,SAFE,2,,Situation maîtrisée
104.70,208.0,0.2,SAFE,2,,Situation maîtrisée
104.75,208.0,0.2,SAFE,2,,Situation maîtrisée
104.80,208.0,0.2,SAFE,2,,Situation maîtrisée
104.85,208.0,0.2,SAFE,2,,Situation maîtrisée
104.90,208.0,0.3,SAFE,2,,Situation maîtrisée
104.95,208.0,0.3,SAFE,2,,Situation maîtrisée
105.00,208.0,0.2,SAFE,3,,Situation maîtrisée
105.05,208.0,0.2,SAFE,3,,Situation maîtrisée
105.10,208.0,0.2,SAFE,3,,Situation maîtrisée
105.15,208.0,0.2,SAFE,3,,Situation maîtrisée
105.20,208.0,0.2,SAFE,3,,Situation maîtrisée
105.25,208.0,0.3,SAFE,3,,Situation maîtrisée
105.30,208.0,0.2,SAFE,3,,Situation maîtrisée
105.35,208.0,0.3,SAFE,3,,Situation maîtrisée
105.40,208.0,0.2,SAFE,3,,Situation maîtrisée
105.45,208.0,0.2,SAFE,3,,Situation maîtrisée
105.50,208.0,0.2,SAFE,3,,Situation maîtrisée
105.55,208.0,0.3,SAFE,3,,Situation maîtrisée
105.60,208.0,0.3,SAFE,3,,Situation maîtrisée
105.65,208.0,0.1,SAFE,3,,Situation maîtrisée
105.70,208.0,0.3,SAFE,3,,Situation maîtrisée
105.75,208.0,0.2,SAFE,3,,Situation maîtrisée
105.80,208.0,0.3,SAFE,3,,Situation maîtrisée
105.85,208.0,0.2,SAFE,3,,Situation maîtrisée
105.90,208.1,0.2,SAFE,3,,Situation maîtrisée
105.95,208.1,0.3,SAFE,3,,Situation maîtrisée
106.00,208.1,0.2,SAFE,3,,Situation maîtrisée
106.05,208.1,0.3,SAFE,3,,Situation maîtrisée
106.10,208.1,0.2,SAFE,3,,Situation maîtrisée
106.15,208.1,0.3,SAFE,3,,Situation maîtrisée
106.20,208.1,0.2,SAFE,3,,Situation maîtrisée
106.25,208.1,0.3,SAFE,3,,Situation maîtrisée
106.30,208.1,0.3,SAFE,3,,Situation maîtrisée
106.35,208.1,0.3,SAFE,3,,Situation maîtrisée
106.40,208.1,0.3,SAFE,3,,Situation maîtrisée
106.45,208.1,0.3,SAFE,3,,Situation maîtrisée
106.50,208.1,0.3,SAFE,3,,Situation maîtrisée
106.55,208.1,0.2,SAFE,3,,Situation maîtrisée
106.60,208.1,0.2,SAFE,3,,Situation maîtrisée
106.65,208.1,0.3,SAFE,3,,Situation maîtrisée
106.70,208.1,0.3,SAFE,3,,Situation maîtrisée
106.75,208.1,0.2,SAFE,3,,Situation maîtrisée
106.80,208.1,0.2,SAFE,3,,Situation maîtrisée
106.85,208.1,0.1,SAFE,3,,Situation maîtrisée
106.90,208.1,0.3,SAFE,3,,Situation maîtrisée
106.95,208.1,0.3,SAFE,3,,Situation maîtrisée
107.00,208.1,0.2,SAFE,3,,Situation maîtrisée
107.05,208.1,0.2,SAFE,3,,Situation maîtrisée
107.10,208.1,0.3,SAFE,3,,Situation maîtrisée
107.15,208.1,0.3,SAFE,3,,Situation maîtrisée
107.20,208.2,0.3,SAFE,3,,Situation maîtrisée
107.25,208.2,0.2,SAFE,3,,Situation maîtrisée
107.30,208.2,0.2,SAFE,3,,Situation maîtrisée
107.35,208.2,0.3,SAFE,3,,Situation maîtrisée
107.40,208.2,0.4,SAFE,3,,Situation maîtrisée
107.45,208.2,0.2,SAFE,3,,Situation maîtrisée
107.50,208.2,0.2,SAFE,3,,Situation maîtrisée
107.55,208.2,0.2,SAFE,3,,Situation maîtrisée
107.60,208.2,0.2,SAFE,3,,Situation maîtrisée
107.65,208.2,0.2,SAFE,3,,Situation maîtrisée
107.70,208.2,0.1,SAFE,3,,Situation maîtrisée
107.75,208.2,0.2,SAFE,3,,Situation maîtrisée
107.80,208.2,0.2,SAFE,3,,Situation maîtrisée
107.85,208.2,0.2,SAFE,3,,Situation maîtrisée
107.90,208.2,0.2,SAFE,3,,Situation maîtrisée
107.95,208.2,0.2,SAFE,3,,Situation maîtrisée
108.00,208.2,0.2,SAFE,3,,Situation maîtrisée
108.05,208.2,0.2,SAFE,3,,Situation maîtrisée
108.10,208.2,0.2,SAFE,3,,Situation maîtrisée
108.15,208.2,0.3,SAFE,3,,Situation maîtrisée
108.20,208.2,0.2,SAFE,3,,Situation maîtrisée
108.25,208.2,0.3,SAFE,3,,Situation maîtrisée
108.30,208.2,0.2,SAFE,3,,Situation maîtrisée
108.35,208.2,0.3,SAFE,3,,Situation maîtrisée
108.40,208.2,0.2,SAFE,3,,Situation maîtrisée
108.45,208.2,0.3,SAFE,3,,Situation maîtrisée
108.50,208.2,0.1,SAFE,3,,Situation maîtrisée
108.55,208.2,0.3,SAFE,3,,Situation maîtrisée
108.60,208.2,0.2,SAFE,3,,Situation maîtrisée
108.65,208.3,0.3,SAFE,3,,Situation maîtrisée
108.70,208.3,0.3,SAFE,3,moteur:physique,Situation maîtrisée
108.75,208.3,0.0,SAFE,3,moteur:physique,Situation maîtrisée
108.80,208.3,0.0,SAFE,3,moteur:physique,Situation maîtrisée
108.85,208.3,0.0,SAFE,3,moteur:physique,Situation maîtrisée
108.90,208.3,0.0,SAFE,3,moteur:physique,Situation maîtrisée
108.95,208.3,0.0,SAFE,3,moteur:physique,Situation maîtrisée
109.00,208.3,0.0,SAFE,3,moteur:physique,Situation maîtrisée
109.05,208.3,0.0,SAFE,3,moteur:physique,Situation maîtrisée
109.10,208.3,0.0,SAFE,3,moteur:physique,Situation maîtrisée
109.15,208.3,0.0,SAFE,3,moteur:physique,Situation maîtrisée
109.20,208.3,0.0,SAFE,3,moteur:physique,Situation maîtrisée
109.25,208.3,0.0,SAFE,3,moteur:physique,Situation maîtrisée
109.30,208.3,0.0,SAFE,3,moteur:physique,Situation maîtrisée
109.35,208.3,0.0,SAFE,3,moteur:physique,Situation maîtrisée
109.40,208.3,0.0,SAFE,3,moteur:physique,Situation maîtrisée
109.45,208.3,0.0,SAFE,3,moteur:physique,Situation maîtrisée
109.50,208.3,0.0,SAFE,3,moteur:physique,Situation maîtrisée
109.55,208.3,0.0,SAFE,3,moteur:physique,Situation maîtrisée
109.60,208.3,0.0,SAFE,3,moteur:physique,Situation maîtrisée
109.65,208.3,0.0,SAFE,3,moteur:physique,Situation maîtrisée
109.70,208.3,0.0,SAFE,3,moteur:physique,Situation maîtrisée
109.75,208.3,0.0,SAFE,3,moteur:physique,Situation maîtrisée
109.80,208.3,0.0,SAFE,3,moteur:physique,Situation maîtrisée
109.85,208.3,0.0,SAFE,3,moteur:physique,Situation maîtrisée
109.90,208.3,0.0,SAFE,3,moteur:physique,Situation maîtrisée
109.95,208.3,0.0,SAFE,3,moteur:physique,Situation maîtrisée
110.00,208.3,0.0,SAFE,3,moteur:physique,Situation maîtrisée
110.05,208.3,0.0,SAFE,3,moteur:physique,Situation maîtrisée
110.10,208.3,0.0,SAFE,3,moteur:physique,Situation maîtrisée
110.15,208.3,0.0,SAFE,3,moteur:physique,Situation maîtrisée
110.20,208.3,0.0,SAFE,3,moteur:physique,Situation maîtrisée
110.25,208.3,0.0,SAFE,3,moteur:physique,Situation maîtrisée
110.30,208.3,0.0,SAFE,3,moteur:physique,Situation maîtrisée
110.35,208.3,0.0,SAFE,3,moteur:physique,Situation maîtrisée
110.40,208.3,0.0,SAFE,3,moteur:physique,Situation maîtrisée
110.45,208.3,0.0,SAFE,3,moteur:physique,Situation maîtrisée
110.50,208.3,0.0,SAFE,3,moteur:physique,Situation maîtrisée
110.55,208.3,0.0,SAFE,3,moteur:physique,Situation maîtrisée
110.60,208.3,0.0,SAFE,3,moteur:physique,Situation maîtrisée
110.65,208.3,0.0,SAFE,3,moteur:physique,Situation maîtrisée
110.70,208.3,0.0,SAFE,3,moteur:physique,Situation maîtrisée
110.75,208.3,0.0,SAFE,3,moteur:physique,Situation maîtrisée
110.80,208.3,0.0,SAFE,3,moteur:physique,Situation maîtrisée
110.85,208.3,0.0,SAFE,3,moteur:physique,Situation maîtrisée
110.90,208.3,0.0,SAFE,3,moteur:physique,Situation maîtrisée
110.95,208.3,0.0,SAFE,3,moteur:physique,Situation maîtrisée
111.00,208.3,0.0,SAFE,3,,Situation maîtrisée
111.05,208.3,0.0,SAFE,3,moteur:physique,Situation maîtrisée
111.10,208.3,0.0,SAFE,3,moteur:physique,Situation maîtrisée
111.15,208.3,0.0,SAFE,3,moteur:physique,Situation maîtrisée
111.20,208.3,0.0,SAFE,3,moteur:physique,Situation maîtrisée
111.25,208.3,0.0,SAFE,3,moteur:physique,Situation maîtrisée
111.30,208.3,0.0,SAFE,3,moteur:physique,Situation maîtrisée
111.35,208.3,0.0,SAFE,3,moteur:physique,Situation maîtrisée
111.40,208.3,0.0,SAFE,3,moteur:physique,Situation maîtrisée
111.45,208.3,0.0,SAFE,3,moteur:physique,Situation maîtrisée
111.50,208.3,0.0,SAFE,3,moteur:physique,Situation maîtrisée
111.55,208.3,0.0,SAFE,3,moteur:physique,Situation maîtrisée
111.60,208.3,0.0,SAFE,3,moteur:physique,Situation maîtrisée
111.65,208.3,0.0,SAFE,3,moteur:physique,Situation maîtrisée
111.70,208.3,0.0,SAFE,3,moteur:physique,Situation maîtrisée
111.75,208.3,0.0,SAFE,3,moteur:physique,Situation maîtrisée
111.80,208.3,0.0,SAFE,3,moteur:physique,Situation maîtrisée
111.85,208.3,0.0,SAFE,3,moteur:physique,Situation maîtrisée
111.90,208.3,0.0,SAFE,3,moteur:physique,Situation maîtrisée
111.95,208.3,0.0,SAFE,3,moteur:physique,Situation maîtrisée
112.00,208.3,0.0,SAFE,3,moteur:physique,Situation maîtrisée
112.05,208.3,0.0,SAFE,3,moteur:physique,Situation maîtrisée
112.10,208.3,0.0,SAFE,3,moteur:physique,Situation maîtrisée
112.15,208.3,0.0,SAFE,3,moteur:physique,Situation maîtrisée
112.20,208.3,0.0,SAFE,3,moteur:physique,Situation maîtrisée
112.25,208.3,0.0,SAFE,3,moteur:physique,Situation maîtrisée
112.30,208.3,0.0,SAFE,3,moteur:physique,Situation maîtrisée
112.35,208.3,0.0,SAFE,3,moteur:physique,Situation maîtrisée
112.40,208.3,0.0,SAFE,3,moteur:physique,Situation maîtrisée
112.45,208.3,0.0,SAFE,3,moteur:physique,Situation maîtrisée
112.50,208.3,0.0,SAFE,3,moteur:physique,Situation maîtrisée
112.55,208.3,0.0,SAFE,3,moteur:physique,Situation maîtrisée
112.60,208.3,0.0,SAFE,3,moteur:physique,Situation maîtrisée
112.65,208.3,0.0,SAFE,3,moteur:physique,Situation maîtrisée
112.70,208.3,0.0,SAFE,3,moteur:physique,Situation maîtrisée
112.75,208.3,0.0,SAFE,3,moteur:physique,Situation maîtrisée
112.80,208.3,0.0,SAFE,3,moteur:physique,Situation maîtrisée
112.85,208.3,0.0,SAFE,3,moteur:physique,Situation maîtrisée
112.90,208.3,0.0,SAFE,3,moteur:physique,Situation maîtrisée
112.95,208.3,0.0,SAFE,3,moteur:physique,Situation maîtrisée
113.00,208.3,0.0,SAFE,3,moteur:physique,Situation maîtrisée
113.05,208.3,0.0,SAFE,3,moteur:physique,Situation maîtrisée
113.10,208.3,0.0,SAFE,3,,Situation maîtrisée
113.15,208.3,0.0,SAFE,3,moteur:physique,Situation maîtrisée
113.20,208.3,0.0,SAFE,3,moteur:physique,Situation maîtrisée
113.25,208.3,0.0,SAFE,3,moteur:physique,Situation maîtrisée
113.30,208.3,0.0,SAFE,3,moteur:physique,Situation maîtrisée
113.35,208.3,0.0,SAFE,3,moteur:physique,Situation maîtrisée
113.40,208.3,0.0,SAFE,3,moteur:physique,Situation maîtrisée
113.45,208.3,0.0,SAFE,3,moteur:physique,Situation maîtrisée
113.50,208.3,0.0,SAFE,3,moteur:physique,Situation maîtrisée
113.55,208.3,0.0,SAFE,3,moteur:physique,Situation maîtrisée
113.60,208.3,0.0,SAFE,3,moteur:physique,Situation maîtrisée
113.65,208.3,0.0,SAFE,3,moteur:physique,Situation maîtrisée
113.70,208.3,0.0,SAFE,3,moteur:physique,Situation maîtrisée
113.75,208.3,0.0,SAFE,3,moteur:physique,Situation maîtrisée
113.80,208.3,0.0,SAFE,3,moteur:physique,Situation maîtrisée
113.85,208.3,0.0,SAFE,3,moteur:physique,Situation maîtrisée
113.90,208.3,0.0,SAFE,3,moteur:physique,Situation maîtrisée
113.95,208.3,0.0,SAFE,3,moteur:physique,Situation maîtrisée
114.00,208.3,0.0,SAFE,3,moteur:physique,Situation maîtrisée
114.05,208.3,0.0,SAFE,3,moteur:physique,Situation maîtrisée
114.10,208.3,0.0,SAFE,3,moteur:physique,Situation maîtrisée
114.15,208.3,0.0,SAFE,3,moteur:physique,Situation maîtrisée
114.20,208.3,0.0,SAFE,3,moteur:physique,Situation maîtrisée
114.25,208.3,0.0,SAFE,3,moteur:physique,Situation maîtrisée
114.30,208.3,0.0,SAFE,3,moteur:physique,Situation maîtrisée
114.35,208.3,0.0,SAFE,3,moteur:physique,Situation maîtrisée
114.40,208.3,0.0,SAFE,3,moteur:physique,Situation maîtrisée
114.45,208.3,0.0,SAFE,3,moteur:physique,Situation maîtrisée
114.50,208.3,0.0,SAFE,3,moteur:physique,Situation maîtrisée
114.55,208.3,0.0,SAFE,3,moteur:physique,Situation maîtrisée
114.60,208.3,0.0,SAFE,3,moteur:physique,Situation maîtrisée
114.65,208.3,0.0,SAFE,3,moteur:physique,Situation maîtrisée
114.70,208.3,0.0,SAFE,3,moteur:physique,Situation maîtrisée
