t,distance_parcourue_m,vitesse_kmh,niveau,n_agents_percus,raison_arret,recommandation
0.05,0.1,5.3,SAFE,3,,Situation maîtrisée
0.10,0.2,7.1,SAFE,3,,Situation maîtrisée
0.15,0.3,8.8,SAFE,3,,Situation maîtrisée
0.20,0.4,10.6,SAFE,3,,Situation maîtrisée
0.25,0.6,12.3,SAFE,3,,Situation maîtrisée
0.30,0.7,14.1,SAFE,3,,Situation maîtrisée
0.35,1.0,15.9,SAFE,3,,Situation maîtrisée
0.40,1.2,17.6,SAFE,3,,Situation maîtrisée
0.45,1.5,19.4,SAFE,3,,Situation maîtrisée
0.50,1.7,21.2,SAFE,3,,Situation maîtrisée
0.55,2.0,22.9,SAFE,3,,Situation maîtrisée
0.60,2.3,16.0,SAFE,3,,Situation maîtrisée
0.65,2.4,0.6,SAFE,3,,Situation maîtrisée
0.70,2.4,0.9,SAFE,3,,Situation maîtrisée
0.75,2.4,0.9,SAFE,3,,Situation maîtrisée
0.80,2.4,0.8,SAFE,3,,Situation maîtrisée
0.85,2.4,3.4,SAFE,3,,Situation maîtrisée
0.90,2.5,5.4,SAFE,3,,Situation maîtrisée
0.95,2.6,7.1,SAFE,3,,Situation maîtrisée
1.00,2.7,8.2,SAFE,3,,Situation maîtrisée
1.05,2.8,9.3,SAFE,3,,Situation maîtrisée
1.10,3.0,10.2,SAFE,3,,Situation maîtrisée
1.15,3.1,11.1,SAFE,3,,Situation maîtrisée
1.20,3.3,11.8,SAFE,3,,Situation maîtrisée
1.25,3.4,12.6,SAFE,3,,Situation maîtrisée
1.30,3.6,13.3,SAFE,3,,Situation maîtrisée
1.35,3.8,13.9,SAFE,3,,Situation maîtrisée
1.40,4.0,14.4,SAFE,3,,Situation maîtrisée
1.45,4.2,14.9,SAFE,3,,Situation maîtrisée
1.50,4.4,15.4,SAFE,3,,Situation maîtrisée
1.55,4.6,15.8,SAFE,4,,Situation maîtrisée
1.60,4.9,16.2,SAFE,4,,Situation maîtrisée
1.65,5.1,16.6,SAFE,4,,Situation maîtrisée
1.70,5.3,16.9,SAFE,4,,Situation maîtrisée
1.75,5.6,17.2,SAFE,4,,Situation maîtrisée
1.80,5.8,17.5,SAFE,4,,Situation maîtrisée
1.85,6.0,17.7,SAFE,4,,Situation maîtrisée
1.90,6.3,17.9,SAFE,4,,Situation maîtrisée
1.95,6.5,18.2,SAFE,4,,Situation maîtrisée
2.00,6.8,18.1,SAFE,4,,Situation maîtrisée
2.05,7.0,18.3,SAFE,4,,Situation maîtrisée
2.10,7.3,17.9,SAFE,4,,Situation maîtrisée
2.15,7.5,18.3,SAFE,4,,Situation maîtrisée
2.20,7.8,17.9,SAFE,4,,Situation maîtrisée
2.25,8.1,18.4,SAFE,4,,Situation maîtrisée
2.30,8.3,18.0,SAFE,4,,Situation maîtrisée
2.35,8.6,18.5,SAFE,4,,Situation maîtrisée
2.40,8.8,18.3,SAFE,4,,Situation maîtrisée
2.45,9.1,18.2,SAFE,4,,Situation maîtrisée
2.50,9.3,18.0,SAFE,4,,Situation maîtrisée
2.55,9.6,18.6,SAFE,4,,Situation maîtrisée
2.60,9.8,18.6,SAFE,4,,Situation maîtrisée
2.65,10.1,18.5,SAFE,4,,Situation maîtrisée
2.70,10.3,18.3,SAFE,4,,Situation maîtrisée
2.75,10.6,18.4,SAFE,4,,Situation maîtrisée
2.80,10.9,18.2,SAFE,4,,Situation maîtrisée
2.85,11.1,18.3,SAFE,4,,Situation maîtrisée
2.90,11.4,18.2,SAFE,4,,Situation maîtrisée
2.95,11.6,18.3,SAFE,4,,Situation maîtrisée
3.00,11.9,18.2,SAFE,4,,Situation maîtrisée
3.05,12.1,18.4,SAFE,4,,Situation maîtrisée
3.10,12.4,18.3,SAFE,4,,Situation maîtrisée
3.15,12.6,18.4,SAFE,4,,Situation maîtrisée
3.20,12.9,18.4,SAFE,4,,Situation maîtrisée
3.25,13.1,18.5,SAFE,4,,Situation maîtrisée
3.30,13.4,18.5,SAFE,3,,Situation maîtrisée
3.35,13.7,18.6,SAFE,3,,Situation maîtrisée
3.40,13.9,18.5,SAFE,3,,Situation maîtrisée
3.45,14.2,18.7,SAFE,3,,Situation maîtrisée
3.50,14.4,18.6,SAFE,3,,Situation maîtrisée
3.55,14.7,18.7,SAFE,3,,Situation maîtrisée
3.60,15.0,18.7,SAFE,3,,Situation maîtrisée
3.65,15.2,18.8,SAFE,3,,Situation maîtrisée
3.70,15.5,18.7,SAFE,3,,Situation maîtrisée
3.75,15.7,18.8,SAFE,3,,Situation maîtrisée
3.80,16.0,18.8,SAFE,3,,Situation maîtrisée
3.85,16.3,18.9,SAFE,3,,Situation maîtrisée
3.90,16.5,18.8,SAFE,3,,Situation maîtrisée
3.95,16.8,18.9,SAFE,3,,Situation maîtrisée
4.00,17.0,18.9,SAFE,3,,Situation maîtrisée
4.05,17.3,19.0,SAFE,3,,Situation maîtrisée
4.10,17.6,18.9,SAFE,3,,Situation maîtrisée
4.15,17.8,19.0,SAFE,3,,Situation maîtrisée
4.20,18.1,19.0,SAFE,3,,Situation maîtrisée
4.25,18.4,19.1,SAFE,3,,Situation maîtrisée
4.30,18.6,19.0,SAFE,3,,Situation maîtrisée
4.35,18.9,19.1,SAFE,3,,Situation maîtrisée
4.40,19.2,19.0,SAFE,3,,Situation maîtrisée
4.45,19.4,19.1,SAFE,3,,Situation maîtrisée
4.50,19.7,19.0,SAFE,3,,Situation maîtrisée
4.55,19.9,19.1,SAFE,3,,Situation maîtrisée
4.60,20.2,19.1,SAFE,3,,Situation maîtrisée
4.65,20.5,19.2,SAFE,3,,Situation maîtrisée
4.70,20.7,19.1,SAFE,3,,Situation maîtrisée
4.75,21.0,19.2,SAFE,3,,Situation maîtrisée
4.80,21.3,19.1,SAFE,3,,Situation maîtrisée
4.85,21.5,19.2,SAFE,3,,Situation maîtrisée
4.90,21.8,19.2,SAFE,3,,Situation maîtrisée
4.95,22.1,19.2,SAFE,3,,Situation maîtrisée
5.00,22.3,19.2,SAFE,3,,Situation maîtrisée
5.05,22.6,19.3,SAFE,3,,Situation maîtrisée
5.10,22.9,19.2,WATCH,3,moteur:proportionnel,Ralentissez de 1 km/h  (19 -> 18 km/h)
5.15,23.1,19.2,WATCH,3,moteur:proportionnel,Ralentissez de 3 km/h  (19 -> 16 km/h)
5.20,23.4,18.9,WATCH,3,moteur:proportionnel,Ralentissez de 4 km/h  (19 -> 14 km/h)
5.25,23.7,18.7,WATCH,3,moteur:proportionnel,Ralentissez de 6 km/h  (19 -> 13 km/h)
5.30,23.9,18.2,WATCH,3,moteur:physique,Ralentissez de 7 km/h  (18 -> 12 km/h)
5.35,24.2,18.0,SAFE,2,moteur:physique,Situation maîtrisée
5.40,24.4,17.8,SAFE,2,moteur:physique,Situation maîtrisée
5.45,24.7,17.5,SAFE,2,moteur:physique,Situation maîtrisée
5.50,24.9,17.2,SAFE,2,moteur:physique,Situation maîtrisée
5.55,25.1,16.8,SAFE,2,moteur:physique,Situation maîtrisée
5.60,25.4,16.5,SAFE,2,moteur:physique,Situation maîtrisée
5.65,25.6,16.1,SAFE,2,moteur:physique,Situation maîtrisée
5.70,25.8,15.7,SAFE,2,moteur:physique,Situation maîtrisée
5.75,26.0,15.4,SAFE,2,moteur:physique,Situation maîtrisée
5.80,26.2,15.0,SAFE,2,moteur:physique,Situation maîtrisée
5.85,26.4,14.7,SAFE,2,moteur:physique,Situation maîtrisée
5.90,26.6,14.4,SAFE,2,moteur:physique,Situation maîtrisée
5.95,26.8,14.1,SAFE,2,,Situation maîtrisée
6.00,27.0,13.8,SAFE,2,,Situation maîtrisée
6.05,27.2,13.7,SAFE,2,,Situation maîtrisée
6.10,27.4,13.9,SAFE,2,,Situation maîtrisée
6.15,27.6,14.2,SAFE,2,moteur:physique,Situation maîtrisée
6.20,27.8,14.5,SAFE,2,moteur:physique,Situation maîtrisée
6.25,28.0,14.5,SAFE,2,moteur:physique,Situation maîtrisée
6.30,28.2,14.4,SAFE,2,moteur:physique,Situation maîtrisée
6.35,28.4,14.2,SAFE,2,moteur:physique,Situation maîtrisée
6.40,28.6,14.0,SAFE,2,moteur:physique,Situation maîtrisée
6.45,28.8,13.7,SAFE,2,,Situation maîtrisée
6.50,29.0,13.5,SAFE,2,,Situation maîtrisée
6.55,29.2,13.4,SAFE,2,,Situation maîtrisée
6.60,29.4,13.6,SAFE,2,,Situation maîtrisée
6.65,29.6,13.9,SAFE,2,,Situation maîtrisée
6.70,29.8,14.3,SAFE,2,moteur:physique,Situation maîtrisée
6.75,30.0,14.7,SAFE,2,moteur:physique,Situation maîtrisée
6.80,30.2,14.8,SAFE,2,moteur:physique,Situation maîtrisée
6.85,30.4,14.7,SAFE,2,,Situation maîtrisée
6.90,30.6,14.5,SAFE,2,,Situation maîtrisée
6.95,30.8,14.5,SAFE,2,,Situation maîtrisée
7.00,31.0,14.7,SAFE,2,,Situation maîtrisée
7.05,31.2,15.0,SAFE,2,,Situation maîtrisée
7.10,31.4,15.4,SAFE,2,,Situation maîtrisée
7.15,31.6,15.7,SAFE,2,moteur:physique,Situation maîtrisée
7.20,31.8,16.0,SAFE,2,moteur:physique,Situation maîtrisée
7.25,32.0,16.1,SAFE,2,moteur:physique,Situation maîtrisée
7.30,32.3,16.0,SAFE,2,moteur:physique,Situation maîtrisée
7.35,32.5,15.8,SAFE,2,,Situation maîtrisée
7.40,32.7,15.5,SAFE,2,,Situation maîtrisée
7.45,32.9,15.5,SAFE,2,,Situation maîtrisée
7.50,33.1,15.6,SAFE,2,,Situation maîtrisée
7.55,33.4,15.9,SAFE,2,,Situation maîtrisée
7.60,33.6,16.2,SAFE,2,moteur:physique,Situation maîtrisée
7.65,33.8,16.4,SAFE,2,moteur:physique,Situation maîtrisée
7.70,34.0,16.4,SAFE,2,moteur:physique,Situation maîtrisée
7.75,34.3,16.3,SAFE,2,moteur:physique,Situation maîtrisée
7.80,34.5,16.0,SAFE,2,,Situation maîtrisée
7.85,34.7,15.8,SAFE,2,,Situation maîtrisée
7.90,34.9,15.7,SAFE,2,,Situation maîtrisée
7.95,35.1,15.9,SAFE,2,,Situation maîtrisée
8.00,35.4,16.1,SAFE,2,,Situation maîtrisée
8.05,35.6,16.4,SAFE,2,,Situation maîtrisée
8.10,35.8,16.7,SAFE,2,moteur:physique,Situation maîtrisée
8.15,36.1,17.0,SAFE,2,moteur:physique,Situation maîtrisée
8.20,36.3,17.0,SAFE,2,moteur:physique,Situation maîtrisée
8.25,36.5,16.8,SAFE,2,moteur:physique,Situation maîtrisée
8.30,36.8,16.6,SAFE,2,moteur:physique,Situation maîtrisée
8.35,37.0,16.3,SAFE,2,moteur:physique,Situation maîtrisée
8.40,37.2,16.0,SAFE,2,,Situation maîtrisée
8.45,37.4,15.7,SAFE,2,,Situation maîtrisée
8.50,37.6,15.7,SAFE,2,,Situation maîtrisée
8.55,37.9,15.8,SAFE,2,,Situation maîtrisée
8.60,38.1,16.0,SAFE,2,moteur:physique,Situation maîtrisée
8.65,38.3,16.2,SAFE,2,moteur:physique,Situation maîtrisée
8.70,38.5,16.2,SAFE,2,moteur:physique,Situation maîtrisée
8.75,38.8,16.1,SAFE,2,,Situation maîtrisée
8.80,39.0,15.9,SAFE,2,,Situation maîtrisée
8.85,39.2,15.9,SAFE,2,,Situation maîtrisée
8.90,39.4,16.0,SAFE,2,,Situation maîtrisée
8.95,39.6,16.3,SAFE,2,,Situation maîtrisée
9.00,39.9,16.6,SAFE,2,,Situation maîtrisée
9.05,40.1,16.9,SAFE,3,,Situation maîtrisée
9.10,40.3,17.2,SAFE,3,,Situation maîtrisée
9.15,40.6,17.5,SAFE,3,moteur:physique,Situation maîtrisée
9.20,40.8,17.7,SAFE,3,moteur:physique,Situation maîtrisée
9.25,41.1,17.7,SAFE,3,moteur:physique,Situation maîtrisée
9.30,41.3,17.6,SAFE,3,,Situation maîtrisée
9.35,41.6,17.4,SAFE,3,,Situation maîtrisée
9.40,41.8,17.3,SAFE,3,,Situation maîtrisée
9.45,42.0,17.4,SAFE,3,,Situation maîtrisée
9.50,42.3,17.6,SAFE,3,,Situation maîtrisée
9.55,42.5,17.8,SAFE,3,,Situation maîtrisée
9.60,42.8,18.0,SAFE,3,,Situation maîtrisée
9.65,43.0,18.3,DANGER,3,moteur:physique,Vigilance — situation à la limite
9.70,43.3,17.2,DANGER,4,moteur:proportionnel,Ralentissez de 10 km/h  (17 -> 7 km/h)
9.75,43.5,14.7,CRITICAL,4,moteur:proportionnel,FREINEZ de 11 km/h  (15 -> 4 km/h)
9.80,43.7,11.8,CRITICAL,5,moteur:proportionnel,FREINEZ de 8 km/h  (12 -> 4 km/h)
9.85,43.8,8.9,CRITICAL,5,moteur:proportionnel,FREINEZ de 6 km/h  (9 -> 3 km/h)
9.90,43.9,5.6,CRITICAL,5,moteur:proportionnel,FREINEZ de 2 km/h  (6 -> 3 km/h)
9.95,44.0,0.9,SAFE,5,,Situation maîtrisée
10.00,44.0,0.0,SAFE,5,,Situation maîtrisée
10.05,44.0,0.0,SAFE,5,,Situation maîtrisée
10.10,44.0,1.0,SAFE,5,,Situation maîtrisée
10.15,44.0,1.8,SAFE,5,,Situation maîtrisée
10.20,44.0,2.4,SAFE,5,,Situation maîtrisée
10.25,44.1,3.3,WATCH,5,moteur:proportionnel,Vigilance — situation à la limite
10.30,44.1,0.0,SAFE,5,,Situation maîtrisée
10.35,44.1,0.7,SAFE,4,,Situation maîtrisée
10.40,44.1,1.7,SAFE,4,,Situation maîtrisée
10.45,44.1,2.5,SAFE,4,,Situation maîtrisée
10.50,44.2,3.2,WATCH,4,moteur:proportionnel,Vigilance — situation à la limite
10.55,44.2,0.0,SAFE,4,,Situation maîtrisée
10.60,44.2,0.8,SAFE,4,,Situation maîtrisée
10.65,44.2,1.7,SAFE,4,,Situation maîtrisée
10.70,44.2,2.5,SAFE,4,,Situation maîtrisée
10.75,44.3,3.3,WATCH,4,moteur:proportionnel,Vigilance — situation à la limite
10.80,44.3,0.0,SAFE,4,,Situation maîtrisée
10.85,44.3,0.6,SAFE,4,,Situation maîtrisée
10.90,44.3,1.5,SAFE,4,,Situation maîtrisée
10.95,44.4,2.3,SAFE,4,,Situation maîtrisée
11.00,44.4,3.3,WATCH,4,moteur:proportionnel,Vigilance — situation à la limite
11.05,44.4,0.0,SAFE,4,,Situation maîtrisée
11.10,44.4,0.7,SAFE,4,,Situation maîtrisée
11.15,44.4,1.7,SAFE,4,,Situation maîtrisée
11.20,44.5,2.4,SAFE,4,,Situation maîtrisée
11.25,44.5,3.2,SAFE,4,,Situation maîtrisée
11.30,44.6,4.1,WATCH,4,moteur:proportionnel,Vigilance — situation à la limite
11.35,44.6,1.4,SAFE,4,,Situation maîtrisée
11.40,44.6,0.8,SAFE,4,,Situation maîtrisée
11.45,44.6,1.7,SAFE,4,,Situation maîtrisée
11.50,44.7,2.6,SAFE,4,,Situation maîtrisée
11.55,44.7,3.5,WATCH,4,moteur:proportionnel,Vigilance — situation à la limite
11.60,44.7,0.5,SAFE,4,,Situation maîtrisée
11.65,44.7,0.7,SAFE,4,,Situation maîtrisée
11.70,44.8,1.7,SAFE,5,,Situation maîtrisée
11.75,44.8,2.5,SAFE,5,,Situation maîtrisée
11.80,44.8,3.4,SAFE,5,,Situation maîtrisée
11.85,44.9,4.2,WATCH,5,moteur:proportionnel,Vigilance — situation à la limite
11.90,44.9,0.8,SAFE,5,,Situation maîtrisée
11.95,44.9,0.7,SAFE,5,,Situation maîtrisée
12.00,44.9,1.9,SAFE,5,,Situation maîtrisée
12.05,45.0,2.8,SAFE,5,,Situation maîtrisée
12.10,45.0,3.7,SAFE,5,,Situation maîtrisée
12.15,45.1,4.4,SAFE,5,,Situation maîtrisée
12.20,45.1,5.2,WATCH,5,moteur:proportionnel,Vigilance — situation à la limite
12.25,45.2,5.8,WATCH,5,moteur:proportionnel,Ralentissez de 1 km/h  (6 -> 5 km/h)
12.30,45.3,6.3,WATCH,6,moteur:proportionnel,Ralentissez de 2 km/h  (6 -> 5 km/h)
12.35,45.4,6.2,WATCH,6,moteur:proportionnel,Ralentissez de 1 km/h  (6 -> 5 km/h)
12.40,45.5,6.3,WATCH,6,moteur:proportionnel,Ralentissez de 1 km/h  (6 -> 5 km/h)
12.45,45.6,5.5,WATCH,6,moteur:proportionnel,Vigilance — situation à la limite
12.50,45.6,1.1,SAFE,6,,Situation maîtrisée
12.55,45.6,0.7,SAFE,6,,Situation maîtrisée
12.60,45.6,1.2,SAFE,6,,Situation maîtrisée
12.65,45.6,1.8,SAFE,6,,Situation maîtrisée
12.70,45.7,2.5,SAFE,6,,Situation maîtrisée
12.75,45.7,3.2,SAFE,6,,Situation maîtrisée
12.80,45.8,3.8,SAFE,6,,Situation maîtrisée
12.85,45.8,4.7,SAFE,6,,Situation maîtrisée
12.90,45.9,5.5,SAFE,6,,Situation maîtrisée
12.95,46.0,6.4,SAFE,6,,Situation maîtrisée
13.00,46.1,7.3,SAFE,6,,Situation maîtrisée
13.05,46.2,8.1,SAFE,6,,Situation maîtrisée
13.10,46.3,8.9,SAFE,6,,Situation maîtrisée
13.15,46.4,9.8,SAFE,6,,Situation maîtrisée
13.20,46.6,10.6,SAFE,7,,Situation maîtrisée
13.25,46.7,11.4,SAFE,7,,Situation maîtrisée
13.30,46.9,12.2,SAFE,7,,Situation maîtrisée
13.35,47.1,13.0,SAFE,7,,Situation maîtrisée
13.40,47.3,13.7,SAFE,7,,Situation maîtrisée
13.45,47.5,14.3,SAFE,7,,Situation maîtrisée
13.50,47.7,14.9,SAFE,7,,Situation maîtrisée
13.55,47.9,15.4,SAFE,7,,Situation maîtrisée
13.60,48.1,15.9,SAFE,7,,Situation maîtrisée
13.65,48.3,16.4,SAFE,7,,Situation maîtrisée
13.70,48.5,16.8,SAFE,7,,Situation maîtrisée
13.75,48.8,17.1,SAFE,7,,Situation maîtrisée
13.80,49.0,17.5,SAFE,7,,Situation maîtrisée
13.85,49.3,17.8,SAFE,7,,Situation maîtrisée
13.90,49.5,18.1,SAFE,7,,Situation maîtrisée
13.95,49.8,18.4,SAFE,7,,Situation maîtrisée
14.00,50.0,18.1,SAFE,7,,Situation maîtrisée
14.05,50.3,18.2,SAFE,7,,Situation maîtrisée
14.10,50.5,18.2,SAFE,7,,Situation maîtrisée
14.15,50.8,18.2,SAFE,7,,Situation maîtrisée
14.20,51.0,18.0,SAFE,7,,Situation maîtrisée
14.25,51.3,18.6,SAFE,7,,Situation maîtrisée
14.30,51.5,18.5,SAFE,7,,Situation maîtrisée
14.35,51.8,18.5,SAFE,8,,Situation maîtrisée
14.40,52.1,18.4,SAFE,8,,Situation maîtrisée
14.45,52.3,18.5,SAFE,8,,Situation maîtrisée
14.50,52.6,18.5,SAFE,8,,Situation maîtrisée
14.55,52.8,18.6,SAFE,8,,Situation maîtrisée
14.60,53.1,18.6,SAFE,8,,Situation maîtrisée
14.65,53.3,18.7,SAFE,8,,Situation maîtrisée
14.70,53.6,18.7,SAFE,8,,Situation maîtrisée
14.75,53.9,18.9,SAFE,8,,Situation maîtrisée
14.80,54.1,18.9,SAFE,9,,Situation maîtrisée
14.85,54.4,19.1,SAFE,9,,Situation maîtrisée
14.90,54.7,19.1,SAFE,9,,Situation maîtrisée
14.95,54.9,19.2,SAFE,9,,Situation maîtrisée
15.00,55.2,19.2,SAFE,9,,Situation maîtrisée
15.05,55.5,19.4,SAFE,10,,Situation maîtrisée
15.10,55.7,19.4,SAFE,10,,Situation maîtrisée
15.15,56.0,19.5,SAFE,10,,Situation maîtrisée
15.20,56.3,19.5,SAFE,10,,Situation maîtrisée
15.25,56.5,19.6,SAFE,10,,Situation maîtrisée
15.30,56.8,19.6,SAFE,10,,Situation maîtrisée
15.35,57.1,19.7,SAFE,10,,Situation maîtrisée
15.40,57.4,19.7,SAFE,10,,Situation maîtrisée
15.45,57.6,19.8,SAFE,10,,Situation maîtrisée
15.50,57.9,19.8,SAFE,11,,Situation maîtrisée
15.55,58.2,19.9,SAFE,11,,Situation maîtrisée
15.60,58.5,19.8,SAFE,10,,Situation maîtrisée
15.65,58.7,20.0,SAFE,10,,Situation maîtrisée
15.70,59.0,19.9,SAFE,10,,Situation maîtrisée
15.75,59.3,20.0,SAFE,10,,Situation maîtrisée
15.80,59.6,19.9,SAFE,10,,Situation maîtrisée
15.85,59.8,20.0,SAFE,10,,Situation maîtrisée
15.90,60.1,20.0,SAFE,10,,Situation maîtrisée
15.95,60.4,20.1,SAFE,10,,Situation maîtrisée
16.00,60.7,20.0,SAFE,10,,Situation maîtrisée
16.05,61.0,20.1,SAFE,10,,Situation maîtrisée
16.10,61.2,20.0,SAFE,10,,Situation maîtrisée
16.15,61.5,20.1,SAFE,10,,Situation maîtrisée
16.20,61.8,20.1,SAFE,10,,Situation maîtrisée
16.25,62.1,20.2,CRITICAL,10,moteur:proportionnel,FREINEZ de 20 km/h  (20 -> 0 km/h)
16.30,62.4,20.0,CRITICAL,10,moteur:proportionnel,FREINEZ de 20 km/h  (20 -> 0 km/h)
16.35,62.6,19.8,CRITICAL,10,moteur:proportionnel,FREINEZ de 20 km/h  (20 -> 0 km/h)
16.40,62.9,19.3,CRITICAL,10,moteur:proportionnel,FREINEZ de 19 km/h  (19 -> 0 km/h)
16.45,63.1,15.5,CRITICAL,10,moteur:proportionnel,FREINEZ de 15 km/h  (15 -> 0 km/h)
16.50,63.3,10.7,SAFE,10,,Situation maîtrisée
16.55,63.4,6.0,SAFE,10,,Situation maîtrisée
16.60,63.5,2.5,SAFE,10,,Situation maîtrisée
16.65,63.5,3.7,SAFE,10,,Situation maîtrisée
16.70,63.6,4.8,SAFE,9,,Situation maîtrisée
16.75,63.7,5.9,SAFE,9,,Situation maîtrisée
16.80,63.7,6.7,SAFE,9,,Situation maîtrisée
16.85,63.9,7.8,SAFE,9,,Situation maîtrisée
16.90,64.0,8.6,SAFE,10,,Situation maîtrisée
16.95,64.1,9.4,SAFE,10,,Situation maîtrisée
17.00,64.2,10.3,SAFE,10,,Situation maîtrisée
17.05,64.4,11.2,SAFE,10,,Situation maîtrisée
17.10,64.5,12.0,SAFE,10,,Situation maîtrisée
17.15,64.7,12.7,CRITICAL,10,moteur:proportionnel,FREINEZ de 13 km/h  (13 -> 0 km/h)
17.20,64.9,13.2,WATCH,10,moteur:proportionnel,Ralentissez de 7 km/h  (13 -> 7 km/h)
17.25,65.1,13.4,WATCH,10,moteur:proportionnel,Ralentissez de 7 km/h  (13 -> 7 km/h)
17.30,65.3,13.3,WATCH,10,moteur:proportionnel,Ralentissez de 6 km/h  (13 -> 7 km/h)
17.35,65.5,13.1,WATCH,10,moteur:proportionnel,Ralentissez de 6 km/h  (13 -> 7 km/h)
17.40,65.6,12.8,WATCH,10,moteur:proportionnel,Ralentissez de 6 km/h  (13 -> 7 km/h)
17.45,65.8,12.5,WATCH,10,moteur:proportionnel,Ralentissez de 5 km/h  (12 -> 7 km/h)
17.50,66.0,12.2,WATCH,10,moteur:proportionnel,Ralentissez de 5 km/h  (12 -> 8 km/h)
17.55,66.1,11.8,WATCH,10,moteur:proportionnel,Ralentissez de 4 km/h  (12 -> 8 km/h)
17.60,66.3,11.4,WATCH,10,moteur:proportionnel,Ralentissez de 4 km/h  (11 -> 8 km/h)
17.65,66.5,11.1,SAFE,10,,Situation maîtrisée
17.70,66.6,10.9,SAFE,10,,Situation maîtrisée
17.75,66.8,10.9,SAFE,10,,Situation maîtrisée
17.80,66.9,11.1,WATCH,10,moteur:proportionnel,Ralentissez de 3 km/h  (11 -> 8 km/h)
17.85,67.1,11.4,WATCH,10,moteur:proportionnel,Ralentissez de 3 km/h  (11 -> 9 km/h)
17.90,67.2,11.5,WATCH,10,moteur:proportionnel,Ralentissez de 3 km/h  (11 -> 9 km/h)
17.95,67.4,11.3,WATCH,10,moteur:proportionnel,Ralentissez de 2 km/h  (11 -> 9 km/h)
18.00,67.5,11.1,WATCH,10,moteur:proportionnel,Ralentissez de 2 km/h  (11 -> 9 km/h)
18.05,67.7,10.8,WATCH,10,moteur:proportionnel,Ralentissez de 2 km/h  (11 -> 9 km/h)
18.10,67.8,10.5,WATCH,10,moteur:proportionnel,Ralentissez de 1 km/h  (11 -> 9 km/h)
18.15,68.0,10.2,WATCH,10,moteur:proportionnel,Vigilance — situation à la limite
18.20,68.1,9.9,WATCH,10,moteur:proportionnel,Vigilance — situation à la limite
18.25,68.3,9.6,WATCH,10,moteur:proportionnel,Vigilance — situation à la limite
18.30,68.4,9.3,SAFE,10,,Situation maîtrisée
18.35,68.5,9.1,SAFE,10,,Situation maîtrisée
18.40,68.6,9.1,SAFE,10,,Situation maîtrisée
18.45,68.8,9.3,WATCH,10,moteur:proportionnel,Vigilance — situation à la limite
18.50,68.9,9.7,WATCH,10,moteur:proportionnel,Vigilance — situation à la limite
18.55,69.0,9.8,WATCH,10,moteur:proportionnel,Vigilance — situation à la limite
18.60,69.2,9.7,WATCH,10,moteur:proportionnel,Vigilance — situation à la limite
18.65,69.3,9.6,WATCH,10,moteur:proportionnel,Vigilance — situation à la limite
18.70,69.4,9.3,WATCH,10,moteur:proportionnel,Vigilance — situation à la limite
18.75,69.6,9.1,WATCH,10,moteur:proportionnel,Vigilance — situation à la limite
18.80,69.7,8.8,WATCH,10,moteur:proportionnel,Vigilance — situation à la limite
18.85,69.8,8.5,WATCH,10,moteur:proportionnel,Vigilance — situation à la limite
18.90,69.9,8.2,SAFE,10,,Situation maîtrisée
18.95,70.0,8.0,SAFE,10,feu_rouge_devant,Situation maîtrisée
19.00,70.1,7.8,SAFE,10,feu_rouge_devant,Situation maîtrisée
19.05,70.3,7.5,SAFE,10,feu_rouge_devant,Situation maîtrisée
19.10,70.3,5.4,SAFE,10,feu_rouge_devant,Situation maîtrisée
19.15,70.4,0.7,SAFE,10,feu_rouge_devant,Situation maîtrisée
19.20,70.4,0.0,SAFE,10,feu_rouge_devant,Situation maîtrisée
19.25,70.4,0.0,SAFE,10,feu_rouge_devant,Situation maîtrisée
19.30,70.4,0.0,SAFE,10,feu_rouge_devant,Situation maîtrisée
19.35,70.4,0.0,SAFE,10,feu_rouge_devant,Situation maîtrisée
19.40,70.4,0.0,SAFE,10,feu_rouge_devant,Situation maîtrisée
19.45,70.4,0.0,SAFE,10,feu_rouge_devant,Situation maîtrisée
19.50,70.4,0.0,SAFE,10,feu_rouge_devant,Situation maîtrisée
19.55,70.4,0.0,SAFE,10,feu_rouge_devant,Situation maîtrisée
19.60,70.4,0.0,SAFE,10,feu_rouge_devant,Situation maîtrisée
19.65,70.4,0.0,SAFE,10,feu_rouge_devant,Situation maîtrisée
19.70,70.4,0.0,SAFE,10,feu_rouge_devant,Situation maîtrisée
19.75,70.4,0.0,SAFE,10,feu_rouge_devant,Situation maîtrisée
19.80,70.4,0.0,SAFE,10,feu_rouge_devant,Situation maîtrisée
19.85,70.4,0.0,SAFE,10,feu_rouge_devant,Situation maîtrisée
19.90,70.4,0.0,SAFE,10,feu_rouge_devant,Situation maîtrisée
19.95,70.4,0.0,CRITICAL,10,feu_rouge_devant,Vigilance — situation à la limite
20.00,70.4,0.0,CRITICAL,10,feu_rouge_devant,Vigilance — situation à la limite
20.05,70.4,0.0,CRITICAL,10,feu_rouge_devant,Vigilance — situation à la limite
20.10,70.4,0.0,CRITICAL,10,feu_rouge_devant,Vigilance — situation à la limite
20.15,70.4,0.0,WATCH,10,feu_rouge_devant,FREINEZ — conflit non évitable par la seule vitesse
20.20,70.4,0.0,SAFE,10,feu_rouge_devant,Situation maîtrisée
20.25,70.4,0.0,SAFE,10,feu_rouge_devant,Situation maîtrisée
20.30,70.4,0.0,SAFE,10,feu_rouge_devant,Situation maîtrisée
20.35,70.4,0.0,SAFE,10,feu_rouge_devant,Situation maîtrisée
20.40,70.4,0.0,SAFE,10,feu_rouge_devant,Situation maîtrisée
20.45,70.4,0.0,SAFE,10,feu_rouge_devant,Situation maîtrisée
20.50,70.4,0.0,SAFE,10,feu_rouge_devant,Situation maîtrisée
20.55,70.4,0.0,SAFE,10,feu_rouge_devant,Situation maîtrisée
20.60,70.4,0.0,SAFE,10,feu_rouge_devant,Situation maîtrisée
20.65,70.4,0.0,SAFE,10,feu_rouge_devant,Situation maîtrisée
20.70,70.4,0.0,SAFE,10,feu_rouge_devant,Situation maîtrisée
20.75,70.4,0.0,SAFE,10,feu_rouge_devant,Situation maîtrisée
20.80,70.4,0.0,SAFE,10,feu_rouge_devant,Situation maîtrisée
20.85,70.4,0.0,SAFE,10,feu_rouge_devant,Situation maîtrisée
20.90,70.4,0.0,SAFE,10,feu_rouge_devant,Situation maîtrisée
20.95,70.4,0.0,SAFE,10,feu_rouge_devant,Situation maîtrisée
21.00,70.4,0.0,SAFE,10,feu_rouge_devant,Situation maîtrisée
21.05,70.4,0.0,SAFE,10,feu_rouge_devant,Situation maîtrisée
21.10,70.4,0.0,SAFE,10,feu_rouge_devant,Situation maîtrisée
21.15,70.4,0.0,SAFE,10,feu_rouge_devant,Situation maîtrisée
21.20,70.4,0.0,SAFE,10,feu_rouge_devant,Situation maîtrisée
21.25,70.4,0.0,SAFE,10,feu_rouge_devant,Situation maîtrisée
21.30,70.4,0.0,SAFE,10,feu_rouge_devant,Situation maîtrisée
21.35,70.4,0.0,SAFE,10,feu_rouge_devant,Situation maîtrisée
21.40,70.4,0.0,SAFE,10,feu_rouge_devant,Situation maîtrisée
21.45,70.4,0.0,SAFE,10,feu_rouge_devant,Situation maîtrisée
21.50,70.4,0.0,SAFE,10,feu_rouge_devant,Situation maîtrisée
21.55,70.4,0.0,SAFE,10,feu_rouge_devant,Situation maîtrisée
21.60,70.4,0.0,SAFE,10,feu_rouge_devant,Situation maîtrisée
21.65,70.4,0.0,SAFE,10,feu_rouge_devant,Situation maîtrisée
21.70,70.4,0.0,SAFE,10,feu_rouge_devant,Situation maîtrisée
21.75,70.4,0.0,SAFE,10,feu_rouge_devant,Situation maîtrisée
21.80,70.4,0.0,SAFE,10,feu_rouge_devant,Situation maîtrisée
21.85,70.4,0.0,SAFE,10,feu_rouge_devant,Situation maîtrisée
21.90,70.4,0.0,SAFE,10,feu_rouge_devant,Situation maîtrisée
21.95,70.4,0.0,SAFE,10,feu_rouge_devant,Situation maîtrisée
22.00,70.4,0.0,SAFE,10,feu_rouge_devant,Situation maîtrisée
22.05,70.4,0.0,SAFE,9,feu_rouge_devant,Situation maîtrisée
22.10,70.4,0.0,SAFE,9,feu_rouge_devant,Situation maîtrisée
22.15,70.4,0.0,SAFE,9,feu_rouge_devant,Situation maîtrisée
22.20,70.4,0.0,SAFE,9,feu_rouge_devant,Situation maîtrisée
22.25,70.4,0.0,SAFE,9,feu_rouge_devant,Situation maîtrisée
22.30,70.4,0.0,SAFE,9,feu_rouge_devant,Situation maîtrisée
22.35,70.4,0.0,SAFE,9,feu_rouge_devant,Situation maîtrisée
22.40,70.4,0.0,SAFE,9,feu_rouge_devant,Situation maîtrisée
22.45,70.4,0.0,SAFE,9,feu_rouge_devant,Situation maîtrisée
22.50,70.4,0.0,SAFE,9,feu_rouge_devant,Situation maîtrisée
22.55,70.4,0.0,SAFE,9,feu_rouge_devant,Situation maîtrisée
22.60,70.4,0.0,SAFE,9,feu_rouge_devant,Situation maîtrisée
22.65,70.4,0.0,SAFE,9,feu_rouge_devant,Situation maîtrisée
22.70,70.4,0.0,SAFE,9,feu_rouge_devant,Situation maîtrisée
22.75,70.4,0.0,SAFE,9,feu_rouge_devant,Situation maîtrisée
22.80,70.4,0.0,SAFE,9,feu_rouge_devant,Situation maîtrisée
22.85,70.4,0.0,SAFE,9,feu_rouge_devant,Situation maîtrisée
22.90,70.4,0.0,SAFE,9,feu_rouge_devant,Situation maîtrisée
22.95,70.4,0.0,SAFE,9,feu_rouge_devant,Situation maîtrisée
23.00,70.4,0.0,SAFE,9,feu_rouge_devant,Situation maîtrisée
23.05,70.4,0.0,SAFE,9,feu_rouge_devant,Situation maîtrisée
23.10,70.4,0.0,SAFE,9,feu_rouge_devant,Situation maîtrisée
23.15,70.4,0.0,SAFE,9,feu_rouge_devant,Situation maîtrisée
23.20,70.4,0.0,SAFE,9,feu_rouge_devant,Situation maîtrisée
23.25,70.4,0.0,SAFE,9,feu_rouge_devant,Situation maîtrisée
23.30,70.4,0.0,SAFE,9,feu_rouge_devant,Situation maîtrisée
23.35,70.4,0.0,SAFE,10,feu_rouge_devant,Situation maîtrisée
23.40,70.4,0.0,SAFE,10,feu_rouge_devant,Situation maîtrisée
23.45,70.4,0.0,SAFE,10,feu_rouge_devant,Situation maîtrisée
23.50,70.4,0.0,SAFE,10,feu_rouge_devant,Situation maîtrisée
23.55,70.4,0.0,SAFE,10,feu_rouge_devant,Situation maîtrisée
23.60,70.4,0.0,SAFE,10,feu_rouge_devant,Situation maîtrisée
23.65,70.4,0.0,SAFE,10,feu_rouge_devant,Situation maîtrisée
23.70,70.4,0.0,SAFE,10,feu_rouge_devant,Situation maîtrisée
23.75,70.4,0.0,SAFE,10,feu_rouge_devant,Situation maîtrisée
23.80,70.4,0.0,SAFE,10,feu_rouge_devant,Situation maîtrisée
23.85,70.4,0.0,SAFE,10,feu_rouge_devant,Situation maîtrisée
23.90,70.4,0.0,SAFE,10,feu_rouge_devant,Situation maîtrisée
23.95,70.4,0.0,SAFE,10,feu_rouge_devant,Situation maîtrisée
24.00,70.4,0.0,SAFE,10,feu_rouge_devant,Situation maîtrisée
24.05,70.4,0.0,SAFE,10,feu_rouge_devant,Situation maîtrisée
24.10,70.4,0.0,SAFE,10,feu_rouge_devant,Situation maîtrisée
24.15,70.4,0.0,SAFE,10,feu_rouge_devant,Situation maîtrisée
24.20,70.4,0.0,SAFE,10,feu_rouge_devant,Situation maîtrisée
24.25,70.4,0.0,SAFE,10,feu_rouge_devant,Situation maîtrisée
24.30,70.4,0.0,SAFE,10,feu_rouge_devant,Situation maîtrisée
24.35,70.4,0.0,SAFE,10,feu_rouge_devant,Situation maîtrisée
24.40,70.4,0.0,SAFE,10,feu_rouge_devant,Situation maîtrisée
24.45,70.4,0.0,SAFE,10,feu_rouge_devant,Situation maîtrisée
24.50,70.4,0.0,SAFE,10,feu_rouge_devant,Situation maîtrisée
24.55,70.4,0.0,SAFE,10,feu_rouge_devant,Situation maîtrisée
24.60,70.4,0.0,SAFE,10,feu_rouge_devant,Situation maîtrisée
24.65,70.4,0.0,SAFE,10,feu_rouge_devant,Situation maîtrisée
24.70,70.4,0.0,SAFE,10,feu_rouge_devant,Situation maîtrisée
24.75,70.4,0.0,SAFE,10,feu_rouge_devant,Situation maîtrisée
24.80,70.4,0.0,SAFE,10,feu_rouge_devant,Situation maîtrisée
24.85,70.4,0.0,SAFE,10,feu_rouge_devant,Situation maîtrisée
24.90,70.4,0.0,SAFE,9,feu_rouge_devant,Situation maîtrisée
24.95,70.4,0.0,SAFE,9,feu_rouge_devant,Situation maîtrisée
25.00,70.4,0.0,SAFE,9,feu_rouge_devant,Situation maîtrisée
25.05,70.4,0.0,SAFE,9,feu_rouge_devant,Situation maîtrisée
25.10,70.4,0.0,SAFE,9,feu_rouge_devant,Situation maîtrisée
25.15,70.4,0.0,SAFE,9,feu_rouge_devant,Situation maîtrisée
25.20,70.4,0.0,SAFE,9,feu_rouge_devant,Situation maîtrisée
25.25,70.4,0.0,SAFE,9,feu_rouge_devant,Situation maîtrisée
25.30,70.4,0.0,SAFE,9,feu_rouge_devant,Situation maîtrisée
25.35,70.4,0.0,SAFE,9,feu_rouge_devant,Situation maîtrisée
25.40,70.4,0.0,SAFE,9,feu_rouge_devant,Situation maîtrisée
25.45,70.4,0.0,SAFE,9,feu_rouge_devant,Situation maîtrisée
25.50,70.4,0.0,SAFE,9,feu_rouge_devant,Situation maîtrisée
25.55,70.4,0.0,SAFE,9,feu_rouge_devant,Situation maîtrisée
25.60,70.4,0.0,SAFE,9,feu_rouge_devant,Situation maîtrisée
25.65,70.4,0.0,SAFE,9,feu_rouge_devant,Situation maîtrisée
25.70,70.4,0.0,SAFE,9,feu_rouge_devant,Situation maîtrisée
25.75,70.4,0.0,SAFE,9,feu_rouge_devant,Situation maîtrisée
25.80,70.4,0.0,SAFE,9,feu_rouge_devant,Situation maîtrisée
25.85,70.4,0.0,SAFE,9,feu_rouge_devant,Situation maîtrisée
25.90,70.4,0.0,SAFE,10,feu_rouge_devant,Situation maîtrisée
25.95,70.4,0.0,SAFE,10,feu_rouge_devant,Situation maîtrisée
26.00,70.4,0.0,SAFE,10,feu_rouge_devant,Situation maîtrisée
26.05,70.4,0.0,SAFE,10,feu_rouge_devant,Situation maîtrisée
26.10,70.4,0.0,SAFE,10,feu_rouge_devant,Situation maîtrisée
26.15,70.4,0.0,SAFE,10,feu_rouge_devant,Situation maîtrisée
26.20,70.4,0.0,SAFE,10,feu_rouge_devant,Situation maîtrisée
26.25,70.4,0.0,SAFE,10,feu_rouge_devant,Situation maîtrisée
26.30,70.4,0.0,SAFE,10,feu_rouge_devant,Situation maîtrisée
26.35,70.4,0.0,SAFE,10,feu_rouge_devant,Situation maîtrisée
26.40,70.4,0.0,SAFE,10,feu_rouge_devant,Situation maîtrisée
26.45,70.4,0.0,SAFE,10,feu_rouge_devant,Situation maîtrisée
26.50,70.4,0.0,SAFE,10,feu_rouge_devant,Situation maîtrisée
26.55,70.4,0.0,SAFE,10,feu_rouge_devant,Situation maîtrisée
26.60,70.4,0.0,SAFE,10,feu_rouge_devant,Situation maîtrisée
26.65,70.4,0.0,SAFE,10,feu_rouge_devant,Situation maîtrisée
26.70,70.4,0.0,SAFE,10,feu_rouge_devant,Situation maîtrisée
26.75,70.4,0.0,SAFE,10,feu_rouge_devant,Situation maîtrisée
26.80,70.4,0.0,SAFE,10,feu_rouge_devant,Situation maîtrisée
26.85,70.4,0.0,SAFE,10,feu_rouge_devant,Situation maîtrisée
26.90,70.4,0.0,SAFE,10,feu_rouge_devant,Situation maîtrisée
26.95,70.4,0.0,SAFE,10,feu_rouge_devant,Situation maîtrisée
27.00,70.4,0.0,SAFE,10,feu_rouge_devant,Situation maîtrisée
27.05,70.4,0.0,SAFE,10,feu_rouge_devant,Situation maîtrisée
27.10,70.4,0.0,SAFE,10,feu_rouge_devant,Situation maîtrisée
27.15,70.4,0.0,SAFE,10,feu_rouge_devant,Situation maîtrisée
27.20,70.4,0.0,SAFE,10,feu_rouge_devant,Situation maîtrisée
27.25,70.4,0.0,SAFE,10,feu_rouge_devant,Situation maîtrisée
27.30,70.4,0.0,SAFE,10,feu_rouge_devant,Situation maîtrisée
27.35,70.4,0.0,SAFE,10,feu_rouge_devant,Situation maîtrisée
27.40,70.4,0.0,SAFE,10,feu_rouge_devant,Situation maîtrisée
27.45,70.4,0.0,SAFE,10,feu_rouge_devant,Situation maîtrisée
27.50,70.4,0.0,SAFE,10,feu_rouge_devant,Situation maîtrisée
27.55,70.4,0.0,SAFE,10,feu_rouge_devant,Situation maîtrisée
27.60,70.4,0.0,SAFE,10,feu_rouge_devant,Situation maîtrisée
27.65,70.4,0.0,SAFE,10,feu_rouge_devant,Situation maîtrisée
27.70,70.4,0.0,SAFE,10,feu_rouge_devant,Situation maîtrisée
27.75,70.4,0.0,SAFE,10,feu_rouge_devant,Situation maîtrisée
27.80,70.4,0.0,SAFE,10,feu_rouge_devant,Situation maîtrisée
27.85,70.4,0.0,SAFE,10,feu_rouge_devant,Situation maîtrisée
27.90,70.4,0.0,SAFE,10,feu_rouge_devant,Situation maîtrisée
27.95,70.4,0.0,SAFE,10,feu_rouge_devant,Situation maîtrisée
28.00,70.4,0.0,SAFE,10,feu_rouge_devant,Situation maîtrisée
28.05,70.4,0.0,SAFE,10,feu_rouge_devant,Situation maîtrisée
28.10,70.4,0.0,SAFE,10,feu_rouge_devant,Situation maîtrisée
28.15,70.4,0.0,SAFE,10,feu_rouge_devant,Situation maîtrisée
28.20,70.4,0.0,SAFE,10,feu_rouge_devant,Situation maîtrisée
28.25,70.4,0.0,SAFE,10,feu_rouge_devant,Situation maîtrisée
28.30,70.4,0.0,SAFE,10,feu_rouge_devant,Situation maîtrisée
28.35,70.4,0.0,SAFE,10,feu_rouge_devant,Situation maîtrisée
28.40,70.4,0.0,SAFE,10,feu_rouge_devant,Situation maîtrisée
28.45,70.4,0.0,SAFE,10,feu_rouge_devant,Situation maîtrisée
28.50,70.4,0.0,SAFE,10,feu_rouge_devant,Situation maîtrisée
28.55,70.4,0.0,SAFE,10,feu_rouge_devant,Situation maîtrisée
28.60,70.4,0.0,SAFE,10,feu_rouge_devant,Situation maîtrisée
28.65,70.4,0.0,SAFE,10,feu_rouge_devant,Situation maîtrisée
28.70,70.4,0.0,SAFE,10,feu_rouge_devant,Situation maîtrisée
28.75,70.4,0.0,SAFE,10,feu_rouge_devant,Situation maîtrisée
28.80,70.4,0.0,SAFE,10,feu_rouge_devant,Situation maîtrisée
28.85,70.4,0.0,SAFE,10,feu_rouge_devant,Situation maîtrisée
28.90,70.4,0.0,SAFE,10,feu_rouge_devant,Situation maîtrisée
28.95,70.4,0.0,SAFE,10,feu_rouge_devant,Situation maîtrisée
29.00,70.4,0.0,SAFE,10,feu_rouge_devant,Situation maîtrisée
29.05,70.4,0.0,SAFE,10,feu_rouge_devant,Situation maîtrisée
29.10,70.4,0.0,SAFE,10,feu_rouge_devant,Situation maîtrisée
29.15,70.4,0.0,SAFE,10,feu_rouge_devant,Situation maîtrisée
29.20,70.4,0.0,SAFE,10,feu_rouge_devant,Situation maîtrisée
29.25,70.4,0.0,SAFE,10,feu_rouge_devant,Situation maîtrisée
29.30,70.4,0.0,SAFE,10,feu_rouge_devant,Situation maîtrisée
29.35,70.4,0.0,SAFE,10,feu_rouge_devant,Situation maîtrisée
29.40,70.4,0.0,SAFE,10,feu_rouge_devant,Situation maîtrisée
29.45,70.4,0.0,SAFE,10,feu_rouge_devant,Situation maîtrisée
29.50,70.4,0.0,SAFE,10,feu_rouge_devant,Situation maîtrisée
29.55,70.4,0.0,SAFE,10,feu_rouge_devant,Situation maîtrisée
29.60,70.4,0.0,SAFE,9,feu_rouge_devant,Situation maîtrisée
29.65,70.4,0.0,SAFE,9,feu_rouge_devant,Situation maîtrisée
29.70,70.4,0.0,SAFE,9,feu_rouge_devant,Situation maîtrisée
29.75,70.4,0.0,SAFE,9,feu_rouge_devant,Situation maîtrisée
29.80,70.4,0.0,SAFE,9,feu_rouge_devant,Situation maîtrisée
29.85,70.4,0.0,SAFE,9,feu_rouge_devant,Situation maîtrisée
29.90,70.4,0.0,SAFE,9,feu_rouge_devant,Situation maîtrisée
29.95,70.4,0.0,SAFE,8,feu_rouge_devant,Situation maîtrisée
30.00,70.4,0.0,SAFE,8,feu_rouge_devant,Situation maîtrisée
30.05,70.4,0.0,SAFE,8,feu_rouge_devant,Situation maîtrisée
30.10,70.4,0.0,SAFE,8,feu_rouge_devant,Situation maîtrisée
30.15,70.4,0.0,SAFE,8,feu_rouge_devant,Situation maîtrisée
30.20,70.4,0.0,SAFE,8,feu_rouge_devant,Situation maîtrisée
30.25,70.4,0.0,SAFE,8,feu_rouge_devant,Situation maîtrisée
30.30,70.4,0.0,SAFE,8,feu_rouge_devant,Situation maîtrisée
30.35,70.4,0.0,SAFE,8,feu_rouge_devant,Situation maîtrisée
30.40,70.4,0.0,SAFE,8,feu_rouge_devant,Situation maîtrisée
30.45,70.4,0.0,SAFE,8,feu_rouge_devant,Situation maîtrisée
30.50,70.4,0.0,SAFE,8,feu_rouge_devant,Situation maîtrisée
30.55,70.4,0.0,SAFE,8,feu_rouge_devant,Situation maîtrisée
30.60,70.4,0.0,SAFE,8,feu_rouge_devant,Situation maîtrisée
30.65,70.4,0.0,SAFE,8,feu_rouge_devant,Situation maîtrisée
30.70,70.4,0.0,SAFE,8,feu_rouge_devant,Situation maîtrisée
30.75,70.4,0.0,SAFE,8,feu_rouge_devant,Situation maîtrisée
30.80,70.4,0.0,SAFE,8,feu_rouge_devant,Situation maîtrisée
30.85,70.4,0.0,SAFE,8,feu_rouge_devant,Situation maîtrisée
30.90,70.4,0.0,SAFE,8,feu_rouge_devant,Situation maîtrisée
30.95,70.4,0.0,SAFE,8,feu_rouge_devant,Situation maîtrisée
31.00,70.4,0.0,SAFE,8,feu_rouge_devant,Situation maîtrisée
31.05,70.4,0.0,SAFE,8,feu_rouge_devant,Situation maîtrisée
31.10,70.4,0.0,SAFE,8,feu_rouge_devant,Situation maîtrisée
31.15,70.4,0.0,SAFE,8,feu_rouge_devant,Situation maîtrisée
31.20,70.4,0.0,SAFE,8,feu_rouge_devant,Situation maîtrisée
31.25,70.4,0.0,SAFE,8,feu_rouge_devant,Situation maîtrisée
31.30,70.4,0.0,SAFE,8,feu_rouge_devant,Situation maîtrisée
31.35,70.4,0.0,SAFE,8,feu_rouge_devant,Situation maîtrisée
31.40,70.4,0.0,SAFE,8,feu_rouge_devant,Situation maîtrisée
31.45,70.4,0.0,SAFE,8,feu_rouge_devant,Situation maîtrisée
31.50,70.4,0.0,SAFE,8,feu_rouge_devant,Situation maîtrisée
31.55,70.4,0.0,SAFE,8,feu_rouge_devant,Situation maîtrisée
31.60,70.4,0.0,SAFE,8,feu_rouge_devant,Situation maîtrisée
31.65,70.4,0.0,SAFE,8,feu_rouge_devant,Situation maîtrisée
31.70,70.4,0.0,SAFE,8,feu_rouge_devant,Situation maîtrisée
31.75,70.4,0.0,SAFE,8,feu_rouge_devant,Situation maîtrisée
31.80,70.4,0.0,SAFE,8,feu_rouge_devant,Situation maîtrisée
31.85,70.4,0.0,SAFE,8,feu_rouge_devant,Situation maîtrisée
31.90,70.4,0.0,SAFE,8,feu_rouge_devant,Situation maîtrisée
31.95,70.4,0.0,SAFE,8,feu_rouge_devant,Situation maîtrisée
32.00,70.4,0.0,SAFE,8,feu_rouge_devant,Situation maîtrisée
32.05,70.4,0.0,SAFE,8,feu_rouge_devant,Situation maîtrisée
32.10,70.4,0.0,SAFE,8,feu_rouge_devant,Situation maîtrisée
32.15,70.4,0.0,SAFE,8,feu_rouge_devant,Situation maîtrisée
32.20,70.4,0.0,SAFE,8,feu_rouge_devant,Situation maîtrisée
32.25,70.4,0.0,SAFE,8,feu_rouge_devant,Situation maîtrisée
32.30,70.4,0.0,SAFE,8,feu_rouge_devant,Situation maîtrisée
32.35,70.4,0.0,SAFE,8,feu_rouge_devant,Situation maîtrisée
32.40,70.4,0.0,SAFE,8,feu_rouge_devant,Situation maîtrisée
32.45,70.4,0.0,SAFE,8,feu_rouge_devant,Situation maîtrisée
32.50,70.4,0.0,SAFE,8,feu_rouge_devant,Situation maîtrisée
32.55,70.4,0.0,SAFE,8,feu_rouge_devant,Situation maîtrisée
32.60,70.4,0.0,SAFE,8,feu_rouge_devant,Situation maîtrisée
32.65,70.4,0.0,SAFE,8,feu_rouge_devant,Situation maîtrisée
32.70,70.4,0.0,SAFE,8,feu_rouge_devant,Situation maîtrisée
32.75,70.4,0.0,SAFE,8,feu_rouge_devant,Situation maîtrisée
32.80,70.4,0.0,SAFE,8,feu_rouge_devant,Situation maîtrisée
32.85,70.4,0.0,SAFE,8,feu_rouge_devant,Situation maîtrisée
32.90,70.4,0.0,SAFE,8,feu_rouge_devant,Situation maîtrisée
32.95,70.4,0.0,SAFE,8,feu_rouge_devant,Situation maîtrisée
33.00,70.4,0.0,SAFE,8,feu_rouge_devant,Situation maîtrisée
33.05,70.4,0.0,SAFE,8,feu_rouge_devant,Situation maîtrisée
33.10,70.4,0.0,SAFE,8,feu_rouge_devant,Situation maîtrisée
33.15,70.4,0.0,SAFE,8,feu_rouge_devant,Situation maîtrisée
33.20,70.4,0.0,SAFE,8,feu_rouge_devant,Situation maîtrisée
33.25,70.4,0.0,SAFE,8,feu_rouge_devant,Situation maîtrisée
33.30,70.4,0.0,SAFE,8,feu_rouge_devant,Situation maîtrisée
33.35,70.4,0.0,SAFE,8,feu_rouge_devant,Situation maîtrisée
33.40,70.4,0.0,SAFE,8,feu_rouge_devant,Situation maîtrisée
33.45,70.4,0.0,SAFE,8,feu_rouge_devant,Situation maîtrisée
33.50,70.4,0.0,SAFE,8,feu_rouge_devant,Situation maîtrisée
33.55,70.4,0.0,SAFE,8,feu_rouge_devant,Situation maîtrisée
33.60,70.4,0.0,SAFE,8,feu_rouge_devant,Situation maîtrisée
33.65,70.4,0.0,SAFE,8,feu_rouge_devant,Situation maîtrisée
33.70,70.4,0.0,SAFE,8,feu_rouge_devant,Situation maîtrisée
33.75,70.4,0.0,SAFE,8,feu_rouge_devant,Situation maîtrisée
33.80,70.4,0.0,SAFE,8,feu_rouge_devant,Situation maîtrisée
33.85,70.4,0.0,SAFE,8,feu_rouge_devant,Situation maîtrisée
33.90,70.4,0.0,SAFE,8,feu_rouge_devant,Situation maîtrisée
33.95,70.4,0.0,SAFE,8,feu_rouge_devant,Situation maîtrisée
34.00,70.4,0.0,SAFE,8,feu_rouge_devant,Situation maîtrisée
34.05,70.4,0.0,SAFE,8,feu_rouge_devant,Situation maîtrisée
34.10,70.4,0.0,SAFE,8,feu_rouge_devant,Situation maîtrisée
34.15,70.4,0.0,SAFE,8,feu_rouge_devant,Situation maîtrisée
34.20,70.4,0.0,SAFE,8,feu_rouge_devant,Situation maîtrisée
34.25,70.4,0.0,SAFE,8,feu_rouge_devant,Situation maîtrisée
34.30,70.4,0.0,SAFE,8,feu_rouge_devant,Situation maîtrisée
34.35,70.4,0.0,SAFE,8,feu_rouge_devant,Situation maîtrisée
34.40,70.4,0.0,SAFE,8,feu_rouge_devant,Situation maîtrisée
34.45,70.4,0.0,SAFE,8,feu_rouge_devant,Situation maîtrisée
34.50,70.4,0.0,SAFE,8,feu_rouge_devant,Situation maîtrisée
34.55,70.4,0.0,SAFE,8,feu_rouge_devant,Situation maîtrisée
34.60,70.4,0.0,SAFE,8,feu_rouge_devant,Situation maîtrisée
34.65,70.4,0.0,SAFE,8,feu_rouge_devant,Situation maîtrisée
34.70,70.4,0.0,SAFE,8,feu_rouge_devant,Situation maîtrisée
34.75,70.4,0.0,SAFE,8,feu_rouge_devant,Situation maîtrisée
34.80,70.4,0.0,SAFE,8,feu_rouge_devant,Situation maîtrisée
34.85,70.4,0.0,SAFE,8,feu_rouge_devant,Situation maîtrisée
34.90,70.4,0.0,SAFE,8,feu_rouge_devant,Situation maîtrisée
34.95,70.4,0.0,SAFE,8,feu_rouge_devant,Situation maîtrisée
35.00,70.4,0.0,SAFE,8,feu_rouge_devant,Situation maîtrisée
35.05,70.4,0.0,SAFE,8,feu_rouge_devant,Situation maîtrisée
35.10,70.4,0.0,SAFE,8,feu_rouge_devant,Situation maîtrisée
35.15,70.4,0.0,SAFE,8,feu_rouge_devant,Situation maîtrisée
35.20,70.4,0.0,SAFE,8,feu_rouge_devant,Situation maîtrisée
35.25,70.4,0.0,SAFE,8,feu_rouge_devant,Situation maîtrisée
35.30,70.4,0.0,SAFE,8,feu_rouge_devant,Situation maîtrisée
35.35,70.4,0.0,SAFE,8,feu_rouge_devant,Situation maîtrisée
35.40,70.4,0.0,SAFE,8,feu_rouge_devant,Situation maîtrisée
35.45,70.4,0.0,SAFE,8,feu_rouge_devant,Situation maîtrisée
35.50,70.4,0.0,SAFE,9,feu_rouge_devant,Situation maîtrisée
35.55,70.4,0.0,SAFE,9,feu_rouge_devant,Situation maîtrisée
35.60,70.4,0.0,SAFE,9,feu_rouge_devant,Situation maîtrisée
35.65,70.4,0.0,SAFE,9,feu_rouge_devant,Situation maîtrisée
35.70,70.4,0.0,SAFE,9,feu_rouge_devant,Situation maîtrisée
35.75,70.4,0.0,SAFE,9,feu_rouge_devant,Situation maîtrisée
35.80,70.4,0.0,SAFE,9,feu_rouge_devant,Situation maîtrisée
35.85,70.4,0.0,SAFE,9,feu_rouge_devant,Situation maîtrisée
35.90,70.4,0.0,SAFE,9,feu_rouge_devant,Situation maîtrisée
35.95,70.4,0.0,SAFE,9,feu_rouge_devant,Situation maîtrisée
36.00,70.4,0.0,SAFE,9,feu_rouge_devant,Situation maîtrisée
36.05,70.4,0.0,SAFE,9,feu_rouge_devant,Situation maîtrisée
36.10,70.4,0.0,SAFE,9,feu_rouge_devant,Situation maîtrisée
36.15,70.4,0.0,SAFE,9,feu_rouge_devant,Situation maîtrisée
36.20,70.4,0.0,SAFE,9,feu_rouge_devant,Situation maîtrisée
36.25,70.4,0.0,SAFE,9,feu_rouge_devant,Situation maîtrisée
36.30,70.4,0.0,SAFE,9,feu_rouge_devant,Situation maîtrisée
36.35,70.4,0.0,SAFE,9,feu_rouge_devant,Situation maîtrisée
36.40,70.4,0.0,SAFE,9,feu_rouge_devant,Situation maîtrisée
36.45,70.4,0.0,SAFE,9,feu_rouge_devant,Situation maîtrisée
36.50,70.4,0.0,SAFE,9,feu_rouge_devant,Situation maîtrisée
36.55,70.4,0.0,SAFE,9,feu_rouge_devant,Situation maîtrisée
36.60,70.4,0.0,SAFE,9,feu_rouge_devant,Situation maîtrisée
36.65,70.4,0.0,SAFE,9,feu_rouge_devant,Situation maîtrisée
36.70,70.4,0.0,SAFE,9,feu_rouge_devant,Situation maîtrisée
36.75,70.4,0.0,SAFE,9,feu_rouge_devant,Situation maîtrisée
36.80,70.4,0.0,SAFE,9,feu_rouge_devant,Situation maîtrisée
36.85,70.4,0.0,SAFE,9,feu_rouge_devant,Situation maîtrisée
36.90,70.4,0.0,SAFE,9,feu_rouge_devant,Situation maîtrisée
36.95,70.4,0.0,SAFE,9,feu_rouge_devant,Situation maîtrisée
37.00,70.4,0.0,SAFE,9,feu_rouge_devant,Situation maîtrisée
37.05,70.4,0.0,SAFE,9,feu_rouge_devant,Situation maîtrisée
37.10,70.4,0.0,SAFE,9,feu_rouge_devant,Situation maîtrisée
37.15,70.4,0.0,SAFE,9,feu_rouge_devant,Situation maîtrisée
37.20,70.4,0.0,SAFE,9,feu_rouge_devant,Situation maîtrisée
37.25,70.4,0.0,SAFE,9,feu_rouge_devant,Situation maîtrisée
37.30,70.4,0.0,SAFE,9,feu_rouge_devant,Situation maîtrisée
37.35,70.4,0.0,SAFE,9,feu_rouge_devant,Situation maîtrisée
37.40,70.4,0.0,SAFE,9,feu_rouge_devant,Situation maîtrisée
37.45,70.4,0.0,SAFE,9,feu_rouge_devant,Situation maîtrisée
37.50,70.4,0.0,SAFE,9,feu_rouge_devant,Situation maîtrisée
37.55,70.4,0.0,SAFE,9,feu_rouge_devant,Situation maîtrisée
37.60,70.4,0.0,SAFE,9,feu_rouge_devant,Situation maîtrisée
37.65,70.4,0.0,SAFE,9,feu_rouge_devant,Situation maîtrisée
37.70,70.4,0.0,SAFE,9,feu_rouge_devant,Situation maîtrisée
37.75,70.4,0.0,SAFE,9,feu_rouge_devant,Situation maîtrisée
37.80,70.4,0.0,SAFE,9,feu_rouge_devant,Situation maîtrisée
37.85,70.4,0.0,SAFE,9,feu_rouge_devant,Situation maîtrisée
37.90,70.4,0.0,SAFE,9,feu_rouge_devant,Situation maîtrisée
37.95,70.4,0.0,SAFE,9,feu_rouge_devant,Situation maîtrisée
38.00,70.4,0.0,SAFE,9,feu_rouge_devant,Situation maîtrisée
38.05,70.4,0.0,SAFE,9,feu_rouge_devant,Situation maîtrisée
38.10,70.4,0.0,SAFE,9,feu_rouge_devant,Situation maîtrisée
38.15,70.4,0.0,SAFE,9,feu_rouge_devant,Situation maîtrisée
38.20,70.4,0.0,SAFE,9,feu_rouge_devant,Situation maîtrisée
38.25,70.4,0.0,SAFE,9,feu_rouge_devant,Situation maîtrisée
38.30,70.4,0.0,SAFE,9,feu_rouge_devant,Situation maîtrisée
38.35,70.4,0.0,SAFE,9,feu_rouge_devant,Situation maîtrisée
38.40,70.4,0.0,SAFE,9,feu_rouge_devant,Situation maîtrisée
38.45,70.4,0.0,SAFE,9,feu_rouge_devant,Situation maîtrisée
38.50,70.4,0.0,SAFE,9,feu_rouge_devant,Situation maîtrisée
38.55,70.4,0.0,SAFE,9,feu_rouge_devant,Situation maîtrisée
38.60,70.4,0.0,SAFE,9,feu_rouge_devant,Situation maîtrisée
38.65,70.4,0.0,SAFE,9,feu_rouge_devant,Situation maîtrisée
38.70,70.4,0.0,SAFE,9,feu_rouge_devant,Situation maîtrisée
38.75,70.4,0.0,SAFE,9,feu_rouge_devant,Situation maîtrisée
38.80,70.4,0.0,SAFE,9,feu_rouge_devant,Situation maîtrisée
38.85,70.4,0.0,SAFE,9,feu_rouge_devant,Situation maîtrisée
38.90,70.4,0.0,SAFE,9,feu_rouge_devant,Situation maîtrisée
38.95,70.4,0.0,SAFE,9,feu_rouge_devant,Situation maîtrisée
39.00,70.4,0.0,SAFE,9,feu_rouge_devant,Situation maîtrisée
39.05,70.4,0.0,SAFE,9,feu_rouge_devant,Situation maîtrisée
39.10,70.4,0.0,SAFE,9,feu_rouge_devant,Situation maîtrisée
39.15,70.4,0.0,SAFE,9,feu_rouge_devant,Situation maîtrisée
39.20,70.4,0.0,SAFE,9,feu_rouge_devant,Situation maîtrisée
39.25,70.4,0.0,SAFE,9,feu_rouge_devant,Situation maîtrisée
39.30,70.4,0.0,SAFE,9,feu_rouge_devant,Situation maîtrisée
39.35,70.4,0.0,SAFE,9,feu_rouge_devant,Situation maîtrisée
39.40,70.4,0.0,SAFE,9,feu_rouge_devant,Situation maîtrisée
39.45,70.4,0.0,SAFE,9,feu_rouge_devant,Situation maîtrisée
39.50,70.4,0.0,SAFE,9,feu_rouge_devant,Situation maîtrisée
39.55,70.4,0.0,SAFE,9,feu_rouge_devant,Situation maîtrisée
39.60,70.4,0.0,SAFE,9,feu_rouge_devant,Situation maîtrisée
39.65,70.4,0.0,SAFE,9,feu_rouge_devant,Situation maîtrisée
39.70,70.4,0.0,SAFE,9,feu_rouge_devant,Situation maîtrisée
39.75,70.4,0.0,SAFE,9,feu_rouge_devant,Situation maîtrisée
39.80,70.4,0.0,SAFE,9,feu_rouge_devant,Situation maîtrisée
39.85,70.4,0.0,SAFE,9,feu_rouge_devant,Situation maîtrisée
39.90,70.4,0.0,SAFE,9,feu_rouge_devant,Situation maîtrisée
39.95,70.4,0.0,SAFE,9,feu_rouge_devant,Situation maîtrisée
40.00,70.4,0.0,SAFE,9,feu_rouge_devant,Situation maîtrisée
40.05,70.4,0.0,SAFE,9,feu_rouge_devant,Situation maîtrisée
40.10,70.4,0.0,SAFE,9,feu_rouge_devant,Situation maîtrisée
40.15,70.4,0.0,SAFE,9,feu_rouge_devant,Situation maîtrisée
40.20,70.4,0.0,SAFE,9,feu_rouge_devant,Situation maîtrisée
40.25,70.4,0.0,SAFE,9,feu_rouge_devant,Situation maîtrisée
40.30,70.4,0.0,SAFE,9,feu_rouge_devant,Situation maîtrisée
40.35,70.4,0.0,SAFE,9,feu_rouge_devant,Situation maîtrisée
40.40,70.4,0.0,SAFE,9,feu_rouge_devant,Situation maîtrisée
40.45,70.4,0.0,SAFE,9,feu_rouge_devant,Situation maîtrisée
40.50,70.4,0.0,SAFE,9,feu_rouge_devant,Situation maîtrisée
40.55,70.4,0.0,SAFE,9,feu_rouge_devant,Situation maîtrisée
40.60,70.4,0.0,SAFE,9,feu_rouge_devant,Situation maîtrisée
40.65,70.4,0.0,SAFE,9,feu_rouge_devant,Situation maîtrisée
40.70,70.4,0.0,SAFE,9,feu_rouge_devant,Situation maîtrisée
40.75,70.4,0.0,SAFE,9,feu_rouge_devant,Situation maîtrisée
40.80,70.4,0.0,SAFE,9,feu_rouge_devant,Situation maîtrisée
40.85,70.4,0.0,SAFE,9,feu_rouge_devant,Situation maîtrisée
40.90,70.4,0.0,SAFE,9,feu_rouge_devant,Situation maîtrisée
40.95,70.4,0.0,SAFE,9,feu_rouge_devant,Situation maîtrisée
41.00,70.4,0.0,SAFE,9,feu_rouge_devant,Situation maîtrisée
41.05,70.4,0.0,SAFE,9,feu_rouge_devant,Situation maîtrisée
41.10,70.4,0.0,SAFE,9,feu_rouge_devant,Situation maîtrisée
41.15,70.4,0.0,SAFE,9,feu_rouge_devant,Situation maîtrisée
41.20,70.4,0.0,SAFE,9,feu_rouge_devant,Situation maîtrisée
41.25,70.4,0.0,SAFE,9,feu_rouge_devant,Situation maîtrisée
41.30,70.4,0.0,SAFE,9,feu_rouge_devant,Situation maîtrisée
41.35,70.4,0.0,SAFE,9,feu_rouge_devant,Situation maîtrisée
41.40,70.4,0.0,SAFE,9,feu_rouge_devant,Situation maîtrisée
41.45,70.4,0.0,SAFE,9,feu_rouge_devant,Situation maîtrisée
41.50,70.4,0.0,SAFE,9,feu_rouge_devant,Situation maîtrisée
41.55,70.4,0.0,SAFE,9,feu_rouge_devant,Situation maîtrisée
41.60,70.4,0.0,SAFE,9,feu_rouge_devant,Situation maîtrisée
41.65,70.4,0.0,SAFE,9,feu_rouge_devant,Situation maîtrisée
41.70,70.4,0.0,SAFE,9,feu_rouge_devant,Situation maîtrisée
41.75,70.4,0.0,SAFE,9,feu_rouge_devant,Situation maîtrisée
41.80,70.4,0.0,SAFE,9,feu_rouge_devant,Situation maîtrisée
41.85,70.4,0.0,SAFE,9,feu_rouge_devant,Situation maîtrisée
41.90,70.4,0.0,SAFE,9,feu_rouge_devant,Situation maîtrisée
41.95,70.4,0.0,SAFE,9,feu_rouge_devant,Situation maîtrisée
42.00,70.4,0.0,SAFE,9,feu_rouge_devant,Situation maîtrisée
42.05,70.4,0.0,SAFE,9,feu_rouge_devant,Situation maîtrisée
42.10,70.4,0.0,SAFE,9,feu_rouge_devant,Situation maîtrisée
42.15,70.4,0.0,SAFE,9,feu_rouge_devant,Situation maîtrisée
42.20,70.4,0.0,SAFE,9,feu_rouge_devant,Situation maîtrisée
42.25,70.4,0.0,SAFE,9,feu_rouge_devant,Situation maîtrisée
42.30,70.4,0.0,SAFE,8,feu_rouge_devant,Situation maîtrisée
42.35,70.4,0.0,SAFE,8,feu_rouge_devant,Situation maîtrisée
42.40,70.4,0.0,SAFE,8,feu_rouge_devant,Situation maîtrisée
42.45,70.4,0.0,SAFE,8,feu_rouge_devant,Situation maîtrisée
42.50,70.4,0.0,SAFE,8,feu_rouge_devant,Situation maîtrisée
42.55,70.4,0.0,SAFE,8,feu_rouge_devant,Situation maîtrisée
42.60,70.4,0.0,SAFE,8,feu_rouge_devant,Situation maîtrisée
42.65,70.4,0.0,SAFE,8,feu_rouge_devant,Situation maîtrisée
42.70,70.4,0.0,SAFE,8,feu_rouge_devant,Situation maîtrisée
42.75,70.4,0.0,SAFE,8,feu_rouge_devant,Situation maîtrisée
42.80,70.4,0.0,SAFE,8,feu_rouge_devant,Situation maîtrisée
42.85,70.4,0.0,SAFE,8,feu_rouge_devant,Situation maîtrisée
42.90,70.4,0.0,SAFE,8,feu_rouge_devant,Situation maîtrisée
42.95,70.4,0.0,SAFE,8,feu_rouge_devant,Situation maîtrisée
43.00,70.4,0.0,SAFE,8,feu_rouge_devant,Situation maîtrisée
43.05,70.4,0.0,SAFE,8,feu_rouge_devant,Situation maîtrisée
43.10,70.4,0.0,SAFE,8,feu_rouge_devant,Situation maîtrisée
43.15,70.4,0.0,WATCH,8,feu_rouge_devant,FREINEZ — conflit non évitable par la seule vitesse
43.20,70.4,0.0,WATCH,7,feu_rouge_devant,FREINEZ — conflit non évitable par la seule vitesse
43.25,70.4,0.0,WATCH,7,feu_rouge_devant,FREINEZ — conflit non évitable par la seule vitesse
43.30,70.4,0.0,CRITICAL,7,feu_rouge_devant,FREINEZ — conflit non évitable par la seule vitesse
43.35,70.4,0.0,CRITICAL,7,feu_rouge_devant,FREINEZ — conflit non évitable par la seule vitesse
43.40,70.4,0.0,CRITICAL,7,feu_rouge_devant,FREINEZ — conflit non évitable par la seule vitesse
43.45,70.4,0.0,CRITICAL,7,feu_rouge_devant,FREINEZ — conflit non évitable par la seule vitesse
43.50,70.4,0.0,SAFE,7,feu_rouge_devant,Situation maîtrisée
43.55,70.4,0.0,SAFE,7,feu_rouge_devant,Situation maîtrisée
43.60,70.4,0.0,SAFE,7,feu_rouge_devant,Situation maîtrisée
43.65,70.4,0.0,SAFE,7,feu_rouge_devant,Situation maîtrisée
43.70,70.4,0.0,SAFE,7,feu_rouge_devant,Situation maîtrisée
43.75,70.4,0.0,SAFE,7,feu_rouge_devant,Situation maîtrisée
43.80,70.4,0.0,SAFE,7,feu_rouge_devant,Situation maîtrisée
43.85,70.4,0.0,SAFE,7,feu_rouge_devant,Situation maîtrisée
43.90,70.4,0.0,SAFE,7,feu_rouge_devant,Situation maîtrisée
43.95,70.4,0.0,SAFE,7,feu_rouge_devant,Situation maîtrisée
44.00,70.4,0.0,SAFE,7,feu_rouge_devant,Situation maîtrisée
44.05,70.4,0.0,SAFE,7,feu_rouge_devant,Situation maîtrisée
44.10,70.4,0.0,SAFE,7,feu_rouge_devant,Situation maîtrisée
44.15,70.4,0.0,SAFE,7,feu_rouge_devant,Situation maîtrisée
44.20,70.4,0.0,SAFE,7,feu_rouge_devant,Situation maîtrisée
44.25,70.4,0.0,SAFE,7,feu_rouge_devant,Situation maîtrisée
44.30,70.4,0.0,SAFE,7,feu_rouge_devant,Situation maîtrisée
44.35,70.4,0.0,SAFE,7,feu_rouge_devant,Situation maîtrisée
44.40,70.4,0.0,SAFE,7,feu_rouge_devant,Situation maîtrisée
44.45,70.4,0.0,SAFE,7,feu_rouge_devant,Situation maîtrisée
44.50,70.4,0.0,SAFE,7,feu_rouge_devant,Situation maîtrisée
44.55,70.4,0.0,SAFE,7,feu_rouge_devant,Situation maîtrisée
44.60,70.4,0.0,SAFE,7,feu_rouge_devant,Situation maîtrisée
44.65,70.4,0.0,SAFE,7,feu_rouge_devant,Situation maîtrisée
44.70,70.4,0.0,SAFE,7,feu_rouge_devant,Situation maîtrisée
44.75,70.4,0.0,SAFE,7,feu_rouge_devant,Situation maîtrisée
44.80,70.4,0.0,SAFE,7,feu_rouge_devant,Situation maîtrisée
44.85,70.4,0.0,SAFE,7,feu_rouge_devant,Situation maîtrisée
44.90,70.4,0.0,SAFE,7,feu_rouge_devant,Situation maîtrisée
44.95,70.4,0.0,SAFE,7,feu_rouge_devant,Situation maîtrisée
45.00,70.4,0.0,SAFE,7,feu_rouge_devant,Situation maîtrisée
45.05,70.4,0.0,SAFE,7,feu_rouge_devant,Situation maîtrisée
45.10,70.4,0.0,SAFE,7,feu_rouge_devant,Situation maîtrisée
45.15,70.4,0.0,SAFE,7,feu_rouge_devant,Situation maîtrisée
45.20,70.4,0.0,SAFE,7,feu_rouge_devant,Situation maîtrisée
45.25,70.4,0.0,SAFE,7,feu_rouge_devant,Situation maîtrisée
45.30,70.4,0.0,SAFE,7,feu_rouge_devant,Situation maîtrisée
45.35,70.4,0.0,SAFE,6,feu_rouge_devant,Situation maîtrisée
45.40,70.4,0.0,SAFE,6,feu_rouge_devant,Situation maîtrisée
45.45,70.4,0.0,SAFE,6,feu_rouge_devant,Situation maîtrisée
45.50,70.4,0.0,SAFE,6,feu_rouge_devant,Situation maîtrisée
45.55,70.4,0.0,SAFE,6,feu_rouge_devant,Situation maîtrisée
45.60,70.4,0.0,SAFE,6,feu_rouge_devant,Situation maîtrisée
45.65,70.4,0.0,SAFE,6,feu_rouge_devant,Situation maîtrisée
45.70,70.4,0.0,SAFE,6,feu_rouge_devant,Situation maîtrisée
45.75,70.4,0.0,SAFE,6,feu_rouge_devant,Situation maîtrisée
45.80,70.4,0.0,SAFE,6,feu_rouge_devant,Situation maîtrisée
45.85,70.4,0.0,SAFE,6,feu_rouge_devant,Situation maîtrisée
45.90,70.4,0.0,SAFE,6,feu_rouge_devant,Situation maîtrisée
45.95,70.4,0.0,SAFE,6,feu_rouge_devant,Situation maîtrisée
46.00,70.4,0.0,SAFE,6,feu_rouge_devant,Situation maîtrisée
46.05,70.4,0.0,SAFE,6,feu_rouge_devant,Situation maîtrisée
46.10,70.4,0.0,SAFE,6,feu_rouge_devant,Situation maîtrisée
46.15,70.4,0.0,SAFE,7,feu_rouge_devant,Situation maîtrisée
46.20,70.4,0.0,SAFE,7,feu_rouge_devant,Situation maîtrisée
46.25,70.4,0.0,SAFE,7,feu_rouge_devant,Situation maîtrisée
46.30,70.4,0.0,SAFE,7,feu_rouge_devant,Situation maîtrisée
46.35,70.4,0.0,SAFE,7,feu_rouge_devant,Situation maîtrisée
46.40,70.4,0.0,SAFE,7,feu_rouge_devant,Situation maîtrisée
46.45,70.4,0.0,SAFE,7,feu_rouge_devant,Situation maîtrisée
46.50,70.4,0.0,SAFE,7,feu_rouge_devant,Situation maîtrisée
46.55,70.4,0.0,SAFE,7,feu_rouge_devant,Situation maîtrisée
46.60,70.4,0.0,SAFE,7,feu_rouge_devant,Situation maîtrisée
46.65,70.4,0.0,SAFE,7,feu_rouge_devant,Situation maîtrisée
46.70,70.4,0.0,SAFE,7,feu_rouge_devant,Situation maîtrisée
46.75,70.4,0.0,SAFE,7,feu_rouge_devant,Situation maîtrisée
46.80,70.4,0.0,SAFE,7,feu_rouge_devant,Situation maîtrisée
46.85,70.4,0.0,SAFE,7,feu_rouge_devant,Situation maîtrisée
46.90,70.4,0.0,SAFE,7,feu_rouge_devant,Situation maîtrisée
46.95,70.4,0.0,SAFE,7,feu_rouge_devant,Situation maîtrisée
47.00,70.4,0.0,SAFE,7,feu_rouge_devant,Situation maîtrisée
47.05,70.4,0.0,SAFE,7,feu_rouge_devant,Situation maîtrisée
47.10,70.4,0.0,SAFE,7,feu_rouge_devant,Situation maîtrisée
47.15,70.4,0.0,SAFE,7,feu_rouge_devant,Situation maîtrisée
47.20,70.4,0.0,SAFE,7,feu_rouge_devant,Situation maîtrisée
47.25,70.4,0.0,SAFE,7,feu_rouge_devant,Situation maîtrisée
47.30,70.4,0.0,SAFE,7,feu_rouge_devant,Situation maîtrisée
47.35,70.4,0.0,SAFE,7,feu_rouge_devant,Situation maîtrisée
47.40,70.4,0.0,SAFE,7,feu_rouge_devant,Situation maîtrisée
47.45,70.4,0.0,SAFE,7,feu_rouge_devant,Situation maîtrisée
47.50,70.4,0.0,SAFE,7,feu_rouge_devant,Situation maîtrisée
47.55,70.4,0.0,SAFE,7,feu_rouge_devant,Situation maîtrisée
47.60,70.4,0.0,SAFE,7,feu_rouge_devant,Situation maîtrisée
47.65,70.4,0.0,SAFE,7,feu_rouge_devant,Situation maîtrisée
47.70,70.4,0.0,SAFE,7,feu_rouge_devant,Situation maîtrisée
47.75,70.4,0.0,SAFE,7,feu_rouge_devant,Situation maîtrisée
47.80,70.4,0.0,SAFE,7,feu_rouge_devant,Situation maîtrisée
47.85,70.4,0.0,SAFE,7,feu_rouge_devant,Situation maîtrisée
47.90,70.4,0.0,SAFE,7,feu_rouge_devant,Situation maîtrisée
47.95,70.4,0.0,SAFE,7,feu_rouge_devant,Situation maîtrisée
48.00,70.4,0.0,SAFE,7,feu_rouge_devant,Situation maîtrisée
48.05,70.4,0.0,SAFE,7,feu_rouge_devant,Situation maîtrisée
48.10,70.4,0.0,SAFE,7,feu_rouge_devant,Situation maîtrisée
48.15,70.4,0.0,SAFE,7,feu_rouge_devant,Situation maîtrisée
48.20,70.4,0.0,SAFE,7,feu_rouge_devant,Situation maîtrisée
48.25,70.4,0.0,SAFE,7,feu_rouge_devant,Situation maîtrisée
48.30,70.4,0.0,SAFE,7,feu_rouge_devant,Situation maîtrisée
48.35,70.4,0.0,SAFE,7,feu_rouge_devant,Situation maîtrisée
48.40,70.4,0.0,SAFE,7,feu_rouge_devant,Situation maîtrisée
48.45,70.4,0.0,SAFE,7,feu_rouge_devant,Situation maîtrisée
48.50,70.4,0.0,SAFE,7,feu_rouge_devant,Situation maîtrisée
48.55,70.4,0.0,SAFE,7,feu_rouge_devant,Situation maîtrisée
48.60,70.4,0.0,SAFE,7,feu_rouge_devant,Situation maîtrisée
48.65,70.4,0.0,SAFE,7,feu_rouge_devant,Situation maîtrisée
48.70,70.4,0.0,SAFE,7,feu_rouge_devant,Situation maîtrisée
48.75,70.4,0.0,SAFE,7,feu_rouge_devant,Situation maîtrisée
48.80,70.4,0.0,SAFE,7,feu_rouge_devant,Situation maîtrisée
48.85,70.4,0.0,SAFE,7,feu_rouge_devant,Situation maîtrisée
48.90,70.4,0.0,SAFE,7,feu_rouge_devant,Situation maîtrisée
48.95,70.4,0.0,SAFE,7,feu_rouge_devant,Situation maîtrisée
49.00,70.4,0.0,SAFE,7,feu_rouge_devant,Situation maîtrisée
49.05,70.4,0.0,SAFE,7,feu_rouge_devant,Situation maîtrisée
49.10,70.4,0.0,SAFE,7,feu_rouge_devant,Situation maîtrisée
49.15,70.4,0.0,SAFE,7,feu_rouge_devant,Situation maîtrisée
49.20,70.4,0.0,SAFE,7,feu_rouge_devant,Situation maîtrisée
49.25,70.4,0.0,SAFE,7,feu_rouge_devant,Situation maîtrisée
49.30,70.4,0.0,SAFE,7,feu_rouge_devant,Situation maîtrisée
49.35,70.4,0.0,SAFE,7,feu_rouge_devant,Situation maîtrisée
49.40,70.4,0.0,SAFE,7,feu_rouge_devant,Situation maîtrisée
49.45,70.4,0.0,SAFE,7,feu_rouge_devant,Situation maîtrisée
49.50,70.4,0.0,SAFE,7,feu_rouge_devant,Situation maîtrisée
49.55,70.4,0.0,SAFE,6,feu_rouge_devant,Situation maîtrisée
49.60,70.4,0.0,SAFE,6,feu_rouge_devant,Situation maîtrisée
49.65,70.4,0.0,SAFE,6,feu_rouge_devant,Situation maîtrisée
49.70,70.4,0.0,SAFE,6,feu_rouge_devant,Situation maîtrisée
49.75,70.4,0.0,SAFE,6,feu_rouge_devant,Situation maîtrisée
49.80,70.4,0.0,SAFE,6,feu_rouge_devant,Situation maîtrisée
49.85,70.4,0.0,SAFE,6,feu_rouge_devant,Situation maîtrisée
49.90,70.4,0.0,SAFE,6,feu_rouge_devant,Situation maîtrisée
49.95,70.4,0.0,SAFE,6,feu_rouge_devant,Situation maîtrisée
50.00,70.4,0.0,SAFE,6,feu_rouge_devant,Situation maîtrisée
50.05,70.4,0.0,SAFE,6,feu_rouge_devant,Situation maîtrisée
50.10,70.4,0.0,SAFE,6,feu_rouge_devant,Situation maîtrisée
50.15,70.4,0.0,SAFE,6,feu_rouge_devant,Situation maîtrisée
50.20,70.4,0.0,SAFE,6,feu_rouge_devant,Situation maîtrisée
50.25,70.4,0.0,SAFE,6,feu_rouge_devant,Situation maîtrisée
50.30,70.4,0.0,SAFE,6,feu_rouge_devant,Situation maîtrisée
50.35,70.4,0.0,SAFE,6,feu_rouge_devant,Situation maîtrisée
50.40,70.4,0.0,SAFE,6,feu_rouge_devant,Situation maîtrisée
50.45,70.4,0.0,SAFE,7,feu_rouge_devant,Situation maîtrisée
50.50,70.4,0.0,SAFE,7,feu_rouge_devant,Situation maîtrisée
50.55,70.4,0.0,SAFE,7,feu_rouge_devant,Situation maîtrisée
50.60,70.4,0.0,SAFE,7,feu_rouge_devant,Situation maîtrisée
50.65,70.4,0.0,SAFE,7,feu_rouge_devant,Situation maîtrisée
50.70,70.4,0.0,SAFE,7,feu_rouge_devant,Situation maîtrisée
50.75,70.4,0.0,SAFE,7,feu_rouge_devant,Situation maîtrisée
50.80,70.4,0.0,SAFE,7,feu_rouge_devant,Situation maîtrisée
50.85,70.4,0.0,SAFE,7,feu_rouge_devant,Situation maîtrisée
50.90,70.4,0.0,SAFE,6,feu_rouge_devant,Situation maîtrisée
50.95,70.4,0.0,SAFE,6,feu_rouge_devant,Situation maîtrisée
51.00,70.4,0.0,SAFE,6,feu_rouge_devant,Situation maîtrisée
51.05,70.4,0.0,SAFE,6,feu_rouge_devant,Situation maîtrisée
51.10,70.4,0.0,SAFE,6,feu_rouge_devant,Situation maîtrisée
51.15,70.4,0.0,SAFE,6,feu_rouge_devant,Situation maîtrisée
51.20,70.4,0.0,SAFE,6,feu_rouge_devant,Situation maîtrisée
51.25,70.4,0.0,SAFE,6,feu_rouge_devant,Situation maîtrisée
51.30,70.4,0.0,SAFE,6,feu_rouge_devant,Situation maîtrisée
51.35,70.4,0.0,SAFE,6,feu_rouge_devant,Situation maîtrisée
51.40,70.4,0.0,SAFE,6,feu_rouge_devant,Situation maîtrisée
51.45,70.4,0.0,SAFE,6,feu_rouge_devant,Situation maîtrisée
51.50,70.4,0.0,SAFE,6,feu_rouge_devant,Situation maîtrisée
51.55,70.4,0.0,SAFE,6,feu_rouge_devant,Situation maîtrisée
51.60,70.4,0.0,SAFE,6,feu_rouge_devant,Situation maîtrisée
51.65,70.4,0.0,SAFE,6,feu_rouge_devant,Situation maîtrisée
51.70,70.4,0.0,SAFE,6,feu_rouge_devant,Situation maîtrisée
51.75,70.4,0.0,SAFE,6,feu_rouge_devant,Situation maîtrisée
51.80,70.4,0.0,SAFE,6,feu_rouge_devant,Situation maîtrisée
51.85,70.4,0.0,SAFE,6,feu_rouge_devant,Situation maîtrisée
51.90,70.4,0.0,SAFE,6,feu_rouge_devant,Situation maîtrisée
51.95,70.4,0.0,SAFE,6,feu_rouge_devant,Situation maîtrisée
52.00,70.4,0.0,SAFE,6,feu_rouge_devant,Situation maîtrisée
52.05,70.4,0.0,SAFE,6,feu_rouge_devant,Situation maîtrisée
52.10,70.4,0.0,SAFE,6,feu_rouge_devant,Situation maîtrisée
52.15,70.4,0.0,SAFE,6,feu_rouge_devant,Situation maîtrisée
52.20,70.4,0.0,SAFE,6,feu_rouge_devant,Situation maîtrisée
52.25,70.4,0.0,SAFE,6,feu_rouge_devant,Situation maîtrisée
52.30,70.4,0.0,SAFE,6,feu_rouge_devant,Situation maîtrisée
52.35,70.4,0.0,SAFE,6,feu_rouge_devant,Situation maîtrisée
52.40,70.4,0.0,SAFE,6,feu_rouge_devant,Situation maîtrisée
52.45,70.4,0.0,SAFE,6,feu_rouge_devant,Situation maîtrisée
52.50,70.4,0.0,SAFE,6,feu_rouge_devant,Situation maîtrisée
52.55,70.4,0.0,SAFE,6,feu_rouge_devant,Situation maîtrisée
52.60,70.4,0.0,SAFE,6,feu_rouge_devant,Situation maîtrisée
52.65,70.4,0.0,SAFE,7,feu_rouge_devant,Situation maîtrisée
52.70,70.4,0.0,SAFE,7,feu_rouge_devant,Situation maîtrisée
52.75,70.4,0.0,SAFE,7,feu_rouge_devant,Situation maîtrisée
52.80,70.4,0.0,SAFE,7,feu_rouge_devant,Situation maîtrisée
52.85,70.4,0.0,SAFE,7,feu_rouge_devant,Situation maîtrisée
52.90,70.4,0.0,SAFE,7,feu_rouge_devant,Situation maîtrisée
52.95,70.4,0.0,SAFE,7,feu_rouge_devant,Situation maîtrisée
53.00,70.4,0.0,SAFE,7,feu_rouge_devant,Situation maîtrisée
53.05,70.4,0.0,SAFE,7,feu_rouge_devant,Situation maîtrisée
53.10,70.4,0.0,SAFE,7,feu_rouge_devant,Situation maîtrisée
53.15,70.4,0.0,SAFE,7,feu_rouge_devant,Situation maîtrisée
53.20,70.4,0.0,SAFE,7,feu_rouge_devant,Situation maîtrisée
53.25,70.4,0.0,SAFE,7,feu_rouge_devant,Situation maîtrisée
53.30,70.4,0.0,SAFE,7,feu_rouge_devant,Situation maîtrisée
53.35,70.4,0.0,SAFE,7,feu_rouge_devant,Situation maîtrisée
53.40,70.4,0.0,SAFE,7,feu_rouge_devant,Situation maîtrisée
53.45,70.4,0.0,SAFE,7,feu_rouge_devant,Situation maîtrisée
53.50,70.4,0.0,SAFE,7,feu_rouge_devant,Situation maîtrisée
53.55,70.4,0.0,SAFE,7,feu_rouge_devant,Situation maîtrisée
53.60,70.4,0.0,SAFE,7,feu_rouge_devant,Situation maîtrisée
53.65,70.4,0.0,SAFE,7,feu_rouge_devant,Situation maîtrisée
53.70,70.4,0.0,SAFE,7,feu_rouge_devant,Situation maîtrisée
53.75,70.4,0.0,SAFE,7,feu_rouge_devant,Situation maîtrisée
53.80,70.4,0.0,SAFE,7,feu_rouge_devant,Situation maîtrisée
53.85,70.4,0.0,SAFE,7,feu_rouge_devant,Situation maîtrisée
53.90,70.4,0.0,SAFE,7,feu_rouge_devant,Situation maîtrisée
53.95,70.4,0.0,SAFE,7,feu_rouge_devant,Situation maîtrisée
54.00,70.4,0.0,SAFE,7,feu_rouge_devant,Situation maîtrisée
54.05,70.4,0.0,SAFE,7,feu_rouge_devant,Situation maîtrisée
54.10,70.4,0.0,SAFE,7,feu_rouge_devant,Situation maîtrisée
54.15,70.4,0.0,SAFE,7,feu_rouge_devant,Situation maîtrisée
54.20,70.4,0.0,SAFE,7,feu_rouge_devant,Situation maîtrisée
54.25,70.4,0.0,SAFE,7,feu_rouge_devant,Situation maîtrisée
54.30,70.4,0.0,SAFE,7,feu_rouge_devant,Situation maîtrisée
54.35,70.4,0.0,SAFE,7,feu_rouge_devant,Situation maîtrisée
54.40,70.4,0.0,SAFE,7,feu_rouge_devant,Situation maîtrisée
54.45,70.4,0.0,SAFE,7,feu_rouge_devant,Situation maîtrisée
54.50,70.4,0.0,SAFE,7,feu_rouge_devant,Situation maîtrisée
54.55,70.4,0.0,SAFE,7,feu_rouge_devant,Situation maîtrisée
54.60,70.4,0.0,SAFE,7,feu_rouge_devant,Situation maîtrisée
54.65,70.4,0.0,SAFE,7,feu_rouge_devant,Situation maîtrisée
54.70,70.4,0.0,SAFE,7,feu_rouge_devant,Situation maîtrisée
54.75,70.4,0.0,SAFE,7,feu_rouge_devant,Situation maîtrisée
54.80,70.4,0.0,SAFE,7,feu_rouge_devant,Situation maîtrisée
54.85,70.4,0.0,SAFE,7,feu_rouge_devant,Situation maîtrisée
54.90,70.4,0.0,SAFE,7,feu_rouge_devant,Situation maîtrisée
54.95,70.4,0.0,SAFE,7,feu_rouge_devant,Situation maîtrisée
55.00,70.4,0.0,SAFE,7,feu_rouge_devant,Situation maîtrisée
55.05,70.4,0.0,SAFE,7,feu_rouge_devant,Situation maîtrisée
55.10,70.4,0.0,SAFE,7,feu_rouge_devant,Situation maîtrisée
55.15,70.4,0.0,SAFE,7,feu_rouge_devant,Situation maîtrisée
55.20,70.4,0.0,SAFE,7,feu_rouge_devant,Situation maîtrisée
55.25,70.4,0.0,SAFE,7,feu_rouge_devant,Situation maîtrisée
55.30,70.4,0.0,SAFE,7,feu_rouge_devant,Situation maîtrisée
55.35,70.4,0.0,SAFE,7,feu_rouge_devant,Situation maîtrisée
55.40,70.4,0.0,SAFE,7,feu_rouge_devant,Situation maîtrisée
55.45,70.4,0.0,SAFE,7,feu_rouge_devant,Situation maîtrisée
55.50,70.4,0.0,SAFE,7,feu_rouge_devant,Situation maîtrisée
55.55,70.4,0.0,SAFE,7,feu_rouge_devant,Situation maîtrisée
55.60,70.4,0.0,SAFE,7,feu_rouge_devant,Situation maîtrisée
55.65,70.4,0.0,SAFE,7,feu_rouge_devant,Situation maîtrisée
55.70,70.4,0.0,SAFE,7,feu_rouge_devant,Situation maîtrisée
55.75,70.4,0.0,SAFE,7,feu_rouge_devant,Situation maîtrisée
55.80,70.4,0.0,SAFE,7,feu_rouge_devant,Situation maîtrisée
55.85,70.4,0.0,SAFE,7,feu_rouge_devant,Situation maîtrisée
55.90,70.4,0.0,SAFE,7,feu_rouge_devant,Situation maîtrisée
55.95,70.4,0.0,SAFE,7,feu_rouge_devant,Situation maîtrisée
56.00,70.4,0.0,SAFE,7,feu_rouge_devant,Situation maîtrisée
56.05,70.4,0.0,SAFE,7,feu_rouge_devant,Situation maîtrisée
56.10,70.4,0.0,SAFE,7,feu_rouge_devant,Situation maîtrisée
56.15,70.4,0.0,SAFE,7,feu_rouge_devant,Situation maîtrisée
56.20,70.4,0.0,SAFE,7,feu_rouge_devant,Situation maîtrisée
56.25,70.4,0.0,SAFE,7,feu_rouge_devant,Situation maîtrisée
56.30,70.4,0.0,SAFE,7,feu_rouge_devant,Situation maîtrisée
56.35,70.4,0.0,SAFE,7,feu_rouge_devant,Situation maîtrisée
56.40,70.4,0.0,SAFE,7,feu_rouge_devant,Situation maîtrisée
56.45,70.4,0.0,SAFE,7,feu_rouge_devant,Situation maîtrisée
56.50,70.4,0.0,SAFE,7,feu_rouge_devant,Situation maîtrisée
56.55,70.4,0.0,SAFE,7,feu_rouge_devant,Situation maîtrisée
56.60,70.4,0.0,SAFE,7,feu_rouge_devant,Situation maîtrisée
56.65,70.4,0.0,SAFE,7,feu_rouge_devant,Situation maîtrisée
56.70,70.4,0.0,SAFE,7,feu_rouge_devant,Situation maîtrisée
56.75,70.4,0.0,SAFE,7,feu_rouge_devant,Situation maîtrisée
56.80,70.4,0.0,SAFE,7,feu_rouge_devant,Situation maîtrisée
56.85,70.4,0.0,SAFE,7,feu_rouge_devant,Situation maîtrisée
56.90,70.4,0.0,SAFE,6,feu_rouge_devant,Situation maîtrisée
56.95,70.4,0.0,SAFE,6,feu_rouge_devant,Situation maîtrisée
57.00,70.4,0.0,SAFE,6,feu_rouge_devant,Situation maîtrisée
57.05,70.4,0.0,SAFE,6,feu_rouge_devant,Situation maîtrisée
57.10,70.4,0.0,SAFE,6,feu_rouge_devant,Situation maîtrisée
57.15,70.4,0.0,SAFE,6,feu_rouge_devant,Situation maîtrisée
57.20,70.4,0.0,SAFE,6,feu_rouge_devant,Situation maîtrisée
57.25,70.4,0.0,SAFE,6,feu_rouge_devant,Situation maîtrisée
57.30,70.4,0.0,SAFE,6,feu_rouge_devant,Situation maîtrisée
57.35,70.4,0.0,SAFE,6,feu_rouge_devant,Situation maîtrisée
57.40,70.4,0.0,SAFE,6,feu_rouge_devant,Situation maîtrisée
57.45,70.4,0.0,SAFE,6,feu_rouge_devant,Situation maîtrisée
57.50,70.4,0.0,SAFE,6,feu_rouge_devant,Situation maîtrisée
57.55,70.4,0.0,SAFE,6,feu_rouge_devant,Situation maîtrisée
57.60,70.4,0.0,SAFE,6,feu_rouge_devant,Situation maîtrisée
57.65,70.4,0.0,SAFE,6,feu_rouge_devant,Situation maîtrisée
57.70,70.4,0.0,SAFE,6,feu_rouge_devant,Situation maîtrisée
57.75,70.4,0.0,SAFE,6,feu_rouge_devant,Situation maîtrisée
57.80,70.4,0.0,SAFE,6,feu_rouge_devant,Situation maîtrisée
57.85,70.4,0.0,SAFE,6,feu_rouge_devant,Situation maîtrisée
57.90,70.4,0.0,SAFE,6,feu_rouge_devant,Situation maîtrisée
57.95,70.4,0.0,SAFE,6,feu_rouge_devant,Situation maîtrisée
58.00,70.4,0.0,SAFE,6,feu_rouge_devant,Situation maîtrisée
58.05,70.4,0.0,SAFE,6,feu_rouge_devant,Situation maîtrisée
58.10,70.4,0.0,SAFE,6,feu_rouge_devant,Situation maîtrisée
58.15,70.4,0.0,SAFE,6,feu_rouge_devant,Situation maîtrisée
58.20,70.4,0.0,SAFE,6,feu_rouge_devant,Situation maîtrisée
58.25,70.4,0.0,SAFE,6,feu_rouge_devant,Situation maîtrisée
58.30,70.4,0.0,SAFE,6,feu_rouge_devant,Situation maîtrisée
58.35,70.4,0.0,SAFE,6,feu_rouge_devant,Situation maîtrisée
58.40,70.4,0.0,SAFE,6,feu_rouge_devant,Situation maîtrisée
58.45,70.4,0.0,SAFE,6,feu_rouge_devant,Situation maîtrisée
58.50,70.4,0.0,SAFE,6,feu_rouge_devant,Situation maîtrisée
58.55,70.4,0.0,SAFE,7,feu_rouge_devant,Situation maîtrisée
58.60,70.4,0.0,SAFE,7,feu_rouge_devant,Situation maîtrisée
58.65,70.4,0.0,SAFE,7,feu_rouge_devant,Situation maîtrisée
58.70,70.4,0.0,SAFE,7,feu_rouge_devant,Situation maîtrisée
58.75,70.4,0.0,SAFE,7,feu_rouge_devant,Situation maîtrisée
58.80,70.4,0.0,SAFE,7,feu_rouge_devant,Situation maîtrisée
58.85,70.4,0.0,SAFE,7,feu_rouge_devant,Situation maîtrisée
58.90,70.4,0.0,SAFE,7,feu_rouge_devant,Situation maîtrisée
58.95,70.4,0.0,SAFE,6,feu_rouge_devant,Situation maîtrisée
59.00,70.4,0.0,SAFE,6,feu_rouge_devant,Situation maîtrisée
59.05,70.4,0.0,SAFE,6,feu_rouge_devant,Situation maîtrisée
59.10,70.4,0.0,SAFE,6,feu_rouge_devant,Situation maîtrisée
59.15,70.4,0.0,SAFE,6,feu_rouge_devant,Situation maîtrisée
59.20,70.4,0.0,SAFE,6,feu_rouge_devant,Situation maîtrisée
59.25,70.4,0.0,SAFE,6,feu_rouge_devant,Situation maîtrisée
59.30,70.4,0.0,SAFE,6,feu_rouge_devant,Situation maîtrisée
59.35,70.4,0.0,SAFE,6,feu_rouge_devant,Situation maîtrisée
59.40,70.4,0.0,SAFE,6,feu_rouge_devant,Situation maîtrisée
59.45,70.4,0.0,SAFE,7,feu_rouge_devant,Situation maîtrisée
59.50,70.4,0.0,SAFE,7,feu_rouge_devant,Situation maîtrisée
59.55,70.4,0.0,SAFE,7,feu_rouge_devant,Situation maîtrisée
59.60,70.4,0.0,SAFE,7,feu_rouge_devant,Situation maîtrisée
59.65,70.4,0.0,SAFE,7,feu_rouge_devant,Situation maîtrisée
59.70,70.4,0.0,SAFE,7,feu_rouge_devant,Situation maîtrisée
59.75,70.4,0.0,SAFE,7,feu_rouge_devant,Situation maîtrisée
59.80,70.4,0.0,SAFE,7,feu_rouge_devant,Situation maîtrisée
59.85,70.4,0.0,SAFE,7,feu_rouge_devant,Situation maîtrisée
59.90,70.4,0.0,SAFE,7,feu_rouge_devant,Situation maîtrisée
59.95,70.4,0.0,SAFE,7,feu_rouge_devant,Situation maîtrisée
60.00,70.4,0.0,SAFE,7,feu_rouge_devant,Situation maîtrisée
60.05,70.4,0.0,SAFE,7,feu_rouge_devant,Situation maîtrisée
60.10,70.4,0.0,SAFE,7,feu_rouge_devant,Situation maîtrisée
60.15,70.4,0.0,SAFE,7,feu_rouge_devant,Situation maîtrisée
60.20,70.4,0.0,SAFE,7,feu_rouge_devant,Situation maîtrisée
60.25,70.4,0.0,SAFE,7,feu_rouge_devant,Situation maîtrisée
60.30,70.4,0.0,SAFE,7,feu_rouge_devant,Situation maîtrisée
60.35,70.4,0.0,SAFE,7,feu_rouge_devant,Situation maîtrisée
60.40,70.4,0.0,SAFE,7,feu_rouge_devant,Situation maîtrisée
60.45,70.4,0.0,SAFE,7,feu_rouge_devant,Situation maîtrisée
60.50,70.4,0.0,SAFE,7,feu_rouge_devant,Situation maîtrisée
60.55,70.4,0.0,SAFE,7,feu_rouge_devant,Situation maîtrisée
60.60,70.4,0.0,SAFE,7,feu_rouge_devant,Situation maîtrisée
60.65,70.4,0.0,SAFE,7,feu_rouge_devant,Situation maîtrisée
60.70,70.4,0.0,SAFE,7,feu_rouge_devant,Situation maîtrisée
60.75,70.4,0.0,SAFE,7,feu_rouge_devant,Situation maîtrisée
60.80,70.4,0.0,SAFE,7,feu_rouge_devant,Situation maîtrisée
60.85,70.4,0.0,SAFE,8,feu_rouge_devant,Situation maîtrisée
60.90,70.4,0.0,SAFE,8,feu_rouge_devant,Situation maîtrisée
60.95,70.4,0.0,SAFE,8,feu_rouge_devant,Situation maîtrisée
61.00,70.4,0.0,SAFE,8,feu_rouge_devant,Situation maîtrisée
61.05,70.4,0.0,SAFE,8,feu_rouge_devant,Situation maîtrisée
61.10,70.4,0.0,SAFE,8,feu_rouge_devant,Situation maîtrisée
61.15,70.4,0.0,SAFE,8,feu_rouge_devant,Situation maîtrisée
61.20,70.4,0.0,SAFE,8,feu_rouge_devant,Situation maîtrisée
61.25,70.4,0.0,SAFE,8,feu_rouge_devant,Situation maîtrisée
61.30,70.4,0.0,SAFE,8,feu_rouge_devant,Situation maîtrisée
61.35,70.4,0.0,SAFE,8,feu_rouge_devant,Situation maîtrisée
61.40,70.4,0.0,SAFE,8,feu_rouge_devant,Situation maîtrisée
61.45,70.4,0.0,SAFE,8,feu_rouge_devant,Situation maîtrisée
61.50,70.4,0.0,SAFE,8,feu_rouge_devant,Situation maîtrisée
61.55,70.4,0.0,SAFE,8,feu_rouge_devant,Situation maîtrisée
61.60,70.4,0.0,SAFE,8,feu_rouge_devant,Situation maîtrisée
61.65,70.4,0.0,SAFE,8,feu_rouge_devant,Situation maîtrisée
61.70,70.4,0.0,SAFE,8,feu_rouge_devant,Situation maîtrisée
61.75,70.4,0.0,SAFE,8,feu_rouge_devant,Situation maîtrisée
61.80,70.4,0.0,SAFE,8,feu_rouge_devant,Situation maîtrisée
61.85,70.4,0.0,SAFE,8,feu_rouge_devant,Situation maîtrisée
61.90,70.4,0.0,SAFE,8,feu_rouge_devant,Situation maîtrisée
61.95,70.4,0.0,SAFE,8,feu_rouge_devant,Situation maîtrisée
62.00,70.4,0.0,SAFE,8,feu_rouge_devant,Situation maîtrisée
62.05,70.4,0.0,SAFE,8,feu_rouge_devant,Situation maîtrisée
62.10,70.4,0.0,SAFE,8,feu_rouge_devant,Situation maîtrisée
62.15,70.4,0.0,SAFE,8,feu_rouge_devant,Situation maîtrisée
62.20,70.4,0.0,SAFE,8,feu_rouge_devant,Situation maîtrisée
62.25,70.4,0.0,SAFE,8,feu_rouge_devant,Situation maîtrisée
62.30,70.4,0.0,SAFE,8,feu_rouge_devant,Situation maîtrisée
62.35,70.4,0.0,SAFE,8,feu_rouge_devant,Situation maîtrisée
62.40,70.4,0.0,SAFE,8,feu_rouge_devant,Situation maîtrisée
62.45,70.4,0.0,SAFE,8,feu_rouge_devant,Situation maîtrisée
62.50,70.4,0.0,SAFE,8,feu_rouge_devant,Situation maîtrisée
62.55,70.4,0.0,SAFE,9,feu_rouge_devant,Situation maîtrisée
62.60,70.4,0.0,SAFE,9,feu_rouge_devant,Situation maîtrisée
62.65,70.4,0.0,SAFE,9,feu_rouge_devant,Situation maîtrisée
62.70,70.4,0.0,SAFE,9,feu_rouge_devant,Situation maîtrisée
62.75,70.4,0.0,SAFE,9,feu_rouge_devant,Situation maîtrisée
62.80,70.4,0.0,SAFE,9,feu_rouge_devant,Situation maîtrisée
62.85,70.4,0.0,SAFE,9,feu_rouge_devant,Situation maîtrisée
62.90,70.4,0.0,SAFE,9,feu_rouge_devant,Situation maîtrisée
62.95,70.4,0.0,SAFE,9,feu_rouge_devant,Situation maîtrisée
63.00,70.4,0.0,SAFE,9,feu_rouge_devant,Situation maîtrisée
63.05,70.4,0.0,SAFE,9,feu_rouge_devant,Situation maîtrisée
63.10,70.4,0.0,SAFE,9,feu_rouge_devant,Situation maîtrisée
63.15,70.4,0.0,SAFE,9,feu_rouge_devant,Situation maîtrisée
63.20,70.4,0.0,SAFE,9,feu_rouge_devant,Situation maîtrisée
63.25,70.4,0.0,SAFE,9,feu_rouge_devant,Situation maîtrisée
63.30,70.4,0.0,SAFE,9,feu_rouge_devant,Situation maîtrisée
63.35,70.4,0.0,SAFE,9,feu_rouge_devant,Situation maîtrisée
63.40,70.4,0.0,SAFE,9,feu_rouge_devant,Situation maîtrisée
63.45,70.4,0.0,SAFE,9,feu_rouge_devant,Situation maîtrisée
63.50,70.4,0.0,SAFE,9,feu_rouge_devant,Situation maîtrisée
63.55,70.4,0.0,SAFE,9,feu_rouge_devant,Situation maîtrisée
63.60,70.4,0.0,SAFE,9,feu_rouge_devant,Situation maîtrisée
63.65,70.4,0.0,SAFE,9,feu_rouge_devant,Situation maîtrisée
63.70,70.4,0.0,SAFE,9,feu_rouge_devant,Situation maîtrisée
63.75,70.4,0.0,SAFE,9,feu_rouge_devant,Situation maîtrisée
63.80,70.4,0.0,SAFE,9,feu_rouge_devant,Situation maîtrisée
63.85,70.4,0.0,SAFE,9,feu_rouge_devant,Situation maîtrisée
63.90,70.4,0.0,SAFE,9,feu_rouge_devant,Situation maîtrisée
63.95,70.4,0.0,SAFE,9,feu_rouge_devant,Situation maîtrisée
64.00,70.4,0.0,SAFE,9,feu_rouge_devant,Situation maîtrisée
64.05,70.4,0.0,SAFE,9,feu_rouge_devant,Situation maîtrisée
64.10,70.4,0.0,SAFE,9,feu_rouge_devant,Situation maîtrisée
64.15,70.4,0.0,SAFE,9,feu_rouge_devant,Situation maîtrisée
64.20,70.4,0.0,SAFE,9,feu_rouge_devant,Situation maîtrisée
64.25,70.4,0.0,SAFE,9,feu_rouge_devant,Situation maîtrisée
64.30,70.4,0.0,SAFE,9,feu_rouge_devant,Situation maîtrisée
64.35,70.4,0.0,SAFE,9,feu_rouge_devant,Situation maîtrisée
64.40,70.4,0.0,SAFE,9,feu_rouge_devant,Situation maîtrisée
64.45,70.4,0.0,SAFE,9,feu_rouge_devant,Situation maîtrisée
64.50,70.4,0.0,SAFE,9,feu_rouge_devant,Situation maîtrisée
64.55,70.4,0.0,SAFE,9,feu_rouge_devant,Situation maîtrisée
64.60,70.4,0.0,SAFE,9,feu_rouge_devant,Situation maîtrisée
64.65,70.4,0.0,SAFE,9,feu_rouge_devant,Situation maîtrisée
64.70,70.4,0.0,SAFE,9,feu_rouge_devant,Situation maîtrisée
64.75,70.4,0.0,SAFE,9,feu_rouge_devant,Situation maîtrisée
64.80,70.4,0.0,SAFE,9,feu_rouge_devant,Situation maîtrisée
64.85,70.4,0.2,SAFE,9,feu_rouge_devant,Situation maîtrisée
64.90,70.4,0.2,SAFE,9,feu_rouge_devant,Situation maîtrisée
64.95,70.4,0.1,CRITICAL,9,moteur:proportionnel,Vigilance — situation à la limite
65.00,70.4,0.0,SAFE,9,,Situation maîtrisée
65.05,70.4,0.4,CRITICAL,9,moteur:proportionnel,Vigilance — situation à la limite
65.10,70.4,0.0,SAFE,9,,Situation maîtrisée
65.15,70.4,0.3,CRITICAL,9,moteur:proportionnel,Vigilance — situation à la limite
65.20,70.4,0.0,SAFE,9,,Situation maîtrisée
65.25,70.4,0.3,CRITICAL,9,moteur:proportionnel,Vigilance — situation à la limite
65.30,70.4,0.0,SAFE,9,,Situation maîtrisée
65.35,70.4,0.3,CRITICAL,9,moteur:proportionnel,Vigilance — situation à la limite
65.40,70.4,0.0,SAFE,9,,Situation maîtrisée
65.45,70.4,0.3,CRITICAL,9,moteur:proportionnel,Vigilance — situation à la limite
65.50,70.4,0.0,SAFE,9,,Situation maîtrisée
65.55,70.4,0.3,CRITICAL,9,moteur:proportionnel,Vigilance — situation à la limite
65.60,70.4,0.0,SAFE,9,,Situation maîtrisée
65.65,70.4,0.3,CRITICAL,9,moteur:proportionnel,Vigilance — situation à la limite
65.70,70.4,0.0,SAFE,9,,Situation maîtrisée
65.75,70.4,0.3,CRITICAL,9,moteur:proportionnel,Vigilance — situation à la limite
65.80,70.4,0.0,SAFE,9,,Situation maîtrisée
65.85,70.4,0.3,CRITICAL,9,moteur:proportionnel,Vigilance — situation à la limite
65.90,70.4,0.0,SAFE,9,,Situation maîtrisée
65.95,70.4,0.3,CRITICAL,8,moteur:proportionnel,Vigilance — situation à la limite
66.00,70.4,0.0,SAFE,8,,Situation maîtrisée
66.05,70.4,0.3,CRITICAL,8,moteur:proportionnel,Vigilance — situation à la limite
66.10,70.4,0.0,SAFE,8,,Situation maîtrisée
66.15,70.4,0.3,CRITICAL,8,moteur:proportionnel,Vigilance — situation à la limite
66.20,70.4,0.0,SAFE,8,,Situation maîtrisée
66.25,70.4,0.3,CRITICAL,8,moteur:proportionnel,Vigilance — situation à la limite
66.30,70.4,0.0,SAFE,8,,Situation maîtrisée
66.35,70.4,0.3,CRITICAL,8,moteur:proportionnel,Vigilance — situation à la limite
66.40,70.4,0.0,SAFE,8,,Situation maîtrisée
66.45,70.4,0.3,CRITICAL,8,moteur:proportionnel,Vigilance — situation à la limite
66.50,70.4,0.0,SAFE,8,,Situation maîtrisée
66.55,70.4,0.3,SAFE,8,,Situation maîtrisée
66.60,70.4,0.0,SAFE,8,,Situation maîtrisée
66.65,70.4,0.6,CRITICAL,9,moteur:proportionnel,Vigilance — situation à la limite
66.70,70.4,0.0,SAFE,10,,Situation maîtrisée
66.75,70.4,0.4,SAFE,10,,Situation maîtrisée
66.80,70.4,0.8,CRITICAL,10,moteur:proportionnel,Vigilance — situation à la limite
66.85,70.4,0.0,SAFE,10,,Situation maîtrisée
66.90,70.4,0.4,SAFE,10,,Situation maîtrisée
66.95,70.4,0.9,SAFE,10,,Situation maîtrisée
67.00,70.4,1.6,SAFE,10,,Situation maîtrisée
67.05,70.5,2.4,SAFE,10,,Situation maîtrisée
67.10,70.5,3.1,SAFE,10,,Situation maîtrisée
67.15,70.6,3.9,SAFE,10,,Situation maîtrisée
67.20,70.6,4.8,SAFE,10,,Situation maîtrisée
67.25,70.7,5.7,SAFE,10,,Situation maîtrisée
67.30,70.8,6.4,SAFE,10,,Situation maîtrisée
67.35,70.9,7.2,SAFE,9,,Situation maîtrisée
67.40,71.0,8.1,SAFE,9,,Situation maîtrisée
67.45,71.1,8.9,SAFE,9,,Situation maîtrisée
67.50,71.2,9.8,SAFE,9,,Situation maîtrisée
67.55,71.4,10.6,SAFE,9,,Situation maîtrisée
67.60,71.5,11.5,WATCH,9,moteur:proportionnel,Ralentissez de 9 km/h  (11 -> 2 km/h)
67.65,71.7,12.1,CRITICAL,9,moteur:proportionnel,FREINEZ de 10 km/h  (12 -> 2 km/h)
67.70,71.9,12.2,CRITICAL,9,moteur:proportionnel,FREINEZ de 10 km/h  (12 -> 2 km/h)
67.75,72.0,11.9,CRITICAL,9,moteur:proportionnel,FREINEZ de 10 km/h  (12 -> 2 km/h)
67.80,72.2,11.4,CRITICAL,9,moteur:proportionnel,FREINEZ de 9 km/h  (11 -> 2 km/h)
67.85,72.4,10.8,CRITICAL,9,moteur:proportionnel,FREINEZ de 8 km/h  (11 -> 2 km/h)
67.90,72.5,10.1,CRITICAL,9,moteur:proportionnel,FREINEZ de 8 km/h  (10 -> 2 km/h)
67.95,72.6,9.4,CRITICAL,9,moteur:proportionnel,FREINEZ de 7 km/h  (9 -> 2 km/h)
68.00,72.8,8.7,CRITICAL,9,moteur:proportionnel,FREINEZ de 6 km/h  (9 -> 3 km/h)
68.05,72.9,8.0,CRITICAL,9,moteur:proportionnel,FREINEZ de 5 km/h  (8 -> 3 km/h)
68.10,73.0,6.9,CRITICAL,9,moteur:proportionnel,FREINEZ de 4 km/h  (7 -> 3 km/h)
68.15,73.0,2.1,SAFE,9,,Situation maîtrisée
68.20,73.0,0.0,SAFE,9,,Situation maîtrisée
68.25,73.0,0.0,SAFE,9,,Situation maîtrisée
68.30,73.0,0.9,SAFE,9,,Situation maîtrisée
68.35,73.1,1.8,SAFE,9,,Situation maîtrisée
68.40,73.1,2.4,SAFE,9,,Situation maîtrisée
68.45,73.1,3.2,WATCH,9,moteur:proportionnel,Vigilance — situation à la limite
68.50,73.2,0.6,SAFE,9,,Situation maîtrisée
68.55,73.2,0.7,SAFE,9,,Situation maîtrisée
68.60,73.2,1.6,SAFE,9,,Situation maîtrisée
68.65,73.2,2.4,SAFE,10,,Situation maîtrisée
68.70,73.3,3.3,WATCH,10,moteur:proportionnel,Ralentissez de 3 km/h  (3 -> 0 km/h)
68.75,73.3,0.0,SAFE,10,,Situation maîtrisée
68.80,73.3,0.7,SAFE,10,,Situation maîtrisée
68.85,73.3,1.7,SAFE,10,,Situation maîtrisée
68.90,73.3,2.2,SAFE,10,,Situation maîtrisée
68.95,73.4,3.1,WATCH,10,moteur:proportionnel,Vigilance — situation à la limite
69.00,73.4,0.6,SAFE,10,,Situation maîtrisée
69.05,73.4,0.7,SAFE,10,,Situation maîtrisée
69.10,73.4,1.7,SAFE,10,,Situation maîtrisée
69.15,73.4,2.6,SAFE,10,,Situation maîtrisée
69.20,73.5,3.4,WATCH,10,moteur:proportionnel,Vigilance — situation à la limite
69.25,73.5,0.6,SAFE,10,,Situation maîtrisée
69.30,73.5,0.7,SAFE,10,,Situation maîtrisée
69.35,73.5,1.7,SAFE,10,,Situation maîtrisée
69.40,73.6,2.4,SAFE,10,,Situation maîtrisée
69.45,73.6,3.3,WATCH,10,moteur:proportionnel,Vigilance — situation à la limite
69.50,73.6,0.0,SAFE,10,,Situation maîtrisée
69.55,73.6,0.7,SAFE,10,,Situation maîtrisée
69.60,73.6,1.7,SAFE,11,,Situation maîtrisée
69.65,73.7,2.4,SAFE,11,,Situation maîtrisée
69.70,73.7,3.3,SAFE,11,,Situation maîtrisée
69.75,73.8,4.1,WATCH,11,moteur:proportionnel,Vigilance — situation à la limite
69.80,73.8,1.8,SAFE,11,,Situation maîtrisée
69.85,73.8,1.2,SAFE,11,,Situation maîtrisée
69.90,73.9,2.2,SAFE,11,,Situation maîtrisée
69.95,73.9,3.0,SAFE,11,,Situation maîtrisée
70.00,73.9,3.9,WATCH,11,moteur:proportionnel,Vigilance — situation à la limite
70.05,74.0,0.7,SAFE,11,,Situation maîtrisée
70.10,74.0,0.7,SAFE,11,,Situation maîtrisée
70.15,74.0,1.8,SAFE,11,,Situation maîtrisée
70.20,74.0,2.7,SAFE,11,,Situation maîtrisée
70.25,74.1,3.5,SAFE,11,,Situation maîtrisée
70.30,74.1,4.5,WATCH,11,moteur:proportionnel,Vigilance — situation à la limite
70.35,74.2,2.3,SAFE,11,,Situation maîtrisée
70.40,74.2,1.4,SAFE,11,,Situation maîtrisée
70.45,74.2,2.5,SAFE,11,,Situation maîtrisée
70.50,74.3,3.4,SAFE,11,,Situation maîtrisée
70.55,74.3,4.2,SAFE,11,,Situation maîtrisée
70.60,74.4,5.1,WATCH,11,moteur:proportionnel,Vigilance — situation à la limite
70.65,74.5,4.9,WATCH,11,moteur:proportionnel,Vigilance — situation à la limite
70.70,74.5,3.6,SAFE,11,,Situation maîtrisée
70.75,74.6,3.2,SAFE,11,,Situation maîtrisée
70.80,74.6,3.7,SAFE,11,,Situation maîtrisée
70.85,74.7,4.2,SAFE,11,,Situation maîtrisée
70.90,74.7,5.0,SAFE,11,,Situation maîtrisée
70.95,74.8,5.7,WATCH,11,moteur:proportionnel,Vigilance — situation à la limite
71.00,74.9,5.4,SAFE,11,,Situation maîtrisée
71.05,74.9,5.2,SAFE,11,,Situation maîtrisée
71.10,75.0,5.9,WATCH,11,moteur:proportionnel,Vigilance — situation à la limite
71.15,75.1,6.5,WATCH,11,moteur:proportionnel,Vigilance — situation à la limite
71.20,75.2,6.9,WATCH,11,moteur:proportionnel,Vigilance — situation à la limite
71.25,75.3,6.8,WATCH,11,moteur:proportionnel,Vigilance — situation à la limite
71.30,75.4,6.8,WATCH,11,moteur:proportionnel,Vigilance — situation à la limite
71.35,75.5,6.5,SAFE,11,,Situation maîtrisée
71.40,75.6,6.5,SAFE,11,,Situation maîtrisée
71.45,75.7,6.5,SAFE,11,,Situation maîtrisée
71.50,75.8,6.9,WATCH,11,moteur:proportionnel,Vigilance — situation à la limite
71.55,75.9,7.2,WATCH,10,moteur:proportionnel,Vigilance — situation à la limite
71.60,76.0,7.5,WATCH,10,moteur:proportionnel,Vigilance — situation à la limite
71.65,76.1,7.4,WATCH,10,moteur:proportionnel,Vigilance — situation à la limite
71.70,76.2,7.3,WATCH,10,moteur:proportionnel,Vigilance — situation à la limite
71.75,76.3,7.0,SAFE,10,,Situation maîtrisée
71.80,76.4,7.0,SAFE,10,,Situation maîtrisée
71.85,76.5,7.0,SAFE,10,,Situation maîtrisée
71.90,76.6,7.4,SAFE,10,,Situation maîtrisée
71.95,76.7,7.9,SAFE,10,,Situation maîtrisée
72.00,76.8,8.6,SAFE,10,,Situation maîtrisée
72.05,76.9,9.3,SAFE,11,,Situation maîtrisée
72.10,77.1,10.2,SAFE,11,,Situation maîtrisée
72.15,77.2,11.0,SAFE,11,,Situation maîtrisée
72.20,77.4,11.7,SAFE,11,,Situation maîtrisée
72.25,77.5,12.4,SAFE,11,,Situation maîtrisée
72.30,77.7,13.1,SAFE,11,,Situation maîtrisée
72.35,77.9,13.8,SAFE,11,,Situation maîtrisée
72.40,78.1,14.4,SAFE,11,,Situation maîtrisée
72.45,78.3,15.0,SAFE,10,,Situation maîtrisée
72.50,78.5,15.5,SAFE,10,,Situation maîtrisée
72.55,78.7,15.9,SAFE,10,,Situation maîtrisée
72.60,79.0,16.4,SAFE,10,,Situation maîtrisée
72.65,79.2,16.8,SAFE,10,,Situation maîtrisée
72.70,79.4,17.1,SAFE,10,,Situation maîtrisée
72.75,79.7,17.5,SAFE,10,,Situation maîtrisée
72.80,79.9,17.8,SAFE,10,,Situation maîtrisée
72.85,80.2,18.1,SAFE,9,,Situation maîtrisée
72.90,80.4,18.3,CRITICAL,9,moteur:proportionnel,FREINEZ de 12 km/h  (18 -> 6 km/h)
72.95,80.7,17.1,SAFE,9,,Situation maîtrisée
73.00,80.9,14.8,SAFE,9,,Situation maîtrisée
73.05,81.1,15.1,SAFE,9,,Situation maîtrisée
73.10,81.3,15.5,SAFE,9,,Situation maîtrisée
73.15,81.5,15.9,DANGER,9,moteur:proportionnel,Ralentissez de 10 km/h  (16 -> 5 km/h)
73.20,81.7,16.1,DANGER,9,moteur:proportionnel,Ralentissez de 11 km/h  (16 -> 6 km/h)
73.25,82.0,15.9,DANGER,9,moteur:proportionnel,Ralentissez de 10 km/h  (16 -> 5 km/h)
73.30,82.2,15.5,DANGER,9,moteur:proportionnel,Ralentissez de 10 km/h  (16 -> 5 km/h)
73.35,82.4,15.0,DANGER,9,moteur:proportionnel,Ralentissez de 10 km/h  (15 -> 5 km/h)
73.40,82.6,14.4,DANGER,9,moteur:proportionnel,Ralentissez de 9 km/h  (14 -> 5 km/h)
73.45,82.8,13.9,DANGER,10,moteur:proportionnel,Ralentissez de 9 km/h  (14 -> 5 km/h)
73.50,83.0,13.3,WATCH,10,moteur:proportionnel,Ralentissez de 8 km/h  (13 -> 5 km/h)
73.55,83.2,12.8,WATCH,10,moteur:proportionnel,Ralentissez de 8 km/h  (13 -> 5 km/h)
73.60,83.3,12.5,WATCH,10,moteur:proportionnel,Ralentissez de 8 km/h  (12 -> 5 km/h)
73.65,83.5,12.1,WATCH,10,moteur:proportionnel,Ralentissez de 8 km/h  (12 -> 5 km/h)
73.70,83.7,11.7,WATCH,9,moteur:proportionnel,Ralentissez de 7 km/h  (12 -> 4 km/h)
73.75,83.8,11.3,WATCH,9,moteur:proportionnel,Ralentissez de 7 km/h  (11 -> 4 km/h)
73.80,84.0,11.0,WATCH,9,moteur:proportionnel,Ralentissez de 7 km/h  (11 -> 4 km/h)
73.85,84.1,10.6,WATCH,9,moteur:proportionnel,Ralentissez de 6 km/h  (11 -> 4 km/h)
73.90,84.3,10.3,WATCH,9,moteur:proportionnel,Ralentissez de 6 km/h  (10 -> 4 km/h)
73.95,84.4,9.9,WATCH,9,moteur:proportionnel,Ralentissez de 6 km/h  (10 -> 4 km/h)
74.00,84.5,9.6,WATCH,9,moteur:proportionnel,Ralentissez de 5 km/h  (10 -> 4 km/h)
74.05,84.7,9.2,WATCH,9,moteur:proportionnel,Ralentissez de 5 km/h  (9 -> 4 km/h)
74.10,84.8,8.9,SAFE,9,,Situation maîtrisée
74.15,84.9,8.7,SAFE,9,,Situation maîtrisée
74.20,85.0,8.7,SAFE,9,,Situation maîtrisée
74.25,85.2,8.9,SAFE,8,,Situation maîtrisée
74.30,85.3,9.4,SAFE,8,,Situation maîtrisée
74.35,85.4,10.0,SAFE,8,,Situation maîtrisée
74.40,85.6,10.7,SAFE,8,,Situation maîtrisée
74.45,85.7,11.4,SAFE,8,,Situation maîtrisée
74.50,85.9,12.2,SAFE,8,,Situation maîtrisée
74.55,86.1,12.8,SAFE,8,,Situation maîtrisée
74.60,86.2,13.5,SAFE,8,,Situation maîtrisée
74.65,86.4,14.1,CRITICAL,8,moteur:proportionnel,FREINEZ de 14 km/h  (14 -> 0 km/h)
74.70,86.6,14.4,CRITICAL,8,moteur:proportionnel,FREINEZ de 14 km/h  (14 -> 0 km/h)
74.75,86.8,14.3,CRITICAL,8,moteur:proportionnel,FREINEZ de 14 km/h  (14 -> 0 km/h)
74.80,87.0,13.9,SAFE,8,,Situation maîtrisée
74.85,87.2,13.4,SAFE,8,,Situation maîtrisée
74.90,87.4,13.4,SAFE,8,,Situation maîtrisée
74.95,87.6,13.6,SAFE,8,,Situation maîtrisée
75.00,87.8,13.9,SAFE,8,,Situation maîtrisée
75.05,88.0,14.3,CRITICAL,8,moteur:proportionnel,FREINEZ de 10 km/h  (14 -> 4 km/h)
75.10,88.2,14.5,CRITICAL,8,moteur:proportionnel,FREINEZ de 10 km/h  (15 -> 4 km/h)
75.15,88.4,14.3,SAFE,8,,Situation maîtrisée
75.20,88.6,14.1,SAFE,8,,Situation maîtrisée
75.25,88.8,14.2,SAFE,8,,Situation maîtrisée
75.30,89.0,14.4,SAFE,8,,Situation maîtrisée
75.35,89.2,14.7,SAFE,8,,Situation maîtrisée
75.40,89.4,14.9,SAFE,9,,Situation maîtrisée
75.45,89.6,15.2,SAFE,9,,Situation maîtrisée
75.50,89.8,15.5,SAFE,9,,Situation maîtrisée
75.55,90.0,15.8,SAFE,9,,Situation maîtrisée
75.60,90.2,16.1,SAFE,9,,Situation maîtrisée
75.65,90.5,16.3,SAFE,9,,Situation maîtrisée
75.70,90.7,16.4,SAFE,9,,Situation maîtrisée
75.75,90.9,16.6,SAFE,10,,Situation maîtrisée
75.80,91.2,16.8,SAFE,10,,Situation maîtrisée
75.85,91.4,16.8,SAFE,11,,Situation maîtrisée
75.90,91.6,16.8,SAFE,11,,Situation maîtrisée
75.95,91.9,16.9,SAFE,11,,Situation maîtrisée
76.00,92.1,17.0,SAFE,11,,Situation maîtrisée
76.05,92.3,17.1,SAFE,11,,Situation maîtrisée
76.10,92.6,17.0,SAFE,11,,Situation maîtrisée
76.15,92.8,16.9,SAFE,11,,Situation maîtrisée
76.20,93.0,16.9,SAFE,11,,Situation maîtrisée
76.25,93.3,17.0,SAFE,10,,Situation maîtrisée
76.30,93.5,17.1,SAFE,10,,Situation maîtrisée
76.35,93.7,17.0,SAFE,10,,Situation maîtrisée
76.40,94.0,16.8,SAFE,9,,Situation maîtrisée
76.45,94.2,16.7,SAFE,8,,Situation maîtrisée
76.50,94.4,16.7,SAFE,7,,Situation maîtrisée
76.55,94.6,16.8,SAFE,6,,Situation maîtrisée
76.60,94.9,16.9,SAFE,6,,Situation maîtrisée
76.65,95.1,16.7,SAFE,6,,Situation maîtrisée
76.70,95.3,16.6,SAFE,6,,Situation maîtrisée
76.75,95.6,16.6,SAFE,6,,Situation maîtrisée
76.80,95.8,16.7,SAFE,6,,Situation maîtrisée
76.85,96.0,16.8,SAFE,6,,Situation maîtrisée
76.90,96.3,16.9,SAFE,6,,Situation maîtrisée
76.95,96.5,17.0,SAFE,6,,Situation maîtrisée
77.00,96.7,17.0,SAFE,6,,Situation maîtrisée
77.05,97.0,17.0,SAFE,6,,Situation maîtrisée
77.10,97.2,17.1,SAFE,6,,Situation maîtrisée
77.15,97.4,17.2,SAFE,6,,Situation maîtrisée
77.20,97.7,17.3,SAFE,6,,Situation maîtrisée
77.25,97.9,17.5,SAFE,6,,Situation maîtrisée
77.30,98.2,17.6,SAFE,6,,Situation maîtrisée
77.35,98.4,17.6,SAFE,6,,Situation maîtrisée
77.40,98.7,17.7,SAFE,6,,Situation maîtrisée
77.45,98.9,17.8,SAFE,6,,Situation maîtrisée
77.50,99.1,17.9,SAFE,6,,Situation maîtrisée
77.55,99.4,18.0,SAFE,6,,Situation maîtrisée
77.60,99.6,18.1,SAFE,6,,Situation maîtrisée
77.65,99.9,18.1,SAFE,6,,Situation maîtrisée
77.70,100.2,18.0,SAFE,6,,Situation maîtrisée
77.75,100.4,18.1,SAFE,6,,Situation maîtrisée
77.80,100.7,18.1,SAFE,6,,Situation maîtrisée
77.85,100.9,18.0,SAFE,6,,Situation maîtrisée
77.90,101.2,18.1,SAFE,6,,Situation maîtrisée
77.95,101.4,17.8,SAFE,6,,Situation maîtrisée
78.00,101.7,18.1,SAFE,6,,Situation maîtrisée
78.05,101.9,18.2,SAFE,6,,Situation maîtrisée
78.10,102.2,18.4,SAFE,6,,Situation maîtrisée
78.15,102.4,18.1,SAFE,6,,Situation maîtrisée
78.20,102.7,18.3,SAFE,6,,Situation maîtrisée
78.25,102.9,18.3,SAFE,6,,Situation maîtrisée
78.30,103.2,18.4,SAFE,6,,Situation maîtrisée
78.35,103.4,18.4,SAFE,6,,Situation maîtrisée
78.40,103.7,18.1,SAFE,6,,Situation maîtrisée
78.45,103.9,18.2,SAFE,6,,Situation maîtrisée
78.50,104.2,18.2,SAFE,6,,Situation maîtrisée
78.55,104.4,18.1,SAFE,6,,Situation maîtrisée
78.60,104.7,18.3,SAFE,6,,Situation maîtrisée
78.65,104.9,18.3,SAFE,6,,Situation maîtrisée
78.70,105.2,18.1,SAFE,6,,Situation maîtrisée
78.75,105.4,18.2,SAFE,6,,Situation maîtrisée
78.80,105.7,18.4,SAFE,6,,Situation maîtrisée
78.85,106.0,18.3,SAFE,5,,Situation maîtrisée
78.90,106.2,18.1,SAFE,5,,Situation maîtrisée
78.95,106.5,18.0,SAFE,5,,Situation maîtrisée
79.00,106.7,18.5,SAFE,5,,Situation maîtrisée
79.05,107.0,18.4,SAFE,5,,Situation maîtrisée
79.10,107.2,18.3,SAFE,5,,Situation maîtrisée
79.15,107.5,18.2,SAFE,5,,Situation maîtrisée
79.20,107.7,18.1,SAFE,5,,Situation maîtrisée
79.25,108.0,18.1,SAFE,5,,Situation maîtrisée
79.30,108.2,18.0,SAFE,5,,Situation maîtrisée
79.35,108.5,18.0,SAFE,5,,Situation maîtrisée
79.40,108.7,18.0,SAFE,5,,Situation maîtrisée
79.45,109.0,18.0,SAFE,5,,Situation maîtrisée
79.50,109.2,18.0,SAFE,5,,Situation maîtrisée
79.55,109.5,18.1,SAFE,5,,Situation maîtrisée
79.60,109.7,18.1,SAFE,5,,Situation maîtrisée
79.65,110.0,18.1,SAFE,5,,Situation maîtrisée
79.70,110.2,18.2,SAFE,5,,Situation maîtrisée
79.75,110.5,18.2,SAFE,5,,Situation maîtrisée
79.80,110.7,18.3,SAFE,5,,Situation maîtrisée
79.85,111.0,18.3,SAFE,5,,Situation maîtrisée
79.90,111.3,18.3,SAFE,5,,Situation maîtrisée
79.95,111.5,18.4,SAFE,5,,Situation maîtrisée
80.00,111.8,18.4,SAFE,5,,Situation maîtrisée
80.05,112.0,18.5,SAFE,5,,Situation maîtrisée
80.10,112.3,18.5,SAFE,5,,Situation maîtrisée
80.15,112.5,18.6,SAFE,5,,Situation maîtrisée
80.20,112.8,18.6,SAFE,5,,Situation maîtrisée
80.25,113.1,18.7,SAFE,5,,Situation maîtrisée
80.30,113.3,18.7,SAFE,5,,Situation maîtrisée
80.35,113.6,18.7,SAFE,5,,Situation maîtrisée
80.40,113.8,18.8,SAFE,5,,Situation maîtrisée
80.45,114.1,18.8,SAFE,5,,Situation maîtrisée
80.50,114.4,18.8,SAFE,5,,Situation maîtrisée
80.55,114.6,18.9,SAFE,4,,Situation maîtrisée
80.60,114.9,18.9,SAFE,4,,Situation maîtrisée
80.65,115.1,18.9,SAFE,4,,Situation maîtrisée
80.70,115.4,19.0,SAFE,4,,Situation maîtrisée
80.75,115.7,19.0,SAFE,4,,Situation maîtrisée
80.80,115.9,19.0,SAFE,4,,Situation maîtrisée
80.85,116.2,19.1,SAFE,4,,Situation maîtrisée
80.90,116.5,19.1,SAFE,4,,Situation maîtrisée
80.95,116.7,19.1,SAFE,4,,Situation maîtrisée
81.00,117.0,19.1,SAFE,4,,Situation maîtrisée
81.05,117.3,19.2,SAFE,4,,Situation maîtrisée
81.10,117.5,19.2,SAFE,4,,Situation maîtrisée
81.15,117.8,19.2,SAFE,4,,Situation maîtrisée
81.20,118.1,19.2,SAFE,4,,Situation maîtrisée
81.25,118.3,19.3,SAFE,4,,Situation maîtrisée
81.30,118.6,19.3,SAFE,4,,Situation maîtrisée
81.35,118.9,19.3,SAFE,4,,Situation maîtrisée
81.40,119.1,19.3,SAFE,4,,Situation maîtrisée
81.45,119.4,19.3,SAFE,4,,Situation maîtrisée
81.50,119.7,19.3,SAFE,4,,Situation maîtrisée
81.55,119.9,19.4,SAFE,4,,Situation maîtrisée
81.60,120.2,19.4,SAFE,4,,Situation maîtrisée
81.65,120.5,19.4,SAFE,4,,Situation maîtrisée
81.70,120.7,19.4,SAFE,4,,Situation maîtrisée
81.75,121.0,19.4,SAFE,4,,Situation maîtrisée
81.80,121.3,19.4,SAFE,4,,Situation maîtrisée
81.85,121.6,19.4,SAFE,4,,Situation maîtrisée
81.90,121.8,19.4,SAFE,4,,Situation maîtrisée
81.95,122.1,19.4,SAFE,4,,Situation maîtrisée
82.00,122.4,19.4,SAFE,3,,Situation maîtrisée
82.05,122.6,19.3,SAFE,3,,Situation maîtrisée
82.10,122.9,19.3,SAFE,3,,Situation maîtrisée
82.15,123.2,19.3,SAFE,3,,Situation maîtrisée
82.20,123.4,19.3,SAFE,3,,Situation maîtrisée
82.25,123.7,19.3,SAFE,3,,Situation maîtrisée
82.30,124.0,19.2,SAFE,3,,Situation maîtrisée
82.35,124.2,19.2,SAFE,3,,Situation maîtrisée
82.40,124.5,19.2,SAFE,3,,Situation maîtrisée
82.45,124.8,19.2,SAFE,3,,Situation maîtrisée
82.50,125.0,19.1,SAFE,3,,Situation maîtrisée
82.55,125.3,19.1,SAFE,3,,Situation maîtrisée
82.60,125.6,19.0,SAFE,3,,Situation maîtrisée
82.65,125.8,19.0,SAFE,3,,Situation maîtrisée
82.70,126.1,18.9,SAFE,3,,Situation maîtrisée
82.75,126.4,18.9,SAFE,3,,Situation maîtrisée
82.80,126.6,18.9,SAFE,3,,Situation maîtrisée
82.85,126.9,18.8,SAFE,3,,Situation maîtrisée
82.90,127.1,18.8,SAFE,3,,Situation maîtrisée
82.95,127.4,18.7,SAFE,3,,Situation maîtrisée
83.00,127.7,18.7,SAFE,3,,Situation maîtrisée
83.05,127.9,18.6,SAFE,3,,Situation maîtrisée
83.10,128.2,18.6,SAFE,3,,Situation maîtrisée
83.15,128.4,18.6,SAFE,3,,Situation maîtrisée
83.20,128.7,18.5,SAFE,3,,Situation maîtrisée
83.25,128.9,18.5,SAFE,3,,Situation maîtrisée
83.30,129.2,18.4,SAFE,3,,Situation maîtrisée
83.35,129.5,18.4,SAFE,3,,Situation maîtrisée
83.40,129.7,18.4,SAFE,2,,Situation maîtrisée
83.45,130.0,18.3,SAFE,2,,Situation maîtrisée
83.50,130.2,18.3,SAFE,2,,Situation maîtrisée
83.55,130.5,18.2,SAFE,2,,Situation maîtrisée
83.60,130.7,18.2,SAFE,2,,Situation maîtrisée
83.65,131.0,18.2,SAFE,2,,Situation maîtrisée
83.70,131.2,18.1,SAFE,2,,Situation maîtrisée
83.75,131.5,18.1,SAFE,2,,Situation maîtrisée
83.80,131.7,18.0,SAFE,2,,Situation maîtrisée
83.85,132.0,18.7,SAFE,2,,Situation maîtrisée
83.90,132.3,18.5,SAFE,2,,Situation maîtrisée
83.95,132.5,18.4,SAFE,2,,Situation maîtrisée
84.00,132.8,18.2,SAFE,2,,Situation maîtrisée
84.05,133.0,18.1,SAFE,2,,Situation maîtrisée
84.10,133.3,18.2,SAFE,2,,Situation maîtrisée
84.15,133.5,18.3,SAFE,2,,Situation maîtrisée
84.20,133.8,18.7,SAFE,2,,Situation maîtrisée
84.25,134.0,18.3,SAFE,2,,Situation maîtrisée
84.30,134.3,18.5,SAFE,2,,Situation maîtrisée
84.35,134.5,18.2,SAFE,2,,Situation maîtrisée
84.40,134.8,18.5,SAFE,2,,Situation maîtrisée
84.45,135.0,18.4,SAFE,2,,Situation maîtrisée
84.50,135.3,18.3,SAFE,2,,Situation maîtrisée
84.55,135.6,18.1,SAFE,2,,Situation maîtrisée
84.60,135.8,18.3,SAFE,2,,Situation maîtrisée
84.65,136.1,18.3,SAFE,2,,Situation maîtrisée
84.70,136.3,18.0,SAFE,2,,Situation maîtrisée
84.75,136.6,18.2,SAFE,2,,Situation maîtrisée
84.80,136.8,18.0,SAFE,2,,Situation maîtrisée
84.85,137.1,18.3,SAFE,2,,Situation maîtrisée
84.90,137.3,18.1,SAFE,2,,Situation maîtrisée
84.95,137.6,18.3,SAFE,2,,Situation maîtrisée
85.00,137.8,18.1,SAFE,2,,Situation maîtrisée
85.05,138.1,18.3,SAFE,2,,Situation maîtrisée
85.10,138.3,18.0,SAFE,2,,Situation maîtrisée
85.15,138.6,18.1,SAFE,2,,Situation maîtrisée
85.20,138.8,18.2,SAFE,2,,Situation maîtrisée
85.25,139.1,18.2,SAFE,2,,Situation maîtrisée
85.30,139.3,18.1,SAFE,2,,Situation maîtrisée
85.35,139.6,18.3,SAFE,2,,Situation maîtrisée
85.40,139.8,18.1,SAFE,2,,Situation maîtrisée
85.45,140.1,18.1,SAFE,2,,Situation maîtrisée
85.50,140.3,18.3,SAFE,2,,Situation maîtrisée
85.55,140.6,18.0,SAFE,2,,Situation maîtrisée
85.60,140.9,18.1,SAFE,2,,Situation maîtrisée
85.65,141.1,18.2,SAFE,2,,Situation maîtrisée
85.70,141.4,18.0,SAFE,2,,Situation maîtrisée
85.75,141.6,18.2,SAFE,2,,Situation maîtrisée
85.80,141.9,18.2,SAFE,2,,Situation maîtrisée
85.85,142.1,18.0,SAFE,2,,Situation maîtrisée
85.90,142.4,18.1,SAFE,2,,Situation maîtrisée
85.95,142.6,18.3,SAFE,2,,Situation maîtrisée
86.00,142.9,18.1,SAFE,2,,Situation maîtrisée
86.05,143.1,18.1,SAFE,2,,Situation maîtrisée
86.10,143.4,18.2,SAFE,2,,Situation maîtrisée
86.15,143.6,18.1,SAFE,2,,Situation maîtrisée
86.20,143.9,18.1,SAFE,2,,Situation maîtrisée
86.25,144.1,18.3,SAFE,2,,Situation maîtrisée
86.30,144.4,18.0,SAFE,2,,Situation maîtrisée
86.35,144.6,18.1,SAFE,2,,Situation maîtrisée
86.40,144.9,18.2,SAFE,2,,Situation maîtrisée
86.45,145.1,18.2,SAFE,2,,Situation maîtrisée
86.50,145.4,18.1,SAFE,2,,Situation maîtrisée
86.55,145.6,18.3,SAFE,2,,Situation maîtrisée
86.60,145.9,18.0,SAFE,2,,Situation maîtrisée
86.65,146.1,18.2,SAFE,2,,Situation maîtrisée
86.70,146.4,18.1,SAFE,2,,Situation maîtrisée
86.75,146.6,18.1,SAFE,2,,Situation maîtrisée
86.80,146.9,18.2,SAFE,2,,Situation maîtrisée
86.85,147.1,18.1,SAFE,2,,Situation maîtrisée
86.90,147.4,18.3,SAFE,2,,Situation maîtrisée
86.95,147.7,18.1,SAFE,3,,Situation maîtrisée
87.00,147.9,18.3,SAFE,3,,Situation maîtrisée
87.05,148.2,18.0,SAFE,3,,Situation maîtrisée
87.10,148.4,18.3,SAFE,3,,Situation maîtrisée
87.15,148.7,18.0,SAFE,3,,Situation maîtrisée
87.20,148.9,18.3,SAFE,3,,Situation maîtrisée
87.25,149.2,18.0,SAFE,3,,Situation maîtrisée
87.30,149.4,18.3,SAFE,3,,Situation maîtrisée
87.35,149.7,18.0,SAFE,3,,Situation maîtrisée
87.40,149.9,18.3,SAFE,3,,Situation maîtrisée
87.45,150.2,18.0,SAFE,3,,Situation maîtrisée
87.50,150.4,18.3,SAFE,3,,Situation maîtrisée
87.55,150.7,18.0,SAFE,3,,Situation maîtrisée
87.60,150.9,18.3,SAFE,3,,Situation maîtrisée
87.65,151.2,18.0,SAFE,3,,Situation maîtrisée
87.70,151.4,18.3,SAFE,3,,Situation maîtrisée
87.75,151.7,18.0,SAFE,3,,Situation maîtrisée
87.80,151.9,18.3,SAFE,3,,Situation maîtrisée
87.85,152.2,18.1,SAFE,3,,Situation maîtrisée
87.90,152.4,18.3,SAFE,3,,Situation maîtrisée
87.95,152.7,18.1,SAFE,3,,Situation maîtrisée
88.00,152.9,18.3,SAFE,3,,Situation maîtrisée
88.05,153.2,18.2,SAFE,3,,Situation maîtrisée
88.10,153.5,18.2,SAFE,3,,Situation maîtrisée
88.15,153.7,18.1,SAFE,3,,Situation maîtrisée
88.20,154.0,18.3,SAFE,3,,Situation maîtrisée
88.25,154.2,18.3,SAFE,3,,Situation maîtrisée
88.30,154.5,18.0,SAFE,3,,Situation maîtrisée
88.35,154.7,18.3,SAFE,3,,Situation maîtrisée
88.40,155.0,18.1,SAFE,3,,Situation maîtrisée
88.45,155.2,18.2,SAFE,3,,Situation maîtrisée
88.50,155.5,18.2,SAFE,3,,Situation maîtrisée
88.55,155.7,18.0,SAFE,3,,Situation maîtrisée
88.60,156.0,18.4,SAFE,3,,Situation maîtrisée
88.65,156.2,18.2,SAFE,3,,Situation maîtrisée
88.70,156.5,18.2,SAFE,3,,Situation maîtrisée
88.75,156.7,18.3,SAFE,3,,Situation maîtrisée
88.80,157.0,18.1,SAFE,3,,Situation maîtrisée
88.85,157.2,18.4,SAFE,3,,Situation maîtrisée
88.90,157.5,18.2,SAFE,3,,Situation maîtrisée
88.95,157.7,18.2,SAFE,3,,Situation maîtrisée
89.00,158.0,18.3,SAFE,3,,Situation maîtrisée
89.05,158.3,18.1,CRITICAL,3,moteur:proportionnel,FREINEZ de 10 km/h  (18 -> 8 km/h)
89.10,158.5,18.1,CRITICAL,3,moteur:proportionnel,FREINEZ de 10 km/h  (18 -> 8 km/h)
89.15,158.8,17.2,CRITICAL,3,moteur:proportionnel,FREINEZ de 9 km/h  (17 -> 8 km/h)
89.20,159.0,15.0,CRITICAL,3,moteur:proportionnel,FREINEZ de 7 km/h  (15 -> 8 km/h)
89.25,159.2,12.7,DANGER,3,moteur:proportionnel,Ralentissez de 4 km/h  (13 -> 8 km/h)
89.30,159.3,10.5,WATCH,3,moteur:proportionnel,Ralentissez de 2 km/h  (10 -> 8 km/h)
89.35,159.4,8.3,WATCH,3,moteur:proportionnel,Vigilance — situation à la limite
89.40,159.5,6.1,SAFE,3,,Situation maîtrisée
89.45,159.6,4.8,SAFE,3,,Situation maîtrisée
89.50,159.7,5.4,SAFE,3,,Situation maîtrisée
89.55,159.8,5.7,SAFE,3,,Situation maîtrisée
89.60,159.8,6.6,SAFE,3,,Situation maîtrisée
89.65,159.9,7.3,SAFE,3,,Situation maîtrisée
89.70,160.1,8.2,WATCH,3,moteur:proportionnel,Vigilance — situation à la limite
89.75,160.2,8.6,WATCH,3,moteur:proportionnel,Ralentissez de 1 km/h  (9 -> 7 km/h)
89.80,160.3,8.9,WATCH,3,moteur:proportionnel,Ralentissez de 2 km/h  (9 -> 7 km/h)
89.85,160.4,8.8,WATCH,3,moteur:proportionnel,Ralentissez de 2 km/h  (9 -> 7 km/h)
89.90,160.5,8.8,WATCH,3,moteur:proportionnel,Ralentissez de 2 km/h  (9 -> 7 km/h)
89.95,160.7,8.4,WATCH,4,moteur:proportionnel,Ralentissez de 4 km/h  (8 -> 4 km/h)
90.00,160.8,8.3,WATCH,4,moteur:proportionnel,Ralentissez de 4 km/h  (8 -> 4 km/h)
90.05,160.9,7.8,WATCH,4,moteur:proportionnel,Ralentissez de 3 km/h  (8 -> 4 km/h)
90.10,161.0,7.7,WATCH,4,moteur:proportionnel,Ralentissez de 3 km/h  (8 -> 5 km/h)
90.15,161.1,7.2,WATCH,4,moteur:proportionnel,Ralentissez de 2 km/h  (7 -> 5 km/h)
90.20,161.2,7.0,WATCH,4,moteur:proportionnel,Ralentissez de 2 km/h  (7 -> 5 km/h)
90.25,161.3,6.6,WATCH,5,moteur:proportionnel,Ralentissez de 2 km/h  (7 -> 5 km/h)
90.30,161.4,3.4,SAFE,5,,Situation maîtrisée
90.35,161.4,1.7,SAFE,5,,Situation maîtrisée
90.40,161.4,2.2,SAFE,5,,Situation maîtrisée
90.45,161.4,2.8,SAFE,5,,Situation maîtrisée
90.50,161.5,3.5,WATCH,5,moteur:proportionnel,Vigilance — situation à la limite
90.55,161.5,0.0,SAFE,5,,Situation maîtrisée
90.60,161.5,0.8,SAFE,5,,Situation maîtrisée
90.65,161.5,1.5,SAFE,5,,Situation maîtrisée
90.70,161.6,2.4,WATCH,5,moteur:proportionnel,Vigilance — situation à la limite
90.75,161.6,0.0,SAFE,5,,Situation maîtrisée
90.80,161.6,0.7,SAFE,5,,Situation maîtrisée
90.85,161.6,1.4,WATCH,5,moteur:proportionnel,Vigilance — situation à la limite
90.90,161.6,0.0,SAFE,5,,Situation maîtrisée
90.95,161.6,0.4,WATCH,5,moteur:proportionnel,Vigilance — situation à la limite
91.00,161.6,0.0,SAFE,5,,Situation maîtrisée
91.05,161.6,0.4,WATCH,5,moteur:proportionnel,FREINEZ — conflit non évitable par la seule vitesse
91.10,161.6,0.0,WATCH,5,moteur:proportionnel,FREINEZ — conflit non évitable par la seule vitesse
91.15,161.6,0.0,WATCH,5,moteur:proportionnel,FREINEZ — conflit non évitable par la seule vitesse
91.20,161.6,0.0,WATCH,5,moteur:proportionnel,FREINEZ — conflit non évitable par la seule vitesse
91.25,161.6,0.0,WATCH,5,moteur:proportionnel,FREINEZ — conflit non évitable par la seule vitesse
91.30,161.6,0.0,WATCH,5,moteur:proportionnel,FREINEZ — conflit non évitable par la seule vitesse
91.35,161.6,0.0,WATCH,5,moteur:proportionnel,FREINEZ — conflit non évitable par la seule vitesse
91.40,161.6,0.0,WATCH,5,moteur:proportionnel,FREINEZ — conflit non évitable par la seule vitesse
91.45,161.6,0.0,WATCH,5,moteur:proportionnel,FREINEZ — conflit non évitable par la seule vitesse
91.50,161.6,0.0,WATCH,5,moteur:proportionnel,FREINEZ — conflit non évitable par la seule vitesse
91.55,161.6,0.0,WATCH,5,moteur:proportionnel,FREINEZ — conflit non évitable par la seule vitesse
91.60,161.6,0.0,WATCH,5,moteur:proportionnel,FREINEZ — conflit non évitable par la seule vitesse
91.65,161.6,0.0,WATCH,5,moteur:proportionnel,FREINEZ — conflit non évitable par la seule vitesse
91.70,161.6,0.0,CRITICAL,5,moteur:proportionnel,FREINEZ — conflit non évitable par la seule vitesse
91.75,161.6,0.0,CRITICAL,5,moteur:proportionnel,FREINEZ — conflit non évitable par la seule vitesse
91.80,161.6,0.0,CRITICAL,5,moteur:proportionnel,FREINEZ — conflit non évitable par la seule vitesse
91.85,161.6,0.0,CRITICAL,5,moteur:proportionnel,FREINEZ — conflit non évitable par la seule vitesse
91.90,161.6,0.0,CRITICAL,5,moteur:proportionnel,FREINEZ — conflit non évitable par la seule vitesse
91.95,161.6,0.0,CRITICAL,5,moteur:proportionnel,FREINEZ — conflit non évitable par la seule vitesse
92.00,161.6,0.0,CRITICAL,5,moteur:proportionnel,FREINEZ — conflit non évitable par la seule vitesse
92.05,161.6,0.0,CRITICAL,5,moteur:proportionnel,FREINEZ — conflit non évitable par la seule vitesse
92.10,161.6,0.0,CRITICAL,5,moteur:proportionnel,FREINEZ — conflit non évitable par la seule vitesse
92.15,161.6,0.0,CRITICAL,5,moteur:proportionnel,FREINEZ — conflit non évitable par la seule vitesse
92.20,161.6,0.0,CRITICAL,5,moteur:proportionnel,FREINEZ — conflit non évitable par la seule vitesse
92.25,161.6,0.0,CRITICAL,5,moteur:proportionnel,FREINEZ — conflit non évitable par la seule vitesse
92.30,161.6,0.0,CRITICAL,5,moteur:proportionnel,FREINEZ — conflit non évitable par la seule vitesse
92.35,161.6,0.0,CRITICAL,5,moteur:proportionnel,FREINEZ — conflit non évitable par la seule vitesse
92.40,161.6,0.0,CRITICAL,5,moteur:proportionnel,FREINEZ — conflit non évitable par la seule vitesse
92.45,161.6,0.0,CRITICAL,5,moteur:proportionnel,FREINEZ — conflit non évitable par la seule vitesse
92.50,161.6,0.0,CRITICAL,5,moteur:proportionnel,FREINEZ — conflit non évitable par la seule vitesse
92.55,161.6,0.0,CRITICAL,5,moteur:proportionnel,FREINEZ — conflit non évitable par la seule vitesse
92.60,161.6,0.0,CRITICAL,5,moteur:proportionnel,FREINEZ — conflit non évitable par la seule vitesse
92.65,161.6,0.0,CRITICAL,5,moteur:proportionnel,FREINEZ — conflit non évitable par la seule vitesse
92.70,161.6,0.0,CRITICAL,5,moteur:proportionnel,FREINEZ — conflit non évitable par la seule vitesse
92.75,161.6,0.0,CRITICAL,5,moteur:proportionnel,FREINEZ — conflit non évitable par la seule vitesse
92.80,161.6,0.0,CRITICAL,5,moteur:proportionnel,FREINEZ — conflit non évitable par la seule vitesse
92.85,161.6,0.0,CRITICAL,5,moteur:proportionnel,FREINEZ — conflit non évitable par la seule vitesse
92.90,161.6,0.0,CRITICAL,5,moteur:proportionnel,FREINEZ — conflit non évitable par la seule vitesse
92.95,161.6,0.0,CRITICAL,5,moteur:proportionnel,FREINEZ — conflit non évitable par la seule vitesse
93.00,161.6,0.0,CRITICAL,5,moteur:proportionnel,FREINEZ — conflit non évitable par la seule vitesse
93.05,161.6,0.0,CRITICAL,5,moteur:proportionnel,FREINEZ — conflit non évitable par la seule vitesse
93.10,161.6,0.0,CRITICAL,5,moteur:proportionnel,FREINEZ — conflit non évitable par la seule vitesse
93.15,161.6,0.0,DANGER,5,moteur:proportionnel,FREINEZ — conflit non évitable par la seule vitesse
93.20,161.6,0.0,CRITICAL,5,moteur:proportionnel,FREINEZ — conflit non évitable par la seule vitesse
93.25,161.6,0.0,CRITICAL,5,moteur:proportionnel,FREINEZ — conflit non évitable par la seule vitesse
93.30,161.6,0.0,CRITICAL,5,moteur:proportionnel,FREINEZ — conflit non évitable par la seule vitesse
93.35,161.6,0.0,CRITICAL,5,moteur:proportionnel,FREINEZ — conflit non évitable par la seule vitesse
93.40,161.6,0.0,CRITICAL,5,moteur:proportionnel,FREINEZ — conflit non évitable par la seule vitesse
93.45,161.6,0.0,CRITICAL,5,moteur:proportionnel,FREINEZ — conflit non évitable par la seule vitesse
93.50,161.6,0.0,CRITICAL,5,moteur:proportionnel,FREINEZ — conflit non évitable par la seule vitesse
93.55,161.6,0.0,CRITICAL,5,moteur:proportionnel,FREINEZ — conflit non évitable par la seule vitesse
93.60,161.6,0.0,CRITICAL,5,moteur:proportionnel,FREINEZ — conflit non évitable par la seule vitesse
93.65,161.6,0.0,CRITICAL,5,moteur:proportionnel,FREINEZ — conflit non évitable par la seule vitesse
93.70,161.6,0.0,DANGER,5,moteur:proportionnel,FREINEZ — conflit non évitable par la seule vitesse
93.75,161.6,0.0,DANGER,5,moteur:proportionnel,FREINEZ — conflit non évitable par la seule vitesse
93.80,161.6,0.0,DANGER,5,moteur:proportionnel,FREINEZ — conflit non évitable par la seule vitesse
93.85,161.6,0.0,WATCH,5,moteur:proportionnel,FREINEZ — conflit non évitable par la seule vitesse
93.90,161.6,0.0,WATCH,5,moteur:proportionnel,FREINEZ — conflit non évitable par la seule vitesse
93.95,161.6,0.0,DANGER,5,moteur:proportionnel,FREINEZ — conflit non évitable par la seule vitesse
94.00,161.6,0.0,DANGER,5,moteur:proportionnel,FREINEZ — conflit non évitable par la seule vitesse
94.05,161.6,0.0,DANGER,5,moteur:proportionnel,FREINEZ — conflit non évitable par la seule vitesse
94.10,161.6,0.0,DANGER,5,moteur:proportionnel,FREINEZ — conflit non évitable par la seule vitesse
94.15,161.6,0.0,WATCH,5,moteur:proportionnel,FREINEZ — conflit non évitable par la seule vitesse
94.20,161.6,0.0,WATCH,5,moteur:proportionnel,FREINEZ — conflit non évitable par la seule vitesse
94.25,161.6,0.0,WATCH,5,moteur:proportionnel,FREINEZ — conflit non évitable par la seule vitesse
94.30,161.6,0.0,WATCH,5,moteur:proportionnel,FREINEZ — conflit non évitable par la seule vitesse
94.35,161.6,0.0,WATCH,5,moteur:proportionnel,FREINEZ — conflit non évitable par la seule vitesse
94.40,161.6,0.0,WATCH,5,moteur:proportionnel,FREINEZ — conflit non évitable par la seule vitesse
94.45,161.6,0.0,WATCH,5,moteur:proportionnel,FREINEZ — conflit non évitable par la seule vitesse
94.50,161.6,0.0,WATCH,4,moteur:proportionnel,FREINEZ — conflit non évitable par la seule vitesse
94.55,161.6,0.0,WATCH,4,moteur:proportionnel,FREINEZ — conflit non évitable par la seule vitesse
94.60,161.6,0.0,WATCH,4,moteur:proportionnel,FREINEZ — conflit non évitable par la seule vitesse
94.65,161.6,0.0,WATCH,4,moteur:proportionnel,FREINEZ — conflit non évitable par la seule vitesse
94.70,161.6,0.0,WATCH,4,moteur:proportionnel,FREINEZ — conflit non évitable par la seule vitesse
94.75,161.6,0.0,CRITICAL,4,moteur:proportionnel,FREINEZ — conflit non évitable par la seule vitesse
94.80,161.6,0.0,CRITICAL,4,moteur:proportionnel,FREINEZ — conflit non évitable par la seule vitesse
94.85,161.6,0.0,CRITICAL,4,moteur:proportionnel,FREINEZ — conflit non évitable par la seule vitesse
94.90,161.6,0.0,CRITICAL,4,moteur:proportionnel,FREINEZ — conflit non évitable par la seule vitesse
94.95,161.6,0.0,CRITICAL,4,moteur:proportionnel,FREINEZ — conflit non évitable par la seule vitesse
95.00,161.6,0.0,CRITICAL,4,moteur:proportionnel,FREINEZ — conflit non évitable par la seule vitesse
95.05,161.6,0.0,CRITICAL,4,moteur:proportionnel,FREINEZ — conflit non évitable par la seule vitesse
95.10,161.6,0.0,CRITICAL,4,moteur:proportionnel,FREINEZ — conflit non évitable par la seule vitesse
95.15,161.6,0.0,CRITICAL,4,moteur:proportionnel,FREINEZ — conflit non évitable par la seule vitesse
95.20,161.6,0.0,CRITICAL,4,moteur:proportionnel,FREINEZ — conflit non évitable par la seule vitesse
95.25,161.6,0.0,DANGER,4,moteur:proportionnel,FREINEZ — conflit non évitable par la seule vitesse
95.30,161.6,0.0,CRITICAL,4,moteur:proportionnel,FREINEZ — conflit non évitable par la seule vitesse
95.35,161.6,0.0,CRITICAL,4,moteur:proportionnel,FREINEZ — conflit non évitable par la seule vitesse
95.40,161.6,0.0,CRITICAL,4,moteur:proportionnel,FREINEZ — conflit non évitable par la seule vitesse
95.45,161.6,0.0,CRITICAL,4,moteur:proportionnel,FREINEZ — conflit non évitable par la seule vitesse
95.50,161.6,0.0,CRITICAL,4,moteur:proportionnel,FREINEZ — conflit non évitable par la seule vitesse
95.55,161.6,0.0,CRITICAL,4,moteur:proportionnel,FREINEZ — conflit non évitable par la seule vitesse
95.60,161.6,0.0,CRITICAL,4,moteur:proportionnel,FREINEZ — conflit non évitable par la seule vitesse
95.65,161.6,0.0,CRITICAL,4,moteur:proportionnel,FREINEZ — conflit non évitable par la seule vitesse
95.70,161.6,0.0,CRITICAL,4,moteur:proportionnel,FREINEZ — conflit non évitable par la seule vitesse
95.75,161.6,0.0,CRITICAL,4,moteur:proportionnel,FREINEZ — conflit non évitable par la seule vitesse
95.80,161.6,0.0,CRITICAL,4,moteur:proportionnel,FREINEZ — conflit non évitable par la seule vitesse
95.85,161.6,0.0,CRITICAL,4,moteur:proportionnel,FREINEZ — conflit non évitable par la seule vitesse
95.90,161.6,0.0,CRITICAL,4,moteur:proportionnel,FREINEZ — conflit non évitable par la seule vitesse
95.95,161.6,0.0,CRITICAL,4,moteur:proportionnel,FREINEZ — conflit non évitable par la seule vitesse
96.00,161.6,0.0,CRITICAL,4,moteur:proportionnel,FREINEZ — conflit non évitable par la seule vitesse
96.05,161.6,0.0,CRITICAL,4,moteur:proportionnel,FREINEZ — conflit non évitable par la seule vitesse
96.10,161.6,0.0,CRITICAL,4,moteur:proportionnel,FREINEZ — conflit non évitable par la seule vitesse
96.15,161.6,0.0,CRITICAL,4,moteur:proportionnel,FREINEZ — conflit non évitable par la seule vitesse
96.20,161.6,0.0,CRITICAL,4,moteur:proportionnel,FREINEZ — conflit non évitable par la seule vitesse
96.25,161.6,0.0,CRITICAL,4,moteur:proportionnel,FREINEZ — conflit non évitable par la seule vitesse
96.30,161.6,0.0,CRITICAL,4,moteur:proportionnel,FREINEZ — conflit non évitable par la seule vitesse
96.35,161.6,0.0,CRITICAL,4,moteur:proportionnel,FREINEZ — conflit non évitable par la seule vitesse
96.40,161.6,0.0,DANGER,4,moteur:proportionnel,FREINEZ — conflit non évitable par la seule vitesse
96.45,161.6,0.0,DANGER,4,moteur:proportionnel,FREINEZ — conflit non évitable par la seule vitesse
96.50,161.6,0.0,DANGER,4,moteur:proportionnel,FREINEZ — conflit non évitable par la seule vitesse
96.55,161.6,0.0,WATCH,4,moteur:proportionnel,FREINEZ — conflit non évitable par la seule vitesse
96.60,161.6,0.0,DANGER,4,moteur:proportionnel,FREINEZ — conflit non évitable par la seule vitesse
96.65,161.6,0.0,DANGER,4,moteur:proportionnel,FREINEZ — conflit non évitable par la seule vitesse
96.70,161.6,0.0,DANGER,4,moteur:proportionnel,FREINEZ — conflit non évitable par la seule vitesse
96.75,161.6,0.0,DANGER,4,moteur:proportionnel,FREINEZ — conflit non évitable par la seule vitesse
96.80,161.6,0.0,WATCH,4,moteur:proportionnel,FREINEZ — conflit non évitable par la seule vitesse
96.85,161.6,0.0,WATCH,4,moteur:proportionnel,FREINEZ — conflit non évitable par la seule vitesse
96.90,161.6,0.0,WATCH,4,moteur:proportionnel,FREINEZ — conflit non évitable par la seule vitesse
96.95,161.6,0.0,WATCH,4,moteur:proportionnel,FREINEZ — conflit non évitable par la seule vitesse
97.00,161.6,0.0,WATCH,4,moteur:proportionnel,FREINEZ — conflit non évitable par la seule vitesse
97.05,161.6,0.0,WATCH,4,moteur:proportionnel,FREINEZ — conflit non évitable par la seule vitesse
97.10,161.6,0.0,WATCH,4,moteur:proportionnel,FREINEZ — conflit non évitable par la seule vitesse
97.15,161.6,0.0,WATCH,4,moteur:proportionnel,FREINEZ — conflit non évitable par la seule vitesse
97.20,161.6,0.0,WATCH,4,moteur:proportionnel,FREINEZ — conflit non évitable par la seule vitesse
97.25,161.6,0.0,SAFE,3,,Situation maîtrisée
97.30,161.6,0.0,SAFE,3,,Situation maîtrisée
97.35,161.6,0.0,SAFE,3,,Situation maîtrisée
97.40,161.6,0.3,SAFE,3,,Situation maîtrisée
97.45,161.6,0.7,SAFE,3,,Situation maîtrisée
97.50,161.6,1.5,SAFE,3,,Situation maîtrisée
97.55,161.6,2.2,SAFE,3,,Situation maîtrisée
97.60,161.7,2.8,SAFE,3,,Situation maîtrisée
97.65,161.7,3.7,SAFE,3,,Situation maîtrisée
97.70,161.8,4.3,SAFE,3,,Situation maîtrisée
97.75,161.9,5.3,SAFE,2,,Situation maîtrisée
97.80,161.9,6.0,SAFE,2,,Situation maîtrisée
97.85,162.0,6.8,SAFE,2,,Situation maîtrisée
97.90,162.1,7.8,SAFE,2,,Situation maîtrisée
97.95,162.2,8.5,SAFE,2,,Situation maîtrisée
98.00,162.4,9.4,SAFE,2,,Situation maîtrisée
98.05,162.5,10.2,SAFE,2,,Situation maîtrisée
98.10,162.7,11.0,SAFE,2,,Situation maîtrisée
98.15,162.8,11.8,SAFE,2,,Situation maîtrisée
98.20,163.0,12.5,SAFE,2,,Situation maîtrisée
98.25,163.2,13.1,SAFE,2,,Situation maîtrisée
98.30,163.3,13.8,SAFE,2,,Situation maîtrisée
98.35,163.5,14.3,SAFE,2,,Situation maîtrisée
98.40,163.7,14.8,SAFE,2,,Situation maîtrisée
98.45,164.0,15.3,SAFE,2,,Situation maîtrisée
98.50,164.2,15.7,SAFE,2,,Situation maîtrisée
98.55,164.4,16.1,SAFE,2,,Situation maîtrisée
98.60,164.6,16.4,SAFE,2,,Situation maîtrisée
98.65,164.8,16.8,SAFE,2,,Situation maîtrisée
98.70,165.1,17.1,SAFE,2,,Situation maîtrisée
98.75,165.3,17.4,SAFE,2,,Situation maîtrisée
98.80,165.6,17.6,SAFE,2,,Situation maîtrisée
98.85,165.8,17.9,SAFE,2,,Situation maîtrisée
98.90,166.1,18.1,SAFE,2,,Situation maîtrisée
98.95,166.3,18.3,SAFE,2,,Situation maîtrisée
99.00,166.6,18.1,SAFE,2,,Situation maîtrisée
99.05,166.8,18.3,SAFE,2,,Situation maîtrisée
99.10,167.1,18.1,SAFE,2,,Situation maîtrisée
99.15,167.3,18.3,SAFE,2,,Situation maîtrisée
99.20,167.6,18.5,SAFE,2,,Situation maîtrisée
99.25,167.8,18.2,SAFE,2,,Situation maîtrisée
99.30,168.1,18.5,SAFE,2,,Situation maîtrisée
99.35,168.3,18.2,SAFE,2,,Situation maîtrisée
99.40,168.6,18.6,WATCH,2,moteur:proportionnel,Vigilance — situation à la limite
99.45,168.9,18.3,WATCH,2,moteur:proportionnel,Vigilance — situation à la limite
99.50,169.1,17.2,SAFE,2,,Situation maîtrisée
99.55,169.3,16.8,SAFE,2,,Situation maîtrisée
99.60,169.6,17.0,SAFE,3,,Situation maîtrisée
99.65,169.8,17.3,SAFE,3,,Situation maîtrisée
99.70,170.1,17.6,WATCH,3,moteur:proportionnel,Vigilance — situation à la limite
99.75,170.3,17.6,WATCH,3,moteur:proportionnel,Vigilance — situation à la limite
99.80,170.5,17.5,WATCH,3,moteur:proportionnel,Vigilance — situation à la limite
99.85,170.8,17.1,WATCH,3,moteur:proportionnel,Vigilance — situation à la limite
99.90,171.0,16.7,WATCH,3,moteur:proportionnel,Vigilance — situation à la limite
99.95,171.2,16.3,WATCH,3,moteur:proportionnel,Vigilance — situation à la limite
100.00,171.5,15.9,WATCH,3,moteur:proportionnel,Vigilance — situation à la limite
100.05,171.7,15.4,SAFE,3,,Situation maîtrisée
100.10,171.9,15.1,SAFE,3,,Situation maîtrisée
100.15,172.1,15.1,SAFE,3,,Situation maîtrisée
100.20,172.3,15.2,WATCH,3,moteur:proportionnel,Vigilance — situation à la limite
100.25,172.5,15.3,WATCH,3,moteur:proportionnel,Vigilance — situation à la limite
100.30,172.7,15.1,WATCH,3,moteur:proportionnel,Vigilance — situation à la limite
100.35,173.0,14.9,WATCH,3,moteur:proportionnel,Vigilance — situation à la limite
100.40,173.2,14.5,WATCH,3,moteur:proportionnel,Vigilance — situation à la limite
100.45,173.4,14.1,SAFE,3,,Situation maîtrisée
100.50,173.5,13.9,SAFE,3,,Situation maîtrisée
100.55,173.7,13.8,WATCH,3,moteur:proportionnel,Vigilance — situation à la limite
100.60,173.9,13.8,WATCH,3,moteur:proportionnel,Vigilance — situation à la limite
100.65,174.1,13.7,WATCH,3,moteur:proportionnel,Vigilance — situation à la limite
100.70,174.3,13.4,WATCH,3,moteur:proportionnel,Vigilance — situation à la limite
100.75,174.5,13.1,SAFE,3,,Situation maîtrisée
100.80,174.7,12.8,SAFE,3,,Situation maîtrisée
100.85,174.9,12.8,WATCH,3,moteur:proportionnel,Vigilance — situation à la limite
100.90,175.0,12.9,WATCH,3,moteur:proportionnel,Vigilance — situation à la limite
100.95,175.2,12.8,WATCH,3,moteur:proportionnel,Vigilance — situation à la limite
101.00,175.4,12.5,WATCH,3,moteur:proportionnel,Vigilance — situation à la limite
101.05,175.6,12.2,WATCH,3,moteur:proportionnel,Vigilance — situation à la limite
101.10,175.7,11.8,SAFE,3,,Situation maîtrisée
101.15,175.9,11.6,SAFE,3,,Situation maîtrisée
101.20,176.0,11.6,SAFE,3,,Situation maîtrisée
101.25,176.2,11.8,WATCH,3,moteur:proportionnel,Vigilance — situation à la limite
101.30,176.4,12.0,WATCH,3,moteur:proportionnel,Vigilance — situation à la limite
101.35,176.5,12.1,WATCH,3,moteur:proportionnel,Ralentissez de 1 km/h  (12 -> 11 km/h)
101.40,176.7,11.9,WATCH,3,moteur:proportionnel,Vigilance — situation à la limite
101.45,176.9,11.6,WATCH,3,moteur:proportionnel,Vigilance — situation à la limite
101.50,177.0,11.3,WATCH,3,moteur:proportionnel,Vigilance — situation à la limite
101.55,177.2,11.0,WATCH,3,suivi_vehicule_arrete,Vigilance — situation à la limite
101.60,177.3,10.6,WATCH,3,suivi_vehicule_arrete,Vigilance — situation à la limite
101.65,177.5,10.3,SAFE,3,suivi_vehicule_arrete,Situation maîtrisée
101.70,177.6,9.8,SAFE,3,suivi_vehicule_arrete,Situation maîtrisée
101.75,177.7,9.3,SAFE,3,suivi_vehicule_arrete,Situation maîtrisée
101.80,177.9,8.6,SAFE,3,suivi_vehicule_arrete,Situation maîtrisée
101.85,178.0,7.9,SAFE,3,suivi_vehicule_arrete,Situation maîtrisée
101.90,178.1,6.6,SAFE,3,suivi_vehicule_arrete,Situation maîtrisée
101.95,178.1,2.0,SAFE,3,suivi_vehicule_arrete,Situation maîtrisée
102.00,178.1,0.0,SAFE,3,suivi_vehicule_arrete,Situation maîtrisée
102.05,178.1,0.0,SAFE,3,suivi_vehicule_arrete,Situation maîtrisée
102.10,178.1,0.0,SAFE,3,suivi_vehicule_arrete,Situation maîtrisée
102.15,178.1,0.0,SAFE,3,suivi_vehicule_arrete,Situation maîtrisée
102.20,178.1,0.0,SAFE,3,suivi_vehicule_arrete,Situation maîtrisée
102.25,178.1,0.0,SAFE,3,suivi_vehicule_arrete,Situation maîtrisée
102.30,178.1,0.0,SAFE,3,suivi_vehicule_arrete,Situation maîtrisée
102.35,178.1,0.0,SAFE,3,suivi_vehicule_arrete,Situation maîtrisée
102.40,178.1,0.0,SAFE,3,suivi_vehicule_arrete,Situation maîtrisée
102.45,178.1,0.0,SAFE,3,suivi_vehicule_arrete,Situation maîtrisée
102.50,178.1,0.0,SAFE,3,suivi_vehicule_arrete,Situation maîtrisée
102.55,178.1,0.0,SAFE,3,suivi_vehicule_arrete,Situation maîtrisée
102.60,178.1,0.0,SAFE,3,suivi_vehicule_arrete,Situation maîtrisée
102.65,178.1,0.0,SAFE,3,suivi_vehicule_arrete,Situation maîtrisée
102.70,178.1,0.0,SAFE,3,suivi_vehicule_arrete,Situation maîtrisée
102.75,178.1,0.0,SAFE,3,suivi_vehicule_arrete,Situation maîtrisée
102.80,178.1,0.0,SAFE,3,suivi_vehicule_arrete,Situation maîtrisée
102.85,178.1,0.0,SAFE,3,suivi_vehicule_arrete,Situation maîtrisée
102.90,178.1,0.0,SAFE,3,suivi_vehicule_arrete,Situation maîtrisée
102.95,178.1,0.0,SAFE,3,suivi_vehicule_arrete,Situation maîtrisée
103.00,178.1,0.0,SAFE,3,suivi_vehicule_arrete,Situation maîtrisée
103.05,178.1,0.0,SAFE,3,suivi_vehicule_arrete,Situation maîtrisée
103.10,178.1,0.0,SAFE,3,suivi_vehicule_arrete,Situation maîtrisée
103.15,178.1,0.0,SAFE,3,suivi_vehicule_arrete,Situation maîtrisée
103.20,178.1,0.0,SAFE,3,suivi_vehicule_arrete,Situation maîtrisée
103.25,178.1,0.0,SAFE,3,suivi_vehicule_arrete,Situation maîtrisée
103.30,178.1,0.0,SAFE,3,suivi_vehicule_arrete,Situation maîtrisée
103.35,178.1,0.0,SAFE,3,suivi_vehicule_arrete,Situation maîtrisée
103.40,178.1,0.0,WATCH,3,suivi_vehicule_arrete,FREINEZ — conflit non évitable par la seule vitesse
103.45,178.1,0.0,WATCH,3,suivi_vehicule_arrete,FREINEZ — conflit non évitable par la seule vitesse
103.50,178.1,0.0,WATCH,3,suivi_vehicule_arrete,FREINEZ — conflit non évitable par la seule vitesse
103.55,178.1,0.0,WATCH,3,suivi_vehicule_arrete,FREINEZ — conflit non évitable par la seule vitesse
103.60,178.1,0.0,WATCH,3,suivi_vehicule_arrete,FREINEZ — conflit non évitable par la seule vitesse
103.65,178.1,0.0,WATCH,3,suivi_vehicule_arrete,FREINEZ — conflit non évitable par la seule vitesse
103.70,178.1,0.0,WATCH,3,suivi_vehicule_arrete,FREINEZ — conflit non évitable par la seule vitesse
103.75,178.1,0.0,WATCH,3,suivi_vehicule_arrete,FREINEZ — conflit non évitable par la seule vitesse
103.80,178.1,0.0,WATCH,3,suivi_vehicule_arrete,FREINEZ — conflit non évitable par la seule vitesse
103.85,178.1,0.0,WATCH,3,suivi_vehicule_arrete,FREINEZ — conflit non évitable par la seule vitesse
103.90,178.1,0.0,CRITICAL,3,suivi_vehicule_arrete,FREINEZ — conflit non évitable par la seule vitesse
103.95,178.1,0.0,CRITICAL,3,suivi_vehicule_arrete,FREINEZ — conflit non évitable par la seule vitesse
104.00,178.1,0.0,CRITICAL,3,suivi_vehicule_arrete,FREINEZ — conflit non évitable par la seule vitesse
104.05,178.1,0.0,CRITICAL,3,suivi_vehicule_arrete,FREINEZ — conflit non évitable par la seule vitesse
104.10,178.1,0.0,CRITICAL,3,suivi_vehicule_arrete,FREINEZ — conflit non évitable par la seule vitesse
104.15,178.1,0.0,CRITICAL,3,suivi_vehicule_arrete,FREINEZ — conflit non évitable par la seule vitesse
104.20,178.1,0.0,CRITICAL,3,suivi_vehicule_arrete,FREINEZ — conflit non évitable par la seule vitesse
104.25,178.1,0.0,CRITICAL,3,suivi_vehicule_arrete,FREINEZ — conflit non évitable par la seule vitesse
104.30,178.1,0.0,CRITICAL,3,suivi_vehicule_arrete,FREINEZ — conflit non évitable par la seule vitesse
104.35,178.1,0.0,WATCH,3,suivi_vehicule_arrete,FREINEZ — conflit non évitable par la seule vitesse
104.40,178.1,0.0,WATCH,3,suivi_vehicule_arrete,FREINEZ — conflit non évitable par la seule vitesse
104.45,178.1,0.0,SAFE,3,suivi_vehicule_arrete,Situation maîtrisée
104.50,178.1,0.0,SAFE,3,suivi_vehicule_arrete,Situation maîtrisée
104.55,178.1,0.0,SAFE,3,suivi_vehicule_arrete,Situation maîtrisée
104.60,178.1,0.0,SAFE,3,suivi_vehicule_arrete,Situation maîtrisée
104.65,178.1,0.0,SAFE,3,suivi_vehicule_arrete,Situation maîtrisée
104.70,178.1,0.0,SAFE,3,suivi_vehicule_arrete,Situation maîtrisée
104.75,178.1,0.0,SAFE,3,suivi_vehicule_arrete,Situation maîtrisée
104.80,178.1,0.0,SAFE,3,suivi_vehicule_arrete,Situation maîtrisée
104.85,178.1,0.0,SAFE,3,suivi_vehicule_arrete,Situation maîtrisée
104.90,178.1,0.0,SAFE,3,suivi_vehicule_arrete,Situation maîtrisée
104.95,178.1,0.0,SAFE,3,suivi_vehicule_arrete,Situation maîtrisée
105.00,178.1,0.0,SAFE,3,suivi_vehicule_arrete,Situation maîtrisée
105.05,178.1,0.0,SAFE,3,suivi_vehicule_arrete,Situation maîtrisée
105.10,178.1,0.0,SAFE,3,suivi_vehicule_arrete,Situation maîtrisée
105.15,178.1,0.0,SAFE,3,,Situation maîtrisée
105.20,178.1,0.1,SAFE,3,,Situation maîtrisée
105.25,178.2,0.2,CRITICAL,3,moteur:proportionnel,Vigilance — situation à la limite
105.30,178.2,0.0,SAFE,3,,Situation maîtrisée
105.35,178.2,0.4,CRITICAL,3,moteur:proportionnel,Vigilance — situation à la limite
105.40,178.2,0.0,SAFE,3,,Situation maîtrisée
105.45,178.2,0.3,CRITICAL,3,moteur:proportionnel,Vigilance — situation à la limite
105.50,178.2,0.0,SAFE,3,,Situation maîtrisée
105.55,178.2,0.3,CRITICAL,3,moteur:proportionnel,Vigilance — situation à la limite
105.60,178.2,0.0,SAFE,3,,Situation maîtrisée
105.65,178.2,0.3,SAFE,3,,Situation maîtrisée
105.70,178.2,0.0,SAFE,3,,Situation maîtrisée
105.75,178.2,0.6,CRITICAL,3,moteur:proportionnel,Vigilance — situation à la limite
105.80,178.2,0.0,SAFE,3,,Situation maîtrisée
105.85,178.2,0.4,SAFE,3,,Situation maîtrisée
105.90,178.2,0.7,CRITICAL,3,moteur:proportionnel,Vigilance — situation à la limite
105.95,178.2,0.0,WATCH,3,moteur:proportionnel,FREINEZ — conflit non évitable par la seule vitesse
106.00,178.2,0.0,WATCH,3,moteur:proportionnel,FREINEZ — conflit non évitable par la seule vitesse
106.05,178.2,0.0,WATCH,3,moteur:proportionnel,FREINEZ — conflit non évitable par la seule vitesse
106.10,178.2,0.0,WATCH,3,moteur:proportionnel,FREINEZ — conflit non évitable par la seule vitesse
106.15,178.2,0.0,WATCH,3,moteur:proportionnel,FREINEZ — conflit non évitable par la seule vitesse
106.20,178.2,0.0,WATCH,3,moteur:proportionnel,FREINEZ — conflit non évitable par la seule vitesse
106.25,178.2,0.0,WATCH,3,moteur:proportionnel,FREINEZ — conflit non évitable par la seule vitesse
106.30,178.2,0.0,WATCH,3,moteur:proportionnel,FREINEZ — conflit non évitable par la seule vitesse
106.35,178.2,0.0,WATCH,3,moteur:proportionnel,FREINEZ — conflit non évitable par la seule vitesse
106.40,178.2,0.0,WATCH,3,moteur:proportionnel,FREINEZ — conflit non évitable par la seule vitesse
106.45,178.2,0.0,WATCH,3,moteur:proportionnel,FREINEZ — conflit non évitable par la seule vitesse
106.50,178.2,0.0,WATCH,3,moteur:proportionnel,FREINEZ — conflit non évitable par la seule vitesse
106.55,178.2,0.0,SAFE,2,,Situation maîtrisée
106.60,178.2,0.0,SAFE,2,,Situation maîtrisée
106.65,178.2,0.0,SAFE,2,,Situation maîtrisée
106.70,178.2,0.3,SAFE,2,,Situation maîtrisée
106.75,178.2,0.7,SAFE,2,,Situation maîtrisée
106.80,178.2,1.3,SAFE,2,,Situation maîtrisée
106.85,178.2,2.1,SAFE,2,,Situation maîtrisée
106.90,178.3,2.7,SAFE,2,,Situation maîtrisée
106.95,178.3,3.6,SAFE,2,,Situation maîtrisée
107.00,178.4,4.4,SAFE,2,,Situation maîtrisée
107.05,178.4,5.2,SAFE,2,,Situation maîtrisée
107.10,178.5,6.1,SAFE,2,,Situation maîtrisée
107.15,178.6,6.9,SAFE,2,,Situation maîtrisée
107.20,178.7,7.7,SAFE,2,,Situation maîtrisée
107.25,178.8,8.5,SAFE,2,,Situation maîtrisée
107.30,178.9,9.3,SAFE,2,,Situation maîtrisée
107.35,179.1,10.1,SAFE,2,,Situation maîtrisée
107.40,179.2,11.0,SAFE,2,,Situation maîtrisée
107.45,179.4,11.7,SAFE,2,,Situation maîtrisée
107.50,179.6,12.5,SAFE,2,,Situation maîtrisée
107.55,179.7,13.2,SAFE,2,,Situation maîtrisée
107.60,179.9,13.9,SAFE,2,,Situation maîtrisée
107.65,180.1,14.4,SAFE,2,,Situation maîtrisée
107.70,180.3,15.0,SAFE,2,,Situation maîtrisée
107.75,180.5,15.5,SAFE,2,,Situation maîtrisée
107.80,180.8,15.9,SAFE,2,,Situation maîtrisée
107.85,181.0,16.3,SAFE,2,,Situation maîtrisée
107.90,181.2,16.7,SAFE,2,,Situation maîtrisée
107.95,181.4,17.1,SAFE,2,,Situation maîtrisée
108.00,181.7,17.4,SAFE,2,,Situation maîtrisée
108.05,181.9,17.7,SAFE,2,,Situation maîtrisée
108.10,182.2,18.0,SAFE,2,,Situation maîtrisée
108.15,182.4,18.2,SAFE,2,,Situation maîtrisée
108.20,182.7,18.3,SAFE,2,,Situation maîtrisée
108.25,182.9,18.0,SAFE,2,,Situation maîtrisée
108.30,183.2,18.3,SAFE,2,,Situation maîtrisée
108.35,183.4,18.1,SAFE,2,,Situation maîtrisée
108.40,183.7,18.2,SAFE,2,,Situation maîtrisée
108.45,183.9,18.2,SAFE,2,,Situation maîtrisée
108.50,184.2,18.7,SAFE,2,,Situation maîtrisée
108.55,184.5,18.4,SAFE,2,,Situation maîtrisée
108.60,184.7,18.7,SAFE,2,,Situation maîtrisée
108.65,185.0,18.4,SAFE,2,,Situation maîtrisée
108.70,185.2,19.0,SAFE,2,,Situation maîtrisée
108.75,185.5,18.7,SAFE,2,,Situation maîtrisée
108.80,185.8,19.1,SAFE,2,,Situation maîtrisée
108.85,186.0,18.8,SAFE,2,,Situation maîtrisée
108.90,186.3,19.4,SAFE,2,,Situation maîtrisée
108.95,186.6,19.1,SAFE,2,,Situation maîtrisée
109.00,186.8,19.5,SAFE,2,,Situation maîtrisée
109.05,187.1,19.2,SAFE,2,,Situation maîtrisée
109.10,187.4,19.8,SAFE,2,,Situation maîtrisée
109.15,187.6,19.6,SAFE,2,,Situation maîtrisée
109.20,187.9,19.9,SAFE,2,,Situation maîtrisée
109.25,188.2,19.6,SAFE,2,,Situation maîtrisée
109.30,188.5,20.1,SAFE,2,,Situation maîtrisée
109.35,188.7,19.8,SAFE,2,,Situation maîtrisée
109.40,189.0,20.1,SAFE,2,,Situation maîtrisée
109.45,189.3,19.7,SAFE,2,,Situation maîtrisée
109.50,189.6,20.2,SAFE,2,,Situation maîtrisée
109.55,189.9,19.9,SAFE,2,,Situation maîtrisée
109.60,190.1,20.2,SAFE,2,,Situation maîtrisée
109.65,190.4,19.8,SAFE,2,,Situation maîtrisée
109.70,190.7,20.3,SAFE,2,,Situation maîtrisée
109.75,191.0,20.0,SAFE,2,,Situation maîtrisée
109.80,191.2,20.2,SAFE,2,,Situation maîtrisée
109.85,191.5,19.9,SAFE,2,,Situation maîtrisée
109.90,191.8,20.3,SAFE,2,,Situation maîtrisée
109.95,192.1,20.0,SAFE,2,,Situation maîtrisée
110.00,192.4,20.3,SAFE,2,,Situation maîtrisée
110.05,192.6,19.9,SAFE,2,,Situation maîtrisée
110.10,192.9,20.3,SAFE,2,,Situation maîtrisée
110.15,193.2,20.1,SAFE,2,,Situation maîtrisée
110.20,193.5,20.3,SAFE,2,,Situation maîtrisée
110.25,193.8,19.9,SAFE,2,,Situation maîtrisée
110.30,194.0,20.4,SAFE,2,,Situation maîtrisée
110.35,194.3,20.1,SAFE,2,,Situation maîtrisée
110.40,194.6,20.3,SAFE,2,,Situation maîtrisée
110.45,194.9,19.9,SAFE,2,,Situation maîtrisée
110.50,195.2,20.4,SAFE,2,,Situation maîtrisée
110.55,195.4,20.1,SAFE,2,,Situation maîtrisée
110.60,195.7,20.3,SAFE,2,,Situation maîtrisée
110.65,196.0,20.0,SAFE,2,,Situation maîtrisée
110.70,196.3,20.4,SAFE,2,,Situation maîtrisée
110.75,196.6,20.1,SAFE,2,,Situation maîtrisée
110.80,196.8,20.3,SAFE,2,,Situation maîtrisée
110.85,197.1,20.0,SAFE,2,,Situation maîtrisée
110.90,197.4,20.4,SAFE,2,,Situation maîtrisée
110.95,197.7,20.1,SAFE,2,,Situation maîtrisée
111.00,198.0,20.3,SAFE,2,,Situation maîtrisée
111.05,198.2,20.0,SAFE,2,,Situation maîtrisée
111.10,198.5,20.4,SAFE,2,,Situation maîtrisée
111.15,198.8,20.1,SAFE,2,,Situation maîtrisée
111.20,199.1,20.3,SAFE,2,,Situation maîtrisée
111.25,199.4,20.0,SAFE,2,,Situation maîtrisée
111.30,199.7,20.4,SAFE,2,,Situation maîtrisée
111.35,199.9,20.1,SAFE,2,,Situation maîtrisée
111.40,200.2,20.3,SAFE,2,,Situation maîtrisée
111.45,200.5,20.0,SAFE,3,,Situation maîtrisée
111.50,200.8,20.4,SAFE,3,,Situation maîtrisée
111.55,201.1,20.1,SAFE,3,,Situation maîtrisée
111.60,201.3,20.3,SAFE,3,,Situation maîtrisée
111.65,201.6,20.0,SAFE,3,,Situation maîtrisée
111.70,201.9,20.4,SAFE,3,,Situation maîtrisée
111.75,202.2,20.1,SAFE,3,,Situation maîtrisée
111.80,202.5,20.3,SAFE,3,,Situation maîtrisée
111.85,202.7,20.0,SAFE,3,,Situation maîtrisée
111.90,203.0,20.4,SAFE,3,,Situation maîtrisée
111.95,203.3,20.1,SAFE,3,,Situation maîtrisée
112.00,203.6,20.3,SAFE,3,,Situation maîtrisée
112.05,203.9,20.0,SAFE,3,,Situation maîtrisée
112.10,204.1,20.4,SAFE,3,,Situation maîtrisée
112.15,204.4,20.1,SAFE,3,,Situation maîtrisée
112.20,204.7,20.3,SAFE,3,,Situation maîtrisée
112.25,205.0,20.0,SAFE,3,,Situation maîtrisée
112.30,205.3,20.4,SAFE,3,,Situation maîtrisée
112.35,205.5,20.1,SAFE,3,,Situation maîtrisée
112.40,205.8,20.3,SAFE,3,,Situation maîtrisée
112.45,206.1,20.0,SAFE,3,,Situation maîtrisée
112.50,206.4,20.4,SAFE,3,,Situation maîtrisée
112.55,206.7,20.1,SAFE,3,,Situation maîtrisée
112.60,206.9,20.3,SAFE,3,,Situation maîtrisée
112.65,207.2,20.0,SAFE,3,,Situation maîtrisée
112.70,207.5,20.4,SAFE,3,,Situation maîtrisée
112.75,207.8,20.1,SAFE,3,,Situation maîtrisée
112.80,208.1,20.3,SAFE,3,,Situation maîtrisée
112.85,208.3,20.0,SAFE,3,,Situation maîtrisée
112.90,208.6,20.4,SAFE,3,,Situation maîtrisée
112.95,208.9,20.1,SAFE,3,,Situation maîtrisée
113.00,209.2,20.3,SAFE,3,,Situation maîtrisée
113.05,209.5,20.0,SAFE,3,,Situation maîtrisée
113.10,209.8,20.4,SAFE,3,,Situation maîtrisée
113.15,210.0,20.1,SAFE,3,,Situation maîtrisée
113.20,210.3,20.3,SAFE,3,,Situation maîtrisée
113.25,210.6,20.0,SAFE,3,,Situation maîtrisée
113.30,210.9,20.4,SAFE,3,,Situation maîtrisée
113.35,211.2,20.1,SAFE,3,,Situation maîtrisée
113.40,211.4,20.3,SAFE,2,,Situation maîtrisée
113.45,211.7,20.0,SAFE,2,,Situation maîtrisée
113.50,212.0,20.4,SAFE,2,,Situation maîtrisée
113.55,212.3,20.1,SAFE,2,,Situation maîtrisée
113.60,212.6,20.4,SAFE,2,,Situation maîtrisée
113.65,212.8,20.0,SAFE,2,,Situation maîtrisée
113.70,213.1,20.4,SAFE,2,,Situation maîtrisée
113.75,213.4,20.1,SAFE,2,,Situation maîtrisée
113.80,213.7,20.4,SAFE,2,,Situation maîtrisée
113.85,214.0,20.0,SAFE,2,,Situation maîtrisée
113.90,214.2,20.4,SAFE,2,,Situation maîtrisée
113.95,214.5,20.1,SAFE,2,,Situation maîtrisée
114.00,214.8,20.4,SAFE,2,,Situation maîtrisée
114.05,215.1,20.0,SAFE,2,,Situation maîtrisée
114.10,215.4,20.4,SAFE,2,,Situation maîtrisée
114.15,215.6,20.1,SAFE,2,,Situation maîtrisée
114.20,215.9,20.4,SAFE,2,,Situation maîtrisée
114.25,216.2,20.0,SAFE,2,,Situation maîtrisée
114.30,216.5,20.4,SAFE,2,,Situation maîtrisée
114.35,216.8,20.1,SAFE,2,,Situation maîtrisée
114.40,217.0,20.4,SAFE,2,,Situation maîtrisée
114.45,217.3,20.0,SAFE,2,,Situation maîtrisée
114.50,217.6,20.4,SAFE,2,,Situation maîtrisée
114.55,217.9,20.1,SAFE,2,,Situation maîtrisée
114.60,218.2,20.4,SAFE,2,,Situation maîtrisée
114.65,218.5,20.0,SAFE,2,,Situation maîtrisée
114.70,218.7,20.4,SAFE,2,,Situation maîtrisée
114.75,219.0,20.1,SAFE,2,,Situation maîtrisée
114.80,219.3,20.4,SAFE,2,,Situation maîtrisée
114.85,219.6,20.0,SAFE,2,,Situation maîtrisée
114.90,219.9,20.4,SAFE,2,,Situation maîtrisée
114.95,220.1,20.1,SAFE,2,,Situation maîtrisée
115.00,220.4,20.4,SAFE,2,,Situation maîtrisée
115.05,220.7,20.0,SAFE,2,,Situation maîtrisée
115.10,221.0,20.4,SAFE,2,,Situation maîtrisée
115.15,221.3,20.1,SAFE,2,,Situation maîtrisée
115.20,221.5,20.4,SAFE,2,,Situation maîtrisée
115.25,221.8,20.0,SAFE,2,,Situation maîtrisée
115.30,222.1,20.4,SAFE,2,,Situation maîtrisée
115.35,222.4,20.1,SAFE,2,,Situation maîtrisée
115.40,222.7,20.4,SAFE,2,,Situation maîtrisée
115.45,222.9,20.0,SAFE,2,,Situation maîtrisée
115.50,223.2,20.4,SAFE,2,,Situation maîtrisée
115.55,223.5,20.1,SAFE,2,,Situation maîtrisée
115.60,223.8,20.4,SAFE,2,,Situation maîtrisée
115.65,224.1,20.0,SAFE,2,,Situation maîtrisée
115.70,224.3,20.4,SAFE,2,,Situation maîtrisée
115.75,224.6,20.1,SAFE,2,,Situation maîtrisée
115.80,224.9,20.4,SAFE,2,,Situation maîtrisée
115.85,225.2,20.0,SAFE,2,,Situation maîtrisée
115.90,225.5,20.4,SAFE,2,,Situation maîtrisée
115.95,225.8,20.1,SAFE,2,,Situation maîtrisée
116.00,226.0,20.4,SAFE,2,,Situation maîtrisée
116.05,226.3,20.0,SAFE,2,,Situation maîtrisée
116.10,226.6,20.4,SAFE,2,,Situation maîtrisée
116.15,226.9,20.1,SAFE,2,,Situation maîtrisée
116.20,227.2,20.4,SAFE,3,,Situation maîtrisée
116.25,227.4,20.0,SAFE,3,,Situation maîtrisée
116.30,227.7,20.4,SAFE,3,,Situation maîtrisée
116.35,228.0,20.1,SAFE,3,,Situation maîtrisée
116.40,228.3,20.4,SAFE,3,,Situation maîtrisée
116.45,228.6,20.0,SAFE,3,,Situation maîtrisée
116.50,228.8,20.4,SAFE,3,,Situation maîtrisée
116.55,229.1,20.1,SAFE,3,,Situation maîtrisée
116.60,229.4,20.4,SAFE,3,,Situation maîtrisée
116.65,229.7,20.0,SAFE,3,,Situation maîtrisée
116.70,230.0,20.4,SAFE,3,,Situation maîtrisée
116.75,230.2,20.1,SAFE,3,,Situation maîtrisée
116.80,230.5,20.4,SAFE,3,,Situation maîtrisée
116.85,230.8,20.0,SAFE,3,,Situation maîtrisée
116.90,231.1,20.4,SAFE,3,,Situation maîtrisée
116.95,231.4,20.1,SAFE,3,,Situation maîtrisée
117.00,231.6,20.4,SAFE,3,,Situation maîtrisée
117.05,231.9,20.0,SAFE,3,,Situation maîtrisée
117.10,232.2,20.4,SAFE,3,,Situation maîtrisée
117.15,232.5,20.1,SAFE,3,,Situation maîtrisée
117.20,232.8,20.4,SAFE,3,,Situation maîtrisée
117.25,233.1,20.0,SAFE,3,,Situation maîtrisée
117.30,233.3,20.4,SAFE,3,,Situation maîtrisée
117.35,233.6,20.1,SAFE,4,,Situation maîtrisée
117.40,233.9,20.4,SAFE,5,,Situation maîtrisée
117.45,234.2,20.0,SAFE,5,,Situation maîtrisée
117.50,234.5,20.4,SAFE,4,,Situation maîtrisée
117.55,234.7,20.1,SAFE,4,,Situation maîtrisée
117.60,235.0,20.4,SAFE,4,,Situation maîtrisée
117.65,235.3,20.0,SAFE,4,,Situation maîtrisée
117.70,235.6,20.4,SAFE,4,,Situation maîtrisée
117.75,235.9,20.1,SAFE,4,,Situation maîtrisée
117.80,236.1,20.4,SAFE,4,,Situation maîtrisée
117.85,236.4,20.0,SAFE,4,,Situation maîtrisée
117.90,236.7,20.4,SAFE,4,,Situation maîtrisée
117.95,237.0,20.1,SAFE,4,,Situation maîtrisée
118.00,237.3,20.4,SAFE,4,,Situation maîtrisée
118.05,237.5,20.0,SAFE,4,,Situation maîtrisée
118.10,237.8,20.4,SAFE,4,,Situation maîtrisée
118.15,238.1,20.1,SAFE,4,,Situation maîtrisée
118.20,238.4,20.4,SAFE,4,,Situation maîtrisée
118.25,238.7,20.0,SAFE,4,,Situation maîtrisée
118.30,238.9,20.4,SAFE,4,,Situation maîtrisée
118.35,239.2,20.1,SAFE,4,,Situation maîtrisée
118.40,239.5,20.4,SAFE,4,,Situation maîtrisée
118.45,239.8,20.0,SAFE,4,,Situation maîtrisée
118.50,240.1,20.4,SAFE,4,,Situation maîtrisée
118.55,240.4,20.1,SAFE,4,,Situation maîtrisée
118.60,240.6,20.4,SAFE,4,,Situation maîtrisée
118.65,240.9,20.0,SAFE,4,,Situation maîtrisée
118.70,241.2,20.4,SAFE,4,,Situation maîtrisée
118.75,241.5,20.1,SAFE,4,,Situation maîtrisée
118.80,241.8,20.4,SAFE,4,,Situation maîtrisée
118.85,242.0,20.0,SAFE,4,,Situation maîtrisée
118.90,242.3,20.4,SAFE,4,,Situation maîtrisée
118.95,242.6,20.1,SAFE,4,,Situation maîtrisée
119.00,242.9,20.4,SAFE,5,,Situation maîtrisée
119.05,243.2,20.0,SAFE,5,,Situation maîtrisée
119.10,243.4,20.4,SAFE,5,,Situation maîtrisée
119.15,243.7,20.2,SAFE,5,,Situation maîtrisée
119.20,244.0,19.9,SAFE,5,,Situation maîtrisée
119.25,244.3,19.9,SAFE,5,,Situation maîtrisée
119.30,244.6,20.2,SAFE,5,,Situation maîtrisée
119.35,244.8,19.9,SAFE,5,,Situation maîtrisée
119.40,245.1,20.2,SAFE,5,,Situation maîtrisée
119.45,245.4,19.8,SAFE,5,,Situation maîtrisée
119.50,245.7,20.3,SAFE,5,,Situation maîtrisée
119.55,245.9,20.0,SAFE,5,,Situation maîtrisée
119.60,246.2,20.3,SAFE,5,,Situation maîtrisée
119.65,246.5,20.1,SAFE,5,,Situation maîtrisée
119.70,246.8,20.0,SAFE,5,,Situation maîtrisée
119.75,247.1,19.9,SAFE,5,,Situation maîtrisée
119.80,247.3,19.8,SAFE,5,,Situation maîtrisée
119.85,247.6,20.2,SAFE,5,,Situation maîtrisée
119.90,247.9,19.9,SAFE,5,,Situation maîtrisée
119.95,248.2,20.4,SAFE,5,,Situation maîtrisée
120.00,248.5,20.2,SAFE,5,,Situation maîtrisée
120.05,248.7,20.5,SAFE,5,,Situation maîtrisée
120.10,249.0,20.1,SAFE,5,,Situation maîtrisée
120.15,249.3,20.5,SAFE,5,,Situation maîtrisée
120.20,249.6,20.3,SAFE,5,,Situation maîtrisée
120.25,249.9,20.5,SAFE,5,,Situation maîtrisée
120.30,250.2,20.2,SAFE,5,,Situation maîtrisée
120.35,250.4,20.6,SAFE,5,,Situation maîtrisée
120.40,250.7,20.3,SAFE,5,,Situation maîtrisée
120.45,251.0,20.5,SAFE,5,,Situation maîtrisée
120.50,251.3,20.1,SAFE,5,,Situation maîtrisée
120.55,251.6,20.5,SAFE,5,,Situation maîtrisée
120.60,251.9,20.3,SAFE,5,,Situation maîtrisée
120.65,252.1,20.5,SAFE,5,,Situation maîtrisée
120.70,252.4,20.1,SAFE,5,,Situation maîtrisée
120.75,252.7,20.5,SAFE,5,,Situation maîtrisée
120.80,253.0,20.2,SAFE,5,,Situation maîtrisée
120.85,253.3,20.5,SAFE,5,,Situation maîtrisée
120.90,253.5,20.1,SAFE,5,,Situation maîtrisée
120.95,253.8,20.5,SAFE,5,,Situation maîtrisée
121.00,254.1,20.2,SAFE,5,,Situation maîtrisée
121.05,254.4,20.5,SAFE,5,,Situation maîtrisée
121.10,254.7,20.1,SAFE,5,,Situation maîtrisée
121.15,255.0,20.5,SAFE,5,,Situation maîtrisée
121.20,255.2,20.2,SAFE,5,,Situation maîtrisée
121.25,255.5,20.4,SAFE,5,,Situation maîtrisée
121.30,255.8,20.1,SAFE,5,,Situation maîtrisée
121.35,256.1,20.5,SAFE,5,,Situation maîtrisée
121.40,256.4,20.2,SAFE,5,,Situation maîtrisée
121.45,256.6,20.4,SAFE,5,,Situation maîtrisée
121.50,256.9,20.0,SAFE,5,,Situation maîtrisée
121.55,257.2,20.5,SAFE,5,,Situation maîtrisée
121.60,257.5,20.2,SAFE,4,,Situation maîtrisée
121.65,257.8,20.4,SAFE,4,,Situation maîtrisée
121.70,258.1,20.0,SAFE,4,,Situation maîtrisée
121.75,258.3,20.4,SAFE,4,,Situation maîtrisée
121.80,258.6,20.2,SAFE,4,,Situation maîtrisée
121.85,258.9,20.4,SAFE,4,,Situation maîtrisée
121.90,259.2,20.0,SAFE,4,,Situation maîtrisée
121.95,259.5,20.4,SAFE,4,,Situation maîtrisée
122.00,259.7,20.1,SAFE,4,,Situation maîtrisée
122.05,260.0,20.4,SAFE,4,,Situation maîtrisée
122.10,260.3,20.0,SAFE,4,,Situation maîtrisée
122.15,260.6,20.3,SAFE,4,,Situation maîtrisée
122.20,260.9,20.0,SAFE,4,,Situation maîtrisée
122.25,261.1,20.2,SAFE,4,,Situation maîtrisée
122.30,261.4,19.7,SAFE,4,,Situation maîtrisée
122.35,261.7,20.1,SAFE,4,,Situation maîtrisée
122.40,262.0,19.6,SAFE,4,,Situation maîtrisée
122.45,262.2,19.8,SAFE,4,,Situation maîtrisée
122.50,262.5,19.3,SAFE,4,,Situation maîtrisée
122.55,262.8,19.5,SAFE,4,,Situation maîtrisée
122.60,263.0,18.9,SAFE,4,,Situation maîtrisée
122.65,263.3,19.0,SAFE,4,,Situation maîtrisée
122.70,263.6,18.3,SAFE,4,,Situation maîtrisée
122.75,263.8,18.4,SAFE,4,,Situation maîtrisée
122.80,264.1,18.2,SAFE,4,,Situation maîtrisée
122.85,264.3,18.2,SAFE,4,,Situation maîtrisée
122.90,264.6,18.1,SAFE,4,,Situation maîtrisée
122.95,264.8,17.9,SAFE,4,,Situation maîtrisée
123.00,265.1,17.6,SAFE,4,,Situation maîtrisée
123.05,265.3,17.2,SAFE,4,,Situation maîtrisée
123.10,265.5,16.9,SAFE,5,,Situation maîtrisée
123.15,265.8,16.9,SAFE,5,,Situation maîtrisée
123.20,266.0,16.8,SAFE,5,,Situation maîtrisée
123.25,266.2,16.9,SAFE,5,,Situation maîtrisée
123.30,266.5,16.7,SAFE,5,,Situation maîtrisée
123.35,266.7,16.5,SAFE,5,,Situation maîtrisée
123.40,266.9,16.5,SAFE,5,,Situation maîtrisée
123.45,267.2,16.5,SAFE,5,,Situation maîtrisée
123.50,267.4,16.5,SAFE,5,,Situation maîtrisée
123.55,267.6,16.6,SAFE,5,,Situation maîtrisée
123.60,267.8,16.7,SAFE,5,,Situation maîtrisée
123.65,268.1,16.7,SAFE,5,,Situation maîtrisée
123.70,268.3,16.5,SAFE,5,,Situation maîtrisée
123.75,268.5,16.5,SAFE,4,,Situation maîtrisée
123.80,268.8,16.6,SAFE,4,,Situation maîtrisée
123.85,269.0,16.7,SAFE,3,,Situation maîtrisée
123.90,269.2,16.8,SAFE,3,,Situation maîtrisée
123.95,269.5,16.7,SAFE,2,,Situation maîtrisée
124.00,269.7,16.7,SAFE,3,,Situation maîtrisée
124.05,269.9,16.7,SAFE,3,,Situation maîtrisée
124.10,270.1,16.8,SAFE,2,,Situation maîtrisée
124.15,270.4,16.9,SAFE,2,,Situation maîtrisée
124.20,270.6,17.0,SAFE,2,,Situation maîtrisée
124.25,270.8,17.1,SAFE,2,,Situation maîtrisée
124.30,271.1,17.1,SAFE,3,,Situation maîtrisée
124.35,271.3,17.2,SAFE,3,,Situation maîtrisée
124.40,271.6,17.3,SAFE,3,moteur:physique,Situation maîtrisée
124.45,271.8,17.3,SAFE,3,moteur:physique,Situation maîtrisée
124.50,272.0,17.2,SAFE,3,moteur:physique,Situation maîtrisée
124.55,272.3,17.0,SAFE,3,moteur:physique,Situation maîtrisée
124.60,272.5,16.7,SAFE,3,moteur:physique,Situation maîtrisée
124.65,272.7,16.4,SAFE,3,moteur:physique,Situation maîtrisée
124.70,273.0,16.1,SAFE,3,moteur:physique,Situation maîtrisée
124.75,273.2,15.7,SAFE,3,,Situation maîtrisée
124.80,273.4,15.4,SAFE,3,,Situation maîtrisée
124.85,273.6,15.3,SAFE,3,,Situation maîtrisée
124.90,273.8,15.4,SAFE,3,,Situation maîtrisée
124.95,274.0,15.6,SAFE,3,,Situation maîtrisée
125.00,274.3,15.8,SAFE,3,,Situation maîtrisée
125.05,274.5,16.1,SAFE,3,moteur:physique,Situation maîtrisée
125.10,274.7,16.3,SAFE,3,moteur:physique,Situation maîtrisée
125.15,274.9,16.2,SAFE,3,moteur:physique,Situation maîtrisée
125.20,275.1,16.0,SAFE,3,moteur:physique,Situation maîtrisée
125.25,275.4,15.8,SAFE,3,moteur:physique,Situation maîtrisée
125.30,275.6,15.5,SAFE,3,,Situation maîtrisée
125.35,275.8,15.3,SAFE,3,,Situation maîtrisée
125.40,276.0,15.2,SAFE,3,,Situation maîtrisée
125.45,276.2,15.3,SAFE,3,moteur:physique,Situation maîtrisée
125.50,276.4,15.5,SAFE,3,moteur:physique,Situation maîtrisée
125.55,276.7,15.4,SAFE,3,moteur:physique,Situation maîtrisée
125.60,276.9,15.3,SAFE,3,moteur:physique,Situation maîtrisée
125.65,277.1,15.0,SAFE,3,moteur:physique,Situation maîtrisée
125.70,277.3,14.8,SAFE,3,,Situation maîtrisée
125.75,277.5,14.5,SAFE,3,,Situation maîtrisée
125.80,277.7,14.5,SAFE,3,,Situation maîtrisée
125.85,277.9,14.6,SAFE,3,,Situation maîtrisée
125.90,278.1,14.8,SAFE,3,,Situation maîtrisée
125.95,278.3,15.1,SAFE,3,,Situation maîtrisée
126.00,278.5,15.5,SAFE,3,,Situation maîtrisée
126.05,278.7,15.8,SAFE,3,,Situation maîtrisée
126.10,279.0,16.2,SAFE,3,,Situation maîtrisée
126.15,279.2,16.5,SAFE,3,,Situation maîtrisée
126.20,279.4,16.8,SAFE,3,,Situation maîtrisée
126.25,279.6,17.1,SAFE,3,,Situation maîtrisée
126.30,279.9,17.3,SAFE,3,,Situation maîtrisée
126.35,280.1,17.6,SAFE,4,,Situation maîtrisée
126.40,280.4,17.8,SAFE,4,,Situation maîtrisée
126.45,280.6,18.0,SAFE,4,,Situation maîtrisée
126.50,280.9,18.2,SAFE,4,,Situation maîtrisée
126.55,281.1,18.1,SAFE,4,,Situation maîtrisée
126.60,281.4,18.0,SAFE,4,,Situation maîtrisée
126.65,281.6,18.1,SAFE,4,,Situation maîtrisée
126.70,281.9,18.2,SAFE,5,,Situation maîtrisée
126.75,282.1,18.2,SAFE,5,,Situation maîtrisée
126.80,282.4,18.0,SAFE,5,,Situation maîtrisée
126.85,282.6,18.4,SAFE,5,,Situation maîtrisée
126.90,282.9,18.6,SAFE,5,,Situation maîtrisée
126.95,283.2,18.2,SAFE,5,,Situation maîtrisée
127.00,283.4,18.7,SAFE,5,,Situation maîtrisée
127.05,283.7,18.4,SAFE,5,,Situation maîtrisée
127.10,283.9,18.7,SAFE,5,,Situation maîtrisée
127.15,284.2,18.4,SAFE,5,,Situation maîtrisée
127.20,284.4,19.0,SAFE,5,,Situation maîtrisée
127.25,284.7,18.7,SAFE,5,,Situation maîtrisée
127.30,285.0,19.0,SAFE,5,,Situation maîtrisée
127.35,285.2,18.7,SAFE,5,,Situation maîtrisée
127.40,285.5,19.3,SAFE,5,,Situation maîtrisée
127.45,285.8,19.0,SAFE,5,,Situation maîtrisée
127.50,286.0,19.3,SAFE,5,,Situation maîtrisée
127.55,286.3,19.0,SAFE,5,,Situation maîtrisée
127.60,286.6,19.6,SAFE,6,,Situation maîtrisée
127.65,286.8,19.4,SAFE,6,,Situation maîtrisée
127.70,287.1,19.7,SAFE,6,,Situation maîtrisée
127.75,287.4,19.4,SAFE,6,,Situation maîtrisée
127.80,287.6,19.9,SAFE,6,,Situation maîtrisée
127.85,287.9,19.7,SAFE,6,,Situation maîtrisée
127.90,288.2,19.9,SAFE,6,,Situation maîtrisée
127.95,288.5,19.6,SAFE,6,,Situation maîtrisée
128.00,288.7,20.1,SAFE,6,,Situation maîtrisée
128.05,289.0,19.8,SAFE,6,,Situation maîtrisée
128.10,289.3,20.1,SAFE,6,,Situation maîtrisée
128.15,289.6,19.7,SAFE,6,,Situation maîtrisée
128.20,289.9,20.2,SAFE,6,,Situation maîtrisée
128.25,290.1,19.9,SAFE,6,,Situation maîtrisée
128.30,290.4,20.2,SAFE,6,,Situation maîtrisée
128.35,290.7,19.8,SAFE,6,,Situation maîtrisée
128.40,291.0,20.3,SAFE,6,,Situation maîtrisée
128.45,291.2,20.0,SAFE,5,,Situation maîtrisée
128.50,291.5,20.3,SAFE,6,,Situation maîtrisée
128.55,291.8,19.9,SAFE,7,,Situation maîtrisée
128.60,292.1,20.4,SAFE,7,,Situation maîtrisée
128.65,292.4,20.1,SAFE,7,,Situation maîtrisée
128.70,292.6,20.4,SAFE,7,,Situation maîtrisée
128.75,292.9,20.0,SAFE,7,,Situation maîtrisée
128.80,293.2,20.4,SAFE,7,,Situation maîtrisée
128.85,293.5,20.2,SAFE,7,,Situation maîtrisée
128.90,293.8,20.4,SAFE,7,,Situation maîtrisée
128.95,294.1,20.0,SAFE,7,,Situation maîtrisée
129.00,294.3,20.5,SAFE,7,,Situation maîtrisée
129.05,294.6,20.2,SAFE,7,,Situation maîtrisée
129.10,294.9,20.4,SAFE,7,,Situation maîtrisée
129.15,295.2,20.1,SAFE,7,,Situation maîtrisée
129.20,295.5,20.5,SAFE,8,,Situation maîtrisée
129.25,295.7,20.2,SAFE,8,,Situation maîtrisée
129.30,296.0,20.4,SAFE,8,,Situation maîtrisée
129.35,296.3,20.1,SAFE,8,,Situation maîtrisée
129.40,296.6,20.5,SAFE,8,,Situation maîtrisée
129.45,296.9,20.2,SAFE,8,,Situation maîtrisée
129.50,297.2,20.4,SAFE,8,,Situation maîtrisée
129.55,297.4,20.1,SAFE,8,,Situation maîtrisée
129.60,297.7,20.5,SAFE,8,,Situation maîtrisée
129.65,298.0,20.2,SAFE,8,,Situation maîtrisée
129.70,298.3,20.4,SAFE,8,,Situation maîtrisée
129.75,298.6,20.1,SAFE,8,,Situation maîtrisée
129.80,298.8,20.5,SAFE,8,,Situation maîtrisée
129.85,299.1,20.2,SAFE,8,,Situation maîtrisée
129.90,299.4,20.4,SAFE,8,,Situation maîtrisée
129.95,299.7,20.1,SAFE,8,,Situation maîtrisée
130.00,300.0,20.5,SAFE,8,,Situation maîtrisée
130.05,300.3,20.2,SAFE,8,,Situation maîtrisée
130.10,300.5,20.4,SAFE,8,,Situation maîtrisée
130.15,300.8,20.1,SAFE,8,,Situation maîtrisée
130.20,301.1,20.5,SAFE,8,,Situation maîtrisée
130.25,301.4,20.2,SAFE,8,,Situation maîtrisée
130.30,301.7,20.4,SAFE,8,,Situation maîtrisée
130.35,301.9,20.0,SAFE,8,,Situation maîtrisée
130.40,302.2,20.5,SAFE,8,,Situation maîtrisée
130.45,302.5,20.2,SAFE,8,,Situation maîtrisée
130.50,302.8,20.4,SAFE,9,,Situation maîtrisée
130.55,303.1,20.0,SAFE,9,,Situation maîtrisée
130.60,303.3,20.4,SAFE,9,,Situation maîtrisée
130.65,303.6,20.2,SAFE,9,,Situation maîtrisée
130.70,303.9,20.4,SAFE,9,,Situation maîtrisée
130.75,304.2,20.0,SAFE,9,,Situation maîtrisée
130.80,304.5,20.4,SAFE,9,,Situation maîtrisée
130.85,304.8,20.1,SAFE,9,,Situation maîtrisée
130.90,305.0,20.4,SAFE,9,,Situation maîtrisée
130.95,305.3,20.0,SAFE,9,,Situation maîtrisée
131.00,305.6,20.4,SAFE,9,,Situation maîtrisée
131.05,305.9,20.1,SAFE,9,,Situation maîtrisée
131.10,306.2,20.4,SAFE,9,,Situation maîtrisée
131.15,306.4,20.0,SAFE,9,,Situation maîtrisée
131.20,306.7,20.4,SAFE,10,,Situation maîtrisée
131.25,307.0,20.1,SAFE,10,feu_rouge,SAFE : arret au feu rouge
131.30,307.3,20.3,SAFE,10,feu_rouge,SAFE : arret au feu rouge
131.35,307.6,19.6,SAFE,10,feu_rouge,SAFE : arret au feu rouge
131.40,307.8,18.8,SAFE,10,feu_rouge,SAFE : arret au feu rouge
131.45,308.1,14.0,SAFE,10,feu_rouge,SAFE : arret au feu rouge
131.50,308.2,9.2,SAFE,10,feu_rouge,SAFE : arret au feu rouge
131.55,308.3,4.3,SAFE,10,feu_rouge,SAFE : arret au feu rouge
131.60,308.3,0.0,SAFE,10,feu_rouge,SAFE : arret au feu rouge
131.65,308.3,0.0,SAFE,10,feu_rouge,SAFE : arret au feu rouge
131.70,308.3,0.0,SAFE,10,feu_rouge,SAFE : arret au feu rouge
131.75,308.3,0.0,CRITICAL,10,feu_rouge,Vigilance — situation à la limite
131.80,308.3,0.0,CRITICAL,10,feu_rouge,Vigilance — situation à la limite
131.85,308.3,0.0,CRITICAL,10,feu_rouge,Vigilance — situation à la limite
131.90,308.3,0.0,CRITICAL,10,feu_rouge,Vigilance — situation à la limite
131.95,308.3,0.0,CRITICAL,10,feu_rouge,Vigilance — situation à la limite
132.00,308.3,0.0,CRITICAL,10,feu_rouge,Vigilance — situation à la limite
132.05,308.3,0.0,CRITICAL,10,feu_rouge,Vigilance — situation à la limite
132.10,308.3,0.0,CRITICAL,10,feu_rouge,Vigilance — situation à la limite
132.15,308.3,0.0,SAFE,10,feu_rouge,SAFE : arret au feu rouge
132.20,308.3,0.0,CRITICAL,10,feu_rouge,Vigilance — situation à la limite
132.25,308.3,0.0,CRITICAL,11,feu_rouge,Vigilance — situation à la limite
132.30,308.3,0.0,CRITICAL,11,feu_rouge,Vigilance — situation à la limite
132.35,308.3,0.0,CRITICAL,11,feu_rouge,Vigilance — situation à la limite
132.40,308.3,0.0,CRITICAL,11,feu_rouge,Vigilance — situation à la limite
132.45,308.3,0.0,CRITICAL,11,feu_rouge,Vigilance — situation à la limite
132.50,308.3,0.0,CRITICAL,11,feu_rouge,Vigilance — situation à la limite
132.55,308.3,0.0,CRITICAL,11,feu_rouge,Vigilance — situation à la limite
132.60,308.3,0.0,CRITICAL,11,feu_rouge,Vigilance — situation à la limite
132.65,308.3,0.0,CRITICAL,11,feu_rouge,Vigilance — situation à la limite
132.70,308.3,0.0,CRITICAL,11,feu_rouge,Vigilance — situation à la limite
132.75,308.3,0.0,SAFE,11,feu_rouge,SAFE : arret au feu rouge
132.80,308.3,0.0,SAFE,11,feu_rouge,SAFE : arret au feu rouge
132.85,308.3,0.0,WATCH,11,feu_rouge,FREINEZ — conflit non évitable par la seule vitesse
132.90,308.3,0.0,WATCH,11,feu_rouge,FREINEZ — conflit non évitable par la seule vitesse
132.95,308.3,0.0,WATCH,11,feu_rouge,FREINEZ — conflit non évitable par la seule vitesse
133.00,308.3,0.0,WATCH,11,feu_rouge,FREINEZ — conflit non évitable par la seule vitesse
133.05,308.3,0.0,WATCH,11,feu_rouge,FREINEZ — conflit non évitable par la seule vitesse
133.10,308.3,0.0,WATCH,11,feu_rouge,FREINEZ — conflit non évitable par la seule vitesse
133.15,308.3,0.0,WATCH,11,feu_rouge,FREINEZ — conflit non évitable par la seule vitesse
133.20,308.3,0.0,WATCH,11,feu_rouge,FREINEZ — conflit non évitable par la seule vitesse
133.25,308.3,0.0,WATCH,11,feu_rouge,FREINEZ — conflit non évitable par la seule vitesse
133.30,308.3,0.0,WATCH,11,feu_rouge,FREINEZ — conflit non évitable par la seule vitesse
133.35,308.3,0.0,WATCH,11,feu_rouge,FREINEZ — conflit non évitable par la seule vitesse
133.40,308.3,0.0,WATCH,11,feu_rouge,FREINEZ — conflit non évitable par la seule vitesse
133.45,308.3,0.0,WATCH,11,feu_rouge,FREINEZ — conflit non évitable par la seule vitesse
133.50,308.3,0.0,WATCH,11,feu_rouge,FREINEZ — conflit non évitable par la seule vitesse
133.55,308.3,0.0,WATCH,11,feu_rouge,FREINEZ — conflit non évitable par la seule vitesse
133.60,308.3,0.0,WATCH,11,feu_rouge,FREINEZ — conflit non évitable par la seule vitesse
133.65,308.3,0.0,WATCH,11,feu_rouge,FREINEZ — conflit non évitable par la seule vitesse
133.70,308.3,0.0,WATCH,11,feu_rouge,FREINEZ — conflit non évitable par la seule vitesse
133.75,308.3,0.0,WATCH,12,feu_rouge,FREINEZ — conflit non évitable par la seule vitesse
133.80,308.3,0.0,WATCH,12,feu_rouge,FREINEZ — conflit non évitable par la seule vitesse
133.85,308.3,0.0,WATCH,12,feu_rouge,FREINEZ — conflit non évitable par la seule vitesse
133.90,308.3,0.0,WATCH,12,feu_rouge,FREINEZ — conflit non évitable par la seule vitesse
133.95,308.3,0.0,WATCH,11,feu_rouge,FREINEZ — conflit non évitable par la seule vitesse
134.00,308.3,0.0,WATCH,11,feu_rouge,FREINEZ — conflit non évitable par la seule vitesse
134.05,308.3,0.0,WATCH,11,feu_rouge,FREINEZ — conflit non évitable par la seule vitesse
134.10,308.3,0.0,WATCH,11,feu_rouge,FREINEZ — conflit non évitable par la seule vitesse
134.15,308.3,0.0,SAFE,11,feu_rouge,SAFE : arret au feu rouge
134.20,308.3,0.0,SAFE,11,feu_rouge,SAFE : arret au feu rouge
134.25,308.3,0.0,SAFE,11,feu_rouge,SAFE : arret au feu rouge
134.30,308.3,0.0,SAFE,11,feu_rouge,SAFE : arret au feu rouge
134.35,308.3,0.0,SAFE,11,feu_rouge,SAFE : arret au feu rouge
134.40,308.3,0.0,SAFE,11,feu_rouge,SAFE : arret au feu rouge
134.45,308.3,0.0,SAFE,11,feu_rouge,SAFE : arret au feu rouge
134.50,308.3,0.0,SAFE,11,feu_rouge,SAFE : arret au feu rouge
134.55,308.3,0.0,SAFE,11,feu_rouge,SAFE : arret au feu rouge
134.60,308.3,0.0,SAFE,11,feu_rouge,SAFE : arret au feu rouge
134.65,308.3,0.0,SAFE,11,feu_rouge,SAFE : arret au feu rouge
134.70,308.3,0.0,SAFE,11,feu_rouge,SAFE : arret au feu rouge
134.75,308.3,0.0,SAFE,11,feu_rouge,SAFE : arret au feu rouge
134.80,308.3,0.0,SAFE,11,feu_rouge,SAFE : arret au feu rouge
134.85,308.3,0.0,SAFE,11,feu_rouge,SAFE : arret au feu rouge
134.90,308.3,0.0,SAFE,11,feu_rouge,SAFE : arret au feu rouge
134.95,308.3,0.0,SAFE,11,feu_rouge,SAFE : arret au feu rouge
135.00,308.3,0.0,SAFE,11,feu_rouge,SAFE : arret au feu rouge
135.05,308.3,0.0,CRITICAL,11,feu_rouge,Vigilance — situation à la limite
135.10,308.3,0.0,CRITICAL,11,feu_rouge,Vigilance — situation à la limite
135.15,308.3,0.0,CRITICAL,11,feu_rouge,Vigilance — situation à la limite
135.20,308.3,0.0,CRITICAL,11,feu_rouge,Vigilance — situation à la limite
135.25,308.3,0.0,CRITICAL,11,feu_rouge,Vigilance — situation à la limite
135.30,308.3,0.0,SAFE,11,feu_rouge,SAFE : arret au feu rouge
135.35,308.3,0.0,SAFE,11,feu_rouge,SAFE : arret au feu rouge
135.40,308.3,0.0,SAFE,11,feu_rouge,SAFE : arret au feu rouge
135.45,308.3,0.0,SAFE,11,feu_rouge,SAFE : arret au feu rouge
135.50,308.3,0.0,SAFE,11,feu_rouge,SAFE : arret au feu rouge
135.55,308.3,0.0,SAFE,11,feu_rouge,SAFE : arret au feu rouge
135.60,308.3,0.0,SAFE,11,feu_rouge,SAFE : arret au feu rouge
135.65,308.3,0.0,SAFE,11,feu_rouge,SAFE : arret au feu rouge
135.70,308.3,0.0,SAFE,11,feu_rouge,SAFE : arret au feu rouge
135.75,308.3,0.0,SAFE,11,feu_rouge,SAFE : arret au feu rouge
135.80,308.3,0.0,SAFE,11,feu_rouge,SAFE : arret au feu rouge
135.85,308.3,0.0,SAFE,11,feu_rouge,SAFE : arret au feu rouge
135.90,308.3,0.0,SAFE,11,feu_rouge,SAFE : arret au feu rouge
135.95,308.3,0.0,SAFE,10,feu_rouge,SAFE : arret au feu rouge
136.00,308.3,0.0,SAFE,10,feu_rouge,SAFE : arret au feu rouge
136.05,308.3,0.0,SAFE,10,feu_rouge,SAFE : arret au feu rouge
136.10,308.3,0.0,SAFE,10,feu_rouge,SAFE : arret au feu rouge
136.15,308.3,0.0,SAFE,10,feu_rouge,SAFE : arret au feu rouge
136.20,308.3,0.0,SAFE,10,feu_rouge,SAFE : arret au feu rouge
136.25,308.3,0.0,SAFE,10,feu_rouge,SAFE : arret au feu rouge
136.30,308.3,0.0,SAFE,10,feu_rouge,SAFE : arret au feu rouge
136.35,308.3,0.0,SAFE,10,feu_rouge,SAFE : arret au feu rouge
136.40,308.3,0.0,SAFE,10,feu_rouge,SAFE : arret au feu rouge
136.45,308.3,0.0,SAFE,10,feu_rouge,SAFE : arret au feu rouge
136.50,308.3,0.0,SAFE,10,feu_rouge,SAFE : arret au feu rouge
136.55,308.3,0.0,SAFE,10,feu_rouge,SAFE : arret au feu rouge
136.60,308.3,0.0,SAFE,10,feu_rouge,SAFE : arret au feu rouge
136.65,308.3,0.0,SAFE,10,feu_rouge,SAFE : arret au feu rouge
136.70,308.3,0.0,SAFE,10,feu_rouge,SAFE : arret au feu rouge
136.75,308.3,0.0,SAFE,10,feu_rouge,SAFE : arret au feu rouge
136.80,308.3,0.0,SAFE,10,feu_rouge,SAFE : arret au feu rouge
136.85,308.3,0.0,SAFE,10,feu_rouge,SAFE : arret au feu rouge
136.90,308.3,0.0,SAFE,10,feu_rouge,SAFE : arret au feu rouge
136.95,308.3,0.0,SAFE,10,feu_rouge,SAFE : arret au feu rouge
137.00,308.3,0.0,SAFE,10,feu_rouge,SAFE : arret au feu rouge
137.05,308.3,0.0,SAFE,10,feu_rouge,SAFE : arret au feu rouge
137.10,308.3,0.0,SAFE,10,feu_rouge,SAFE : arret au feu rouge
137.15,308.3,0.0,CRITICAL,10,feu_rouge,Vigilance — situation à la limite
137.20,308.3,0.0,CRITICAL,10,feu_rouge,Vigilance — situation à la limite
137.25,308.3,0.0,CRITICAL,10,feu_rouge,Vigilance — situation à la limite
137.30,308.3,0.0,CRITICAL,10,feu_rouge,Vigilance — situation à la limite
137.35,308.3,0.0,CRITICAL,10,feu_rouge,Vigilance — situation à la limite
137.40,308.3,0.0,CRITICAL,10,feu_rouge,Vigilance — situation à la limite
137.45,308.3,0.0,CRITICAL,10,feu_rouge,Vigilance — situation à la limite
137.50,308.3,0.0,CRITICAL,10,feu_rouge,Vigilance — situation à la limite
137.55,308.3,0.0,CRITICAL,10,feu_rouge,Vigilance — situation à la limite
137.60,308.3,0.0,CRITICAL,10,feu_rouge,Vigilance — situation à la limite
137.65,308.3,0.0,CRITICAL,10,feu_rouge,Vigilance — situation à la limite
137.70,308.3,0.0,CRITICAL,10,feu_rouge,FREINEZ — conflit non évitable par la seule vitesse
137.75,308.3,0.0,WATCH,10,feu_rouge,FREINEZ — conflit non évitable par la seule vitesse
137.80,308.3,0.0,WATCH,10,feu_rouge,FREINEZ — conflit non évitable par la seule vitesse
137.85,308.3,0.0,WATCH,10,feu_rouge,FREINEZ — conflit non évitable par la seule vitesse
137.90,308.3,0.0,WATCH,10,feu_rouge,FREINEZ — conflit non évitable par la seule vitesse
137.95,308.3,0.0,WATCH,10,feu_rouge,FREINEZ — conflit non évitable par la seule vitesse
138.00,308.3,0.0,WATCH,10,feu_rouge,FREINEZ — conflit non évitable par la seule vitesse
138.05,308.3,0.0,WATCH,10,feu_rouge,FREINEZ — conflit non évitable par la seule vitesse
138.10,308.3,0.0,WATCH,10,feu_rouge,FREINEZ — conflit non évitable par la seule vitesse
138.15,308.3,0.0,WATCH,10,feu_rouge,FREINEZ — conflit non évitable par la seule vitesse
138.20,308.3,0.0,WATCH,10,feu_rouge,FREINEZ — conflit non évitable par la seule vitesse
138.25,308.3,0.0,WATCH,10,feu_rouge,FREINEZ — conflit non évitable par la seule vitesse
138.30,308.3,0.0,WATCH,10,feu_rouge,FREINEZ — conflit non évitable par la seule vitesse
138.35,308.3,0.0,WATCH,10,feu_rouge,FREINEZ — conflit non évitable par la seule vitesse
138.40,308.3,0.0,SAFE,9,feu_rouge,SAFE : arret au feu rouge
138.45,308.3,0.0,SAFE,9,feu_rouge,SAFE : arret au feu rouge
138.50,308.3,0.0,WATCH,9,feu_rouge,FREINEZ — conflit non évitable par la seule vitesse
138.55,308.3,0.0,WATCH,9,feu_rouge,FREINEZ — conflit non évitable par la seule vitesse
138.60,308.3,0.0,WATCH,9,feu_rouge,FREINEZ — conflit non évitable par la seule vitesse
138.65,308.3,0.0,WATCH,9,feu_rouge,FREINEZ — conflit non évitable par la seule vitesse
138.70,308.3,0.0,WATCH,9,feu_rouge,FREINEZ — conflit non évitable par la seule vitesse
138.75,308.3,0.0,WATCH,9,feu_rouge,FREINEZ — conflit non évitable par la seule vitesse
138.80,308.3,0.0,WATCH,9,feu_rouge,FREINEZ — conflit non évitable par la seule vitesse
138.85,308.3,0.0,WATCH,9,feu_rouge,FREINEZ — conflit non évitable par la seule vitesse
138.90,308.3,0.0,WATCH,9,feu_rouge,FREINEZ — conflit non évitable par la seule vitesse
138.95,308.3,0.0,SAFE,9,feu_rouge,SAFE : arret au feu rouge
139.00,308.3,0.0,SAFE,9,feu_rouge,SAFE : arret au feu rouge
139.05,308.3,0.0,SAFE,9,feu_rouge,SAFE : arret au feu rouge
139.10,308.3,0.0,SAFE,9,feu_rouge,SAFE : arret au feu rouge
139.15,308.3,0.0,SAFE,9,feu_rouge,SAFE : arret au feu rouge
139.20,308.3,0.0,SAFE,9,feu_rouge,SAFE : arret au feu rouge
139.25,308.3,0.0,SAFE,9,feu_rouge,SAFE : arret au feu rouge
139.30,308.3,0.0,SAFE,9,feu_rouge,SAFE : arret au feu rouge
139.35,308.3,0.0,SAFE,9,feu_rouge,SAFE : arret au feu rouge
139.40,308.3,0.0,SAFE,9,feu_rouge,SAFE : arret au feu rouge
139.45,308.3,0.0,SAFE,9,feu_rouge,SAFE : arret au feu rouge
139.50,308.3,0.0,SAFE,9,feu_rouge,SAFE : arret au feu rouge
139.55,308.3,0.0,SAFE,9,feu_rouge,SAFE : arret au feu rouge
139.60,308.3,0.0,SAFE,9,feu_rouge,SAFE : arret au feu rouge
139.65,308.3,0.0,SAFE,9,feu_rouge,SAFE : arret au feu rouge
139.70,308.3,0.0,SAFE,9,feu_rouge,SAFE : arret au feu rouge
139.75,308.3,0.0,SAFE,9,feu_rouge,SAFE : arret au feu rouge
139.80,308.3,0.0,SAFE,9,feu_rouge,SAFE : arret au feu rouge
139.85,308.3,0.0,SAFE,9,feu_rouge,SAFE : arret au feu rouge
139.90,308.3,0.0,SAFE,9,feu_rouge,SAFE : arret au feu rouge
139.95,308.3,0.0,SAFE,9,feu_rouge,SAFE : arret au feu rouge
140.00,308.3,0.0,SAFE,9,feu_rouge,SAFE : arret au feu rouge
140.05,308.3,0.0,SAFE,9,feu_rouge,SAFE : arret au feu rouge
140.10,308.3,0.0,SAFE,9,feu_rouge,SAFE : arret au feu rouge
140.15,308.3,0.0,SAFE,9,feu_rouge,SAFE : arret au feu rouge
140.20,308.3,0.0,SAFE,9,feu_rouge,SAFE : arret au feu rouge
140.25,308.3,0.0,SAFE,9,feu_rouge,SAFE : arret au feu rouge
140.30,308.3,0.0,SAFE,9,feu_rouge,SAFE : arret au feu rouge
140.35,308.3,0.0,SAFE,9,feu_rouge,SAFE : arret au feu rouge
140.40,308.3,0.0,SAFE,9,feu_rouge,SAFE : arret au feu rouge
140.45,308.3,0.0,SAFE,9,feu_rouge,SAFE : arret au feu rouge
140.50,308.3,0.0,SAFE,9,feu_rouge,SAFE : arret au feu rouge
140.55,308.3,0.0,SAFE,9,feu_rouge,SAFE : arret au feu rouge
140.60,308.3,0.0,SAFE,9,feu_rouge,SAFE : arret au feu rouge
140.65,308.3,0.0,SAFE,9,feu_rouge,SAFE : arret au feu rouge
140.70,308.3,0.0,SAFE,9,feu_rouge,SAFE : arret au feu rouge
140.75,308.3,0.0,SAFE,10,feu_rouge,SAFE : arret au feu rouge
140.80,308.3,0.0,SAFE,10,feu_rouge,SAFE : arret au feu rouge
140.85,308.3,0.0,SAFE,10,feu_rouge,SAFE : arret au feu rouge
140.90,308.3,0.0,SAFE,10,feu_rouge,SAFE : arret au feu rouge
140.95,308.3,0.0,SAFE,10,feu_rouge,SAFE : arret au feu rouge
141.00,308.3,0.0,SAFE,10,feu_rouge,SAFE : arret au feu rouge
141.05,308.3,0.0,SAFE,10,feu_rouge,SAFE : arret au feu rouge
141.10,308.3,0.0,SAFE,10,feu_rouge,SAFE : arret au feu rouge
141.15,308.3,0.0,SAFE,10,feu_rouge,SAFE : arret au feu rouge
141.20,308.3,0.0,SAFE,10,feu_rouge,SAFE : arret au feu rouge
141.25,308.3,0.0,SAFE,10,feu_rouge,SAFE : arret au feu rouge
141.30,308.3,0.0,SAFE,10,feu_rouge,SAFE : arret au feu rouge
141.35,308.3,0.0,SAFE,10,feu_rouge,SAFE : arret au feu rouge
141.40,308.3,0.0,SAFE,10,feu_rouge,SAFE : arret au feu rouge
141.45,308.3,0.0,SAFE,10,feu_rouge,SAFE : arret au feu rouge
141.50,308.3,0.0,SAFE,10,feu_rouge,SAFE : arret au feu rouge
141.55,308.3,0.0,SAFE,10,feu_rouge,SAFE : arret au feu rouge
141.60,308.3,0.0,SAFE,10,feu_rouge,SAFE : arret au feu rouge
141.65,308.3,0.0,SAFE,10,feu_rouge,SAFE : arret au feu rouge
141.70,308.3,0.0,SAFE,10,feu_rouge,SAFE : arret au feu rouge
141.75,308.3,0.0,SAFE,10,feu_rouge,SAFE : arret au feu rouge
141.80,308.3,0.0,SAFE,10,feu_rouge,SAFE : arret au feu rouge
141.85,308.3,0.0,SAFE,10,feu_rouge,SAFE : arret au feu rouge
141.90,308.3,0.0,SAFE,10,feu_rouge,SAFE : arret au feu rouge
141.95,308.3,0.0,SAFE,10,feu_rouge,SAFE : arret au feu rouge
142.00,308.3,0.0,SAFE,10,feu_rouge,SAFE : arret au feu rouge
142.05,308.3,0.0,SAFE,10,feu_rouge,SAFE : arret au feu rouge
142.10,308.3,0.0,SAFE,10,feu_rouge,SAFE : arret au feu rouge
142.15,308.3,0.0,SAFE,10,feu_rouge,SAFE : arret au feu rouge
142.20,308.3,0.0,SAFE,10,feu_rouge,SAFE : arret au feu rouge
142.25,308.3,0.0,SAFE,10,feu_rouge,SAFE : arret au feu rouge
142.30,308.3,0.0,SAFE,10,feu_rouge,SAFE : arret au feu rouge
142.35,308.3,0.0,SAFE,10,feu_rouge,SAFE : arret au feu rouge
142.40,308.3,0.0,SAFE,10,feu_rouge,SAFE : arret au feu rouge
142.45,308.3,0.0,SAFE,10,feu_rouge,SAFE : arret au feu rouge
142.50,308.3,0.0,SAFE,10,feu_rouge,SAFE : arret au feu rouge
142.55,308.3,0.0,SAFE,10,feu_rouge,SAFE : arret au feu rouge
142.60,308.3,0.0,SAFE,10,feu_rouge,SAFE : arret au feu rouge
142.65,308.3,0.0,SAFE,10,feu_rouge,SAFE : arret au feu rouge
142.70,308.3,0.0,SAFE,10,feu_rouge,SAFE : arret au feu rouge
142.75,308.3,0.0,SAFE,10,feu_rouge,SAFE : arret au feu rouge
142.80,308.3,0.0,SAFE,10,feu_rouge,SAFE : arret au feu rouge
142.85,308.3,0.0,SAFE,10,feu_rouge,SAFE : arret au feu rouge
142.90,308.3,0.0,SAFE,9,feu_rouge,SAFE : arret au feu rouge
142.95,308.3,0.0,SAFE,9,feu_rouge,SAFE : arret au feu rouge
143.00,308.3,0.0,SAFE,9,feu_rouge,SAFE : arret au feu rouge
143.05,308.3,0.0,SAFE,9,feu_rouge,SAFE : arret au feu rouge
143.10,308.3,0.0,SAFE,9,feu_rouge,SAFE : arret au feu rouge
143.15,308.3,0.0,SAFE,9,feu_rouge,SAFE : arret au feu rouge
143.20,308.3,0.0,SAFE,9,feu_rouge,SAFE : arret au feu rouge
143.25,308.3,0.0,SAFE,9,feu_rouge,SAFE : arret au feu rouge
143.30,308.3,0.0,SAFE,10,feu_rouge,SAFE : arret au feu rouge
143.35,308.3,0.0,SAFE,10,feu_rouge,SAFE : arret au feu rouge
143.40,308.3,0.0,SAFE,10,feu_rouge,SAFE : arret au feu rouge
143.45,308.3,0.0,SAFE,10,feu_rouge,SAFE : arret au feu rouge
143.50,308.3,0.0,SAFE,10,feu_rouge,SAFE : arret au feu rouge
143.55,308.3,0.0,SAFE,10,feu_rouge,SAFE : arret au feu rouge
143.60,308.3,0.0,SAFE,10,feu_rouge,SAFE : arret au feu rouge
143.65,308.3,0.0,SAFE,10,feu_rouge,SAFE : arret au feu rouge
143.70,308.3,0.0,SAFE,10,feu_rouge,SAFE : arret au feu rouge
143.75,308.3,0.0,SAFE,10,feu_rouge,SAFE : arret au feu rouge
143.80,308.3,0.0,SAFE,10,feu_rouge,SAFE : arret au feu rouge
143.85,308.3,0.0,SAFE,10,feu_rouge,SAFE : arret au feu rouge
143.90,308.3,0.0,SAFE,10,feu_rouge,SAFE : arret au feu rouge
143.95,308.3,0.0,SAFE,10,feu_rouge,SAFE : arret au feu rouge
144.00,308.3,0.0,SAFE,10,feu_rouge,SAFE : arret au feu rouge
144.05,308.3,0.0,SAFE,10,feu_rouge,SAFE : arret au feu rouge
144.10,308.3,0.0,SAFE,10,feu_rouge,SAFE : arret au feu rouge
144.15,308.3,0.0,SAFE,10,feu_rouge,SAFE : arret au feu rouge
144.20,308.3,0.0,SAFE,10,feu_rouge,SAFE : arret au feu rouge
144.25,308.3,0.0,SAFE,10,feu_rouge,SAFE : arret au feu rouge
144.30,308.3,0.0,SAFE,10,feu_rouge,SAFE : arret au feu rouge
144.35,308.3,0.0,SAFE,10,feu_rouge,SAFE : arret au feu rouge
144.40,308.3,0.0,SAFE,10,feu_rouge,SAFE : arret au feu rouge
144.45,308.3,0.0,SAFE,10,feu_rouge,SAFE : arret au feu rouge
144.50,308.3,0.0,SAFE,10,feu_rouge,SAFE : arret au feu rouge
144.55,308.3,0.0,SAFE,9,feu_rouge,SAFE : arret au feu rouge
144.60,308.3,0.0,SAFE,9,feu_rouge,SAFE : arret au feu rouge
144.65,308.3,0.0,SAFE,9,feu_rouge,SAFE : arret au feu rouge
144.70,308.3,0.0,SAFE,9,feu_rouge,SAFE : arret au feu rouge
144.75,308.3,0.0,SAFE,9,feu_rouge,SAFE : arret au feu rouge
144.80,308.3,0.0,SAFE,9,feu_rouge,SAFE : arret au feu rouge
144.85,308.3,0.0,SAFE,9,feu_rouge,SAFE : arret au feu rouge
144.90,308.3,0.0,SAFE,9,feu_rouge,SAFE : arret au feu rouge
144.95,308.3,0.0,SAFE,9,feu_rouge,SAFE : arret au feu rouge
145.00,308.3,0.0,SAFE,9,feu_rouge,SAFE : arret au feu rouge
145.05,308.3,0.0,SAFE,9,feu_rouge,SAFE : arret au feu rouge
145.10,308.3,0.0,SAFE,9,feu_rouge,SAFE : arret au feu rouge
145.15,308.3,0.0,SAFE,9,feu_rouge,SAFE : arret au feu rouge
145.20,308.3,0.0,SAFE,9,feu_rouge,SAFE : arret au feu rouge
145.25,308.3,0.0,SAFE,9,feu_rouge,SAFE : arret au feu rouge
145.30,308.3,0.0,SAFE,9,feu_rouge,SAFE : arret au feu rouge
145.35,308.3,0.0,SAFE,9,feu_rouge,SAFE : arret au feu rouge
145.40,308.3,0.0,SAFE,9,feu_rouge,SAFE : arret au feu rouge
145.45,308.3,0.0,SAFE,9,feu_rouge,SAFE : arret au feu rouge
145.50,308.3,0.0,SAFE,9,feu_rouge,SAFE : arret au feu rouge
145.55,308.3,0.0,SAFE,9,feu_rouge,SAFE : arret au feu rouge
145.60,308.3,0.0,SAFE,9,feu_rouge,SAFE : arret au feu rouge
145.65,308.3,0.0,SAFE,9,feu_rouge,SAFE : arret au feu rouge
145.70,308.3,0.0,SAFE,9,feu_rouge,SAFE : arret au feu rouge
145.75,308.3,0.0,SAFE,9,feu_rouge,SAFE : arret au feu rouge
145.80,308.3,0.0,SAFE,9,feu_rouge,SAFE : arret au feu rouge
145.85,308.3,0.0,SAFE,9,feu_rouge,SAFE : arret au feu rouge
145.90,308.3,0.0,SAFE,9,feu_rouge,SAFE : arret au feu rouge
145.95,308.3,0.0,SAFE,9,feu_rouge,SAFE : arret au feu rouge
146.00,308.3,0.0,SAFE,9,feu_rouge,SAFE : arret au feu rouge
146.05,308.3,0.0,SAFE,9,feu_rouge,SAFE : arret au feu rouge
146.10,308.3,0.0,SAFE,9,feu_rouge,SAFE : arret au feu rouge
146.15,308.3,0.0,SAFE,10,feu_rouge,SAFE : arret au feu rouge
146.20,308.3,0.0,SAFE,10,feu_rouge,SAFE : arret au feu rouge
146.25,308.3,0.0,SAFE,10,feu_rouge,SAFE : arret au feu rouge
146.30,308.3,0.0,SAFE,10,feu_rouge,SAFE : arret au feu rouge
146.35,308.3,0.0,SAFE,10,feu_rouge,SAFE : arret au feu rouge
146.40,308.3,0.0,SAFE,10,feu_rouge,SAFE : arret au feu rouge
146.45,308.3,0.0,SAFE,10,feu_rouge,SAFE : arret au feu rouge
146.50,308.3,0.0,SAFE,10,feu_rouge,SAFE : arret au feu rouge
146.55,308.3,0.0,SAFE,10,feu_rouge,SAFE : arret au feu rouge
146.60,308.3,0.0,SAFE,10,feu_rouge,SAFE : arret au feu rouge
146.65,308.3,0.0,SAFE,10,feu_rouge,SAFE : arret au feu rouge
146.70,308.3,0.0,SAFE,10,feu_rouge,SAFE : arret au feu rouge
146.75,308.3,0.0,SAFE,10,feu_rouge,SAFE : arret au feu rouge
146.80,308.3,0.0,SAFE,10,feu_rouge,SAFE : arret au feu rouge
146.85,308.3,0.0,SAFE,10,feu_rouge,SAFE : arret au feu rouge
146.90,308.3,0.0,SAFE,10,feu_rouge,SAFE : arret au feu rouge
146.95,308.3,0.0,SAFE,10,feu_rouge,SAFE : arret au feu rouge
147.00,308.3,0.0,SAFE,10,feu_rouge,SAFE : arret au feu rouge
147.05,308.3,0.0,SAFE,10,feu_rouge,SAFE : arret au feu rouge
147.10,308.3,0.0,SAFE,10,feu_rouge,SAFE : arret au feu rouge
147.15,308.3,0.0,SAFE,10,feu_rouge,SAFE : arret au feu rouge
147.20,308.3,0.0,SAFE,10,feu_rouge,SAFE : arret au feu rouge
147.25,308.3,0.0,SAFE,10,feu_rouge,SAFE : arret au feu rouge
147.30,308.3,0.0,SAFE,10,feu_rouge,SAFE : arret au feu rouge
147.35,308.3,0.0,SAFE,10,feu_rouge,SAFE : arret au feu rouge
147.40,308.3,0.0,SAFE,10,feu_rouge,SAFE : arret au feu rouge
147.45,308.3,0.0,SAFE,10,feu_rouge,SAFE : arret au feu rouge
147.50,308.3,0.0,SAFE,10,feu_rouge,SAFE : arret au feu rouge
147.55,308.3,0.0,SAFE,10,feu_rouge,SAFE : arret au feu rouge
147.60,308.3,0.0,SAFE,10,feu_rouge,SAFE : arret au feu rouge
147.65,308.3,0.0,SAFE,10,feu_rouge,SAFE : arret au feu rouge
147.70,308.3,0.0,SAFE,10,feu_rouge,SAFE : arret au feu rouge
147.75,308.3,0.0,SAFE,10,feu_rouge,SAFE : arret au feu rouge
147.80,308.3,0.0,SAFE,10,feu_rouge,SAFE : arret au feu rouge
147.85,308.3,0.0,SAFE,10,feu_rouge,SAFE : arret au feu rouge
147.90,308.3,0.0,SAFE,10,feu_rouge,SAFE : arret au feu rouge
147.95,308.3,0.0,SAFE,10,feu_rouge,SAFE : arret au feu rouge
148.00,308.3,0.0,SAFE,10,feu_rouge,SAFE : arret au feu rouge
148.05,308.3,0.0,SAFE,10,feu_rouge,SAFE : arret au feu rouge
148.10,308.3,0.0,SAFE,10,feu_rouge,SAFE : arret au feu rouge
148.15,308.3,0.0,SAFE,10,feu_rouge,SAFE : arret au feu rouge
148.20,308.3,0.0,SAFE,10,feu_rouge,SAFE : arret au feu rouge
148.25,308.3,0.0,SAFE,10,feu_rouge,SAFE : arret au feu rouge
148.30,308.3,0.0,SAFE,10,feu_rouge,SAFE : arret au feu rouge
148.35,308.3,0.0,SAFE,10,feu_rouge,SAFE : arret au feu rouge
148.40,308.3,0.0,SAFE,10,feu_rouge,SAFE : arret au feu rouge
148.45,308.3,0.0,SAFE,10,feu_rouge,SAFE : arret au feu rouge
148.50,308.3,0.0,SAFE,10,feu_rouge,SAFE : arret au feu rouge
148.55,308.3,0.0,SAFE,10,feu_rouge,SAFE : arret au feu rouge
148.60,308.3,0.0,SAFE,10,feu_rouge,SAFE : arret au feu rouge
148.65,308.3,0.0,SAFE,10,feu_rouge,SAFE : arret au feu rouge
148.70,308.3,0.0,SAFE,10,feu_rouge,SAFE : arret au feu rouge
148.75,308.3,0.0,SAFE,10,feu_rouge,SAFE : arret au feu rouge
148.80,308.3,0.0,SAFE,10,feu_rouge,SAFE : arret au feu rouge
148.85,308.3,0.0,SAFE,10,feu_rouge,SAFE : arret au feu rouge
148.90,308.3,0.0,SAFE,10,feu_rouge,SAFE : arret au feu rouge
148.95,308.3,0.0,SAFE,10,feu_rouge,SAFE : arret au feu rouge
149.00,308.3,0.0,SAFE,10,feu_rouge,SAFE : arret au feu rouge
149.05,308.3,0.0,SAFE,10,feu_rouge,SAFE : arret au feu rouge
149.10,308.3,0.0,SAFE,10,feu_rouge,SAFE : arret au feu rouge
149.15,308.3,0.0,SAFE,10,feu_rouge,SAFE : arret au feu rouge
149.20,308.3,0.0,SAFE,10,feu_rouge,SAFE : arret au feu rouge
149.25,308.3,0.0,SAFE,10,feu_rouge,SAFE : arret au feu rouge
149.30,308.3,0.0,SAFE,10,feu_rouge,SAFE : arret au feu rouge
149.35,308.3,0.0,SAFE,10,feu_rouge,SAFE : arret au feu rouge
149.40,308.3,0.0,SAFE,10,feu_rouge,SAFE : arret au feu rouge
149.45,308.3,0.0,SAFE,10,feu_rouge,SAFE : arret au feu rouge
149.50,308.3,0.0,SAFE,10,feu_rouge,SAFE : arret au feu rouge
149.55,308.3,0.0,SAFE,10,feu_rouge,SAFE : arret au feu rouge
149.60,308.3,0.0,SAFE,10,feu_rouge,SAFE : arret au feu rouge
149.65,308.3,0.0,SAFE,10,feu_rouge,SAFE : arret au feu rouge
149.70,308.3,0.0,SAFE,10,feu_rouge,SAFE : arret au feu rouge
149.75,308.3,0.0,SAFE,10,feu_rouge,SAFE : arret au feu rouge
149.80,308.3,0.0,SAFE,10,feu_rouge,SAFE : arret au feu rouge
149.85,308.3,0.0,SAFE,10,feu_rouge,SAFE : arret au feu rouge
149.90,308.3,0.0,SAFE,10,feu_rouge,SAFE : arret au feu rouge
149.95,308.3,0.0,SAFE,10,feu_rouge,SAFE : arret au feu rouge
150.00,308.3,0.0,SAFE,10,feu_rouge,SAFE : arret au feu rouge
150.05,308.3,0.0,SAFE,10,feu_rouge,SAFE : arret au feu rouge
150.10,308.3,0.0,SAFE,10,feu_rouge,SAFE : arret au feu rouge
150.15,308.3,0.0,SAFE,10,feu_rouge,SAFE : arret au feu rouge
150.20,308.3,0.0,SAFE,11,feu_rouge,SAFE : arret au feu rouge
150.25,308.3,0.0,SAFE,11,feu_rouge,SAFE : arret au feu rouge
150.30,308.3,0.0,SAFE,11,feu_rouge,SAFE : arret au feu rouge
150.35,308.3,0.0,SAFE,11,feu_rouge,SAFE : arret au feu rouge
150.40,308.3,0.0,SAFE,11,feu_rouge,SAFE : arret au feu rouge
150.45,308.3,0.0,SAFE,11,feu_rouge,SAFE : arret au feu rouge
150.50,308.3,0.0,SAFE,11,feu_rouge,SAFE : arret au feu rouge
150.55,308.3,0.0,SAFE,11,feu_rouge,SAFE : arret au feu rouge
150.60,308.3,0.0,SAFE,11,feu_rouge,SAFE : arret au feu rouge
150.65,308.3,0.0,SAFE,11,feu_rouge,SAFE : arret au feu rouge
150.70,308.3,0.0,SAFE,11,feu_rouge,SAFE : arret au feu rouge
150.75,308.3,0.0,SAFE,11,feu_rouge,SAFE : arret au feu rouge
150.80,308.3,0.0,SAFE,11,feu_rouge,SAFE : arret au feu rouge
150.85,308.3,0.0,SAFE,11,feu_rouge,SAFE : arret au feu rouge
150.90,308.3,0.0,SAFE,11,feu_rouge,SAFE : arret au feu rouge
150.95,308.3,0.0,SAFE,11,feu_rouge,SAFE : arret au feu rouge
151.00,308.3,0.0,SAFE,11,feu_rouge,SAFE : arret au feu rouge
151.05,308.3,0.0,SAFE,11,feu_rouge,SAFE : arret au feu rouge
151.10,308.3,0.0,SAFE,11,feu_rouge,SAFE : arret au feu rouge
151.15,308.3,0.0,SAFE,11,feu_rouge,SAFE : arret au feu rouge
151.20,308.3,0.0,SAFE,11,feu_rouge,SAFE : arret au feu rouge
151.25,308.3,0.0,SAFE,11,feu_rouge,SAFE : arret au feu rouge
151.30,308.3,0.0,SAFE,11,feu_rouge,SAFE : arret au feu rouge
151.35,308.3,0.0,SAFE,11,feu_rouge,SAFE : arret au feu rouge
151.40,308.3,0.0,SAFE,11,feu_rouge,SAFE : arret au feu rouge
151.45,308.3,0.0,SAFE,11,feu_rouge,SAFE : arret au feu rouge
151.50,308.3,0.0,SAFE,11,feu_rouge,SAFE : arret au feu rouge
151.55,308.3,0.0,SAFE,11,feu_rouge,SAFE : arret au feu rouge
151.60,308.3,0.0,SAFE,11,feu_rouge,SAFE : arret au feu rouge
151.65,308.3,0.0,SAFE,11,feu_rouge,SAFE : arret au feu rouge
151.70,308.3,0.0,SAFE,11,feu_rouge,SAFE : arret au feu rouge
151.75,308.3,0.0,SAFE,11,feu_rouge,SAFE : arret au feu rouge
151.80,308.3,0.0,SAFE,11,feu_rouge,SAFE : arret au feu rouge
151.85,308.3,0.0,SAFE,12,feu_rouge,SAFE : arret au feu rouge
151.90,308.3,0.0,SAFE,12,feu_rouge,SAFE : arret au feu rouge
151.95,308.3,0.0,SAFE,12,feu_rouge,SAFE : arret au feu rouge
152.00,308.3,0.0,SAFE,12,feu_rouge,SAFE : arret au feu rouge
152.05,308.3,0.0,SAFE,12,feu_rouge,SAFE : arret au feu rouge
152.10,308.3,0.0,SAFE,12,feu_rouge,SAFE : arret au feu rouge
152.15,308.3,0.0,SAFE,12,feu_rouge,SAFE : arret au feu rouge
152.20,308.3,0.0,SAFE,12,feu_rouge,SAFE : arret au feu rouge
152.25,308.3,0.0,SAFE,12,feu_rouge,SAFE : arret au feu rouge
152.30,308.3,0.0,SAFE,12,feu_rouge,SAFE : arret au feu rouge
152.35,308.3,0.0,SAFE,12,feu_rouge,SAFE : arret au feu rouge
152.40,308.3,0.0,SAFE,12,feu_rouge,SAFE : arret au feu rouge
152.45,308.3,0.0,SAFE,12,feu_rouge,SAFE : arret au feu rouge
152.50,308.3,0.0,SAFE,12,feu_rouge,SAFE : arret au feu rouge
152.55,308.3,0.0,SAFE,12,feu_rouge,SAFE : arret au feu rouge
152.60,308.3,0.0,SAFE,12,feu_rouge,SAFE : arret au feu rouge
152.65,308.3,0.0,SAFE,12,feu_rouge,SAFE : arret au feu rouge
152.70,308.3,0.0,SAFE,12,feu_rouge,SAFE : arret au feu rouge
152.75,308.3,0.0,SAFE,12,feu_rouge,SAFE : arret au feu rouge
152.80,308.3,0.0,SAFE,12,feu_rouge,SAFE : arret au feu rouge
152.85,308.3,0.0,SAFE,12,feu_rouge,SAFE : arret au feu rouge
152.90,308.3,0.0,SAFE,12,feu_rouge,SAFE : arret au feu rouge
152.95,308.3,0.0,SAFE,12,feu_rouge,SAFE : arret au feu rouge
153.00,308.3,0.0,SAFE,12,feu_rouge,SAFE : arret au feu rouge
153.05,308.3,0.0,SAFE,13,feu_rouge,SAFE : arret au feu rouge
153.10,308.3,0.0,SAFE,13,feu_rouge,SAFE : arret au feu rouge
153.15,308.3,0.0,SAFE,12,feu_rouge,SAFE : arret au feu rouge
153.20,308.3,0.0,SAFE,12,feu_rouge,SAFE : arret au feu rouge
153.25,308.3,0.0,SAFE,12,feu_rouge,SAFE : arret au feu rouge
153.30,308.3,0.0,SAFE,12,feu_rouge,SAFE : arret au feu rouge
153.35,308.3,0.0,SAFE,12,feu_rouge,SAFE : arret au feu rouge
153.40,308.3,0.0,SAFE,12,feu_rouge,SAFE : arret au feu rouge
153.45,308.3,0.0,SAFE,12,feu_rouge,SAFE : arret au feu rouge
153.50,308.3,0.0,SAFE,12,feu_rouge,SAFE : arret au feu rouge
153.55,308.3,0.0,SAFE,12,feu_rouge,SAFE : arret au feu rouge
153.60,308.3,0.0,SAFE,12,feu_rouge,SAFE : arret au feu rouge
153.65,308.3,0.0,SAFE,12,feu_rouge,SAFE : arret au feu rouge
153.70,308.3,0.0,SAFE,12,feu_rouge,SAFE : arret au feu rouge
153.75,308.3,0.0,SAFE,12,feu_rouge,SAFE : arret au feu rouge
153.80,308.3,0.0,SAFE,12,feu_rouge,SAFE : arret au feu rouge
153.85,308.3,0.0,SAFE,12,feu_rouge,SAFE : arret au feu rouge
153.90,308.3,0.0,SAFE,12,feu_rouge,SAFE : arret au feu rouge
153.95,308.3,0.0,SAFE,12,feu_rouge,SAFE : arret au feu rouge
154.00,308.3,0.0,SAFE,12,feu_rouge,SAFE : arret au feu rouge
154.05,308.3,0.0,SAFE,12,feu_rouge,SAFE : arret au feu rouge
154.10,308.3,0.0,SAFE,12,feu_rouge,SAFE : arret au feu rouge
154.15,308.3,0.0,SAFE,12,feu_rouge,SAFE : arret au feu rouge
154.20,308.3,0.0,SAFE,12,feu_rouge,SAFE : arret au feu rouge
154.25,308.3,0.0,SAFE,12,feu_rouge,SAFE : arret au feu rouge
154.30,308.3,0.0,SAFE,12,feu_rouge,SAFE : arret au feu rouge
154.35,308.3,0.0,SAFE,12,feu_rouge,SAFE : arret au feu rouge
154.40,308.3,0.0,SAFE,12,feu_rouge,SAFE : arret au feu rouge
154.45,308.3,0.0,SAFE,12,feu_rouge,SAFE : arret au feu rouge
154.50,308.3,0.0,SAFE,12,feu_rouge,SAFE : arret au feu rouge
154.55,308.3,0.0,SAFE,12,feu_rouge,SAFE : arret au feu rouge
154.60,308.3,0.0,SAFE,12,feu_rouge,SAFE : arret au feu rouge
154.65,308.3,0.0,SAFE,12,feu_rouge,SAFE : arret au feu rouge
154.70,308.3,0.0,SAFE,12,feu_rouge,SAFE : arret au feu rouge
154.75,308.3,0.0,SAFE,12,feu_rouge,SAFE : arret au feu rouge
154.80,308.3,0.0,SAFE,12,feu_rouge,SAFE : arret au feu rouge
154.85,308.3,0.0,SAFE,12,feu_rouge,SAFE : arret au feu rouge
154.90,308.3,0.0,SAFE,12,feu_rouge,SAFE : arret au feu rouge
154.95,308.3,0.0,SAFE,12,feu_rouge,SAFE : arret au feu rouge
155.00,308.3,0.0,SAFE,12,feu_rouge,SAFE : arret au feu rouge
155.05,308.3,0.0,SAFE,11,feu_rouge,SAFE : arret au feu rouge
155.10,308.3,0.0,SAFE,11,feu_rouge,SAFE : arret au feu rouge
155.15,308.3,0.0,SAFE,11,feu_rouge,SAFE : arret au feu rouge
155.20,308.3,0.0,SAFE,11,feu_rouge,SAFE : arret au feu rouge
155.25,308.3,0.0,SAFE,11,feu_rouge,SAFE : arret au feu rouge
155.30,308.3,0.0,SAFE,11,feu_rouge,SAFE : arret au feu rouge
155.35,308.3,0.0,SAFE,11,feu_rouge,SAFE : arret au feu rouge
155.40,308.3,0.0,SAFE,11,feu_rouge,SAFE : arret au feu rouge
155.45,308.3,0.0,SAFE,11,feu_rouge,SAFE : arret au feu rouge
155.50,308.3,0.0,SAFE,12,feu_rouge,SAFE : arret au feu rouge
155.55,308.3,0.0,SAFE,12,feu_rouge,SAFE : arret au feu rouge
155.60,308.3,0.0,SAFE,12,feu_rouge,SAFE : arret au feu rouge
155.65,308.3,0.0,SAFE,12,feu_rouge,SAFE : arret au feu rouge
155.70,308.3,0.0,SAFE,12,feu_rouge,SAFE : arret au feu rouge
155.75,308.3,0.0,SAFE,12,feu_rouge,SAFE : arret au feu rouge
155.80,308.3,0.0,SAFE,12,feu_rouge,SAFE : arret au feu rouge
155.85,308.3,0.0,SAFE,12,feu_rouge,SAFE : arret au feu rouge
155.90,308.3,0.0,SAFE,12,feu_rouge,SAFE : arret au feu rouge
155.95,308.3,0.0,SAFE,12,feu_rouge,SAFE : arret au feu rouge
156.00,308.3,0.0,SAFE,12,feu_rouge,SAFE : arret au feu rouge
156.05,308.3,0.0,SAFE,12,feu_rouge,SAFE : arret au feu rouge
156.10,308.3,0.0,SAFE,12,feu_rouge,SAFE : arret au feu rouge
156.15,308.3,0.0,SAFE,12,feu_rouge,SAFE : arret au feu rouge
156.20,308.3,0.0,SAFE,13,feu_rouge,SAFE : arret au feu rouge
156.25,308.3,0.0,SAFE,13,feu_rouge,SAFE : arret au feu rouge
156.30,308.3,0.0,SAFE,13,feu_rouge,SAFE : arret au feu rouge
156.35,308.3,0.0,SAFE,13,feu_rouge,SAFE : arret au feu rouge
156.40,308.3,0.0,SAFE,13,feu_rouge,SAFE : arret au feu rouge
156.45,308.3,0.0,SAFE,13,feu_rouge,SAFE : arret au feu rouge
156.50,308.3,0.0,SAFE,13,feu_rouge,SAFE : arret au feu rouge
156.55,308.3,0.0,SAFE,14,feu_rouge,SAFE : arret au feu rouge
156.60,308.3,0.0,SAFE,14,feu_rouge,SAFE : arret au feu rouge
156.65,308.3,0.0,SAFE,14,feu_rouge,SAFE : arret au feu rouge
156.70,308.3,0.0,SAFE,14,feu_rouge,SAFE : arret au feu rouge
156.75,308.3,0.0,SAFE,14,feu_rouge,SAFE : arret au feu rouge
156.80,308.3,0.0,SAFE,14,feu_rouge,SAFE : arret au feu rouge
156.85,308.3,0.0,SAFE,14,feu_rouge,SAFE : arret au feu rouge
156.90,308.3,0.0,SAFE,14,feu_rouge,SAFE : arret au feu rouge
156.95,308.3,0.0,SAFE,14,feu_rouge,SAFE : arret au feu rouge
157.00,308.3,0.0,SAFE,14,feu_rouge,SAFE : arret au feu rouge
157.05,308.3,0.0,SAFE,14,feu_rouge,SAFE : arret au feu rouge
157.10,308.3,0.0,SAFE,14,feu_rouge,SAFE : arret au feu rouge
157.15,308.3,0.0,SAFE,14,feu_rouge,SAFE : arret au feu rouge
157.20,308.3,0.0,SAFE,14,feu_rouge,SAFE : arret au feu rouge
157.25,308.3,0.0,SAFE,14,feu_rouge,SAFE : arret au feu rouge
157.30,308.3,0.0,SAFE,14,feu_rouge,SAFE : arret au feu rouge
157.35,308.3,0.0,SAFE,14,feu_rouge,SAFE : arret au feu rouge
157.40,308.3,0.0,SAFE,14,feu_rouge,SAFE : arret au feu rouge
157.45,308.3,0.0,SAFE,13,feu_rouge,SAFE : arret au feu rouge
157.50,308.3,0.0,SAFE,13,feu_rouge,SAFE : arret au feu rouge
157.55,308.3,0.0,SAFE,13,feu_rouge,SAFE : arret au feu rouge
157.60,308.3,0.0,SAFE,13,feu_rouge,SAFE : arret au feu rouge
157.65,308.3,0.0,SAFE,13,feu_rouge,SAFE : arret au feu rouge
157.70,308.3,0.0,SAFE,13,feu_rouge,SAFE : arret au feu rouge
157.75,308.3,0.0,SAFE,13,feu_rouge,SAFE : arret au feu rouge
157.80,308.3,0.0,SAFE,13,feu_rouge,SAFE : arret au feu rouge
157.85,308.3,0.0,SAFE,13,feu_rouge,SAFE : arret au feu rouge
157.90,308.3,0.0,SAFE,13,feu_rouge,SAFE : arret au feu rouge
157.95,308.3,0.0,SAFE,13,feu_rouge,SAFE : arret au feu rouge
158.00,308.3,0.0,SAFE,13,feu_rouge,SAFE : arret au feu rouge
158.05,308.3,0.0,SAFE,13,feu_rouge,SAFE : arret au feu rouge
158.10,308.3,0.0,SAFE,13,feu_rouge,SAFE : arret au feu rouge
158.15,308.3,0.0,SAFE,13,feu_rouge,SAFE : arret au feu rouge
158.20,308.3,0.0,SAFE,13,feu_rouge,SAFE : arret au feu rouge
158.25,308.3,0.0,SAFE,13,feu_rouge,SAFE : arret au feu rouge
158.30,308.3,0.0,SAFE,13,feu_rouge,SAFE : arret au feu rouge
158.35,308.3,0.0,SAFE,13,feu_rouge,SAFE : arret au feu rouge
158.40,308.3,0.0,SAFE,13,feu_rouge,SAFE : arret au feu rouge
158.45,308.3,0.0,SAFE,13,feu_rouge,SAFE : arret au feu rouge
158.50,308.3,0.0,SAFE,13,feu_rouge,SAFE : arret au feu rouge
158.55,308.3,0.0,SAFE,13,feu_rouge,SAFE : arret au feu rouge
158.60,308.3,0.0,SAFE,13,feu_rouge,SAFE : arret au feu rouge
158.65,308.3,0.0,SAFE,13,feu_rouge,SAFE : arret au feu rouge
158.70,308.3,0.0,SAFE,13,feu_rouge,SAFE : arret au feu rouge
158.75,308.3,0.0,SAFE,13,feu_rouge,SAFE : arret au feu rouge
158.80,308.3,0.0,SAFE,13,feu_rouge,SAFE : arret au feu rouge
158.85,308.3,0.0,SAFE,13,feu_rouge,SAFE : arret au feu rouge
158.90,308.3,0.0,SAFE,13,feu_rouge,SAFE : arret au feu rouge
158.95,308.3,0.0,SAFE,13,feu_rouge,SAFE : arret au feu rouge
159.00,308.3,0.0,SAFE,13,feu_rouge,SAFE : arret au feu rouge
159.05,308.3,0.0,SAFE,13,feu_rouge,SAFE : arret au feu rouge
159.10,308.3,0.0,SAFE,13,feu_rouge,SAFE : arret au feu rouge
159.15,308.3,0.0,SAFE,13,feu_rouge,SAFE : arret au feu rouge
159.20,308.3,0.0,SAFE,13,feu_rouge,SAFE : arret au feu rouge
159.25,308.3,0.0,SAFE,13,feu_rouge,SAFE : arret au feu rouge
159.30,308.3,0.0,SAFE,13,feu_rouge,SAFE : arret au feu rouge
159.35,308.3,0.0,SAFE,13,feu_rouge,SAFE : arret au feu rouge
159.40,308.3,0.0,SAFE,13,feu_rouge,SAFE : arret au feu rouge
159.45,308.3,0.0,SAFE,13,feu_rouge,SAFE : arret au feu rouge
159.50,308.3,0.0,SAFE,13,feu_rouge,SAFE : arret au feu rouge
159.55,308.3,0.0,SAFE,13,feu_rouge,SAFE : arret au feu rouge
159.60,308.3,0.0,SAFE,13,feu_rouge,SAFE : arret au feu rouge
159.65,308.3,0.0,SAFE,13,feu_rouge,SAFE : arret au feu rouge
159.70,308.3,0.0,SAFE,13,feu_rouge,SAFE : arret au feu rouge
159.75,308.3,0.0,SAFE,13,feu_rouge,SAFE : arret au feu rouge
159.80,308.3,0.0,SAFE,13,feu_rouge,SAFE : arret au feu rouge
159.85,308.3,0.0,SAFE,13,feu_rouge,SAFE : arret au feu rouge
159.90,308.3,0.0,SAFE,13,feu_rouge,SAFE : arret au feu rouge
159.95,308.3,0.0,SAFE,13,feu_rouge,SAFE : arret au feu rouge
160.00,308.3,0.0,SAFE,13,feu_rouge,SAFE : arret au feu rouge
160.05,308.3,0.0,SAFE,13,feu_rouge,SAFE : arret au feu rouge
160.10,308.3,0.0,SAFE,13,feu_rouge,SAFE : arret au feu rouge
160.15,308.3,0.0,SAFE,13,feu_rouge,SAFE : arret au feu rouge
160.20,308.3,0.0,SAFE,13,feu_rouge,SAFE : arret au feu rouge
160.25,308.3,0.0,SAFE,13,feu_rouge,SAFE : arret au feu rouge
160.30,308.3,0.0,SAFE,13,feu_rouge,SAFE : arret au feu rouge
160.35,308.3,0.0,SAFE,13,feu_rouge,SAFE : arret au feu rouge
160.40,308.3,0.0,SAFE,13,feu_rouge,SAFE : arret au feu rouge
160.45,308.3,0.0,SAFE,13,feu_rouge,SAFE : arret au feu rouge
160.50,308.3,0.0,SAFE,13,feu_rouge,SAFE : arret au feu rouge
160.55,308.3,0.0,SAFE,12,feu_rouge,SAFE : arret au feu rouge
160.60,308.3,0.0,SAFE,12,feu_rouge,SAFE : arret au feu rouge
160.65,308.3,0.0,SAFE,12,feu_rouge,SAFE : arret au feu rouge
160.70,308.3,0.0,SAFE,12,feu_rouge,SAFE : arret au feu rouge
160.75,308.3,0.0,SAFE,12,feu_rouge,SAFE : arret au feu rouge
160.80,308.3,0.0,SAFE,12,feu_rouge,SAFE : arret au feu rouge
160.85,308.3,0.0,SAFE,12,feu_rouge,SAFE : arret au feu rouge
160.90,308.3,0.0,SAFE,12,feu_rouge,SAFE : arret au feu rouge
160.95,308.3,0.0,SAFE,12,feu_rouge,SAFE : arret au feu rouge
161.00,308.3,0.0,SAFE,13,feu_rouge,SAFE : arret au feu rouge
161.05,308.3,0.0,SAFE,14,feu_rouge,SAFE : arret au feu rouge
161.10,308.3,0.0,SAFE,14,feu_rouge,SAFE : arret au feu rouge
161.15,308.3,0.0,SAFE,14,feu_rouge,SAFE : arret au feu rouge
161.20,308.3,0.0,SAFE,14,feu_rouge,SAFE : arret au feu rouge
161.25,308.3,0.0,SAFE,14,feu_rouge,SAFE : arret au feu rouge
161.30,308.3,0.0,SAFE,14,feu_rouge,SAFE : arret au feu rouge
161.35,308.3,0.0,SAFE,14,feu_rouge,SAFE : arret au feu rouge
161.40,308.3,0.0,SAFE,14,feu_rouge,SAFE : arret au feu rouge
161.45,308.3,0.0,SAFE,14,feu_rouge,SAFE : arret au feu rouge
161.50,308.3,0.0,SAFE,14,feu_rouge,SAFE : arret au feu rouge
161.55,308.3,0.0,SAFE,14,feu_rouge,SAFE : arret au feu rouge
161.60,308.3,0.0,SAFE,14,feu_rouge,SAFE : arret au feu rouge
161.65,308.3,0.0,SAFE,14,feu_rouge,SAFE : arret au feu rouge
161.70,308.3,0.0,SAFE,14,feu_rouge,SAFE : arret au feu rouge
161.75,308.3,0.0,SAFE,14,feu_rouge,SAFE : arret au feu rouge
161.80,308.3,0.0,SAFE,14,feu_rouge,SAFE : arret au feu rouge
161.85,308.3,0.0,SAFE,14,feu_rouge,SAFE : arret au feu rouge
161.90,308.3,0.0,SAFE,14,feu_rouge,SAFE : arret au feu rouge
161.95,308.3,0.0,SAFE,14,feu_rouge,SAFE : arret au feu rouge
162.00,308.3,0.0,SAFE,14,feu_rouge,SAFE : arret au feu rouge
162.05,308.3,0.0,SAFE,14,feu_rouge,SAFE : arret au feu rouge
162.10,308.3,0.0,SAFE,14,feu_rouge,SAFE : arret au feu rouge
162.15,308.3,0.0,SAFE,14,feu_rouge,SAFE : arret au feu rouge
162.20,308.3,0.0,SAFE,14,feu_rouge,SAFE : arret au feu rouge
162.25,308.3,0.0,SAFE,13,feu_rouge,SAFE : arret au feu rouge
162.30,308.3,0.0,SAFE,13,feu_rouge,SAFE : arret au feu rouge
162.35,308.3,0.0,SAFE,13,feu_rouge,SAFE : arret au feu rouge
162.40,308.3,0.0,SAFE,13,feu_rouge,SAFE : arret au feu rouge
162.45,308.3,0.0,SAFE,13,feu_rouge,SAFE : arret au feu rouge
162.50,308.3,0.0,SAFE,13,feu_rouge,SAFE : arret au feu rouge
162.55,308.3,0.0,SAFE,13,feu_rouge,SAFE : arret au feu rouge
162.60,308.3,0.0,SAFE,12,feu_rouge,SAFE : arret au feu rouge
162.65,308.3,0.0,SAFE,12,feu_rouge,SAFE : arret au feu rouge
162.70,308.3,0.0,SAFE,12,feu_rouge,SAFE : arret au feu rouge
162.75,308.3,0.0,SAFE,12,feu_rouge,SAFE : arret au feu rouge
162.80,308.3,0.0,SAFE,12,feu_rouge,SAFE : arret au feu rouge
162.85,308.3,0.0,SAFE,12,feu_rouge,SAFE : arret au feu rouge
162.90,308.3,0.0,SAFE,12,feu_rouge,SAFE : arret au feu rouge
162.95,308.3,0.0,SAFE,12,feu_rouge,SAFE : arret au feu rouge
163.00,308.3,0.0,SAFE,12,feu_rouge,SAFE : arret au feu rouge
163.05,308.3,0.0,SAFE,12,feu_rouge,SAFE : arret au feu rouge
163.10,308.3,0.0,SAFE,12,feu_rouge,SAFE : arret au feu rouge
163.15,308.3,0.0,SAFE,12,feu_rouge,SAFE : arret au feu rouge
163.20,308.3,0.0,SAFE,12,feu_rouge,SAFE : arret au feu rouge
163.25,308.3,0.0,SAFE,12,feu_rouge,SAFE : arret au feu rouge
163.30,308.3,0.0,SAFE,12,feu_rouge,SAFE : arret au feu rouge
163.35,308.3,0.0,SAFE,12,feu_rouge,SAFE : arret au feu rouge
163.40,308.3,0.0,SAFE,12,feu_rouge,SAFE : arret au feu rouge
163.45,308.3,0.0,SAFE,12,feu_rouge,SAFE : arret au feu rouge
163.50,308.3,0.0,SAFE,13,feu_rouge,SAFE : arret au feu rouge
163.55,308.3,0.0,SAFE,13,feu_rouge,SAFE : arret au feu rouge
163.60,308.3,0.0,SAFE,13,feu_rouge,SAFE : arret au feu rouge
163.65,308.3,0.0,SAFE,13,feu_rouge,SAFE : arret au feu rouge
163.70,308.3,0.0,SAFE,13,feu_rouge,SAFE : arret au feu rouge
163.75,308.3,0.0,SAFE,13,feu_rouge,SAFE : arret au feu rouge
163.80,308.3,0.0,SAFE,13,feu_rouge,SAFE : arret au feu rouge
163.85,308.3,0.0,SAFE,13,feu_rouge,SAFE : arret au feu rouge
163.90,308.3,0.0,SAFE,13,feu_rouge,SAFE : arret au feu rouge
163.95,308.3,0.0,SAFE,13,feu_rouge,SAFE : arret au feu rouge
164.00,308.3,0.0,SAFE,13,feu_rouge,SAFE : arret au feu rouge
164.05,308.3,0.0,SAFE,13,feu_rouge,SAFE : arret au feu rouge
164.10,308.3,0.0,SAFE,13,feu_rouge,SAFE : arret au feu rouge
164.15,308.3,0.0,SAFE,13,feu_rouge,SAFE : arret au feu rouge
164.20,308.3,0.0,SAFE,13,feu_rouge,SAFE : arret au feu rouge
164.25,308.3,0.0,SAFE,13,feu_rouge,SAFE : arret au feu rouge
164.30,308.3,0.0,SAFE,13,feu_rouge,SAFE : arret au feu rouge
164.35,308.3,0.0,SAFE,13,feu_rouge,SAFE : arret au feu rouge
164.40,308.3,0.0,SAFE,13,feu_rouge,SAFE : arret au feu rouge
164.45,308.3,0.0,SAFE,13,feu_rouge,SAFE : arret au feu rouge
164.50,308.3,0.0,SAFE,13,feu_rouge,SAFE : arret au feu rouge
164.55,308.3,0.0,SAFE,12,feu_rouge,SAFE : arret au feu rouge
164.60,308.3,0.0,SAFE,12,feu_rouge,SAFE : arret au feu rouge
164.65,308.3,0.0,SAFE,12,feu_rouge,SAFE : arret au feu rouge
164.70,308.3,0.0,SAFE,12,feu_rouge,SAFE : arret au feu rouge
164.75,308.3,0.0,SAFE,12,feu_rouge,SAFE : arret au feu rouge
164.80,308.3,0.0,SAFE,12,feu_rouge,SAFE : arret au feu rouge
164.85,308.3,0.0,SAFE,12,feu_rouge,SAFE : arret au feu rouge
164.90,308.3,0.0,SAFE,12,feu_rouge,SAFE : arret au feu rouge
164.95,308.3,0.0,SAFE,12,feu_rouge,SAFE : arret au feu rouge
165.00,308.3,0.0,SAFE,12,feu_rouge,SAFE : arret au feu rouge
165.05,308.3,0.0,SAFE,12,feu_rouge,SAFE : arret au feu rouge
165.10,308.3,0.0,SAFE,12,feu_rouge,SAFE : arret au feu rouge
165.15,308.3,0.0,SAFE,12,feu_rouge,SAFE : arret au feu rouge
165.20,308.3,0.0,SAFE,12,feu_rouge,SAFE : arret au feu rouge
165.25,308.3,0.0,SAFE,12,feu_rouge,SAFE : arret au feu rouge
165.30,308.3,0.0,SAFE,12,feu_rouge,SAFE : arret au feu rouge
165.35,308.3,0.0,SAFE,12,feu_rouge,SAFE : arret au feu rouge
165.40,308.3,0.0,SAFE,12,feu_rouge,SAFE : arret au feu rouge
165.45,308.3,0.0,SAFE,12,feu_rouge,SAFE : arret au feu rouge
165.50,308.3,0.0,SAFE,12,feu_rouge,SAFE : arret au feu rouge
165.55,308.3,0.0,SAFE,12,feu_rouge,SAFE : arret au feu rouge
165.60,308.3,0.0,SAFE,12,feu_rouge,SAFE : arret au feu rouge
165.65,308.3,0.0,SAFE,12,feu_rouge,SAFE : arret au feu rouge
165.70,308.3,0.0,SAFE,12,feu_rouge,SAFE : arret au feu rouge
165.75,308.3,0.0,SAFE,12,feu_rouge,SAFE : arret au feu rouge
165.80,308.3,0.0,SAFE,12,feu_rouge,SAFE : arret au feu rouge
165.85,308.3,0.0,SAFE,12,feu_rouge,SAFE : arret au feu rouge
165.90,308.3,0.0,SAFE,12,feu_rouge,SAFE : arret au feu rouge
165.95,308.3,0.0,SAFE,12,feu_rouge,SAFE : arret au feu rouge
166.00,308.3,0.0,SAFE,12,feu_rouge,SAFE : arret au feu rouge
166.05,308.3,0.0,SAFE,12,feu_rouge,SAFE : arret au feu rouge
166.10,308.3,0.0,SAFE,13,feu_rouge,SAFE : arret au feu rouge
166.15,308.3,0.0,SAFE,13,feu_rouge,SAFE : arret au feu rouge
166.20,308.3,0.0,SAFE,13,feu_rouge,SAFE : arret au feu rouge
166.25,308.3,0.0,SAFE,13,feu_rouge,SAFE : arret au feu rouge
166.30,308.3,0.0,SAFE,13,feu_rouge,SAFE : arret au feu rouge
166.35,308.3,0.0,SAFE,13,feu_rouge,SAFE : arret au feu rouge
166.40,308.3,0.0,SAFE,13,feu_rouge,SAFE : arret au feu rouge
166.45,308.3,0.0,SAFE,13,feu_rouge,SAFE : arret au feu rouge
166.50,308.3,0.0,SAFE,13,feu_rouge,SAFE : arret au feu rouge
166.55,308.3,0.0,SAFE,12,feu_rouge,SAFE : arret au feu rouge
166.60,308.3,0.0,SAFE,12,feu_rouge,SAFE : arret au feu rouge
166.65,308.3,0.0,SAFE,12,feu_rouge,SAFE : arret au feu rouge
166.70,308.3,0.0,SAFE,12,feu_rouge,SAFE : arret au feu rouge
166.75,308.3,0.0,SAFE,12,feu_rouge,SAFE : arret au feu rouge
166.80,308.3,0.0,SAFE,12,feu_rouge,SAFE : arret au feu rouge
166.85,308.3,0.0,SAFE,12,feu_rouge,SAFE : arret au feu rouge
166.90,308.3,0.0,SAFE,12,feu_rouge,SAFE : arret au feu rouge
166.95,308.3,0.0,SAFE,12,feu_rouge,SAFE : arret au feu rouge
167.00,308.3,0.0,SAFE,12,feu_rouge,SAFE : arret au feu rouge
167.05,308.3,0.0,SAFE,12,feu_rouge,SAFE : arret au feu rouge
167.10,308.3,0.0,SAFE,12,feu_rouge,SAFE : arret au feu rouge
167.15,308.3,0.0,SAFE,12,feu_rouge,SAFE : arret au feu rouge
167.20,308.3,0.0,SAFE,12,feu_rouge,SAFE : arret au feu rouge
167.25,308.3,0.0,SAFE,12,feu_rouge,SAFE : arret au feu rouge
167.30,308.3,0.0,SAFE,12,feu_rouge,SAFE : arret au feu rouge
167.35,308.3,0.0,SAFE,11,feu_rouge,SAFE : arret au feu rouge
167.40,308.3,0.0,SAFE,11,feu_rouge,SAFE : arret au feu rouge
167.45,308.3,0.0,SAFE,11,feu_rouge,SAFE : arret au feu rouge
167.50,308.3,0.0,SAFE,11,feu_rouge,SAFE : arret au feu rouge
167.55,308.3,0.0,SAFE,11,feu_rouge,SAFE : arret au feu rouge
167.60,308.3,0.0,SAFE,11,feu_rouge,SAFE : arret au feu rouge
167.65,308.3,0.0,SAFE,11,feu_rouge,SAFE : arret au feu rouge
167.70,308.3,0.0,SAFE,11,feu_rouge,SAFE : arret au feu rouge
167.75,308.3,0.0,SAFE,11,feu_rouge,SAFE : arret au feu rouge
167.80,308.3,0.0,SAFE,11,feu_rouge,SAFE : arret au feu rouge
167.85,308.3,0.0,SAFE,11,feu_rouge,SAFE : arret au feu rouge
167.90,308.3,0.0,SAFE,11,feu_rouge,SAFE : arret au feu rouge
167.95,308.3,0.0,SAFE,11,feu_rouge,SAFE : arret au feu rouge
168.00,308.3,0.0,SAFE,11,feu_rouge,SAFE : arret au feu rouge
168.05,308.3,0.0,SAFE,11,feu_rouge,SAFE : arret au feu rouge
168.10,308.3,0.0,SAFE,11,feu_rouge,SAFE : arret au feu rouge
168.15,308.3,0.0,SAFE,11,feu_rouge,SAFE : arret au feu rouge
168.20,308.3,0.0,SAFE,11,feu_rouge,SAFE : arret au feu rouge
168.25,308.3,0.0,SAFE,11,feu_rouge,SAFE : arret au feu rouge
168.30,308.3,0.0,SAFE,11,feu_rouge,SAFE : arret au feu rouge
168.35,308.3,0.0,SAFE,11,feu_rouge,SAFE : arret au feu rouge
168.40,308.3,0.0,SAFE,11,feu_rouge,SAFE : arret au feu rouge
168.45,308.3,0.0,SAFE,11,feu_rouge,SAFE : arret au feu rouge
168.50,308.3,0.0,SAFE,11,feu_rouge,SAFE : arret au feu rouge
168.55,308.3,0.0,SAFE,11,feu_rouge,SAFE : arret au feu rouge
168.60,308.3,0.0,SAFE,11,feu_rouge,SAFE : arret au feu rouge
168.65,308.3,0.0,SAFE,11,feu_rouge,SAFE : arret au feu rouge
168.70,308.3,0.0,SAFE,11,feu_rouge,SAFE : arret au feu rouge
168.75,308.3,0.0,SAFE,11,feu_rouge,SAFE : arret au feu rouge
168.80,308.3,0.0,SAFE,11,feu_rouge,SAFE : arret au feu rouge
168.85,308.3,0.0,SAFE,11,feu_rouge,SAFE : arret au feu rouge
168.90,308.3,0.0,SAFE,11,feu_rouge,SAFE : arret au feu rouge
168.95,308.3,0.0,SAFE,11,feu_rouge,SAFE : arret au feu rouge
169.00,308.3,0.0,SAFE,11,feu_rouge,SAFE : arret au feu rouge
169.05,308.3,0.0,SAFE,11,feu_rouge,SAFE : arret au feu rouge
169.10,308.3,0.0,SAFE,11,feu_rouge,SAFE : arret au feu rouge
169.15,308.3,0.0,SAFE,11,feu_rouge,SAFE : arret au feu rouge
169.20,308.3,0.0,SAFE,11,feu_rouge,SAFE : arret au feu rouge
169.25,308.3,0.0,SAFE,11,feu_rouge,SAFE : arret au feu rouge
169.30,308.3,0.0,SAFE,11,feu_rouge,SAFE : arret au feu rouge
169.35,308.3,0.0,SAFE,11,feu_rouge,SAFE : arret au feu rouge
169.40,308.3,0.0,SAFE,11,feu_rouge,SAFE : arret au feu rouge
169.45,308.3,0.0,SAFE,11,feu_rouge,SAFE : arret au feu rouge
169.50,308.3,0.0,SAFE,11,feu_rouge,SAFE : arret au feu rouge
169.55,308.3,0.0,SAFE,11,feu_rouge,SAFE : arret au feu rouge
169.60,308.3,0.0,SAFE,11,feu_rouge,SAFE : arret au feu rouge
169.65,308.3,0.0,SAFE,11,feu_rouge,SAFE : arret au feu rouge
169.70,308.3,0.0,SAFE,11,feu_rouge,SAFE : arret au feu rouge
169.75,308.3,0.0,SAFE,11,feu_rouge,SAFE : arret au feu rouge
169.80,308.3,0.0,SAFE,11,feu_rouge,SAFE : arret au feu rouge
169.85,308.3,0.0,SAFE,11,feu_rouge,SAFE : arret au feu rouge
169.90,308.3,0.0,SAFE,11,feu_rouge,SAFE : arret au feu rouge
169.95,308.3,0.0,SAFE,11,feu_rouge,SAFE : arret au feu rouge
170.00,308.3,0.0,SAFE,11,feu_rouge,SAFE : arret au feu rouge
170.05,308.3,0.0,SAFE,11,feu_rouge,SAFE : arret au feu rouge
170.10,308.3,0.0,SAFE,11,feu_rouge,SAFE : arret au feu rouge
170.15,308.3,0.0,SAFE,11,feu_rouge,SAFE : arret au feu rouge
170.20,308.3,0.0,SAFE,11,feu_rouge,SAFE : arret au feu rouge
170.25,308.3,0.0,SAFE,10,feu_rouge,SAFE : arret au feu rouge
170.30,308.3,0.0,SAFE,10,feu_rouge,SAFE : arret au feu rouge
170.35,308.3,0.0,SAFE,10,feu_rouge,SAFE : arret au feu rouge
170.40,308.3,0.0,SAFE,10,feu_rouge,SAFE : arret au feu rouge
170.45,308.3,0.0,SAFE,10,feu_rouge,SAFE : arret au feu rouge
170.50,308.3,0.0,SAFE,10,feu_rouge,SAFE : arret au feu rouge
170.55,308.3,0.0,SAFE,10,feu_rouge,SAFE : arret au feu rouge
170.60,308.3,0.0,SAFE,10,feu_rouge,SAFE : arret au feu rouge
170.65,308.3,0.0,SAFE,10,feu_rouge,SAFE : arret au feu rouge
170.70,308.3,0.0,SAFE,10,feu_rouge,SAFE : arret au feu rouge
170.75,308.3,0.0,SAFE,10,feu_rouge,SAFE : arret au feu rouge
170.80,308.3,0.0,SAFE,10,feu_rouge,SAFE : arret au feu rouge
170.85,308.3,0.0,SAFE,10,feu_rouge,SAFE : arret au feu rouge
170.90,308.3,0.0,SAFE,10,feu_rouge,SAFE : arret au feu rouge
170.95,308.3,0.0,SAFE,10,feu_rouge,SAFE : arret au feu rouge
171.00,308.3,0.0,SAFE,10,feu_rouge,SAFE : arret au feu rouge
171.05,308.3,0.0,CRITICAL,10,feu_rouge,FREINEZ — conflit non évitable par la seule vitesse
171.10,308.3,0.0,CRITICAL,10,feu_rouge,FREINEZ — conflit non évitable par la seule vitesse
171.15,308.3,0.0,CRITICAL,10,feu_rouge,FREINEZ — conflit non évitable par la seule vitesse
171.20,308.3,0.0,CRITICAL,10,feu_rouge,FREINEZ — conflit non évitable par la seule vitesse
171.25,308.3,0.0,CRITICAL,10,feu_rouge,FREINEZ — conflit non évitable par la seule vitesse
171.30,308.3,0.0,CRITICAL,10,feu_rouge,FREINEZ — conflit non évitable par la seule vitesse
171.35,308.3,0.0,CRITICAL,10,feu_rouge,FREINEZ — conflit non évitable par la seule vitesse
171.40,308.3,0.0,CRITICAL,10,feu_rouge,FREINEZ — conflit non évitable par la seule vitesse
171.45,308.3,0.0,CRITICAL,10,feu_rouge,FREINEZ — conflit non évitable par la seule vitesse
171.50,308.3,0.0,CRITICAL,10,feu_rouge,FREINEZ — conflit non évitable par la seule vitesse
171.55,308.3,0.0,CRITICAL,10,feu_rouge,FREINEZ — conflit non évitable par la seule vitesse
171.60,308.3,0.0,DANGER,10,feu_rouge,FREINEZ — conflit non évitable par la seule vitesse
171.65,308.3,0.0,DANGER,10,feu_rouge,FREINEZ — conflit non évitable par la seule vitesse
171.70,308.3,0.0,DANGER,10,feu_rouge,FREINEZ — conflit non évitable par la seule vitesse
171.75,308.3,0.0,DANGER,10,feu_rouge,FREINEZ — conflit non évitable par la seule vitesse
171.80,308.3,0.0,WATCH,10,feu_rouge,FREINEZ — conflit non évitable par la seule vitesse
171.85,308.3,0.0,WATCH,10,feu_rouge,FREINEZ — conflit non évitable par la seule vitesse
171.90,308.3,0.0,WATCH,10,feu_rouge,FREINEZ — conflit non évitable par la seule vitesse
171.95,308.3,0.0,WATCH,10,feu_rouge,FREINEZ — conflit non évitable par la seule vitesse
172.00,308.3,0.0,WATCH,10,feu_rouge,FREINEZ — conflit non évitable par la seule vitesse
172.05,308.3,0.0,WATCH,10,feu_rouge,FREINEZ — conflit non évitable par la seule vitesse
172.10,308.3,0.0,WATCH,10,feu_rouge,FREINEZ — conflit non évitable par la seule vitesse
172.15,308.3,0.0,WATCH,10,feu_rouge,FREINEZ — conflit non évitable par la seule vitesse
172.20,308.3,0.0,WATCH,10,feu_rouge,FREINEZ — conflit non évitable par la seule vitesse
172.25,308.3,0.0,SAFE,9,feu_rouge,SAFE : arret au feu rouge
172.30,308.3,0.0,SAFE,9,feu_rouge,SAFE : arret au feu rouge
172.35,308.3,0.0,SAFE,9,feu_rouge,SAFE : arret au feu rouge
172.40,308.3,0.0,SAFE,9,feu_rouge,SAFE : arret au feu rouge
172.45,308.3,0.0,SAFE,9,feu_rouge,SAFE : arret au feu rouge
172.50,308.3,0.0,SAFE,9,feu_rouge,SAFE : arret au feu rouge
172.55,308.3,0.0,SAFE,9,feu_rouge,SAFE : arret au feu rouge
172.60,308.3,0.0,SAFE,9,feu_rouge,SAFE : arret au feu rouge
172.65,308.3,0.0,SAFE,9,feu_rouge,SAFE : arret au feu rouge
172.70,308.3,0.0,SAFE,9,feu_rouge,SAFE : arret au feu rouge
172.75,308.3,0.0,SAFE,9,feu_rouge,SAFE : arret au feu rouge
172.80,308.3,0.0,SAFE,9,feu_rouge,SAFE : arret au feu rouge
172.85,308.3,0.0,SAFE,9,feu_rouge,SAFE : arret au feu rouge
172.90,308.3,0.0,SAFE,9,feu_rouge,SAFE : arret au feu rouge
172.95,308.3,0.0,SAFE,9,feu_rouge,SAFE : arret au feu rouge
173.00,308.3,0.0,SAFE,9,feu_rouge,SAFE : arret au feu rouge
173.05,308.3,0.0,SAFE,9,feu_rouge,SAFE : arret au feu rouge
173.10,308.3,0.0,SAFE,9,feu_rouge,SAFE : arret au feu rouge
173.15,308.3,0.0,SAFE,9,feu_rouge,SAFE : arret au feu rouge
173.20,308.3,0.0,SAFE,9,feu_rouge,SAFE : arret au feu rouge
173.25,308.3,0.0,SAFE,9,feu_rouge,SAFE : arret au feu rouge
173.30,308.3,0.0,SAFE,9,feu_rouge,SAFE : arret au feu rouge
173.35,308.3,0.0,SAFE,9,feu_rouge,SAFE : arret au feu rouge
173.40,308.3,0.0,SAFE,9,feu_rouge,SAFE : arret au feu rouge
173.45,308.3,0.0,SAFE,9,feu_rouge,SAFE : arret au feu rouge
173.50,308.3,0.0,SAFE,9,feu_rouge,SAFE : arret au feu rouge
173.55,308.3,0.0,SAFE,9,feu_rouge,SAFE : arret au feu rouge
173.60,308.3,0.0,SAFE,9,feu_rouge,SAFE : arret au feu rouge
173.65,308.3,0.0,SAFE,9,feu_rouge,SAFE : arret au feu rouge
173.70,308.3,0.0,SAFE,9,feu_rouge,SAFE : arret au feu rouge
173.75,308.3,0.0,SAFE,9,feu_rouge,SAFE : arret au feu rouge
173.80,308.3,0.0,SAFE,9,feu_rouge,SAFE : arret au feu rouge
173.85,308.3,0.0,SAFE,9,feu_rouge,SAFE : arret au feu rouge
173.90,308.3,0.0,SAFE,9,feu_rouge,SAFE : arret au feu rouge
173.95,308.3,0.0,SAFE,9,feu_rouge,SAFE : arret au feu rouge
174.00,308.3,0.0,SAFE,9,feu_rouge,SAFE : arret au feu rouge
174.05,308.3,0.0,SAFE,9,feu_rouge,SAFE : arret au feu rouge
