t,distance_parcourue_m,vitesse_kmh,niveau,n_agents_percus,raison_arret,recommandation
0.05,0.1,5.3,SAFE,7,,Situation maîtrisée
0.10,0.2,7.1,SAFE,7,,Situation maîtrisée
0.15,0.3,8.8,SAFE,7,,Situation maîtrisée
0.20,0.4,10.6,SAFE,7,,Situation maîtrisée
0.25,0.6,12.3,SAFE,7,,Situation maîtrisée
0.30,0.7,14.1,SAFE,7,,Situation maîtrisée
0.35,1.0,15.9,SAFE,7,,Situation maîtrisée
0.40,1.2,17.6,SAFE,7,,Situation maîtrisée
0.45,1.5,19.4,SAFE,7,,Situation maîtrisée
0.50,1.7,21.2,SAFE,7,,Situation maîtrisée
0.55,2.0,22.9,SAFE,7,,Situation maîtrisée
0.60,2.3,16.0,SAFE,7,,Situation maîtrisée
0.65,2.4,0.6,SAFE,7,,Situation maîtrisée
0.70,2.4,0.9,SAFE,7,,Situation maîtrisée
0.75,2.4,0.9,SAFE,7,,Situation maîtrisée
0.80,2.4,0.8,SAFE,7,,Situation maîtrisée
0.85,2.4,3.4,SAFE,7,,Situation maîtrisée
0.90,2.5,5.4,SAFE,7,,Situation maîtrisée
0.95,2.6,7.1,SAFE,7,,Situation maîtrisée
1.00,2.7,8.2,SAFE,7,,Situation maîtrisée
1.05,2.8,9.3,SAFE,7,,Situation maîtrisée
1.10,3.0,10.2,SAFE,7,,Situation maîtrisée
1.15,3.1,11.1,SAFE,7,,Situation maîtrisée
1.20,3.3,11.8,SAFE,7,,Situation maîtrisée
1.25,3.4,12.6,SAFE,7,,Situation maîtrisée
1.30,3.6,13.3,SAFE,7,moteur:physique,Situation maîtrisée
1.35,3.8,13.7,SAFE,7,moteur:physique,Situation maîtrisée
1.40,4.0,13.6,SAFE,7,moteur:physique,Situation maîtrisée
1.45,4.2,13.3,SAFE,7,moteur:physique,Situation maîtrisée
1.50,4.4,12.8,SAFE,7,moteur:physique,Situation maîtrisée
1.55,4.5,12.2,SAFE,7,moteur:physique,Situation maîtrisée
1.60,4.7,11.7,SAFE,7,moteur:physique,Situation maîtrisée
1.65,4.9,11.1,SAFE,7,moteur:physique,Situation maîtrisée
1.70,5.0,10.5,SAFE,7,moteur:physique,Situation maîtrisée
1.75,5.1,9.9,SAFE,7,moteur:physique,Situation maîtrisée
1.80,5.3,9.3,SAFE,8,moteur:physique,Situation maîtrisée
1.85,5.4,8.8,SAFE,8,,Situation maîtrisée
1.90,5.5,8.3,SAFE,8,,Situation maîtrisée
1.95,5.6,8.3,SAFE,8,,Situation maîtrisée
2.00,5.7,8.5,SAFE,8,,Situation maîtrisée
2.05,5.9,8.9,SAFE,8,,Situation maîtrisée
2.10,6.0,9.5,SAFE,8,,Situation maîtrisée
2.15,6.1,10.2,SAFE,8,,Situation maîtrisée
2.20,6.3,10.9,SAFE,8,,Situation maîtrisée
2.25,6.4,11.6,SAFE,8,,Situation maîtrisée
2.30,6.6,12.3,SAFE,8,,Situation maîtrisée
2.35,6.8,12.9,SAFE,7,,Situation maîtrisée
2.40,7.0,13.5,SAFE,7,,Situation maîtrisée
2.45,7.2,14.1,SAFE,7,,Situation maîtrisée
2.50,7.4,14.6,SAFE,7,,Situation maîtrisée
2.55,7.6,15.1,SAFE,7,,Situation maîtrisée
2.60,7.8,15.6,SAFE,7,,Situation maîtrisée
2.65,8.0,16.0,SAFE,7,,Situation maîtrisée
2.70,8.2,16.3,SAFE,7,,Situation maîtrisée
2.75,8.5,16.7,SAFE,7,,Situation maîtrisée
2.80,8.7,17.0,SAFE,7,,Situation maîtrisée
2.85,8.9,17.3,SAFE,7,,Situation maîtrisée
2.90,9.2,17.5,SAFE,7,,Situation maîtrisée
2.95,9.4,17.8,SAFE,7,,Situation maîtrisée
3.00,9.7,18.0,SAFE,7,,Situation maîtrisée
3.05,9.9,18.2,SAFE,7,,Situation maîtrisée
3.10,10.2,18.2,SAFE,7,moteur:physique,Situation maîtrisée
3.15,10.4,17.9,SAFE,7,moteur:physique,Situation maîtrisée
3.20,10.7,17.7,SAFE,7,moteur:physique,Situation maîtrisée
3.25,10.9,17.1,SAFE,7,moteur:physique,Situation maîtrisée
3.30,11.1,16.3,SAFE,7,moteur:physique,Situation maîtrisée
3.35,11.4,15.5,SAFE,7,moteur:physique,Situation maîtrisée
3.40,11.6,14.6,SAFE,7,moteur:physique,Situation maîtrisée
3.45,11.8,13.7,SAFE,7,moteur:physique,Situation maîtrisée
3.50,11.9,12.8,SAFE,7,moteur:physique,Situation maîtrisée
3.55,12.1,11.9,SAFE,7,,Situation maîtrisée
3.60,12.3,11.3,SAFE,7,,Situation maîtrisée
3.65,12.4,11.0,SAFE,7,,Situation maîtrisée
3.70,12.6,11.2,SAFE,7,,Situation maîtrisée
3.75,12.7,11.6,SAFE,7,,Situation maîtrisée
3.80,12.9,12.1,SAFE,7,,Situation maîtrisée
3.85,13.1,12.6,SAFE,7,,Situation maîtrisée
3.90,13.3,13.2,SAFE,7,,Situation maîtrisée
3.95,13.4,13.7,SAFE,7,,Situation maîtrisée
4.00,13.6,14.2,SAFE,7,,Situation maîtrisée
4.05,13.8,14.7,SAFE,6,,Situation maîtrisée
4.10,14.0,15.2,SAFE,6,,Situation maîtrisée
4.15,14.3,15.6,SAFE,6,,Situation maîtrisée
4.20,14.5,16.0,SAFE,6,,Situation maîtrisée
4.25,14.7,16.4,SAFE,6,,Situation maîtrisée
4.30,14.9,16.7,SAFE,6,,Situation maîtrisée
4.35,15.2,17.0,SAFE,6,,Situation maîtrisée
4.40,15.4,17.3,SAFE,6,,Situation maîtrisée
4.45,15.7,17.6,SAFE,6,,Situation maîtrisée
4.50,15.9,17.8,SAFE,6,,Situation maîtrisée
4.55,16.1,18.0,SAFE,6,,Situation maîtrisée
4.60,16.4,18.2,SAFE,5,,Situation maîtrisée
4.65,16.7,18.0,SAFE,5,,Situation maîtrisée
4.70,16.9,18.1,SAFE,5,,Situation maîtrisée
4.75,17.2,18.1,SAFE,5,,Situation maîtrisée
4.80,17.4,18.2,SAFE,5,,Situation maîtrisée
4.85,17.7,18.0,SAFE,5,,Situation maîtrisée
4.90,17.9,18.4,SAFE,5,,Situation maîtrisée
4.95,18.2,18.4,SAFE,5,,Situation maîtrisée
5.00,18.4,18.2,SAFE,5,,Situation maîtrisée
5.05,18.7,18.1,SAFE,5,,Situation maîtrisée
5.10,18.9,18.0,SAFE,5,,Situation maîtrisée
5.15,19.2,18.7,SAFE,5,,Situation maîtrisée
5.20,19.4,18.6,SAFE,5,,Situation maîtrisée
5.25,19.7,18.5,SAFE,5,,Situation maîtrisée
5.30,20.0,18.4,SAFE,5,,Situation maîtrisée
5.35,20.2,18.4,SAFE,5,,Situation maîtrisée
5.40,20.5,18.3,SAFE,5,,Situation maîtrisée
5.45,20.7,18.3,SAFE,5,,Situation maîtrisée
5.50,21.0,18.4,SAFE,5,,Situation maîtrisée
5.55,21.2,18.4,SAFE,5,,Situation maîtrisée
5.60,21.5,18.4,SAFE,5,,Situation maîtrisée
5.65,21.7,18.4,SAFE,5,,Situation maîtrisée
5.70,22.0,18.5,SAFE,5,,Situation maîtrisée
5.75,22.3,18.5,SAFE,5,,Situation maîtrisée
5.80,22.5,18.6,SAFE,5,,Situation maîtrisée
5.85,22.8,18.6,SAFE,5,,Situation maîtrisée
5.90,23.0,18.7,SAFE,5,,Situation maîtrisée
5.95,23.3,18.7,SAFE,5,,Situation maîtrisée
6.00,23.5,18.8,SAFE,5,,Situation maîtrisée
6.05,23.8,18.8,SAFE,5,,Situation maîtrisée
6.10,24.1,18.9,SAFE,5,,Situation maîtrisée
6.15,24.3,18.9,SAFE,5,,Situation maîtrisée
6.20,24.6,19.0,SAFE,5,,Situation maîtrisée
6.25,24.9,19.0,SAFE,5,,Situation maîtrisée
6.30,25.1,19.0,SAFE,5,,Situation maîtrisée
6.35,25.4,19.1,SAFE,5,,Situation maîtrisée
6.40,25.7,19.1,SAFE,5,,Situation maîtrisée
6.45,25.9,19.1,SAFE,5,,Situation maîtrisée
6.50,26.2,19.2,SAFE,5,,Situation maîtrisée
6.55,26.4,19.2,SAFE,5,,Situation maîtrisée
6.60,26.7,19.2,SAFE,5,,Situation maîtrisée
6.65,27.0,19.2,SAFE,5,,Situation maîtrisée
6.70,27.2,19.3,SAFE,5,moteur:physique,Situation maîtrisée
6.75,27.5,19.2,SAFE,5,moteur:physique,Situation maîtrisée
6.80,27.8,18.9,SAFE,5,moteur:physique,Situation maîtrisée
6.85,28.0,18.1,SAFE,5,moteur:physique,Situation maîtrisée
6.90,28.3,13.8,SAFE,5,moteur:physique,Situation maîtrisée
6.95,28.4,9.0,SAFE,5,moteur:physique,Situation maîtrisée
7.00,28.5,4.2,SAFE,4,moteur:physique,Situation maîtrisée
7.05,28.5,0.0,SAFE,4,moteur:physique,Situation maîtrisée
7.10,28.5,0.0,SAFE,4,moteur:physique,Situation maîtrisée
7.15,28.5,0.0,SAFE,4,,Situation maîtrisée
7.20,28.5,0.0,SAFE,4,,Situation maîtrisée
7.25,28.5,0.0,SAFE,4,,Situation maîtrisée
7.30,28.5,0.6,SAFE,4,,Situation maîtrisée
7.35,28.5,0.9,SAFE,4,,Situation maîtrisée
7.40,28.6,1.8,SAFE,4,,Situation maîtrisée
7.45,28.6,2.5,SAFE,4,,Situation maîtrisée
7.50,28.6,3.2,SAFE,4,,Situation maîtrisée
7.55,28.7,4.0,SAFE,3,,Situation maîtrisée
7.60,28.7,4.7,SAFE,3,,Situation maîtrisée
7.65,28.8,5.7,SAFE,3,,Situation maîtrisée
7.70,28.9,6.4,SAFE,3,,Situation maîtrisée
7.75,29.0,7.3,SAFE,3,,Situation maîtrisée
7.80,29.1,8.0,SAFE,3,,Situation maîtrisée
7.85,29.2,9.0,SAFE,3,,Situation maîtrisée
7.90,29.3,9.7,SAFE,3,,Situation maîtrisée
7.95,29.5,10.6,SAFE,4,,Situation maîtrisée
8.00,29.6,11.4,SAFE,4,,Situation maîtrisée
8.05,29.8,12.2,SAFE,4,,Situation maîtrisée
8.10,30.0,12.9,SAFE,4,,Situation maîtrisée
8.15,30.2,13.5,SAFE,4,,Situation maîtrisée
8.20,30.4,14.1,SAFE,4,,Situation maîtrisée
8.25,30.6,14.7,SAFE,4,,Situation maîtrisée
8.30,30.8,15.2,SAFE,4,,Situation maîtrisée
8.35,31.0,15.6,SAFE,4,,Situation maîtrisée
8.40,31.2,16.1,SAFE,4,,Situation maîtrisée
8.45,31.4,16.5,SAFE,4,,Situation maîtrisée
8.50,31.7,16.8,SAFE,4,,Situation maîtrisée
8.55,31.9,17.2,SAFE,3,,Situation maîtrisée
8.60,32.1,17.5,SAFE,3,,Situation maîtrisée
8.65,32.4,17.8,SAFE,3,,Situation maîtrisée
8.70,32.6,18.1,SAFE,3,,Situation maîtrisée
8.75,32.9,18.3,SAFE,3,,Situation maîtrisée
8.80,33.1,18.2,SAFE,3,,Situation maîtrisée
8.85,33.4,18.2,SAFE,3,,Situation maîtrisée
8.90,33.6,18.2,SAFE,3,,Situation maîtrisée
8.95,33.9,18.3,SAFE,3,,Situation maîtrisée
9.00,34.2,18.3,SAFE,3,,Situation maîtrisée
9.05,34.4,18.1,SAFE,3,,Situation maîtrisée
9.10,34.7,18.1,SAFE,3,,Situation maîtrisée
9.15,34.9,18.0,SAFE,3,,Situation maîtrisée
9.20,35.2,18.9,SAFE,3,,Situation maîtrisée
9.25,35.4,18.6,SAFE,3,,Situation maîtrisée
9.30,35.7,18.6,SAFE,3,,Situation maîtrisée
9.35,35.9,18.5,SAFE,3,,Situation maîtrisée
9.40,36.2,18.6,SAFE,3,,Situation maîtrisée
9.45,36.5,18.6,SAFE,3,,Situation maîtrisée
9.50,36.7,18.7,SAFE,3,,Situation maîtrisée
9.55,37.0,18.6,SAFE,3,,Situation maîtrisée
9.60,37.2,18.8,SAFE,3,,Situation maîtrisée
9.65,37.5,18.7,SAFE,3,,Situation maîtrisée
9.70,37.8,18.9,SAFE,3,,Situation maîtrisée
9.75,38.0,18.9,SAFE,3,,Situation maîtrisée
9.80,38.3,19.0,SAFE,3,,Situation maîtrisée
9.85,38.5,19.0,SAFE,3,,Situation maîtrisée
9.90,38.8,19.2,SAFE,4,,Situation maîtrisée
9.95,39.1,19.1,SAFE,4,,Situation maîtrisée
10.00,39.3,19.3,SAFE,4,,Situation maîtrisée
10.05,39.6,19.3,SAFE,4,,Situation maîtrisée
10.10,39.9,19.4,SAFE,4,,Situation maîtrisée
10.15,40.1,19.4,SAFE,4,,Situation maîtrisée
10.20,40.4,19.5,SAFE,4,,Situation maîtrisée
10.25,40.7,19.5,SAFE,4,,Situation maîtrisée
10.30,41.0,19.6,SAFE,4,,Situation maîtrisée
10.35,41.2,19.6,SAFE,4,,Situation maîtrisée
10.40,41.5,19.7,SAFE,4,,Situation maîtrisée
10.45,41.8,19.7,SAFE,4,,Situation maîtrisée
10.50,42.1,19.8,SAFE,4,,Situation maîtrisée
10.55,42.3,19.7,SAFE,4,,Situation maîtrisée
10.60,42.6,19.8,SAFE,4,,Situation maîtrisée
10.65,42.9,19.8,SAFE,4,,Situation maîtrisée
10.70,43.2,19.9,SAFE,4,,Situation maîtrisée
10.75,43.4,19.8,SAFE,4,,Situation maîtrisée
10.80,43.7,20.0,SAFE,5,,Situation maîtrisée
10.85,44.0,19.9,SAFE,5,,Situation maîtrisée
10.90,44.3,20.0,SAFE,5,,Situation maîtrisée
10.95,44.5,19.9,SAFE,5,,Situation maîtrisée
11.00,44.8,20.0,SAFE,6,,Situation maîtrisée
11.05,45.1,20.0,SAFE,7,,Situation maîtrisée
11.10,45.4,20.1,SAFE,7,,Situation maîtrisée
11.15,45.6,20.0,SAFE,7,,Situation maîtrisée
11.20,45.9,20.1,SAFE,7,,Situation maîtrisée
11.25,46.2,20.0,SAFE,7,,Situation maîtrisée
11.30,46.5,20.1,SAFE,7,,Situation maîtrisée
11.35,46.8,20.0,SAFE,8,,Situation maîtrisée
11.40,47.0,20.1,SAFE,8,,Situation maîtrisée
11.45,47.3,20.1,SAFE,8,,Situation maîtrisée
11.50,47.6,20.2,SAFE,8,,Situation maîtrisée
11.55,47.9,20.1,SAFE,8,,Situation maîtrisée
11.60,48.2,20.2,SAFE,8,,Situation maîtrisée
11.65,48.4,20.1,SAFE,8,,Situation maîtrisée
11.70,48.7,20.2,SAFE,8,,Situation maîtrisée
11.75,49.0,20.1,SAFE,8,,Situation maîtrisée
11.80,49.3,20.2,SAFE,9,,Situation maîtrisée
11.85,49.6,20.1,SAFE,9,,Situation maîtrisée
11.90,49.8,20.2,SAFE,9,,Situation maîtrisée
11.95,50.1,20.1,SAFE,9,,Situation maîtrisée
12.00,50.4,20.2,SAFE,9,,Situation maîtrisée
12.05,50.7,20.1,SAFE,9,,Situation maîtrisée
12.10,51.0,20.2,SAFE,9,,Situation maîtrisée
12.15,51.2,20.1,SAFE,9,,Situation maîtrisée
12.20,51.5,20.2,SAFE,9,,Situation maîtrisée
12.25,51.8,20.1,SAFE,9,,Situation maîtrisée
12.30,52.1,20.2,SAFE,9,,Situation maîtrisée
12.35,52.4,20.1,SAFE,9,,Situation maîtrisée
12.40,52.6,20.2,SAFE,9,,Situation maîtrisée
12.45,52.9,20.1,SAFE,9,,Situation maîtrisée
12.50,53.2,20.2,SAFE,9,,Situation maîtrisée
12.55,53.5,20.2,SAFE,9,,Situation maîtrisée
12.60,53.8,20.2,SAFE,9,,Situation maîtrisée
12.65,54.0,20.2,SAFE,9,,Situation maîtrisée
12.70,54.3,20.2,SAFE,9,,Situation maîtrisée
12.75,54.6,20.2,SAFE,9,,Situation maîtrisée
12.80,54.9,20.2,SAFE,9,,Situation maîtrisée
12.85,55.2,20.2,SAFE,9,,Situation maîtrisée
12.90,55.4,20.2,SAFE,9,,Situation maîtrisée
12.95,55.7,20.2,SAFE,9,,Situation maîtrisée
13.00,56.0,20.2,SAFE,10,,Situation maîtrisée
13.05,56.3,20.2,SAFE,10,,Situation maîtrisée
13.10,56.6,20.2,SAFE,10,,Situation maîtrisée
13.15,56.8,20.2,SAFE,10,,Situation maîtrisée
13.20,57.1,20.2,SAFE,10,,Situation maîtrisée
13.25,57.4,20.2,SAFE,10,,Situation maîtrisée
13.30,57.7,20.2,SAFE,10,,Situation maîtrisée
13.35,58.0,20.2,SAFE,11,,Situation maîtrisée
13.40,58.2,20.2,SAFE,11,,Situation maîtrisée
13.45,58.5,20.2,SAFE,11,,Situation maîtrisée
13.50,58.8,20.2,SAFE,11,,Situation maîtrisée
13.55,59.1,20.2,SAFE,11,,Situation maîtrisée
13.60,59.4,20.2,SAFE,12,,Situation maîtrisée
13.65,59.7,20.2,SAFE,12,,Situation maîtrisée
13.70,59.9,20.2,SAFE,12,,Situation maîtrisée
13.75,60.2,20.2,SAFE,12,,Situation maîtrisée
13.80,60.5,20.2,SAFE,12,,Situation maîtrisée
13.85,60.8,20.2,SAFE,12,,Situation maîtrisée
13.90,61.1,20.2,SAFE,12,,Situation maîtrisée
13.95,61.3,20.2,SAFE,12,,Situation maîtrisée
14.00,61.6,20.2,SAFE,12,,Situation maîtrisée
14.05,61.9,20.2,SAFE,12,,Situation maîtrisée
14.10,62.2,20.2,SAFE,12,,Situation maîtrisée
14.15,62.5,20.2,SAFE,12,,Situation maîtrisée
14.20,62.7,20.2,SAFE,12,,Situation maîtrisée
14.25,63.0,20.2,SAFE,12,,Situation maîtrisée
14.30,63.3,20.2,SAFE,12,,Situation maîtrisée
14.35,63.6,20.5,SAFE,12,,Situation maîtrisée
14.40,63.9,20.2,SAFE,12,,Situation maîtrisée
14.45,64.1,20.8,SAFE,12,,Situation maîtrisée
14.50,64.4,20.6,SAFE,12,,Situation maîtrisée
14.55,64.7,20.7,SAFE,12,,Situation maîtrisée
14.60,65.0,20.5,SAFE,12,,Situation maîtrisée
14.65,65.3,20.5,SAFE,12,,Situation maîtrisée
14.70,65.6,20.4,SAFE,12,,Situation maîtrisée
14.75,65.9,20.4,SAFE,12,,Situation maîtrisée
14.80,66.1,20.3,SAFE,12,,Situation maîtrisée
14.85,66.4,20.4,SAFE,12,,Situation maîtrisée
14.90,66.7,20.4,SAFE,13,,Situation maîtrisée
14.95,67.0,20.4,SAFE,13,,Situation maîtrisée
15.00,67.3,20.3,SAFE,13,,Situation maîtrisée
15.05,67.6,20.7,SAFE,13,,Situation maîtrisée
15.10,67.8,20.3,SAFE,13,,Situation maîtrisée
15.15,68.1,20.9,SAFE,13,,Situation maîtrisée
15.20,68.4,20.6,SAFE,13,,Situation maîtrisée
15.25,68.7,21.0,SAFE,13,,Situation maîtrisée
15.30,69.0,20.6,SAFE,13,,Situation maîtrisée
15.35,69.3,21.1,SAFE,13,,Situation maîtrisée
15.40,69.6,20.7,SAFE,13,,Situation maîtrisée
15.45,69.9,21.1,SAFE,13,,Situation maîtrisée
15.50,70.2,20.6,SAFE,13,,Situation maîtrisée
15.55,70.4,21.1,SAFE,12,,Situation maîtrisée
15.60,70.7,20.7,SAFE,12,,Situation maîtrisée
15.65,71.0,21.0,SAFE,12,,Situation maîtrisée
15.70,71.3,20.5,WATCH,12,moteur:proportionnel,Ralentissez de 4 km/h  (21 -> 16 km/h)
15.75,71.6,20.9,WATCH,12,moteur:proportionnel,Ralentissez de 5 km/h  (21 -> 16 km/h)
15.80,71.9,20.2,WATCH,12,moteur:proportionnel,Ralentissez de 5 km/h  (20 -> 15 km/h)
15.85,72.2,20.2,CRITICAL,12,moteur:proportionnel,FREINEZ de 14 km/h  (20 -> 6 km/h)
15.90,72.4,19.2,CRITICAL,12,moteur:proportionnel,FREINEZ de 13 km/h  (19 -> 6 km/h)
15.95,72.7,18.8,CRITICAL,13,moteur:proportionnel,FREINEZ de 13 km/h  (19 -> 6 km/h)
16.00,72.9,14.8,CRITICAL,13,moteur:proportionnel,FREINEZ de 10 km/h  (15 -> 5 km/h)
16.05,73.1,10.0,CRITICAL,13,moteur:proportionnel,FREINEZ de 5 km/h  (10 -> 5 km/h)
16.10,73.2,5.2,SAFE,12,,Situation maîtrisée
16.15,73.2,0.5,SAFE,12,,Situation maîtrisée
16.20,73.2,0.1,SAFE,12,,Situation maîtrisée
16.25,73.2,1.4,SAFE,12,,Situation maîtrisée
16.30,73.3,2.3,SAFE,12,,Situation maîtrisée
16.35,73.3,3.2,SAFE,12,,Situation maîtrisée
16.40,73.4,4.2,SAFE,12,,Situation maîtrisée
16.45,73.4,4.9,SAFE,12,,Situation maîtrisée
16.50,73.5,5.8,SAFE,12,,Situation maîtrisée
16.55,73.6,6.7,SAFE,12,,Situation maîtrisée
16.60,73.7,7.5,SAFE,12,,Situation maîtrisée
16.65,73.8,8.4,SAFE,12,,Situation maîtrisée
16.70,73.9,9.3,SAFE,12,,Situation maîtrisée
16.75,74.1,10.2,SAFE,12,,Situation maîtrisée
16.80,74.2,11.0,SAFE,12,,Situation maîtrisée
16.85,74.4,11.8,SAFE,12,,Situation maîtrisée
16.90,74.5,12.5,SAFE,12,,Situation maîtrisée
16.95,74.7,13.2,SAFE,12,,Situation maîtrisée
17.00,74.9,13.8,SAFE,12,,Situation maîtrisée
17.05,75.1,14.5,SAFE,12,,Situation maîtrisée
17.10,75.3,15.0,SAFE,12,,Situation maîtrisée
17.15,75.5,15.5,SAFE,12,,Situation maîtrisée
17.20,75.7,16.0,CRITICAL,12,moteur:proportionnel,FREINEZ de 6 km/h  (16 -> 10 km/h)
17.25,76.0,16.2,CRITICAL,12,moteur:proportionnel,FREINEZ de 6 km/h  (16 -> 10 km/h)
17.30,76.2,16.0,CRITICAL,12,moteur:proportionnel,FREINEZ de 6 km/h  (16 -> 10 km/h)
17.35,76.4,15.5,CRITICAL,12,moteur:proportionnel,FREINEZ de 6 km/h  (16 -> 10 km/h)
17.40,76.6,14.8,SAFE,12,,Situation maîtrisée
17.45,76.8,14.3,SAFE,12,,Situation maîtrisée
17.50,77.0,14.2,SAFE,12,,Situation maîtrisée
17.55,77.2,14.4,SAFE,12,,Situation maîtrisée
17.60,77.4,14.7,CRITICAL,12,moteur:proportionnel,FREINEZ de 6 km/h  (15 -> 8 km/h)
17.65,77.6,14.9,CRITICAL,12,moteur:proportionnel,FREINEZ de 7 km/h  (15 -> 8 km/h)
17.70,77.8,14.7,CRITICAL,12,moteur:proportionnel,FREINEZ de 7 km/h  (15 -> 8 km/h)
17.75,78.0,14.2,CRITICAL,12,moteur:proportionnel,FREINEZ de 7 km/h  (14 -> 8 km/h)
17.80,78.2,13.5,SAFE,12,,Situation maîtrisée
17.85,78.4,13.0,SAFE,12,,Situation maîtrisée
17.90,78.6,12.9,SAFE,12,,Situation maîtrisée
17.95,78.8,13.1,SAFE,12,,Situation maîtrisée
18.00,79.0,13.5,CRITICAL,12,moteur:proportionnel,FREINEZ de 6 km/h  (14 -> 7 km/h)
18.05,79.2,13.8,CRITICAL,12,moteur:proportionnel,FREINEZ de 7 km/h  (14 -> 7 km/h)
18.10,79.3,13.7,CRITICAL,12,feu_rouge,FREINEZ de 6 km/h  (14 -> 7 km/h)
18.15,79.5,13.2,CRITICAL,12,feu_rouge,FREINEZ de 6 km/h  (13 -> 7 km/h)
18.20,79.7,12.5,SAFE,12,feu_rouge,SAFE : arret au feu rouge
18.25,79.9,11.8,SAFE,12,feu_rouge,SAFE : arret au feu rouge
18.30,80.0,11.0,SAFE,12,feu_rouge,SAFE : arret au feu rouge
18.35,80.2,10.2,SAFE,12,feu_rouge,SAFE : arret au feu rouge
18.40,80.3,9.5,DANGER,12,feu_rouge,Ralentissez de 3 km/h  (10 -> 7 km/h)
18.45,80.4,8.8,WATCH,12,feu_rouge,Ralentissez de 2 km/h  (9 -> 7 km/h)
18.50,80.6,8.2,WATCH,12,feu_rouge,Ralentissez de 2 km/h  (8 -> 7 km/h)
18.55,80.7,7.6,WATCH,12,feu_rouge,Vigilance — situation à la limite
18.60,80.7,4.0,SAFE,12,feu_rouge,SAFE : arret au feu rouge
18.65,80.8,0.0,SAFE,12,feu_rouge,SAFE : arret au feu rouge
18.70,80.8,0.0,SAFE,12,feu_rouge,SAFE : arret au feu rouge
18.75,80.8,0.0,SAFE,12,feu_rouge,SAFE : arret au feu rouge
18.80,80.8,0.0,SAFE,12,feu_rouge,SAFE : arret au feu rouge
18.85,80.8,0.0,SAFE,12,feu_rouge,SAFE : arret au feu rouge
18.90,80.8,0.0,SAFE,12,feu_rouge,SAFE : arret au feu rouge
18.95,80.8,0.0,SAFE,12,feu_rouge,SAFE : arret au feu rouge
19.00,80.8,0.0,SAFE,12,feu_rouge,SAFE : arret au feu rouge
19.05,80.8,0.0,SAFE,12,feu_rouge,SAFE : arret au feu rouge
19.10,80.8,0.0,SAFE,12,feu_rouge,SAFE : arret au feu rouge
19.15,80.8,0.0,SAFE,12,feu_rouge,SAFE : arret au feu rouge
19.20,80.8,0.0,SAFE,12,feu_rouge,SAFE : arret au feu rouge
19.25,80.8,0.0,SAFE,12,feu_rouge,SAFE : arret au feu rouge
19.30,80.8,0.0,SAFE,12,feu_rouge,SAFE : arret au feu rouge
19.35,80.8,0.0,SAFE,12,feu_rouge,SAFE : arret au feu rouge
19.40,80.8,0.0,SAFE,12,feu_rouge,SAFE : arret au feu rouge
19.45,80.8,0.0,SAFE,12,feu_rouge,SAFE : arret au feu rouge
19.50,80.8,0.0,SAFE,12,feu_rouge,SAFE : arret au feu rouge
19.55,80.8,0.0,SAFE,12,feu_rouge,SAFE : arret au feu rouge
19.60,80.8,0.0,SAFE,12,feu_rouge,SAFE : arret au feu rouge
19.65,80.8,0.0,SAFE,12,feu_rouge,SAFE : arret au feu rouge
19.70,80.8,0.0,SAFE,12,feu_rouge,SAFE : arret au feu rouge
19.75,80.8,0.0,SAFE,12,feu_rouge,SAFE : arret au feu rouge
19.80,80.8,0.0,SAFE,12,feu_rouge,SAFE : arret au feu rouge
19.85,80.8,0.0,SAFE,12,feu_rouge,SAFE : arret au feu rouge
19.90,80.8,0.0,SAFE,12,feu_rouge,SAFE : arret au feu rouge
19.95,80.8,0.0,SAFE,12,feu_rouge,SAFE : arret au feu rouge
20.00,80.8,0.0,SAFE,12,feu_rouge,SAFE : arret au feu rouge
20.05,80.8,0.0,SAFE,12,feu_rouge,SAFE : arret au feu rouge
20.10,80.8,0.0,SAFE,12,feu_rouge,SAFE : arret au feu rouge
20.15,80.8,0.0,SAFE,12,feu_rouge,SAFE : arret au feu rouge
20.20,80.8,0.0,SAFE,12,feu_rouge,SAFE : arret au feu rouge
20.25,80.8,0.0,SAFE,12,feu_rouge,SAFE : arret au feu rouge
20.30,80.8,0.0,SAFE,12,feu_rouge,SAFE : arret au feu rouge
20.35,80.8,0.0,SAFE,12,feu_rouge,SAFE : arret au feu rouge
20.40,80.8,0.0,SAFE,12,feu_rouge,SAFE : arret au feu rouge
20.45,80.8,0.0,SAFE,12,feu_rouge,SAFE : arret au feu rouge
20.50,80.8,0.0,SAFE,12,feu_rouge,SAFE : arret au feu rouge
20.55,80.8,0.0,SAFE,12,feu_rouge,SAFE : arret au feu rouge
20.60,80.8,0.0,SAFE,12,feu_rouge,SAFE : arret au feu rouge
20.65,80.8,0.0,SAFE,12,feu_rouge,SAFE : arret au feu rouge
20.70,80.8,0.0,SAFE,12,feu_rouge,SAFE : arret au feu rouge
20.75,80.8,0.0,SAFE,12,feu_rouge,SAFE : arret au feu rouge
20.80,80.8,0.0,SAFE,12,feu_rouge,SAFE : arret au feu rouge
20.85,80.8,0.0,SAFE,12,feu_rouge,SAFE : arret au feu rouge
20.90,80.8,0.0,SAFE,12,feu_rouge,SAFE : arret au feu rouge
20.95,80.8,0.0,SAFE,12,feu_rouge,SAFE : arret au feu rouge
21.00,80.8,0.0,SAFE,12,feu_rouge,SAFE : arret au feu rouge
21.05,80.8,0.0,SAFE,12,feu_rouge,SAFE : arret au feu rouge
21.10,80.8,0.0,SAFE,12,feu_rouge,SAFE : arret au feu rouge
21.15,80.8,0.0,SAFE,12,feu_rouge,SAFE : arret au feu rouge
21.20,80.8,0.0,SAFE,12,feu_rouge,SAFE : arret au feu rouge
21.25,80.8,0.0,SAFE,12,feu_rouge,SAFE : arret au feu rouge
21.30,80.8,0.0,SAFE,12,feu_rouge,SAFE : arret au feu rouge
21.35,80.8,0.0,SAFE,12,feu_rouge,SAFE : arret au feu rouge
21.40,80.8,0.0,SAFE,12,feu_rouge,SAFE : arret au feu rouge
21.45,80.8,0.0,SAFE,12,feu_rouge,SAFE : arret au feu rouge
21.50,80.8,0.0,SAFE,12,feu_rouge,SAFE : arret au feu rouge
21.55,80.8,0.0,SAFE,12,feu_rouge,SAFE : arret au feu rouge
21.60,80.8,0.0,SAFE,12,feu_rouge,SAFE : arret au feu rouge
21.65,80.8,0.0,SAFE,12,feu_rouge,SAFE : arret au feu rouge
21.70,80.8,0.0,SAFE,12,feu_rouge,SAFE : arret au feu rouge
21.75,80.8,0.0,SAFE,12,feu_rouge,SAFE : arret au feu rouge
21.80,80.8,0.0,SAFE,12,feu_rouge,SAFE : arret au feu rouge
21.85,80.8,0.0,SAFE,12,feu_rouge,SAFE : arret au feu rouge
21.90,80.8,0.0,SAFE,12,feu_rouge,SAFE : arret au feu rouge
21.95,80.8,0.0,SAFE,12,feu_rouge,SAFE : arret au feu rouge
22.00,80.8,0.0,SAFE,12,feu_rouge,SAFE : arret au feu rouge
22.05,80.8,0.2,SAFE,12,feu_rouge,SAFE : arret au feu rouge
22.10,80.8,0.1,SAFE,12,feu_rouge,SAFE : arret au feu rouge
22.15,80.8,0.0,SAFE,12,feu_rouge,SAFE : arret au feu rouge
22.20,80.8,0.0,SAFE,12,feu_rouge,SAFE : arret au feu rouge
22.25,80.8,0.0,SAFE,12,feu_rouge,SAFE : arret au feu rouge
22.30,80.8,0.0,SAFE,12,feu_rouge,SAFE : arret au feu rouge
22.35,80.8,0.0,SAFE,12,feu_rouge,SAFE : arret au feu rouge
22.40,80.8,0.0,SAFE,12,feu_rouge,SAFE : arret au feu rouge
22.45,80.8,0.0,SAFE,12,feu_rouge,SAFE : arret au feu rouge
22.50,80.8,0.0,SAFE,12,feu_rouge,SAFE : arret au feu rouge
22.55,80.8,0.0,SAFE,12,feu_rouge,SAFE : arret au feu rouge
22.60,80.8,0.0,SAFE,12,feu_rouge,SAFE : arret au feu rouge
22.65,80.8,0.0,SAFE,12,feu_rouge,SAFE : arret au feu rouge
22.70,80.8,0.0,SAFE,12,feu_rouge,SAFE : arret au feu rouge
22.75,80.8,0.0,SAFE,12,feu_rouge,SAFE : arret au feu rouge
22.80,80.8,0.0,SAFE,12,feu_rouge,SAFE : arret au feu rouge
22.85,80.8,0.0,SAFE,12,feu_rouge,SAFE : arret au feu rouge
22.90,80.8,0.0,SAFE,12,feu_rouge,SAFE : arret au feu rouge
22.95,80.8,0.0,SAFE,12,feu_rouge,SAFE : arret au feu rouge
23.00,80.8,0.0,SAFE,12,feu_rouge,SAFE : arret au feu rouge
23.05,80.8,0.0,SAFE,12,feu_rouge,SAFE : arret au feu rouge
23.10,80.8,0.0,SAFE,12,feu_rouge,SAFE : arret au feu rouge
23.15,80.8,0.0,SAFE,12,feu_rouge,SAFE : arret au feu rouge
23.20,80.8,0.0,SAFE,12,feu_rouge,SAFE : arret au feu rouge
23.25,80.8,0.0,SAFE,12,feu_rouge,SAFE : arret au feu rouge
23.30,80.8,0.0,SAFE,12,feu_rouge,SAFE : arret au feu rouge
23.35,80.8,0.0,SAFE,12,feu_rouge,SAFE : arret au feu rouge
23.40,80.8,0.0,SAFE,12,feu_rouge,SAFE : arret au feu rouge
23.45,80.8,0.0,SAFE,12,feu_rouge,SAFE : arret au feu rouge
23.50,80.8,0.0,SAFE,13,feu_rouge,SAFE : arret au feu rouge
23.55,80.8,0.0,SAFE,13,feu_rouge,SAFE : arret au feu rouge
23.60,80.8,0.0,SAFE,13,feu_rouge,SAFE : arret au feu rouge
23.65,80.8,0.0,SAFE,13,feu_rouge,SAFE : arret au feu rouge
23.70,80.8,0.0,SAFE,13,feu_rouge,SAFE : arret au feu rouge
23.75,80.8,0.0,SAFE,13,feu_rouge,SAFE : arret au feu rouge
23.80,80.8,0.0,SAFE,13,feu_rouge,SAFE : arret au feu rouge
23.85,80.8,0.0,SAFE,13,feu_rouge,SAFE : arret au feu rouge
23.90,80.8,0.0,SAFE,13,feu_rouge,SAFE : arret au feu rouge
23.95,80.8,0.0,SAFE,13,feu_rouge,SAFE : arret au feu rouge
24.00,80.8,0.0,SAFE,13,feu_rouge,SAFE : arret au feu rouge
24.05,80.8,0.0,SAFE,13,feu_rouge,SAFE : arret au feu rouge
24.10,80.8,0.0,SAFE,13,feu_rouge,SAFE : arret au feu rouge
24.15,80.8,0.0,SAFE,13,feu_rouge,SAFE : arret au feu rouge
24.20,80.8,0.0,SAFE,13,feu_rouge,SAFE : arret au feu rouge
24.25,80.8,0.0,SAFE,13,feu_rouge,SAFE : arret au feu rouge
24.30,80.8,0.0,SAFE,13,feu_rouge,SAFE : arret au feu rouge
24.35,80.8,0.0,SAFE,13,feu_rouge,SAFE : arret au feu rouge
24.40,80.8,0.0,SAFE,13,feu_rouge,SAFE : arret au feu rouge
24.45,80.8,0.0,SAFE,13,feu_rouge,SAFE : arret au feu rouge
24.50,80.8,0.0,SAFE,13,feu_rouge,SAFE : arret au feu rouge
24.55,80.8,0.0,SAFE,13,feu_rouge,SAFE : arret au feu rouge
24.60,80.8,0.0,SAFE,13,feu_rouge,SAFE : arret au feu rouge
24.65,80.8,0.0,SAFE,13,feu_rouge,SAFE : arret au feu rouge
24.70,80.8,0.0,SAFE,13,feu_rouge,SAFE : arret au feu rouge
24.75,80.8,0.0,SAFE,13,feu_rouge,SAFE : arret au feu rouge
24.80,80.8,0.0,SAFE,13,feu_rouge,SAFE : arret au feu rouge
24.85,80.8,0.0,SAFE,13,feu_rouge,SAFE : arret au feu rouge
24.90,80.8,0.0,SAFE,13,feu_rouge,SAFE : arret au feu rouge
24.95,80.8,0.0,SAFE,13,feu_rouge,SAFE : arret au feu rouge
25.00,80.8,0.0,SAFE,12,feu_rouge,SAFE : arret au feu rouge
25.05,80.8,0.0,SAFE,12,feu_rouge,SAFE : arret au feu rouge
25.10,80.8,0.0,SAFE,12,feu_rouge,SAFE : arret au feu rouge
25.15,80.8,0.0,SAFE,12,feu_rouge,SAFE : arret au feu rouge
25.20,80.8,0.0,SAFE,12,feu_rouge,SAFE : arret au feu rouge
25.25,80.8,0.0,SAFE,12,feu_rouge,SAFE : arret au feu rouge
25.30,80.8,0.0,SAFE,12,feu_rouge,SAFE : arret au feu rouge
25.35,80.8,0.0,SAFE,12,feu_rouge,SAFE : arret au feu rouge
25.40,80.8,0.0,SAFE,11,feu_rouge,SAFE : arret au feu rouge
25.45,80.8,0.0,SAFE,11,feu_rouge,SAFE : arret au feu rouge
25.50,80.8,0.0,SAFE,11,feu_rouge,SAFE : arret au feu rouge
25.55,80.8,0.0,SAFE,11,feu_rouge,SAFE : arret au feu rouge
25.60,80.8,0.0,SAFE,11,feu_rouge,SAFE : arret au feu rouge
25.65,80.8,0.0,SAFE,11,feu_rouge,SAFE : arret au feu rouge
25.70,80.8,0.0,SAFE,11,feu_rouge,SAFE : arret au feu rouge
25.75,80.8,0.0,SAFE,11,feu_rouge,SAFE : arret au feu rouge
25.80,80.8,0.0,SAFE,11,feu_rouge,SAFE : arret au feu rouge
25.85,80.8,0.0,SAFE,11,feu_rouge,SAFE : arret au feu rouge
25.90,80.8,0.0,SAFE,11,feu_rouge,SAFE : arret au feu rouge
25.95,80.8,0.0,SAFE,11,feu_rouge,SAFE : arret au feu rouge
26.00,80.8,0.0,SAFE,11,feu_rouge,SAFE : arret au feu rouge
26.05,80.8,0.0,SAFE,11,feu_rouge,SAFE : arret au feu rouge
26.10,80.8,0.0,SAFE,11,feu_rouge,SAFE : arret au feu rouge
26.15,80.8,0.0,SAFE,11,feu_rouge,SAFE : arret au feu rouge
26.20,80.8,0.0,SAFE,11,feu_rouge,SAFE : arret au feu rouge
26.25,80.8,0.0,SAFE,11,feu_rouge,SAFE : arret au feu rouge
26.30,80.8,0.0,SAFE,11,feu_rouge,SAFE : arret au feu rouge
26.35,80.8,0.0,SAFE,11,feu_rouge,SAFE : arret au feu rouge
26.40,80.8,0.0,SAFE,11,feu_rouge,SAFE : arret au feu rouge
26.45,80.8,0.0,SAFE,11,feu_rouge,SAFE : arret au feu rouge
26.50,80.8,0.0,SAFE,11,feu_rouge,SAFE : arret au feu rouge
26.55,80.8,0.0,SAFE,11,feu_rouge,SAFE : arret au feu rouge
26.60,80.8,0.0,SAFE,11,feu_rouge,SAFE : arret au feu rouge
26.65,80.8,0.0,SAFE,11,feu_rouge,SAFE : arret au feu rouge
26.70,80.8,0.0,SAFE,10,feu_rouge,SAFE : arret au feu rouge
26.75,80.8,0.0,SAFE,10,feu_rouge,SAFE : arret au feu rouge
26.80,80.8,0.0,SAFE,10,feu_rouge,SAFE : arret au feu rouge
26.85,80.8,0.0,SAFE,10,feu_rouge,SAFE : arret au feu rouge
26.90,80.8,0.0,SAFE,10,feu_rouge,SAFE : arret au feu rouge
26.95,80.8,0.0,SAFE,10,feu_rouge,SAFE : arret au feu rouge
27.00,80.8,0.0,SAFE,10,feu_rouge,SAFE : arret au feu rouge
27.05,80.8,0.0,SAFE,10,feu_rouge,SAFE : arret au feu rouge
27.10,80.8,0.0,SAFE,10,feu_rouge,SAFE : arret au feu rouge
27.15,80.8,0.0,SAFE,10,feu_rouge,SAFE : arret au feu rouge
27.20,80.8,0.0,SAFE,10,feu_rouge,SAFE : arret au feu rouge
27.25,80.8,0.0,SAFE,10,feu_rouge,SAFE : arret au feu rouge
27.30,80.8,0.0,SAFE,10,feu_rouge,SAFE : arret au feu rouge
27.35,80.8,0.0,SAFE,10,feu_rouge,SAFE : arret au feu rouge
27.40,80.8,0.0,SAFE,10,feu_rouge,SAFE : arret au feu rouge
27.45,80.8,0.0,SAFE,10,feu_rouge,SAFE : arret au feu rouge
27.50,80.8,0.0,SAFE,10,feu_rouge,SAFE : arret au feu rouge
27.55,80.8,0.0,SAFE,10,feu_rouge,SAFE : arret au feu rouge
27.60,80.8,0.0,SAFE,10,feu_rouge,SAFE : arret au feu rouge
27.65,80.8,0.0,SAFE,10,feu_rouge,SAFE : arret au feu rouge
27.70,80.8,0.0,SAFE,10,feu_rouge,SAFE : arret au feu rouge
27.75,80.8,0.0,SAFE,10,feu_rouge,SAFE : arret au feu rouge
27.80,80.8,0.0,SAFE,10,feu_rouge,SAFE : arret au feu rouge
27.85,80.8,0.0,SAFE,10,feu_rouge,SAFE : arret au feu rouge
27.90,80.8,0.0,SAFE,10,feu_rouge,SAFE : arret au feu rouge
27.95,80.8,0.0,SAFE,10,feu_rouge,SAFE : arret au feu rouge
28.00,80.8,0.0,SAFE,10,feu_rouge,SAFE : arret au feu rouge
28.05,80.8,0.0,SAFE,10,feu_rouge,SAFE : arret au feu rouge
28.10,80.8,0.0,SAFE,10,feu_rouge,SAFE : arret au feu rouge
28.15,80.8,0.0,SAFE,10,feu_rouge,SAFE : arret au feu rouge
28.20,80.8,0.0,SAFE,10,feu_rouge,SAFE : arret au feu rouge
28.25,80.8,0.0,SAFE,10,feu_rouge,SAFE : arret au feu rouge
28.30,80.8,0.0,SAFE,10,feu_rouge,SAFE : arret au feu rouge
28.35,80.8,0.0,SAFE,10,feu_rouge,SAFE : arret au feu rouge
28.40,80.8,0.0,SAFE,10,feu_rouge,SAFE : arret au feu rouge
28.45,80.8,0.0,SAFE,10,feu_rouge,SAFE : arret au feu rouge
28.50,80.8,0.0,SAFE,10,feu_rouge,SAFE : arret au feu rouge
28.55,80.8,0.0,SAFE,10,feu_rouge,SAFE : arret au feu rouge
28.60,80.8,0.0,SAFE,10,feu_rouge,SAFE : arret au feu rouge
28.65,80.8,0.0,SAFE,10,feu_rouge,SAFE : arret au feu rouge
28.70,80.8,0.0,SAFE,10,feu_rouge,SAFE : arret au feu rouge
28.75,80.8,0.0,SAFE,10,feu_rouge,SAFE : arret au feu rouge
28.80,80.8,0.0,SAFE,10,feu_rouge,SAFE : arret au feu rouge
28.85,80.8,0.0,SAFE,10,feu_rouge,SAFE : arret au feu rouge
28.90,80.8,0.0,SAFE,10,feu_rouge,SAFE : arret au feu rouge
28.95,80.8,0.0,SAFE,10,feu_rouge,SAFE : arret au feu rouge
29.00,80.8,0.0,SAFE,10,feu_rouge,SAFE : arret au feu rouge
29.05,80.8,0.0,SAFE,10,feu_rouge,SAFE : arret au feu rouge
29.10,80.8,0.0,SAFE,10,feu_rouge,SAFE : arret au feu rouge
29.15,80.8,0.0,SAFE,10,feu_rouge,SAFE : arret au feu rouge
29.20,80.8,0.0,SAFE,10,feu_rouge,SAFE : arret au feu rouge
29.25,80.8,0.0,SAFE,10,feu_rouge,SAFE : arret au feu rouge
29.30,80.8,0.0,SAFE,10,feu_rouge,SAFE : arret au feu rouge
29.35,80.8,0.0,SAFE,10,feu_rouge,SAFE : arret au feu rouge
29.40,80.8,0.0,SAFE,10,feu_rouge,SAFE : arret au feu rouge
29.45,80.8,0.0,SAFE,10,feu_rouge,SAFE : arret au feu rouge
29.50,80.8,0.0,SAFE,10,feu_rouge,SAFE : arret au feu rouge
29.55,80.8,0.0,SAFE,10,feu_rouge,SAFE : arret au feu rouge
29.60,80.8,0.0,SAFE,10,feu_rouge,SAFE : arret au feu rouge
29.65,80.8,0.0,SAFE,10,feu_rouge,SAFE : arret au feu rouge
29.70,80.8,0.0,SAFE,9,feu_rouge,SAFE : arret au feu rouge
29.75,80.8,0.0,SAFE,9,feu_rouge,SAFE : arret au feu rouge
29.80,80.8,0.0,SAFE,9,feu_rouge,SAFE : arret au feu rouge
29.85,80.8,0.0,SAFE,9,feu_rouge,SAFE : arret au feu rouge
29.90,80.8,0.0,SAFE,9,feu_rouge,SAFE : arret au feu rouge
29.95,80.8,0.0,SAFE,9,feu_rouge,SAFE : arret au feu rouge
30.00,80.8,0.0,SAFE,9,feu_rouge,SAFE : arret au feu rouge
30.05,80.8,0.0,SAFE,9,feu_rouge,SAFE : arret au feu rouge
30.10,80.8,0.0,SAFE,9,feu_rouge,SAFE : arret au feu rouge
30.15,80.8,0.0,SAFE,9,feu_rouge,SAFE : arret au feu rouge
30.20,80.8,0.0,SAFE,9,feu_rouge,SAFE : arret au feu rouge
30.25,80.8,0.0,SAFE,9,feu_rouge,SAFE : arret au feu rouge
30.30,80.8,0.0,SAFE,9,feu_rouge,SAFE : arret au feu rouge
30.35,80.8,0.0,SAFE,9,feu_rouge,SAFE : arret au feu rouge
30.40,80.8,0.0,SAFE,9,feu_rouge,SAFE : arret au feu rouge
30.45,80.8,0.0,SAFE,9,feu_rouge,SAFE : arret au feu rouge
30.50,80.8,0.0,SAFE,9,feu_rouge,SAFE : arret au feu rouge
30.55,80.8,0.0,SAFE,9,feu_rouge,SAFE : arret au feu rouge
30.60,80.8,0.0,SAFE,9,feu_rouge,SAFE : arret au feu rouge
30.65,80.8,0.0,SAFE,9,feu_rouge,SAFE : arret au feu rouge
30.70,80.8,0.0,SAFE,9,feu_rouge,SAFE : arret au feu rouge
30.75,80.8,0.0,SAFE,9,feu_rouge,SAFE : arret au feu rouge
30.80,80.8,0.0,SAFE,9,feu_rouge,SAFE : arret au feu rouge
30.85,80.8,0.0,SAFE,9,feu_rouge,SAFE : arret au feu rouge
30.90,80.8,0.0,SAFE,9,feu_rouge,SAFE : arret au feu rouge
30.95,80.8,0.0,SAFE,9,feu_rouge,SAFE : arret au feu rouge
31.00,80.8,0.0,SAFE,9,feu_rouge,SAFE : arret au feu rouge
31.05,80.8,0.0,SAFE,9,feu_rouge,SAFE : arret au feu rouge
31.10,80.8,0.0,SAFE,9,feu_rouge,SAFE : arret au feu rouge
31.15,80.8,0.0,SAFE,9,feu_rouge,SAFE : arret au feu rouge
31.20,80.8,0.0,SAFE,9,feu_rouge,SAFE : arret au feu rouge
31.25,80.8,0.0,SAFE,9,feu_rouge,SAFE : arret au feu rouge
31.30,80.8,0.0,SAFE,9,feu_rouge,SAFE : arret au feu rouge
31.35,80.8,0.0,SAFE,9,feu_rouge,SAFE : arret au feu rouge
31.40,80.8,0.0,SAFE,9,feu_rouge,SAFE : arret au feu rouge
31.45,80.8,0.0,SAFE,9,feu_rouge,SAFE : arret au feu rouge
31.50,80.8,0.0,SAFE,9,feu_rouge,SAFE : arret au feu rouge
31.55,80.8,0.0,SAFE,9,feu_rouge,SAFE : arret au feu rouge
31.60,80.8,0.0,SAFE,9,feu_rouge,SAFE : arret au feu rouge
31.65,80.8,0.0,SAFE,9,feu_rouge,SAFE : arret au feu rouge
31.70,80.8,0.0,SAFE,9,feu_rouge,SAFE : arret au feu rouge
31.75,80.8,0.0,SAFE,9,feu_rouge,SAFE : arret au feu rouge
31.80,80.8,0.0,SAFE,9,feu_rouge,SAFE : arret au feu rouge
31.85,80.8,0.0,SAFE,9,feu_rouge,SAFE : arret au feu rouge
31.90,80.8,0.0,SAFE,10,feu_rouge,SAFE : arret au feu rouge
31.95,80.8,0.0,SAFE,10,feu_rouge,SAFE : arret au feu rouge
32.00,80.8,0.0,SAFE,10,feu_rouge,SAFE : arret au feu rouge
32.05,80.8,0.0,SAFE,10,feu_rouge,SAFE : arret au feu rouge
32.10,80.8,0.0,SAFE,10,feu_rouge,SAFE : arret au feu rouge
32.15,80.8,0.0,SAFE,10,feu_rouge,SAFE : arret au feu rouge
32.20,80.8,0.0,SAFE,10,feu_rouge,SAFE : arret au feu rouge
32.25,80.8,0.0,SAFE,10,feu_rouge,SAFE : arret au feu rouge
32.30,80.8,0.0,SAFE,10,feu_rouge,SAFE : arret au feu rouge
32.35,80.8,0.0,SAFE,10,feu_rouge,SAFE : arret au feu rouge
32.40,80.8,0.0,SAFE,10,feu_rouge,SAFE : arret au feu rouge
32.45,80.8,0.0,SAFE,10,feu_rouge,SAFE : arret au feu rouge
32.50,80.8,0.0,SAFE,10,feu_rouge,SAFE : arret au feu rouge
32.55,80.8,0.0,SAFE,10,feu_rouge,SAFE : arret au feu rouge
32.60,80.8,0.0,SAFE,10,feu_rouge,SAFE : arret au feu rouge
32.65,80.8,0.0,SAFE,10,feu_rouge,SAFE : arret au feu rouge
32.70,80.8,0.0,SAFE,10,feu_rouge,SAFE : arret au feu rouge
32.75,80.8,0.0,SAFE,10,feu_rouge,SAFE : arret au feu rouge
32.80,80.8,0.0,SAFE,10,feu_rouge,SAFE : arret au feu rouge
32.85,80.8,0.0,SAFE,10,feu_rouge,SAFE : arret au feu rouge
32.90,80.8,0.0,SAFE,10,feu_rouge,SAFE : arret au feu rouge
32.95,80.8,0.0,SAFE,10,feu_rouge,SAFE : arret au feu rouge
33.00,80.8,0.0,SAFE,10,feu_rouge,SAFE : arret au feu rouge
33.05,80.8,0.0,SAFE,10,feu_rouge,SAFE : arret au feu rouge
33.10,80.8,0.0,SAFE,10,feu_rouge,SAFE : arret au feu rouge
33.15,80.8,0.0,SAFE,10,feu_rouge,SAFE : arret au feu rouge
33.20,80.8,0.0,SAFE,10,feu_rouge,SAFE : arret au feu rouge
33.25,80.8,0.0,SAFE,10,feu_rouge,SAFE : arret au feu rouge
33.30,80.8,0.0,SAFE,10,feu_rouge,SAFE : arret au feu rouge
33.35,80.8,0.0,SAFE,10,feu_rouge,SAFE : arret au feu rouge
33.40,80.8,0.0,SAFE,10,feu_rouge,SAFE : arret au feu rouge
33.45,80.8,0.0,SAFE,10,feu_rouge,SAFE : arret au feu rouge
33.50,80.8,0.0,SAFE,10,feu_rouge,SAFE : arret au feu rouge
33.55,80.8,0.0,SAFE,10,feu_rouge,SAFE : arret au feu rouge
33.60,80.8,0.0,SAFE,10,feu_rouge,SAFE : arret au feu rouge
33.65,80.8,0.0,SAFE,10,feu_rouge,SAFE : arret au feu rouge
33.70,80.8,0.0,SAFE,10,feu_rouge,SAFE : arret au feu rouge
33.75,80.8,0.0,SAFE,10,feu_rouge,SAFE : arret au feu rouge
33.80,80.8,0.0,SAFE,10,feu_rouge,SAFE : arret au feu rouge
33.85,80.8,0.0,SAFE,10,feu_rouge,SAFE : arret au feu rouge
33.90,80.8,0.0,SAFE,10,feu_rouge,SAFE : arret au feu rouge
33.95,80.8,0.0,SAFE,10,feu_rouge,SAFE : arret au feu rouge
34.00,80.8,0.0,SAFE,10,feu_rouge,SAFE : arret au feu rouge
34.05,80.8,0.0,SAFE,10,feu_rouge,SAFE : arret au feu rouge
34.10,80.8,0.0,SAFE,10,feu_rouge,SAFE : arret au feu rouge
34.15,80.8,0.0,SAFE,10,feu_rouge,SAFE : arret au feu rouge
34.20,80.8,0.0,SAFE,10,feu_rouge,SAFE : arret au feu rouge
34.25,80.8,0.0,SAFE,10,feu_rouge,SAFE : arret au feu rouge
34.30,80.8,0.0,SAFE,10,feu_rouge,SAFE : arret au feu rouge
34.35,80.8,0.0,SAFE,10,feu_rouge,SAFE : arret au feu rouge
34.40,80.8,0.0,SAFE,10,feu_rouge,SAFE : arret au feu rouge
34.45,80.8,0.0,SAFE,10,feu_rouge,SAFE : arret au feu rouge
34.50,80.8,0.0,SAFE,10,feu_rouge,SAFE : arret au feu rouge
34.55,80.8,0.0,SAFE,10,feu_rouge,SAFE : arret au feu rouge
34.60,80.8,0.0,SAFE,10,feu_rouge,SAFE : arret au feu rouge
34.65,80.8,0.0,SAFE,10,feu_rouge,SAFE : arret au feu rouge
34.70,80.8,0.0,SAFE,10,feu_rouge,SAFE : arret au feu rouge
34.75,80.8,0.0,SAFE,10,feu_rouge,SAFE : arret au feu rouge
34.80,80.8,0.0,SAFE,10,feu_rouge,SAFE : arret au feu rouge
34.85,80.8,0.0,SAFE,10,feu_rouge,SAFE : arret au feu rouge
34.90,80.8,0.0,SAFE,10,feu_rouge,SAFE : arret au feu rouge
34.95,80.8,0.0,SAFE,10,feu_rouge,SAFE : arret au feu rouge
35.00,80.8,0.0,SAFE,10,feu_rouge,SAFE : arret au feu rouge
35.05,80.8,0.0,SAFE,10,feu_rouge,SAFE : arret au feu rouge
35.10,80.8,0.0,SAFE,10,feu_rouge,SAFE : arret au feu rouge
35.15,80.8,0.0,SAFE,10,feu_rouge,SAFE : arret au feu rouge
35.20,80.8,0.0,SAFE,10,feu_rouge,SAFE : arret au feu rouge
35.25,80.8,0.0,SAFE,10,feu_rouge,SAFE : arret au feu rouge
35.30,80.8,0.0,SAFE,10,feu_rouge,SAFE : arret au feu rouge
35.35,80.8,0.0,SAFE,10,feu_rouge,SAFE : arret au feu rouge
35.40,80.8,0.0,SAFE,10,feu_rouge,SAFE : arret au feu rouge
35.45,80.8,0.0,SAFE,10,feu_rouge,SAFE : arret au feu rouge
35.50,80.8,0.0,SAFE,10,feu_rouge,SAFE : arret au feu rouge
35.55,80.8,0.0,SAFE,10,feu_rouge,SAFE : arret au feu rouge
35.60,80.8,0.0,SAFE,10,feu_rouge,SAFE : arret au feu rouge
35.65,80.8,0.0,SAFE,10,feu_rouge,SAFE : arret au feu rouge
35.70,80.8,0.0,SAFE,10,feu_rouge,SAFE : arret au feu rouge
35.75,80.8,0.0,SAFE,10,feu_rouge,SAFE : arret au feu rouge
35.80,80.8,0.0,SAFE,10,feu_rouge,SAFE : arret au feu rouge
35.85,80.8,0.0,SAFE,10,feu_rouge,SAFE : arret au feu rouge
35.90,80.8,0.0,SAFE,10,feu_rouge,SAFE : arret au feu rouge
35.95,80.8,0.0,SAFE,10,feu_rouge,SAFE : arret au feu rouge
36.00,80.8,0.0,SAFE,10,feu_rouge,SAFE : arret au feu rouge
36.05,80.8,0.0,SAFE,10,feu_rouge,SAFE : arret au feu rouge
36.10,80.8,0.0,SAFE,10,feu_rouge,SAFE : arret au feu rouge
36.15,80.8,0.0,SAFE,10,feu_rouge,SAFE : arret au feu rouge
36.20,80.8,0.0,SAFE,10,feu_rouge,SAFE : arret au feu rouge
36.25,80.8,0.0,SAFE,10,feu_rouge,SAFE : arret au feu rouge
36.30,80.8,0.0,SAFE,10,feu_rouge,SAFE : arret au feu rouge
36.35,80.8,0.0,SAFE,10,feu_rouge,SAFE : arret au feu rouge
36.40,80.8,0.0,SAFE,10,feu_rouge,SAFE : arret au feu rouge
36.45,80.8,0.0,SAFE,10,feu_rouge,SAFE : arret au feu rouge
36.50,80.8,0.0,SAFE,10,feu_rouge,SAFE : arret au feu rouge
36.55,80.8,0.0,SAFE,10,feu_rouge,SAFE : arret au feu rouge
36.60,80.8,0.0,SAFE,10,feu_rouge,SAFE : arret au feu rouge
36.65,80.8,0.0,SAFE,10,feu_rouge,SAFE : arret au feu rouge
36.70,80.8,0.0,SAFE,10,feu_rouge,SAFE : arret au feu rouge
36.75,80.8,0.0,SAFE,10,feu_rouge,SAFE : arret au feu rouge
36.80,80.8,0.0,SAFE,10,feu_rouge,SAFE : arret au feu rouge
36.85,80.8,0.0,SAFE,10,feu_rouge,SAFE : arret au feu rouge
36.90,80.8,0.0,SAFE,10,feu_rouge,SAFE : arret au feu rouge
36.95,80.8,0.0,SAFE,10,feu_rouge,SAFE : arret au feu rouge
37.00,80.8,0.0,SAFE,10,feu_rouge,SAFE : arret au feu rouge
37.05,80.8,0.0,SAFE,10,feu_rouge,SAFE : arret au feu rouge
37.10,80.8,0.0,SAFE,10,feu_rouge,SAFE : arret au feu rouge
37.15,80.8,0.0,SAFE,10,feu_rouge,SAFE : arret au feu rouge
37.20,80.8,0.0,SAFE,10,feu_rouge,SAFE : arret au feu rouge
37.25,80.8,0.0,SAFE,10,feu_rouge,SAFE : arret au feu rouge
37.30,80.8,0.0,SAFE,10,feu_rouge,SAFE : arret au feu rouge
37.35,80.8,0.0,SAFE,10,feu_rouge,SAFE : arret au feu rouge
37.40,80.8,0.0,SAFE,10,feu_rouge,SAFE : arret au feu rouge
37.45,80.8,0.0,SAFE,10,feu_rouge,SAFE : arret au feu rouge
37.50,80.8,0.0,SAFE,10,feu_rouge,SAFE : arret au feu rouge
37.55,80.8,0.0,SAFE,10,feu_rouge,SAFE : arret au feu rouge
37.60,80.8,0.0,SAFE,10,feu_rouge,SAFE : arret au feu rouge
37.65,80.8,0.0,SAFE,10,feu_rouge,SAFE : arret au feu rouge
37.70,80.8,0.0,SAFE,10,feu_rouge,SAFE : arret au feu rouge
37.75,80.8,0.0,SAFE,10,feu_rouge,SAFE : arret au feu rouge
37.80,80.8,0.0,SAFE,10,feu_rouge,SAFE : arret au feu rouge
37.85,80.8,0.0,SAFE,10,feu_rouge,SAFE : arret au feu rouge
37.90,80.8,0.0,SAFE,10,feu_rouge,SAFE : arret au feu rouge
37.95,80.8,0.0,SAFE,10,feu_rouge,SAFE : arret au feu rouge
38.00,80.8,0.0,SAFE,10,feu_rouge,SAFE : arret au feu rouge
38.05,80.8,0.0,SAFE,10,feu_rouge,SAFE : arret au feu rouge
38.10,80.8,0.0,SAFE,10,feu_rouge,SAFE : arret au feu rouge
38.15,80.8,0.0,SAFE,10,feu_rouge,SAFE : arret au feu rouge
38.20,80.8,0.0,SAFE,10,feu_rouge,SAFE : arret au feu rouge
38.25,80.8,0.0,SAFE,10,feu_rouge,SAFE : arret au feu rouge
38.30,80.8,0.0,SAFE,10,feu_rouge,SAFE : arret au feu rouge
38.35,80.8,0.0,SAFE,10,feu_rouge,SAFE : arret au feu rouge
38.40,80.8,0.0,SAFE,10,feu_rouge,SAFE : arret au feu rouge
38.45,80.8,0.0,SAFE,10,feu_rouge,SAFE : arret au feu rouge
38.50,80.8,0.0,SAFE,10,feu_rouge,SAFE : arret au feu rouge
38.55,80.8,0.0,SAFE,10,feu_rouge,SAFE : arret au feu rouge
38.60,80.8,0.0,SAFE,10,feu_rouge,SAFE : arret au feu rouge
38.65,80.8,0.0,SAFE,10,feu_rouge,SAFE : arret au feu rouge
38.70,80.8,0.0,SAFE,10,feu_rouge,SAFE : arret au feu rouge
38.75,80.8,0.0,SAFE,10,feu_rouge,SAFE : arret au feu rouge
38.80,80.8,0.0,SAFE,10,feu_rouge,SAFE : arret au feu rouge
38.85,80.8,0.0,SAFE,10,feu_rouge,SAFE : arret au feu rouge
38.90,80.8,0.0,SAFE,10,feu_rouge,SAFE : arret au feu rouge
38.95,80.8,0.0,SAFE,10,feu_rouge,SAFE : arret au feu rouge
39.00,80.8,0.0,SAFE,10,feu_rouge,SAFE : arret au feu rouge
39.05,80.8,0.0,SAFE,10,feu_rouge,SAFE : arret au feu rouge
39.10,80.8,0.0,SAFE,10,feu_rouge,SAFE : arret au feu rouge
39.15,80.8,0.0,SAFE,10,feu_rouge,SAFE : arret au feu rouge
39.20,80.8,0.0,SAFE,10,feu_rouge,SAFE : arret au feu rouge
39.25,80.8,0.0,SAFE,10,feu_rouge,SAFE : arret au feu rouge
39.30,80.8,0.0,SAFE,10,feu_rouge,SAFE : arret au feu rouge
39.35,80.8,0.0,SAFE,10,feu_rouge,SAFE : arret au feu rouge
39.40,80.8,0.0,SAFE,10,feu_rouge,SAFE : arret au feu rouge
39.45,80.8,0.0,SAFE,10,feu_rouge,SAFE : arret au feu rouge
39.50,80.8,0.0,SAFE,10,feu_rouge,SAFE : arret au feu rouge
39.55,80.8,0.0,SAFE,10,feu_rouge,SAFE : arret au feu rouge
39.60,80.8,0.0,SAFE,10,feu_rouge,SAFE : arret au feu rouge
39.65,80.8,0.0,SAFE,10,feu_rouge,SAFE : arret au feu rouge
39.70,80.8,0.0,SAFE,10,feu_rouge,SAFE : arret au feu rouge
39.75,80.8,0.0,SAFE,10,feu_rouge,SAFE : arret au feu rouge
39.80,80.8,0.0,SAFE,10,feu_rouge,SAFE : arret au feu rouge
39.85,80.8,0.0,SAFE,10,feu_rouge,SAFE : arret au feu rouge
39.90,80.8,0.0,SAFE,10,feu_rouge,SAFE : arret au feu rouge
39.95,80.8,0.0,SAFE,10,feu_rouge,SAFE : arret au feu rouge
40.00,80.8,0.0,SAFE,10,feu_rouge,SAFE : arret au feu rouge
40.05,80.8,0.0,SAFE,10,feu_rouge,SAFE : arret au feu rouge
40.10,80.8,0.0,SAFE,10,feu_rouge,SAFE : arret au feu rouge
40.15,80.8,0.0,SAFE,10,feu_rouge,SAFE : arret au feu rouge
40.20,80.8,0.0,SAFE,10,feu_rouge,SAFE : arret au feu rouge
40.25,80.8,0.0,SAFE,10,feu_rouge,SAFE : arret au feu rouge
40.30,80.8,0.0,SAFE,10,feu_rouge,SAFE : arret au feu rouge
40.35,80.8,0.0,SAFE,10,feu_rouge,SAFE : arret au feu rouge
40.40,80.8,0.0,SAFE,10,feu_rouge,SAFE : arret au feu rouge
40.45,80.8,0.0,SAFE,10,feu_rouge,SAFE : arret au feu rouge
40.50,80.8,0.0,SAFE,10,feu_rouge,SAFE : arret au feu rouge
40.55,80.8,0.0,SAFE,10,feu_rouge,SAFE : arret au feu rouge
40.60,80.8,0.0,SAFE,10,feu_rouge,SAFE : arret au feu rouge
40.65,80.8,0.0,SAFE,10,feu_rouge,SAFE : arret au feu rouge
40.70,80.8,0.0,SAFE,10,feu_rouge,SAFE : arret au feu rouge
40.75,80.8,0.0,SAFE,10,feu_rouge,SAFE : arret au feu rouge
40.80,80.8,0.0,SAFE,9,feu_rouge,SAFE : arret au feu rouge
40.85,80.8,0.0,SAFE,9,feu_rouge,SAFE : arret au feu rouge
40.90,80.8,0.0,SAFE,9,feu_rouge,SAFE : arret au feu rouge
40.95,80.8,0.0,SAFE,9,feu_rouge,SAFE : arret au feu rouge
41.00,80.8,0.0,SAFE,9,feu_rouge,SAFE : arret au feu rouge
41.05,80.8,0.0,SAFE,9,feu_rouge,SAFE : arret au feu rouge
41.10,80.8,0.0,SAFE,9,feu_rouge,SAFE : arret au feu rouge
41.15,80.8,0.0,SAFE,9,feu_rouge,SAFE : arret au feu rouge
41.20,80.8,0.0,SAFE,9,feu_rouge,SAFE : arret au feu rouge
41.25,80.8,0.0,SAFE,9,feu_rouge,SAFE : arret au feu rouge
41.30,80.8,0.0,SAFE,9,feu_rouge,SAFE : arret au feu rouge
41.35,80.8,0.0,SAFE,9,feu_rouge,SAFE : arret au feu rouge
41.40,80.8,0.0,SAFE,9,feu_rouge,SAFE : arret au feu rouge
41.45,80.8,0.0,SAFE,9,feu_rouge,SAFE : arret au feu rouge
41.50,80.8,0.0,SAFE,9,feu_rouge,SAFE : arret au feu rouge
41.55,80.8,0.0,SAFE,9,feu_rouge,SAFE : arret au feu rouge
41.60,80.8,0.0,SAFE,9,feu_rouge,SAFE : arret au feu rouge
41.65,80.8,0.0,SAFE,9,feu_rouge,SAFE : arret au feu rouge
41.70,80.8,0.0,SAFE,9,feu_rouge,SAFE : arret au feu rouge
41.75,80.8,0.0,SAFE,9,feu_rouge,SAFE : arret au feu rouge
41.80,80.8,0.0,SAFE,9,feu_rouge,SAFE : arret au feu rouge
41.85,80.8,0.0,SAFE,9,feu_rouge,SAFE : arret au feu rouge
41.90,80.8,0.0,SAFE,9,feu_rouge,SAFE : arret au feu rouge
41.95,80.8,0.0,SAFE,9,feu_rouge,SAFE : arret au feu rouge
42.00,80.8,0.0,SAFE,9,feu_rouge,SAFE : arret au feu rouge
42.05,80.8,0.0,SAFE,9,feu_rouge,SAFE : arret au feu rouge
42.10,80.8,0.0,SAFE,9,feu_rouge,SAFE : arret au feu rouge
42.15,80.8,0.0,SAFE,9,feu_rouge,SAFE : arret au feu rouge
42.20,80.8,0.0,SAFE,9,feu_rouge,SAFE : arret au feu rouge
42.25,80.8,0.0,SAFE,9,feu_rouge,SAFE : arret au feu rouge
42.30,80.8,0.0,SAFE,9,feu_rouge,SAFE : arret au feu rouge
42.35,80.8,0.0,SAFE,9,feu_rouge,SAFE : arret au feu rouge
42.40,80.8,0.0,SAFE,9,feu_rouge,SAFE : arret au feu rouge
42.45,80.8,0.0,SAFE,9,feu_rouge,SAFE : arret au feu rouge
42.50,80.8,0.0,SAFE,9,feu_rouge,SAFE : arret au feu rouge
42.55,80.8,0.0,SAFE,9,feu_rouge,SAFE : arret au feu rouge
42.60,80.8,0.0,SAFE,9,feu_rouge,SAFE : arret au feu rouge
42.65,80.8,0.0,SAFE,9,feu_rouge,SAFE : arret au feu rouge
42.70,80.8,0.0,SAFE,9,feu_rouge,SAFE : arret au feu rouge
42.75,80.8,0.0,SAFE,9,feu_rouge,SAFE : arret au feu rouge
42.80,80.8,0.0,SAFE,9,feu_rouge,SAFE : arret au feu rouge
42.85,80.8,0.0,SAFE,8,feu_rouge,SAFE : arret au feu rouge
42.90,80.8,0.0,SAFE,8,feu_rouge,SAFE : arret au feu rouge
42.95,80.8,0.0,SAFE,8,feu_rouge,SAFE : arret au feu rouge
43.00,80.8,0.0,SAFE,8,feu_rouge,SAFE : arret au feu rouge
43.05,80.8,0.0,SAFE,8,feu_rouge,SAFE : arret au feu rouge
43.10,80.8,0.0,SAFE,8,feu_rouge,SAFE : arret au feu rouge
43.15,80.8,0.0,SAFE,8,feu_rouge,SAFE : arret au feu rouge
43.20,80.8,0.0,SAFE,8,feu_rouge,SAFE : arret au feu rouge
43.25,80.8,0.0,SAFE,8,feu_rouge,SAFE : arret au feu rouge
43.30,80.8,0.0,SAFE,8,feu_rouge,SAFE : arret au feu rouge
43.35,80.8,0.0,SAFE,8,feu_rouge,SAFE : arret au feu rouge
43.40,80.8,0.0,SAFE,8,feu_rouge,SAFE : arret au feu rouge
43.45,80.8,0.0,SAFE,8,feu_rouge,SAFE : arret au feu rouge
43.50,80.8,0.0,SAFE,8,feu_rouge,SAFE : arret au feu rouge
43.55,80.8,0.0,SAFE,8,feu_rouge,SAFE : arret au feu rouge
43.60,80.8,0.0,SAFE,7,feu_rouge,SAFE : arret au feu rouge
43.65,80.8,0.0,SAFE,7,feu_rouge,SAFE : arret au feu rouge
43.70,80.8,0.0,SAFE,7,feu_rouge,SAFE : arret au feu rouge
43.75,80.8,0.0,SAFE,7,feu_rouge,SAFE : arret au feu rouge
43.80,80.8,0.0,SAFE,7,feu_rouge,SAFE : arret au feu rouge
43.85,80.8,0.0,SAFE,7,feu_rouge,SAFE : arret au feu rouge
43.90,80.8,0.0,SAFE,7,feu_rouge,SAFE : arret au feu rouge
43.95,80.8,0.0,SAFE,7,feu_rouge,SAFE : arret au feu rouge
44.00,80.8,0.0,SAFE,7,feu_rouge,SAFE : arret au feu rouge
44.05,80.8,0.0,SAFE,7,feu_rouge,SAFE : arret au feu rouge
44.10,80.8,0.0,SAFE,7,feu_rouge,SAFE : arret au feu rouge
44.15,80.8,0.0,SAFE,7,feu_rouge,SAFE : arret au feu rouge
44.20,80.8,0.0,SAFE,7,feu_rouge,SAFE : arret au feu rouge
44.25,80.8,0.0,SAFE,7,feu_rouge,SAFE : arret au feu rouge
44.30,80.8,0.0,SAFE,7,feu_rouge,SAFE : arret au feu rouge
44.35,80.8,0.0,SAFE,7,feu_rouge,SAFE : arret au feu rouge
44.40,80.8,0.0,SAFE,7,feu_rouge,SAFE : arret au feu rouge
44.45,80.8,0.0,SAFE,7,feu_rouge,SAFE : arret au feu rouge
44.50,80.8,0.0,SAFE,7,feu_rouge,SAFE : arret au feu rouge
44.55,80.8,0.0,SAFE,7,feu_rouge,SAFE : arret au feu rouge
44.60,80.8,0.0,SAFE,7,feu_rouge,SAFE : arret au feu rouge
44.65,80.8,0.0,SAFE,7,feu_rouge,SAFE : arret au feu rouge
44.70,80.8,0.0,SAFE,7,feu_rouge,SAFE : arret au feu rouge
44.75,80.8,0.0,SAFE,7,feu_rouge,SAFE : arret au feu rouge
44.80,80.8,0.0,SAFE,7,feu_rouge,SAFE : arret au feu rouge
44.85,80.8,0.0,SAFE,7,feu_rouge,SAFE : arret au feu rouge
44.90,80.8,0.0,SAFE,7,feu_rouge,SAFE : arret au feu rouge
44.95,80.8,0.0,SAFE,7,feu_rouge,SAFE : arret au feu rouge
45.00,80.8,0.0,SAFE,7,feu_rouge,SAFE : arret au feu rouge
45.05,80.8,0.0,SAFE,7,feu_rouge,SAFE : arret au feu rouge
45.10,80.8,0.0,SAFE,7,feu_rouge,SAFE : arret au feu rouge
45.15,80.8,0.0,SAFE,7,feu_rouge,SAFE : arret au feu rouge
45.20,80.8,0.0,SAFE,7,feu_rouge,SAFE : arret au feu rouge
45.25,80.8,0.0,SAFE,7,feu_rouge,SAFE : arret au feu rouge
45.30,80.8,0.0,SAFE,7,feu_rouge,SAFE : arret au feu rouge
45.35,80.8,0.0,SAFE,7,feu_rouge,SAFE : arret au feu rouge
45.40,80.8,0.0,SAFE,7,feu_rouge,SAFE : arret au feu rouge
45.45,80.8,0.0,SAFE,7,feu_rouge,SAFE : arret au feu rouge
45.50,80.8,0.0,SAFE,7,feu_rouge,SAFE : arret au feu rouge
45.55,80.8,0.0,SAFE,7,feu_rouge,SAFE : arret au feu rouge
45.60,80.8,0.0,SAFE,7,feu_rouge,SAFE : arret au feu rouge
45.65,80.8,0.0,SAFE,7,feu_rouge,SAFE : arret au feu rouge
45.70,80.8,0.0,SAFE,7,feu_rouge,SAFE : arret au feu rouge
45.75,80.8,0.0,SAFE,7,feu_rouge,SAFE : arret au feu rouge
45.80,80.8,0.0,SAFE,6,feu_rouge,SAFE : arret au feu rouge
45.85,80.8,0.0,SAFE,6,feu_rouge,SAFE : arret au feu rouge
45.90,80.8,0.0,SAFE,6,feu_rouge,SAFE : arret au feu rouge
45.95,80.8,0.0,SAFE,6,feu_rouge,SAFE : arret au feu rouge
46.00,80.8,0.0,SAFE,6,feu_rouge,SAFE : arret au feu rouge
46.05,80.8,0.0,SAFE,6,feu_rouge,SAFE : arret au feu rouge
46.10,80.8,0.0,SAFE,6,feu_rouge,SAFE : arret au feu rouge
46.15,80.8,0.0,SAFE,6,feu_rouge,SAFE : arret au feu rouge
46.20,80.8,0.0,SAFE,6,feu_rouge,SAFE : arret au feu rouge
46.25,80.8,0.0,SAFE,6,feu_rouge,SAFE : arret au feu rouge
46.30,80.8,0.0,SAFE,6,feu_rouge,SAFE : arret au feu rouge
46.35,80.8,0.0,SAFE,6,feu_rouge,SAFE : arret au feu rouge
46.40,80.8,0.0,SAFE,6,feu_rouge,SAFE : arret au feu rouge
46.45,80.8,0.0,SAFE,6,feu_rouge,SAFE : arret au feu rouge
46.50,80.8,0.0,SAFE,6,feu_rouge,SAFE : arret au feu rouge
46.55,80.8,0.0,SAFE,6,feu_rouge,SAFE : arret au feu rouge
46.60,80.8,0.0,SAFE,6,feu_rouge,SAFE : arret au feu rouge
46.65,80.8,0.0,SAFE,6,feu_rouge,SAFE : arret au feu rouge
46.70,80.8,0.0,SAFE,6,feu_rouge,SAFE : arret au feu rouge
46.75,80.8,0.0,SAFE,6,feu_rouge,SAFE : arret au feu rouge
46.80,80.8,0.0,SAFE,6,feu_rouge,SAFE : arret au feu rouge
46.85,80.8,0.0,SAFE,6,feu_rouge,SAFE : arret au feu rouge
46.90,80.8,0.0,SAFE,6,feu_rouge,SAFE : arret au feu rouge
46.95,80.8,0.0,SAFE,6,feu_rouge,SAFE : arret au feu rouge
47.00,80.8,0.0,SAFE,6,feu_rouge,SAFE : arret au feu rouge
47.05,80.8,0.0,SAFE,6,feu_rouge,SAFE : arret au feu rouge
47.10,80.8,0.0,SAFE,6,feu_rouge,SAFE : arret au feu rouge
47.15,80.8,0.0,SAFE,6,feu_rouge,SAFE : arret au feu rouge
47.20,80.8,0.0,SAFE,6,feu_rouge,SAFE : arret au feu rouge
47.25,80.8,0.0,SAFE,6,feu_rouge,SAFE : arret au feu rouge
47.30,80.8,0.0,SAFE,6,feu_rouge,SAFE : arret au feu rouge
47.35,80.8,0.0,SAFE,6,feu_rouge,SAFE : arret au feu rouge
47.40,80.8,0.0,SAFE,6,feu_rouge,SAFE : arret au feu rouge
47.45,80.8,0.0,SAFE,6,feu_rouge,SAFE : arret au feu rouge
47.50,80.8,0.0,SAFE,6,feu_rouge,SAFE : arret au feu rouge
47.55,80.8,0.0,SAFE,6,feu_rouge,SAFE : arret au feu rouge
47.60,80.8,0.0,SAFE,6,feu_rouge,SAFE : arret au feu rouge
47.65,80.8,0.0,SAFE,6,feu_rouge,SAFE : arret au feu rouge
47.70,80.8,0.0,SAFE,6,feu_rouge,SAFE : arret au feu rouge
47.75,80.8,0.0,SAFE,6,feu_rouge,SAFE : arret au feu rouge
47.80,80.8,0.0,SAFE,6,feu_rouge,SAFE : arret au feu rouge
47.85,80.8,0.0,SAFE,6,feu_rouge,SAFE : arret au feu rouge
47.90,80.8,0.0,SAFE,6,feu_rouge,SAFE : arret au feu rouge
47.95,80.8,0.0,SAFE,6,feu_rouge,SAFE : arret au feu rouge
48.00,80.8,0.0,SAFE,6,feu_rouge,SAFE : arret au feu rouge
48.05,80.8,0.0,SAFE,6,feu_rouge,SAFE : arret au feu rouge
48.10,80.8,0.0,SAFE,6,feu_rouge,SAFE : arret au feu rouge
48.15,80.8,0.0,SAFE,6,feu_rouge,SAFE : arret au feu rouge
48.20,80.8,0.0,SAFE,6,feu_rouge,SAFE : arret au feu rouge
48.25,80.8,0.0,SAFE,6,feu_rouge,SAFE : arret au feu rouge
48.30,80.8,0.0,SAFE,6,feu_rouge,SAFE : arret au feu rouge
48.35,80.8,0.0,SAFE,6,feu_rouge,SAFE : arret au feu rouge
48.40,80.8,0.0,SAFE,6,feu_rouge,SAFE : arret au feu rouge
48.45,80.8,0.0,SAFE,6,feu_rouge,SAFE : arret au feu rouge
48.50,80.8,0.0,SAFE,6,feu_rouge,SAFE : arret au feu rouge
48.55,80.8,0.0,SAFE,6,feu_rouge,SAFE : arret au feu rouge
48.60,80.8,0.0,SAFE,6,feu_rouge,SAFE : arret au feu rouge
48.65,80.8,0.0,SAFE,6,feu_rouge,SAFE : arret au feu rouge
48.70,80.8,0.0,SAFE,6,feu_rouge,SAFE : arret au feu rouge
48.75,80.8,0.0,SAFE,6,feu_rouge,SAFE : arret au feu rouge
48.80,80.8,0.0,SAFE,6,feu_rouge,SAFE : arret au feu rouge
48.85,80.8,0.0,SAFE,6,feu_rouge,SAFE : arret au feu rouge
48.90,80.8,0.0,SAFE,6,feu_rouge,SAFE : arret au feu rouge
48.95,80.8,0.0,SAFE,6,feu_rouge,SAFE : arret au feu rouge
49.00,80.8,0.0,SAFE,6,feu_rouge,SAFE : arret au feu rouge
49.05,80.8,0.0,SAFE,6,feu_rouge,SAFE : arret au feu rouge
49.10,80.8,0.0,SAFE,6,feu_rouge,SAFE : arret au feu rouge
49.15,80.8,0.0,SAFE,6,feu_rouge,SAFE : arret au feu rouge
49.20,80.8,0.0,SAFE,6,feu_rouge,SAFE : arret au feu rouge
49.25,80.8,0.0,CRITICAL,6,feu_rouge,Vigilance — situation à la limite
49.30,80.8,0.0,CRITICAL,5,feu_rouge,Vigilance — situation à la limite
49.35,80.8,0.0,CRITICAL,5,feu_rouge,Vigilance — situation à la limite
49.40,80.8,0.0,CRITICAL,5,feu_rouge,Vigilance — situation à la limite
49.45,80.8,0.0,CRITICAL,5,feu_rouge,Vigilance — situation à la limite
49.50,80.8,0.0,CRITICAL,5,feu_rouge,Vigilance — situation à la limite
49.55,80.8,0.0,CRITICAL,5,feu_rouge,Vigilance — situation à la limite
49.60,80.8,0.0,CRITICAL,5,feu_rouge,Vigilance — situation à la limite
49.65,80.8,0.0,CRITICAL,5,feu_rouge,Vigilance — situation à la limite
49.70,80.8,0.0,CRITICAL,5,feu_rouge,Vigilance — situation à la limite
49.75,80.8,0.0,CRITICAL,6,feu_rouge,Vigilance — situation à la limite
49.80,80.8,0.0,CRITICAL,6,feu_rouge,Vigilance — situation à la limite
49.85,80.8,0.0,CRITICAL,6,feu_rouge,Vigilance — situation à la limite
49.90,80.8,0.0,CRITICAL,6,feu_rouge,Vigilance — situation à la limite
49.95,80.8,0.0,CRITICAL,6,feu_rouge,Vigilance — situation à la limite
50.00,80.8,0.0,SAFE,6,feu_rouge,SAFE : arret au feu rouge
50.05,80.8,0.0,SAFE,6,feu_rouge,SAFE : arret au feu rouge
50.10,80.8,0.0,SAFE,6,feu_rouge,SAFE : arret au feu rouge
50.15,80.8,0.0,SAFE,6,feu_rouge,SAFE : arret au feu rouge
50.20,80.8,0.0,SAFE,6,feu_rouge,SAFE : arret au feu rouge
50.25,80.8,0.0,SAFE,6,feu_rouge,SAFE : arret au feu rouge
50.30,80.8,0.0,SAFE,5,feu_rouge,SAFE : arret au feu rouge
50.35,80.8,0.0,SAFE,5,feu_rouge,SAFE : arret au feu rouge
50.40,80.8,0.0,SAFE,5,feu_rouge,SAFE : arret au feu rouge
50.45,80.8,0.0,SAFE,5,feu_rouge,SAFE : arret au feu rouge
50.50,80.8,0.0,SAFE,5,feu_rouge,SAFE : arret au feu rouge
50.55,80.8,0.0,SAFE,5,feu_rouge,SAFE : arret au feu rouge
50.60,80.8,0.0,SAFE,5,feu_rouge,SAFE : arret au feu rouge
50.65,80.8,0.0,SAFE,5,feu_rouge,SAFE : arret au feu rouge
50.70,80.8,0.0,SAFE,5,feu_rouge,SAFE : arret au feu rouge
50.75,80.8,0.0,SAFE,5,feu_rouge,SAFE : arret au feu rouge
50.80,80.8,0.0,SAFE,5,feu_rouge,SAFE : arret au feu rouge
50.85,80.8,0.0,SAFE,5,feu_rouge,SAFE : arret au feu rouge
50.90,80.8,0.0,SAFE,5,feu_rouge,SAFE : arret au feu rouge
50.95,80.8,0.0,SAFE,5,feu_rouge,SAFE : arret au feu rouge
51.00,80.8,0.0,SAFE,5,feu_rouge,SAFE : arret au feu rouge
51.05,80.8,0.0,SAFE,5,feu_rouge,SAFE : arret au feu rouge
51.10,80.8,0.0,SAFE,5,feu_rouge,SAFE : arret au feu rouge
51.15,80.8,0.0,SAFE,5,feu_rouge,SAFE : arret au feu rouge
51.20,80.8,0.0,SAFE,5,feu_rouge,SAFE : arret au feu rouge
51.25,80.8,0.0,SAFE,5,feu_rouge,SAFE : arret au feu rouge
51.30,80.8,0.0,SAFE,5,feu_rouge,SAFE : arret au feu rouge
51.35,80.8,0.0,SAFE,5,feu_rouge,SAFE : arret au feu rouge
51.40,80.8,0.0,SAFE,5,feu_rouge,SAFE : arret au feu rouge
51.45,80.8,0.0,SAFE,5,feu_rouge,SAFE : arret au feu rouge
51.50,80.8,0.0,SAFE,5,feu_rouge,SAFE : arret au feu rouge
51.55,80.8,0.0,SAFE,5,feu_rouge,SAFE : arret au feu rouge
51.60,80.8,0.0,SAFE,5,feu_rouge,SAFE : arret au feu rouge
51.65,80.8,0.0,SAFE,5,feu_rouge,SAFE : arret au feu rouge
51.70,80.8,0.0,SAFE,5,feu_rouge,SAFE : arret au feu rouge
51.75,80.8,0.0,SAFE,5,feu_rouge,SAFE : arret au feu rouge
51.80,80.8,0.0,SAFE,5,feu_rouge,SAFE : arret au feu rouge
51.85,80.8,0.0,SAFE,5,feu_rouge,SAFE : arret au feu rouge
51.90,80.8,0.0,SAFE,5,feu_rouge,SAFE : arret au feu rouge
51.95,80.8,0.0,SAFE,5,feu_rouge,SAFE : arret au feu rouge
52.00,80.8,0.0,SAFE,5,feu_rouge,SAFE : arret au feu rouge
52.05,80.8,0.0,SAFE,5,feu_rouge,SAFE : arret au feu rouge
52.10,80.8,0.0,SAFE,5,feu_rouge,SAFE : arret au feu rouge
52.15,80.8,0.0,SAFE,5,feu_rouge,SAFE : arret au feu rouge
52.20,80.8,0.0,SAFE,5,feu_rouge,SAFE : arret au feu rouge
52.25,80.8,0.0,SAFE,5,feu_rouge,SAFE : arret au feu rouge
52.30,80.8,0.0,SAFE,5,feu_rouge,SAFE : arret au feu rouge
52.35,80.8,0.0,SAFE,5,feu_rouge,SAFE : arret au feu rouge
52.40,80.8,0.0,SAFE,5,feu_rouge,SAFE : arret au feu rouge
52.45,80.8,0.0,SAFE,5,feu_rouge,SAFE : arret au feu rouge
52.50,80.8,0.0,SAFE,5,feu_rouge,SAFE : arret au feu rouge
52.55,80.8,0.0,SAFE,5,feu_rouge,SAFE : arret au feu rouge
52.60,80.8,0.0,SAFE,5,feu_rouge,SAFE : arret au feu rouge
52.65,80.8,0.0,SAFE,5,feu_rouge,SAFE : arret au feu rouge
52.70,80.8,0.0,SAFE,5,feu_rouge,SAFE : arret au feu rouge
52.75,80.8,0.0,SAFE,5,feu_rouge,SAFE : arret au feu rouge
52.80,80.8,0.0,SAFE,5,feu_rouge,SAFE : arret au feu rouge
52.85,80.8,0.0,SAFE,6,feu_rouge,SAFE : arret au feu rouge
52.90,80.8,0.0,SAFE,6,feu_rouge,SAFE : arret au feu rouge
52.95,80.8,0.0,SAFE,6,feu_rouge,SAFE : arret au feu rouge
53.00,80.8,0.0,SAFE,6,feu_rouge,SAFE : arret au feu rouge
53.05,80.8,0.0,SAFE,6,feu_rouge,SAFE : arret au feu rouge
53.10,80.8,0.0,SAFE,6,feu_rouge,SAFE : arret au feu rouge
53.15,80.8,0.0,SAFE,6,feu_rouge,SAFE : arret au feu rouge
53.20,80.8,0.0,SAFE,6,feu_rouge,SAFE : arret au feu rouge
53.25,80.8,0.0,SAFE,6,feu_rouge,SAFE : arret au feu rouge
53.30,80.8,0.0,SAFE,6,feu_rouge,SAFE : arret au feu rouge
53.35,80.8,0.0,SAFE,6,feu_rouge,SAFE : arret au feu rouge
53.40,80.8,0.0,SAFE,6,feu_rouge,SAFE : arret au feu rouge
53.45,80.8,0.0,SAFE,6,feu_rouge,SAFE : arret au feu rouge
53.50,80.8,0.0,SAFE,6,feu_rouge,SAFE : arret au feu rouge
53.55,80.8,0.0,SAFE,6,feu_rouge,SAFE : arret au feu rouge
53.60,80.8,0.0,SAFE,6,feu_rouge,SAFE : arret au feu rouge
53.65,80.8,0.0,SAFE,6,feu_rouge,SAFE : arret au feu rouge
53.70,80.8,0.0,SAFE,6,feu_rouge,SAFE : arret au feu rouge
53.75,80.8,0.0,SAFE,6,feu_rouge,SAFE : arret au feu rouge
53.80,80.8,0.0,SAFE,6,feu_rouge,SAFE : arret au feu rouge
53.85,80.8,0.0,SAFE,6,feu_rouge,SAFE : arret au feu rouge
53.90,80.8,0.0,SAFE,6,feu_rouge,SAFE : arret au feu rouge
53.95,80.8,0.0,SAFE,6,feu_rouge,SAFE : arret au feu rouge
54.00,80.8,0.0,SAFE,6,feu_rouge,SAFE : arret au feu rouge
54.05,80.8,0.0,SAFE,6,feu_rouge,SAFE : arret au feu rouge
54.10,80.8,0.0,SAFE,6,feu_rouge,SAFE : arret au feu rouge
54.15,80.8,0.0,SAFE,6,feu_rouge,SAFE : arret au feu rouge
54.20,80.8,0.0,SAFE,6,feu_rouge,SAFE : arret au feu rouge
54.25,80.8,0.0,SAFE,5,feu_rouge,SAFE : arret au feu rouge
54.30,80.8,0.0,SAFE,5,feu_rouge,SAFE : arret au feu rouge
54.35,80.8,0.0,SAFE,5,feu_rouge,SAFE : arret au feu rouge
54.40,80.8,0.0,SAFE,5,feu_rouge,SAFE : arret au feu rouge
54.45,80.8,0.0,SAFE,5,feu_rouge,SAFE : arret au feu rouge
54.50,80.8,0.0,SAFE,5,feu_rouge,SAFE : arret au feu rouge
54.55,80.8,0.0,SAFE,5,feu_rouge,SAFE : arret au feu rouge
54.60,80.8,0.0,SAFE,5,feu_rouge,SAFE : arret au feu rouge
54.65,80.8,0.0,SAFE,5,feu_rouge,SAFE : arret au feu rouge
54.70,80.8,0.0,SAFE,5,feu_rouge,SAFE : arret au feu rouge
54.75,80.8,0.0,SAFE,5,feu_rouge,SAFE : arret au feu rouge
54.80,80.8,0.0,SAFE,5,feu_rouge,SAFE : arret au feu rouge
54.85,80.8,0.0,SAFE,5,feu_rouge,SAFE : arret au feu rouge
54.90,80.8,0.0,SAFE,5,feu_rouge,SAFE : arret au feu rouge
54.95,80.8,0.0,SAFE,5,feu_rouge,SAFE : arret au feu rouge
55.00,80.8,0.0,SAFE,5,feu_rouge,SAFE : arret au feu rouge
55.05,80.8,0.0,SAFE,5,feu_rouge,SAFE : arret au feu rouge
55.10,80.8,0.0,SAFE,5,feu_rouge,SAFE : arret au feu rouge
55.15,80.8,0.0,SAFE,5,feu_rouge,SAFE : arret au feu rouge
55.20,80.8,0.0,SAFE,5,feu_rouge,SAFE : arret au feu rouge
55.25,80.8,0.0,SAFE,5,feu_rouge,SAFE : arret au feu rouge
55.30,80.8,0.0,SAFE,5,feu_rouge,SAFE : arret au feu rouge
55.35,80.8,0.0,SAFE,5,feu_rouge,SAFE : arret au feu rouge
55.40,80.8,0.0,SAFE,5,feu_rouge,SAFE : arret au feu rouge
55.45,80.8,0.0,SAFE,6,feu_rouge,SAFE : arret au feu rouge
55.50,80.8,0.0,SAFE,6,feu_rouge,SAFE : arret au feu rouge
55.55,80.8,0.0,SAFE,6,feu_rouge,SAFE : arret au feu rouge
55.60,80.8,0.0,SAFE,6,feu_rouge,SAFE : arret au feu rouge
55.65,80.8,0.0,SAFE,6,feu_rouge,SAFE : arret au feu rouge
55.70,80.8,0.0,SAFE,6,feu_rouge,SAFE : arret au feu rouge
55.75,80.8,0.0,SAFE,6,feu_rouge,SAFE : arret au feu rouge
55.80,80.8,0.0,SAFE,6,feu_rouge,SAFE : arret au feu rouge
55.85,80.8,0.0,SAFE,6,feu_rouge,SAFE : arret au feu rouge
55.90,80.8,0.0,SAFE,6,feu_rouge,SAFE : arret au feu rouge
55.95,80.8,0.0,SAFE,6,feu_rouge,SAFE : arret au feu rouge
56.00,80.8,0.0,SAFE,6,feu_rouge,SAFE : arret au feu rouge
56.05,80.8,0.0,SAFE,6,feu_rouge,SAFE : arret au feu rouge
56.10,80.8,0.0,SAFE,6,feu_rouge,SAFE : arret au feu rouge
56.15,80.8,0.0,SAFE,6,feu_rouge,SAFE : arret au feu rouge
56.20,80.8,0.0,SAFE,6,feu_rouge,SAFE : arret au feu rouge
56.25,80.8,0.0,SAFE,6,feu_rouge,SAFE : arret au feu rouge
56.30,80.8,0.0,SAFE,6,feu_rouge,SAFE : arret au feu rouge
56.35,80.8,0.0,SAFE,6,feu_rouge,SAFE : arret au feu rouge
56.40,80.8,0.0,SAFE,6,feu_rouge,SAFE : arret au feu rouge
56.45,80.8,0.0,SAFE,6,feu_rouge,SAFE : arret au feu rouge
56.50,80.8,0.0,SAFE,6,feu_rouge,SAFE : arret au feu rouge
56.55,80.8,0.0,SAFE,6,feu_rouge,SAFE : arret au feu rouge
56.60,80.8,0.0,SAFE,6,feu_rouge,SAFE : arret au feu rouge
56.65,80.8,0.0,SAFE,6,feu_rouge,SAFE : arret au feu rouge
56.70,80.8,0.0,SAFE,6,feu_rouge,SAFE : arret au feu rouge
56.75,80.8,0.0,SAFE,6,feu_rouge,SAFE : arret au feu rouge
56.80,80.8,0.0,SAFE,6,feu_rouge,SAFE : arret au feu rouge
56.85,80.8,0.0,SAFE,6,feu_rouge,SAFE : arret au feu rouge
56.90,80.8,0.0,SAFE,6,feu_rouge,SAFE : arret au feu rouge
56.95,80.8,0.0,SAFE,7,feu_rouge,SAFE : arret au feu rouge
57.00,80.8,0.0,SAFE,7,feu_rouge,SAFE : arret au feu rouge
57.05,80.8,0.0,SAFE,7,feu_rouge,SAFE : arret au feu rouge
57.10,80.8,0.0,SAFE,7,feu_rouge,SAFE : arret au feu rouge
57.15,80.8,0.0,SAFE,6,feu_rouge,SAFE : arret au feu rouge
57.20,80.8,0.0,SAFE,6,feu_rouge,SAFE : arret au feu rouge
57.25,80.8,0.0,SAFE,6,feu_rouge,SAFE : arret au feu rouge
57.30,80.8,0.0,SAFE,6,feu_rouge,SAFE : arret au feu rouge
57.35,80.8,0.0,SAFE,6,feu_rouge,SAFE : arret au feu rouge
57.40,80.8,0.0,SAFE,6,feu_rouge,SAFE : arret au feu rouge
57.45,80.8,0.0,SAFE,6,feu_rouge,SAFE : arret au feu rouge
57.50,80.8,0.0,SAFE,7,feu_rouge,SAFE : arret au feu rouge
57.55,80.8,0.0,SAFE,7,feu_rouge,SAFE : arret au feu rouge
57.60,80.8,0.0,SAFE,7,feu_rouge,SAFE : arret au feu rouge
57.65,80.8,0.0,SAFE,7,feu_rouge,SAFE : arret au feu rouge
57.70,80.8,0.0,SAFE,7,feu_rouge,SAFE : arret au feu rouge
57.75,80.8,0.0,SAFE,7,feu_rouge,SAFE : arret au feu rouge
57.80,80.8,0.0,SAFE,7,feu_rouge,SAFE : arret au feu rouge
57.85,80.8,0.0,SAFE,7,feu_rouge,SAFE : arret au feu rouge
57.90,80.8,0.0,SAFE,7,feu_rouge,SAFE : arret au feu rouge
57.95,80.8,0.0,SAFE,7,feu_rouge,SAFE : arret au feu rouge
58.00,80.8,0.0,SAFE,7,feu_rouge,SAFE : arret au feu rouge
58.05,80.8,0.0,SAFE,7,feu_rouge,SAFE : arret au feu rouge
58.10,80.8,0.0,SAFE,7,feu_rouge,SAFE : arret au feu rouge
58.15,80.8,0.0,SAFE,7,feu_rouge,SAFE : arret au feu rouge
58.20,80.8,0.0,SAFE,7,feu_rouge,SAFE : arret au feu rouge
58.25,80.8,0.0,SAFE,7,feu_rouge,SAFE : arret au feu rouge
58.30,80.8,0.0,SAFE,7,feu_rouge,SAFE : arret au feu rouge
58.35,80.8,0.0,SAFE,7,feu_rouge,SAFE : arret au feu rouge
58.40,80.8,0.0,SAFE,7,feu_rouge,SAFE : arret au feu rouge
58.45,80.8,0.0,SAFE,7,feu_rouge,SAFE : arret au feu rouge
58.50,80.8,0.0,SAFE,7,feu_rouge,SAFE : arret au feu rouge
58.55,80.8,0.0,SAFE,7,feu_rouge,SAFE : arret au feu rouge
58.60,80.8,0.0,SAFE,7,feu_rouge,SAFE : arret au feu rouge
58.65,80.8,0.0,SAFE,7,feu_rouge,SAFE : arret au feu rouge
58.70,80.8,0.0,SAFE,7,feu_rouge,SAFE : arret au feu rouge
58.75,80.8,0.0,SAFE,7,feu_rouge,SAFE : arret au feu rouge
58.80,80.8,0.0,SAFE,7,feu_rouge,SAFE : arret au feu rouge
58.85,80.8,0.0,SAFE,7,feu_rouge,SAFE : arret au feu rouge
58.90,80.8,0.0,SAFE,7,feu_rouge,SAFE : arret au feu rouge
58.95,80.8,0.0,SAFE,7,feu_rouge,SAFE : arret au feu rouge
59.00,80.8,0.0,SAFE,7,feu_rouge,SAFE : arret au feu rouge
59.05,80.8,0.0,SAFE,7,feu_rouge,SAFE : arret au feu rouge
59.10,80.8,0.0,SAFE,7,feu_rouge,SAFE : arret au feu rouge
59.15,80.8,0.0,SAFE,7,feu_rouge,SAFE : arret au feu rouge
59.20,80.8,0.0,SAFE,7,feu_rouge,SAFE : arret au feu rouge
59.25,80.8,0.0,SAFE,7,feu_rouge,SAFE : arret au feu rouge
59.30,80.8,0.0,SAFE,7,feu_rouge,SAFE : arret au feu rouge
59.35,80.8,0.0,SAFE,7,feu_rouge,SAFE : arret au feu rouge
59.40,80.8,0.0,SAFE,7,feu_rouge,SAFE : arret au feu rouge
59.45,80.8,0.0,SAFE,7,feu_rouge,SAFE : arret au feu rouge
59.50,80.8,0.0,SAFE,7,feu_rouge,SAFE : arret au feu rouge
59.55,80.8,0.0,SAFE,7,feu_rouge,SAFE : arret au feu rouge
59.60,80.8,0.0,SAFE,7,feu_rouge,SAFE : arret au feu rouge
59.65,80.8,0.0,SAFE,7,feu_rouge,SAFE : arret au feu rouge
59.70,80.8,0.0,SAFE,7,feu_rouge,SAFE : arret au feu rouge
59.75,80.8,0.0,SAFE,7,feu_rouge,SAFE : arret au feu rouge
59.80,80.8,0.0,SAFE,7,feu_rouge,SAFE : arret au feu rouge
59.85,80.8,0.0,SAFE,7,feu_rouge,SAFE : arret au feu rouge
59.90,80.8,0.0,SAFE,7,feu_rouge,SAFE : arret au feu rouge
59.95,80.8,0.0,SAFE,7,feu_rouge,SAFE : arret au feu rouge
60.00,80.8,0.0,SAFE,7,feu_rouge,SAFE : arret au feu rouge
60.05,80.8,0.0,SAFE,7,feu_rouge,SAFE : arret au feu rouge
60.10,80.8,0.0,SAFE,7,feu_rouge,SAFE : arret au feu rouge
60.15,80.8,0.0,SAFE,8,feu_rouge,SAFE : arret au feu rouge
60.20,80.8,0.0,SAFE,8,feu_rouge,SAFE : arret au feu rouge
60.25,80.8,0.0,SAFE,8,feu_rouge,SAFE : arret au feu rouge
60.30,80.8,0.0,SAFE,8,feu_rouge,SAFE : arret au feu rouge
60.35,80.8,0.0,SAFE,8,feu_rouge,SAFE : arret au feu rouge
60.40,80.8,0.0,SAFE,8,feu_rouge,SAFE : arret au feu rouge
60.45,80.8,0.0,SAFE,8,feu_rouge,SAFE : arret au feu rouge
60.50,80.8,0.0,SAFE,8,feu_rouge,SAFE : arret au feu rouge
60.55,80.8,0.0,SAFE,8,feu_rouge,SAFE : arret au feu rouge
60.60,80.8,0.0,SAFE,8,feu_rouge,SAFE : arret au feu rouge
60.65,80.8,0.0,SAFE,8,feu_rouge,SAFE : arret au feu rouge
60.70,80.8,0.0,SAFE,8,feu_rouge,SAFE : arret au feu rouge
60.75,80.8,0.0,SAFE,8,feu_rouge,SAFE : arret au feu rouge
60.80,80.8,0.0,SAFE,8,feu_rouge,SAFE : arret au feu rouge
60.85,80.8,0.0,SAFE,8,feu_rouge,SAFE : arret au feu rouge
60.90,80.8,0.0,SAFE,8,feu_rouge,SAFE : arret au feu rouge
60.95,80.8,0.0,SAFE,8,feu_rouge,SAFE : arret au feu rouge
61.00,80.8,0.0,SAFE,8,feu_rouge,SAFE : arret au feu rouge
61.05,80.8,0.0,SAFE,8,feu_rouge,SAFE : arret au feu rouge
61.10,80.8,0.0,SAFE,8,feu_rouge,SAFE : arret au feu rouge
61.15,80.8,0.0,SAFE,8,feu_rouge,SAFE : arret au feu rouge
61.20,80.8,0.0,SAFE,8,feu_rouge,SAFE : arret au feu rouge
61.25,80.8,0.0,SAFE,8,feu_rouge,SAFE : arret au feu rouge
61.30,80.8,0.0,SAFE,8,feu_rouge,SAFE : arret au feu rouge
61.35,80.8,0.0,SAFE,8,feu_rouge,SAFE : arret au feu rouge
61.40,80.8,0.0,SAFE,8,feu_rouge,SAFE : arret au feu rouge
61.45,80.8,0.0,SAFE,8,feu_rouge,SAFE : arret au feu rouge
61.50,80.8,0.0,SAFE,8,feu_rouge,SAFE : arret au feu rouge
61.55,80.8,0.0,SAFE,8,feu_rouge,SAFE : arret au feu rouge
61.60,80.8,0.0,SAFE,8,feu_rouge,SAFE : arret au feu rouge
61.65,80.8,0.0,SAFE,8,feu_rouge,SAFE : arret au feu rouge
61.70,80.8,0.0,SAFE,8,feu_rouge,SAFE : arret au feu rouge
61.75,80.8,0.0,SAFE,8,feu_rouge,SAFE : arret au feu rouge
61.80,80.8,0.0,SAFE,8,feu_rouge,SAFE : arret au feu rouge
61.85,80.8,0.0,SAFE,8,feu_rouge,SAFE : arret au feu rouge
61.90,80.8,0.0,SAFE,8,feu_rouge,SAFE : arret au feu rouge
61.95,80.8,0.0,SAFE,8,feu_rouge,SAFE : arret au feu rouge
62.00,80.8,0.0,SAFE,8,feu_rouge,SAFE : arret au feu rouge
62.05,80.8,0.0,SAFE,8,feu_rouge,SAFE : arret au feu rouge
62.10,80.8,0.0,SAFE,8,feu_rouge,SAFE : arret au feu rouge
62.15,80.8,0.0,SAFE,8,feu_rouge,SAFE : arret au feu rouge
62.20,80.8,0.0,SAFE,8,feu_rouge,SAFE : arret au feu rouge
62.25,80.8,0.0,SAFE,8,feu_rouge,SAFE : arret au feu rouge
62.30,80.8,0.0,SAFE,9,feu_rouge,SAFE : arret au feu rouge
62.35,80.8,0.0,SAFE,9,feu_rouge,SAFE : arret au feu rouge
62.40,80.8,0.0,SAFE,9,feu_rouge,SAFE : arret au feu rouge
62.45,80.8,0.0,SAFE,9,feu_rouge,SAFE : arret au feu rouge
62.50,80.8,0.0,SAFE,9,feu_rouge,SAFE : arret au feu rouge
62.55,80.8,0.0,SAFE,9,feu_rouge,SAFE : arret au feu rouge
62.60,80.8,0.0,SAFE,9,feu_rouge,SAFE : arret au feu rouge
62.65,80.8,0.0,SAFE,9,feu_rouge,SAFE : arret au feu rouge
62.70,80.8,0.0,SAFE,9,feu_rouge,SAFE : arret au feu rouge
62.75,80.8,0.0,SAFE,10,feu_rouge,SAFE : arret au feu rouge
62.80,80.8,0.0,SAFE,10,feu_rouge,SAFE : arret au feu rouge
62.85,80.8,0.0,SAFE,10,feu_rouge,SAFE : arret au feu rouge
62.90,80.8,0.0,SAFE,10,feu_rouge,SAFE : arret au feu rouge
62.95,80.8,0.0,SAFE,10,feu_rouge,SAFE : arret au feu rouge
63.00,80.8,0.0,SAFE,10,feu_rouge,SAFE : arret au feu rouge
63.05,80.8,0.0,SAFE,10,feu_rouge,SAFE : arret au feu rouge
63.10,80.8,0.0,SAFE,10,feu_rouge,SAFE : arret au feu rouge
63.15,80.8,0.0,SAFE,10,feu_rouge,SAFE : arret au feu rouge
63.20,80.8,0.0,SAFE,10,feu_rouge,SAFE : arret au feu rouge
63.25,80.8,0.0,SAFE,10,feu_rouge,SAFE : arret au feu rouge
63.30,80.8,0.0,SAFE,10,feu_rouge,SAFE : arret au feu rouge
63.35,80.8,0.0,SAFE,10,feu_rouge,SAFE : arret au feu rouge
63.40,80.8,0.0,SAFE,10,feu_rouge,SAFE : arret au feu rouge
63.45,80.8,0.0,SAFE,10,feu_rouge,SAFE : arret au feu rouge
63.50,80.8,0.0,SAFE,10,feu_rouge,SAFE : arret au feu rouge
63.55,80.8,0.0,SAFE,10,feu_rouge,SAFE : arret au feu rouge
63.60,80.8,0.0,SAFE,10,feu_rouge,SAFE : arret au feu rouge
63.65,80.8,0.0,SAFE,10,feu_rouge,SAFE : arret au feu rouge
63.70,80.8,0.0,SAFE,10,feu_rouge,SAFE : arret au feu rouge
63.75,80.8,0.0,SAFE,10,feu_rouge,SAFE : arret au feu rouge
63.80,80.8,0.0,SAFE,10,feu_rouge,SAFE : arret au feu rouge
63.85,80.8,0.0,SAFE,10,feu_rouge,SAFE : arret au feu rouge
63.90,80.8,0.0,SAFE,10,feu_rouge,SAFE : arret au feu rouge
63.95,80.8,0.0,SAFE,10,feu_rouge,SAFE : arret au feu rouge
64.00,80.8,0.0,SAFE,10,feu_rouge,SAFE : arret au feu rouge
64.05,80.8,0.0,SAFE,10,feu_rouge,SAFE : arret au feu rouge
64.10,80.8,0.0,SAFE,10,feu_rouge,SAFE : arret au feu rouge
64.15,80.8,0.0,SAFE,10,feu_rouge,SAFE : arret au feu rouge
64.20,80.8,0.0,SAFE,10,feu_rouge,SAFE : arret au feu rouge
64.25,80.8,0.0,SAFE,10,feu_rouge,SAFE : arret au feu rouge
64.30,80.8,0.0,SAFE,10,feu_rouge,SAFE : arret au feu rouge
64.35,80.8,0.0,SAFE,10,,Situation maîtrisée
64.40,80.8,0.0,SAFE,10,,Situation maîtrisée
64.45,80.8,0.0,SAFE,10,moteur:physique,Situation maîtrisée
64.50,80.8,0.0,SAFE,10,,Situation maîtrisée
64.55,80.8,0.4,SAFE,10,,Situation maîtrisée
64.60,80.8,0.4,SAFE,10,,Situation maîtrisée
64.65,80.8,0.8,SAFE,10,,Situation maîtrisée
64.70,80.8,1.6,SAFE,10,,Situation maîtrisée
64.75,80.8,2.2,SAFE,10,moteur:physique,Situation maîtrisée
64.80,80.9,0.0,SAFE,10,,Situation maîtrisée
64.85,80.9,0.8,SAFE,10,,Situation maîtrisée
64.90,80.9,1.6,CRITICAL,10,moteur:physique,Vigilance — situation à la limite
64.95,80.9,0.0,SAFE,10,moteur:physique,Situation maîtrisée
65.00,80.9,0.0,SAFE,10,moteur:physique,Situation maîtrisée
65.05,80.9,0.0,SAFE,10,moteur:physique,Situation maîtrisée
65.10,80.9,0.0,SAFE,10,moteur:physique,Situation maîtrisée
65.15,80.9,0.0,SAFE,10,moteur:physique,Situation maîtrisée
65.20,80.9,0.0,SAFE,10,moteur:physique,Situation maîtrisée
65.25,80.9,0.0,SAFE,10,moteur:physique,Situation maîtrisée
65.30,80.9,0.0,SAFE,10,moteur:physique,Situation maîtrisée
65.35,80.9,0.0,SAFE,10,moteur:physique,Situation maîtrisée
65.40,80.9,0.0,SAFE,10,,Situation maîtrisée
65.45,80.9,0.0,SAFE,10,,Situation maîtrisée
65.50,80.9,0.0,SAFE,10,,Situation maîtrisée
65.55,80.9,0.3,SAFE,10,,Situation maîtrisée
65.60,80.9,0.8,CRITICAL,10,moteur:proportionnel,Vigilance — situation à la limite
65.65,80.9,0.0,SAFE,10,,Situation maîtrisée
65.70,80.9,0.4,WATCH,10,moteur:proportionnel,Vigilance — situation à la limite
65.75,80.9,0.0,SAFE,10,,Situation maîtrisée
65.80,80.9,0.4,WATCH,9,moteur:proportionnel,Vigilance — situation à la limite
65.85,80.9,0.0,SAFE,9,,Situation maîtrisée
65.90,80.9,0.3,WATCH,9,moteur:proportionnel,Vigilance — situation à la limite
65.95,80.9,0.0,SAFE,9,,Situation maîtrisée
66.00,80.9,0.3,WATCH,9,moteur:proportionnel,Vigilance — situation à la limite
66.05,80.9,0.0,SAFE,9,,Situation maîtrisée
66.10,80.9,0.3,SAFE,9,,Situation maîtrisée
66.15,80.9,0.0,SAFE,9,,Situation maîtrisée
66.20,80.9,0.5,DANGER,9,moteur:proportionnel,Vigilance — situation à la limite
66.25,80.9,0.0,SAFE,9,,Situation maîtrisée
66.30,80.9,0.4,SAFE,9,,Situation maîtrisée
66.35,80.9,0.8,WATCH,9,moteur:proportionnel,Vigilance — situation à la limite
66.40,80.9,0.0,SAFE,9,,Situation maîtrisée
66.45,80.9,0.4,SAFE,9,,Situation maîtrisée
66.50,80.9,0.9,SAFE,9,,Situation maîtrisée
66.55,80.9,1.5,WATCH,9,moteur:proportionnel,Vigilance — situation à la limite
66.60,81.0,0.0,SAFE,9,,Situation maîtrisée
66.65,81.0,0.4,SAFE,9,,Situation maîtrisée
66.70,81.0,1.2,SAFE,9,,Situation maîtrisée
66.75,81.0,1.8,SAFE,9,,Situation maîtrisée
66.80,81.0,2.5,WATCH,9,moteur:proportionnel,Vigilance — situation à la limite
66.85,81.0,0.0,SAFE,9,,Situation maîtrisée
66.90,81.0,0.7,SAFE,9,,Situation maîtrisée
66.95,81.0,1.4,SAFE,10,,Situation maîtrisée
67.00,81.1,2.3,SAFE,10,,Situation maîtrisée
67.05,81.1,2.9,SAFE,10,,Situation maîtrisée
67.10,81.2,3.8,WATCH,10,moteur:proportionnel,Vigilance — situation à la limite
67.15,81.2,1.4,SAFE,10,,Situation maîtrisée
67.20,81.2,0.8,SAFE,10,,Situation maîtrisée
67.25,81.2,1.9,SAFE,10,,Situation maîtrisée
67.30,81.3,2.8,SAFE,10,,Situation maîtrisée
67.35,81.3,3.6,SAFE,10,,Situation maîtrisée
67.40,81.4,4.4,SAFE,10,,Situation maîtrisée
67.45,81.4,5.1,WATCH,10,moteur:proportionnel,Vigilance — situation à la limite
67.50,81.5,3.9,SAFE,10,,Situation maîtrisée
67.55,81.5,2.7,SAFE,10,,Situation maîtrisée
67.60,81.6,3.6,SAFE,10,,Situation maîtrisée
67.65,81.6,4.5,SAFE,10,,Situation maîtrisée
67.70,81.7,5.5,SAFE,10,,Situation maîtrisée
67.75,81.8,6.3,WATCH,10,moteur:proportionnel,Vigilance — situation à la limite
67.80,81.9,6.9,WATCH,10,moteur:proportionnel,Vigilance — situation à la limite
67.85,82.0,7.3,WATCH,10,moteur:proportionnel,Vigilance — situation à la limite
67.90,82.1,7.2,WATCH,10,moteur:proportionnel,Vigilance — situation à la limite
67.95,82.2,7.2,SAFE,10,,Situation maîtrisée
68.00,82.3,7.0,SAFE,10,,Situation maîtrisée
68.05,82.4,7.3,SAFE,10,,Situation maîtrisée
68.10,82.5,7.5,SAFE,10,,Situation maîtrisée
68.15,82.6,8.1,SAFE,10,,Situation maîtrisée
68.20,82.7,8.7,SAFE,10,,Situation maîtrisée
68.25,82.8,9.6,WATCH,10,moteur:proportionnel,Vigilance — situation à la limite
68.30,83.0,10.1,WATCH,10,moteur:proportionnel,Vigilance — situation à la limite
68.35,83.1,10.5,WATCH,10,moteur:proportionnel,Ralentissez de 1 km/h  (10 -> 9 km/h)
68.40,83.3,10.4,WATCH,10,moteur:proportionnel,Vigilance — situation à la limite
68.45,83.4,10.4,WATCH,10,moteur:proportionnel,Vigilance — situation à la limite
68.50,83.5,10.0,WATCH,11,moteur:proportionnel,Vigilance — situation à la limite
68.55,83.7,9.9,WATCH,11,moteur:proportionnel,Vigilance — situation à la limite
68.60,83.8,9.4,WATCH,11,moteur:proportionnel,Vigilance — situation à la limite
68.65,83.9,9.2,SAFE,11,,Situation maîtrisée
68.70,84.1,8.9,SAFE,11,,Situation maîtrisée
68.75,84.2,9.1,SAFE,11,,Situation maîtrisée
68.80,84.3,9.2,SAFE,11,,Situation maîtrisée
68.85,84.5,9.8,SAFE,11,,Situation maîtrisée
68.90,84.6,10.4,SAFE,11,,Situation maîtrisée
68.95,84.7,11.2,SAFE,11,,Situation maîtrisée
69.00,84.9,11.8,SAFE,11,,Situation maîtrisée
69.05,85.1,12.6,SAFE,11,,Situation maîtrisée
69.10,85.3,13.2,SAFE,11,,Situation maîtrisée
69.15,85.4,13.8,DANGER,11,moteur:proportionnel,Ralentissez de 8 km/h  (14 -> 6 km/h)
69.20,85.6,14.2,DANGER,11,moteur:proportionnel,Ralentissez de 9 km/h  (14 -> 5 km/h)
69.25,85.8,14.1,DANGER,11,moteur:proportionnel,Ralentissez de 10 km/h  (14 -> 4 km/h)
69.30,86.0,13.8,CRITICAL,11,moteur:proportionnel,FREINEZ de 8 km/h  (14 -> 6 km/h)
69.35,86.2,13.2,CRITICAL,11,moteur:proportionnel,FREINEZ de 9 km/h  (13 -> 5 km/h)
69.40,86.4,12.5,SAFE,11,,Situation maîtrisée
69.45,86.6,12.0,SAFE,11,,Situation maîtrisée
69.50,86.7,11.9,SAFE,11,,Situation maîtrisée
69.55,86.9,12.1,SAFE,11,,Situation maîtrisée
69.60,87.1,12.5,SAFE,11,,Situation maîtrisée
69.65,87.2,12.9,CRITICAL,11,moteur:proportionnel,FREINEZ de 13 km/h  (13 -> 0 km/h)
69.70,87.4,13.2,CRITICAL,11,moteur:proportionnel,FREINEZ de 13 km/h  (13 -> 0 km/h)
69.75,87.6,13.1,SAFE,11,,Situation maîtrisée
69.80,87.8,13.0,SAFE,11,,Situation maîtrisée
69.85,88.0,13.1,SAFE,11,,Situation maîtrisée
69.90,88.2,13.3,SAFE,11,,Situation maîtrisée
69.95,88.3,13.6,SAFE,11,,Situation maîtrisée
70.00,88.5,14.0,SAFE,11,,Situation maîtrisée
70.05,88.7,14.4,SAFE,11,,Situation maîtrisée
70.10,88.9,14.8,SAFE,11,,Situation maîtrisée
70.15,89.1,15.2,SAFE,11,,Situation maîtrisée
70.20,89.4,15.5,WATCH,11,feu_rouge_devant,Ralentissez de 14 km/h  (15 -> 2 km/h)
70.25,89.6,15.6,WATCH,11,feu_rouge_devant,Ralentissez de 14 km/h  (16 -> 2 km/h)
70.30,89.8,15.4,WATCH,11,feu_rouge_devant,Ralentissez de 13 km/h  (15 -> 2 km/h)
70.35,90.0,15.2,WATCH,11,feu_rouge_devant,Ralentissez de 14 km/h  (15 -> 1 km/h)
70.40,90.2,14.8,DANGER,11,feu_rouge_devant,Ralentissez de 13 km/h  (15 -> 1 km/h)
70.45,90.4,14.4,DANGER,11,feu_rouge_devant,Ralentissez de 13 km/h  (14 -> 1 km/h)
70.50,90.6,13.8,DANGER,11,feu_rouge_devant,Ralentissez de 12 km/h  (14 -> 1 km/h)
70.55,90.8,13.2,DANGER,11,feu_rouge_devant,Ralentissez de 12 km/h  (13 -> 1 km/h)
70.60,91.0,12.6,DANGER,11,feu_rouge_devant,Ralentissez de 12 km/h  (13 -> 1 km/h)
70.65,91.1,12.0,DANGER,11,feu_rouge_devant,Ralentissez de 11 km/h  (12 -> 1 km/h)
70.70,91.3,11.4,DANGER,11,feu_rouge_devant,Ralentissez de 11 km/h  (11 -> 1 km/h)
70.75,91.5,10.9,DANGER,11,feu_rouge_devant,Ralentissez de 10 km/h  (11 -> 1 km/h)
70.80,91.6,10.3,DANGER,11,feu_rouge_devant,Ralentissez de 10 km/h  (10 -> 1 km/h)
70.85,91.7,9.8,DANGER,11,feu_rouge_devant,Ralentissez de 9 km/h  (10 -> 1 km/h)
70.90,91.9,9.2,DANGER,11,feu_rouge_devant,Ralentissez de 9 km/h  (9 -> 1 km/h)
70.95,92.0,8.6,DANGER,11,feu_rouge_devant,Ralentissez de 8 km/h  (9 -> 0 km/h)
71.00,92.1,8.0,DANGER,11,feu_rouge_devant,Ralentissez de 8 km/h  (8 -> 0 km/h)
71.05,92.2,7.5,DANGER,11,feu_rouge_devant,Ralentissez de 8 km/h  (8 -> 0 km/h)
71.10,92.3,4.6,WATCH,11,feu_rouge_devant,Ralentissez de 5 km/h  (5 -> 0 km/h)
71.15,92.3,0.5,SAFE,11,feu_rouge_devant,Situation maîtrisée
71.20,92.3,0.0,SAFE,11,feu_rouge_devant,Situation maîtrisée
71.25,92.3,0.0,SAFE,11,feu_rouge_devant,Situation maîtrisée
71.30,92.3,0.0,SAFE,11,feu_rouge_devant,Situation maîtrisée
71.35,92.3,0.0,SAFE,11,feu_rouge_devant,Situation maîtrisée
71.40,92.3,0.0,SAFE,11,feu_rouge_devant,Situation maîtrisée
71.45,92.3,0.0,SAFE,11,feu_rouge_devant,Situation maîtrisée
71.50,92.3,0.0,SAFE,11,feu_rouge_devant,Situation maîtrisée
71.55,92.3,0.0,SAFE,11,feu_rouge_devant,Situation maîtrisée
71.60,92.3,0.0,SAFE,11,feu_rouge_devant,Situation maîtrisée
71.65,92.3,0.0,SAFE,11,feu_rouge_devant,Situation maîtrisée
71.70,92.3,0.0,SAFE,11,feu_rouge_devant,Situation maîtrisée
71.75,92.3,0.0,SAFE,11,feu_rouge_devant,Situation maîtrisée
71.80,92.3,0.0,SAFE,11,feu_rouge_devant,Situation maîtrisée
71.85,92.3,0.0,SAFE,11,feu_rouge_devant,Situation maîtrisée
71.90,92.3,0.0,SAFE,11,feu_rouge_devant,Situation maîtrisée
71.95,92.3,0.0,SAFE,11,feu_rouge_devant,Situation maîtrisée
72.00,92.3,0.0,SAFE,11,feu_rouge_devant,Situation maîtrisée
72.05,92.3,0.0,SAFE,12,feu_rouge_devant,Situation maîtrisée
72.10,92.3,0.0,SAFE,12,feu_rouge_devant,Situation maîtrisée
72.15,92.3,0.0,SAFE,12,feu_rouge_devant,Situation maîtrisée
72.20,92.3,0.0,SAFE,12,feu_rouge_devant,Situation maîtrisée
72.25,92.3,0.0,SAFE,12,feu_rouge_devant,Situation maîtrisée
72.30,92.3,0.0,SAFE,12,feu_rouge_devant,Situation maîtrisée
72.35,92.3,0.0,SAFE,12,feu_rouge_devant,Situation maîtrisée
72.40,92.3,0.0,SAFE,12,feu_rouge_devant,Situation maîtrisée
72.45,92.3,0.0,SAFE,12,feu_rouge_devant,Situation maîtrisée
72.50,92.3,0.0,SAFE,12,feu_rouge_devant,Situation maîtrisée
72.55,92.3,0.0,SAFE,12,feu_rouge_devant,Situation maîtrisée
72.60,92.3,0.0,SAFE,12,feu_rouge_devant,Situation maîtrisée
72.65,92.3,0.0,SAFE,12,feu_rouge_devant,Situation maîtrisée
72.70,92.3,0.0,SAFE,12,feu_rouge_devant,Situation maîtrisée
72.75,92.3,0.0,SAFE,12,feu_rouge_devant,Situation maîtrisée
72.80,92.3,0.0,SAFE,12,feu_rouge_devant,Situation maîtrisée
72.85,92.3,0.0,SAFE,12,feu_rouge_devant,Situation maîtrisée
72.90,92.3,0.0,SAFE,12,feu_rouge_devant,Situation maîtrisée
72.95,92.3,0.0,SAFE,12,feu_rouge_devant,Situation maîtrisée
73.00,92.3,0.0,SAFE,12,feu_rouge_devant,Situation maîtrisée
73.05,92.3,0.0,SAFE,12,feu_rouge_devant,Situation maîtrisée
73.10,92.3,0.0,SAFE,12,feu_rouge_devant,Situation maîtrisée
73.15,92.3,0.0,SAFE,12,feu_rouge_devant,Situation maîtrisée
73.20,92.3,0.0,SAFE,12,feu_rouge_devant,Situation maîtrisée
73.25,92.3,0.0,SAFE,12,feu_rouge_devant,Situation maîtrisée
73.30,92.3,0.0,SAFE,12,feu_rouge_devant,Situation maîtrisée
73.35,92.3,0.0,SAFE,12,feu_rouge_devant,Situation maîtrisée
73.40,92.3,0.0,SAFE,12,feu_rouge_devant,Situation maîtrisée
73.45,92.3,0.0,SAFE,12,feu_rouge_devant,Situation maîtrisée
73.50,92.3,0.0,SAFE,12,feu_rouge_devant,Situation maîtrisée
73.55,92.3,0.0,SAFE,12,feu_rouge_devant,Situation maîtrisée
73.60,92.3,0.0,SAFE,12,feu_rouge_devant,Situation maîtrisée
73.65,92.3,0.0,SAFE,12,feu_rouge_devant,Situation maîtrisée
73.70,92.3,0.0,SAFE,12,feu_rouge_devant,Situation maîtrisée
73.75,92.3,0.0,SAFE,12,feu_rouge_devant,Situation maîtrisée
73.80,92.3,0.0,SAFE,12,feu_rouge_devant,Situation maîtrisée
73.85,92.3,0.0,SAFE,12,feu_rouge_devant,Situation maîtrisée
73.90,92.3,0.0,SAFE,12,feu_rouge_devant,Situation maîtrisée
73.95,92.3,0.0,SAFE,12,feu_rouge_devant,Situation maîtrisée
74.00,92.3,0.0,SAFE,12,feu_rouge_devant,Situation maîtrisée
74.05,92.3,0.0,SAFE,12,feu_rouge_devant,Situation maîtrisée
74.10,92.3,0.0,SAFE,12,feu_rouge_devant,Situation maîtrisée
74.15,92.3,0.0,SAFE,12,feu_rouge_devant,Situation maîtrisée
74.20,92.3,0.0,SAFE,12,feu_rouge_devant,Situation maîtrisée
74.25,92.3,0.0,SAFE,12,feu_rouge_devant,Situation maîtrisée
74.30,92.3,0.0,SAFE,12,feu_rouge_devant,Situation maîtrisée
74.35,92.3,0.0,SAFE,12,feu_rouge_devant,Situation maîtrisée
74.40,92.3,0.0,SAFE,12,feu_rouge_devant,Situation maîtrisée
74.45,92.3,0.0,SAFE,12,feu_rouge_devant,Situation maîtrisée
74.50,92.3,0.0,SAFE,12,feu_rouge_devant,Situation maîtrisée
74.55,92.3,0.0,SAFE,12,feu_rouge_devant,Situation maîtrisée
74.60,92.3,0.0,SAFE,12,feu_rouge_devant,Situation maîtrisée
74.65,92.3,0.0,SAFE,12,feu_rouge_devant,Situation maîtrisée
74.70,92.3,0.0,SAFE,12,feu_rouge_devant,Situation maîtrisée
74.75,92.3,0.0,SAFE,12,feu_rouge_devant,Situation maîtrisée
74.80,92.3,0.0,SAFE,12,feu_rouge_devant,Situation maîtrisée
74.85,92.3,0.0,SAFE,12,feu_rouge_devant,Situation maîtrisée
74.90,92.3,0.0,SAFE,12,feu_rouge_devant,Situation maîtrisée
74.95,92.3,0.0,SAFE,12,feu_rouge_devant,Situation maîtrisée
75.00,92.3,0.0,SAFE,12,feu_rouge_devant,Situation maîtrisée
75.05,92.3,0.0,SAFE,12,feu_rouge_devant,Situation maîtrisée
75.10,92.3,0.0,SAFE,12,feu_rouge_devant,Situation maîtrisée
75.15,92.3,0.0,SAFE,12,feu_rouge_devant,Situation maîtrisée
75.20,92.3,0.0,SAFE,12,feu_rouge_devant,Situation maîtrisée
75.25,92.3,0.0,SAFE,12,feu_rouge_devant,Situation maîtrisée
75.30,92.3,0.0,SAFE,12,feu_rouge_devant,Situation maîtrisée
75.35,92.3,0.0,SAFE,12,feu_rouge_devant,Situation maîtrisée
75.40,92.3,0.0,SAFE,12,feu_rouge_devant,Situation maîtrisée
75.45,92.3,0.0,SAFE,12,feu_rouge_devant,Situation maîtrisée
75.50,92.3,0.0,SAFE,12,feu_rouge_devant,Situation maîtrisée
75.55,92.3,0.0,SAFE,12,feu_rouge_devant,Situation maîtrisée
75.60,92.3,0.0,SAFE,12,feu_rouge_devant,Situation maîtrisée
75.65,92.3,0.0,SAFE,12,feu_rouge_devant,Situation maîtrisée
75.70,92.3,0.0,SAFE,12,feu_rouge_devant,Situation maîtrisée
75.75,92.3,0.0,SAFE,12,feu_rouge_devant,Situation maîtrisée
75.80,92.3,0.0,SAFE,12,feu_rouge_devant,Situation maîtrisée
75.85,92.3,0.0,SAFE,12,feu_rouge_devant,Situation maîtrisée
75.90,92.3,0.0,SAFE,12,feu_rouge_devant,Situation maîtrisée
75.95,92.3,0.0,SAFE,12,feu_rouge_devant,Situation maîtrisée
76.00,92.3,0.0,SAFE,12,feu_rouge_devant,Situation maîtrisée
76.05,92.3,0.0,SAFE,12,feu_rouge_devant,Situation maîtrisée
76.10,92.3,0.0,SAFE,12,feu_rouge_devant,Situation maîtrisée
76.15,92.3,0.0,SAFE,12,feu_rouge_devant,Situation maîtrisée
76.20,92.3,0.0,SAFE,12,feu_rouge_devant,Situation maîtrisée
76.25,92.3,0.0,SAFE,12,feu_rouge_devant,Situation maîtrisée
76.30,92.3,0.0,SAFE,12,,Situation maîtrisée
76.35,92.3,0.0,SAFE,12,,Situation maîtrisée
76.40,92.3,0.0,SAFE,12,,Situation maîtrisée
76.45,92.3,0.4,SAFE,12,,Situation maîtrisée
76.50,92.3,0.8,SAFE,12,,Situation maîtrisée
76.55,92.4,1.5,SAFE,12,,Situation maîtrisée
76.60,92.4,2.2,SAFE,12,,Situation maîtrisée
76.65,92.4,2.8,SAFE,12,,Situation maîtrisée
76.70,92.5,3.6,SAFE,12,,Situation maîtrisée
76.75,92.5,4.4,SAFE,12,,Situation maîtrisée
76.80,92.6,5.2,SAFE,12,,Situation maîtrisée
76.85,92.7,6.0,SAFE,12,,Situation maîtrisée
76.90,92.8,7.0,SAFE,12,feu_rouge_devant,Situation maîtrisée
76.95,92.9,7.5,SAFE,12,feu_rouge_devant,Situation maîtrisée
77.00,93.0,7.8,SAFE,12,feu_rouge_devant,Situation maîtrisée
77.05,93.1,7.4,SAFE,12,feu_rouge_devant,Situation maîtrisée
77.10,93.2,7.0,SAFE,12,feu_rouge_devant,Situation maîtrisée
77.15,93.2,2.9,SAFE,12,feu_rouge_devant,Situation maîtrisée
77.20,93.2,0.0,SAFE,12,feu_rouge_devant,Situation maîtrisée
77.25,93.2,0.0,SAFE,12,feu_rouge_devant,Situation maîtrisée
77.30,93.2,0.0,SAFE,12,feu_rouge_devant,Situation maîtrisée
77.35,93.2,0.0,SAFE,12,feu_rouge_devant,Situation maîtrisée
77.40,93.2,0.0,SAFE,12,feu_rouge_devant,Situation maîtrisée
77.45,93.2,0.0,SAFE,12,,Situation maîtrisée
77.50,93.2,0.0,SAFE,12,,Situation maîtrisée
77.55,93.2,0.0,SAFE,12,,Situation maîtrisée
77.60,93.2,0.4,SAFE,12,,Situation maîtrisée
77.65,93.3,0.8,SAFE,12,,Situation maîtrisée
77.70,93.3,1.5,SAFE,12,,Situation maîtrisée
77.75,93.3,2.2,SAFE,12,,Situation maîtrisée
77.80,93.3,2.9,SAFE,12,,Situation maîtrisée
77.85,93.4,3.8,SAFE,12,,Situation maîtrisée
77.90,93.4,4.5,SAFE,12,,Situation maîtrisée
77.95,93.5,5.2,SAFE,12,,Situation maîtrisée
78.00,93.6,6.1,SAFE,12,,Situation maîtrisée
78.05,93.7,6.9,SAFE,12,feu_rouge_devant,Situation maîtrisée
78.10,93.8,7.6,SAFE,12,feu_rouge_devant,Situation maîtrisée
78.15,93.9,7.7,SAFE,12,feu_rouge_devant,Situation maîtrisée
78.20,94.0,7.5,SAFE,12,feu_rouge_devant,Situation maîtrisée
78.25,94.1,5.5,SAFE,12,feu_rouge_devant,Situation maîtrisée
78.30,94.1,0.9,SAFE,12,feu_rouge_devant,Situation maîtrisée
78.35,94.1,0.0,SAFE,12,feu_rouge_devant,Situation maîtrisée
78.40,94.1,0.0,SAFE,12,feu_rouge_devant,Situation maîtrisée
78.45,94.1,0.0,SAFE,12,feu_rouge_devant,Situation maîtrisée
78.50,94.1,0.0,SAFE,12,feu_rouge_devant,Situation maîtrisée
78.55,94.1,0.0,SAFE,12,feu_rouge_devant,Situation maîtrisée
78.60,94.1,0.0,SAFE,12,feu_rouge_devant,Situation maîtrisée
78.65,94.1,0.0,SAFE,12,feu_rouge_devant,Situation maîtrisée
78.70,94.1,0.0,SAFE,12,,Situation maîtrisée
78.75,94.1,0.0,SAFE,12,,Situation maîtrisée
78.80,94.1,0.0,SAFE,12,,Situation maîtrisée
78.85,94.1,0.3,SAFE,12,,Situation maîtrisée
78.90,94.1,0.9,SAFE,11,,Situation maîtrisée
78.95,94.1,1.4,SAFE,11,,Situation maîtrisée
79.00,94.2,2.2,SAFE,11,,Situation maîtrisée
79.05,94.2,3.0,SAFE,11,,Situation maîtrisée
79.10,94.3,3.6,SAFE,11,,Situation maîtrisée
79.15,94.3,4.6,SAFE,11,feu_rouge_devant,Situation maîtrisée
79.20,94.4,2.8,SAFE,11,feu_rouge_devant,Situation maîtrisée
79.25,94.4,0.0,SAFE,11,feu_rouge_devant,Situation maîtrisée
79.30,94.4,0.0,SAFE,11,,Situation maîtrisée
79.35,94.4,0.0,SAFE,11,,Situation maîtrisée
79.40,94.4,0.0,SAFE,11,,Situation maîtrisée
79.45,94.4,0.6,SAFE,11,,Situation maîtrisée
79.50,94.4,1.3,SAFE,11,,Situation maîtrisée
79.55,94.4,2.0,SAFE,11,,Situation maîtrisée
79.60,94.5,2.7,SAFE,11,,Situation maîtrisée
79.65,94.5,3.5,SAFE,11,feu_rouge_devant,Situation maîtrisée
79.70,94.5,0.0,SAFE,11,feu_rouge_devant,Situation maîtrisée
79.75,94.5,0.0,SAFE,11,feu_rouge_devant,Situation maîtrisée
79.80,94.5,0.0,SAFE,11,feu_rouge_devant,Situation maîtrisée
79.85,94.5,0.0,SAFE,11,feu_rouge_devant,Situation maîtrisée
79.90,94.5,0.0,SAFE,11,feu_rouge_devant,Situation maîtrisée
79.95,94.5,0.0,SAFE,11,,Situation maîtrisée
80.00,94.5,0.0,SAFE,11,,Situation maîtrisée
80.05,94.5,0.0,SAFE,11,,Situation maîtrisée
80.10,94.5,0.2,SAFE,11,,Situation maîtrisée
80.15,94.5,0.8,SAFE,11,,Situation maîtrisée
80.20,94.6,1.5,SAFE,11,,Situation maîtrisée
80.25,94.6,2.2,SAFE,11,,Situation maîtrisée
80.30,94.6,3.0,SAFE,11,,Situation maîtrisée
80.35,94.7,3.7,SAFE,11,,Situation maîtrisée
80.40,94.7,4.6,SAFE,11,feu_rouge_devant,Situation maîtrisée
80.45,94.8,1.8,SAFE,11,feu_rouge_devant,Situation maîtrisée
80.50,94.8,0.0,SAFE,11,feu_rouge_devant,Situation maîtrisée
80.55,94.8,0.0,SAFE,11,feu_rouge_devant,Situation maîtrisée
80.60,94.8,0.0,SAFE,11,feu_rouge_devant,Situation maîtrisée
80.65,94.8,0.0,SAFE,11,,Situation maîtrisée
80.70,94.8,0.0,SAFE,11,,Situation maîtrisée
80.75,94.8,0.0,SAFE,11,,Situation maîtrisée
80.80,94.8,0.4,SAFE,11,,Situation maîtrisée
80.85,94.8,1.0,SAFE,11,,Situation maîtrisée
80.90,94.8,1.7,SAFE,11,,Situation maîtrisée
80.95,94.8,2.4,SAFE,11,,Situation maîtrisée
81.00,94.9,3.0,SAFE,11,,Situation maîtrisée
81.05,94.9,3.9,SAFE,11,feu_rouge_devant,Situation maîtrisée
81.10,94.9,0.6,SAFE,11,feu_rouge_devant,Situation maîtrisée
81.15,94.9,0.0,SAFE,11,feu_rouge_devant,Situation maîtrisée
81.20,94.9,0.0,SAFE,11,,Situation maîtrisée
81.25,94.9,0.0,SAFE,11,,Situation maîtrisée
81.30,94.9,0.0,SAFE,11,,Situation maîtrisée
81.35,95.0,0.5,SAFE,11,,Situation maîtrisée
81.40,95.0,1.3,SAFE,11,,Situation maîtrisée
81.45,95.0,2.0,SAFE,11,feu_rouge_devant,Situation maîtrisée
81.50,95.0,0.0,SAFE,11,feu_rouge_devant,Situation maîtrisée
81.55,95.0,0.0,SAFE,11,feu_rouge_devant,Situation maîtrisée
81.60,95.0,0.0,SAFE,11,feu_rouge_devant,Situation maîtrisée
81.65,95.0,0.0,SAFE,11,,Situation maîtrisée
81.70,95.0,0.0,SAFE,11,,Situation maîtrisée
81.75,95.0,0.0,SAFE,11,,Situation maîtrisée
81.80,95.0,0.4,SAFE,11,,Situation maîtrisée
81.85,95.0,1.0,SAFE,11,,Situation maîtrisée
81.90,95.0,1.7,SAFE,11,feu_rouge_devant,Situation maîtrisée
81.95,95.0,0.0,SAFE,11,feu_rouge_devant,Situation maîtrisée
82.00,95.0,0.0,SAFE,11,feu_rouge_devant,Situation maîtrisée
82.05,95.0,0.0,SAFE,11,feu_rouge_devant,Situation maîtrisée
82.10,95.0,0.0,SAFE,11,,Situation maîtrisée
82.15,95.0,0.0,SAFE,11,,Situation maîtrisée
82.20,95.0,0.0,SAFE,11,,Situation maîtrisée
82.25,95.0,0.5,SAFE,11,,Situation maîtrisée
82.30,95.0,1.1,SAFE,11,feu_rouge_devant,Situation maîtrisée
82.35,95.1,0.0,SAFE,11,,Situation maîtrisée
82.40,95.1,0.4,SAFE,11,,Situation maîtrisée
82.45,95.1,1.0,SAFE,11,feu_rouge_devant,Situation maîtrisée
82.50,95.1,0.0,SAFE,11,feu_rouge_devant,Situation maîtrisée
82.55,95.1,0.0,SAFE,11,feu_rouge_devant,Situation maîtrisée
82.60,95.1,0.0,SAFE,11,feu_rouge_devant,Situation maîtrisée
82.65,95.1,0.0,SAFE,11,feu_rouge_devant,Situation maîtrisée
82.70,95.1,0.0,SAFE,11,feu_rouge_devant,Situation maîtrisée
82.75,95.1,0.0,SAFE,11,feu_rouge_devant,Situation maîtrisée
82.80,95.1,0.0,SAFE,11,feu_rouge_devant,Situation maîtrisée
82.85,95.1,0.0,SAFE,11,feu_rouge_devant,Situation maîtrisée
82.90,95.1,0.0,SAFE,11,feu_rouge_devant,Situation maîtrisée
82.95,95.1,0.0,SAFE,11,feu_rouge_devant,Situation maîtrisée
83.00,95.1,0.0,SAFE,11,feu_rouge_devant,Situation maîtrisée
83.05,95.1,0.0,SAFE,11,feu_rouge_devant,Situation maîtrisée
83.10,95.1,0.0,SAFE,11,feu_rouge_devant,Situation maîtrisée
83.15,95.1,0.0,SAFE,11,feu_rouge_devant,Situation maîtrisée
83.20,95.1,0.0,SAFE,11,feu_rouge_devant,Situation maîtrisée
83.25,95.1,0.0,SAFE,11,feu_rouge_devant,Situation maîtrisée
83.30,95.1,0.0,SAFE,11,feu_rouge_devant,Situation maîtrisée
83.35,95.1,0.0,SAFE,11,feu_rouge_devant,Situation maîtrisée
83.40,95.1,0.0,SAFE,11,feu_rouge_devant,Situation maîtrisée
83.45,95.1,0.0,SAFE,11,feu_rouge_devant,Situation maîtrisée
83.50,95.1,0.0,SAFE,11,feu_rouge_devant,Situation maîtrisée
83.55,95.1,0.0,SAFE,11,feu_rouge_devant,Situation maîtrisée
83.60,95.1,0.0,SAFE,11,feu_rouge_devant,Situation maîtrisée
83.65,95.1,0.0,SAFE,11,feu_rouge_devant,Situation maîtrisée
83.70,95.1,0.0,SAFE,11,feu_rouge_devant,Situation maîtrisée
83.75,95.1,0.0,SAFE,10,feu_rouge_devant,Situation maîtrisée
83.80,95.1,0.0,SAFE,10,feu_rouge_devant,Situation maîtrisée
83.85,95.1,0.0,SAFE,10,feu_rouge_devant,Situation maîtrisée
83.90,95.1,0.0,SAFE,10,feu_rouge_devant,Situation maîtrisée
83.95,95.1,0.0,SAFE,10,feu_rouge_devant,Situation maîtrisée
84.00,95.1,0.0,SAFE,10,feu_rouge_devant,Situation maîtrisée
84.05,95.1,0.0,SAFE,10,feu_rouge_devant,Situation maîtrisée
84.10,95.1,0.0,SAFE,10,feu_rouge_devant,Situation maîtrisée
84.15,95.1,0.0,SAFE,10,feu_rouge_devant,Situation maîtrisée
84.20,95.1,0.0,SAFE,10,feu_rouge_devant,Situation maîtrisée
84.25,95.1,0.0,SAFE,10,feu_rouge_devant,Situation maîtrisée
84.30,95.1,0.0,SAFE,10,feu_rouge_devant,Situation maîtrisée
84.35,95.1,0.0,SAFE,10,feu_rouge_devant,Situation maîtrisée
84.40,95.1,0.0,SAFE,10,feu_rouge_devant,Situation maîtrisée
84.45,95.1,0.0,SAFE,10,feu_rouge_devant,Situation maîtrisée
84.50,95.1,0.0,SAFE,10,feu_rouge_devant,Situation maîtrisée
84.55,95.1,0.0,SAFE,10,feu_rouge_devant,Situation maîtrisée
84.60,95.1,0.0,SAFE,10,feu_rouge_devant,Situation maîtrisée
84.65,95.1,0.0,SAFE,10,feu_rouge_devant,Situation maîtrisée
84.70,95.1,0.0,SAFE,10,feu_rouge_devant,Situation maîtrisée
84.75,95.1,0.0,SAFE,10,feu_rouge_devant,Situation maîtrisée
84.80,95.1,0.0,SAFE,10,feu_rouge_devant,Situation maîtrisée
84.85,95.1,0.0,SAFE,10,feu_rouge_devant,Situation maîtrisée
84.90,95.1,0.0,SAFE,10,feu_rouge_devant,Situation maîtrisée
84.95,95.1,0.0,SAFE,10,feu_rouge_devant,Situation maîtrisée
85.00,95.1,0.0,SAFE,10,feu_rouge_devant,Situation maîtrisée
85.05,95.1,0.0,SAFE,10,feu_rouge_devant,Situation maîtrisée
85.10,95.1,0.0,SAFE,10,feu_rouge_devant,Situation maîtrisée
85.15,95.1,0.0,SAFE,10,feu_rouge_devant,Situation maîtrisée
85.20,95.1,0.0,SAFE,10,feu_rouge_devant,Situation maîtrisée
85.25,95.1,0.0,SAFE,10,feu_rouge_devant,Situation maîtrisée
85.30,95.1,0.0,SAFE,10,feu_rouge_devant,Situation maîtrisée
85.35,95.1,0.0,SAFE,10,feu_rouge_devant,Situation maîtrisée
85.40,95.1,0.0,SAFE,10,feu_rouge_devant,Situation maîtrisée
85.45,95.1,0.0,SAFE,10,feu_rouge_devant,Situation maîtrisée
85.50,95.1,0.0,SAFE,10,feu_rouge_devant,Situation maîtrisée
85.55,95.1,0.0,SAFE,10,feu_rouge_devant,Situation maîtrisée
85.60,95.1,0.0,SAFE,10,feu_rouge_devant,Situation maîtrisée
85.65,95.1,0.0,SAFE,10,feu_rouge_devant,Situation maîtrisée
85.70,95.1,0.0,SAFE,10,feu_rouge_devant,Situation maîtrisée
85.75,95.1,0.0,SAFE,10,feu_rouge_devant,Situation maîtrisée
85.80,95.1,0.0,SAFE,10,feu_rouge_devant,Situation maîtrisée
85.85,95.1,0.0,SAFE,10,feu_rouge_devant,Situation maîtrisée
85.90,95.1,0.0,SAFE,10,feu_rouge_devant,Situation maîtrisée
85.95,95.1,0.0,SAFE,10,feu_rouge_devant,Situation maîtrisée
86.00,95.1,0.0,SAFE,10,feu_rouge_devant,Situation maîtrisée
86.05,95.1,0.0,SAFE,10,feu_rouge_devant,Situation maîtrisée
86.10,95.1,0.0,SAFE,10,feu_rouge_devant,Situation maîtrisée
86.15,95.1,0.0,SAFE,10,feu_rouge_devant,Situation maîtrisée
86.20,95.1,0.0,SAFE,10,feu_rouge_devant,Situation maîtrisée
86.25,95.1,0.0,SAFE,10,feu_rouge_devant,Situation maîtrisée
86.30,95.1,0.0,SAFE,10,feu_rouge_devant,Situation maîtrisée
86.35,95.1,0.0,SAFE,10,feu_rouge_devant,Situation maîtrisée
86.40,95.1,0.0,SAFE,10,feu_rouge_devant,Situation maîtrisée
86.45,95.1,0.0,SAFE,10,feu_rouge_devant,Situation maîtrisée
86.50,95.1,0.0,SAFE,10,feu_rouge_devant,Situation maîtrisée
86.55,95.1,0.0,SAFE,10,feu_rouge_devant,Situation maîtrisée
86.60,95.1,0.0,SAFE,10,feu_rouge_devant,Situation maîtrisée
86.65,95.1,0.0,SAFE,10,feu_rouge_devant,Situation maîtrisée
86.70,95.1,0.0,SAFE,10,feu_rouge_devant,Situation maîtrisée
86.75,95.1,0.0,SAFE,10,feu_rouge_devant,Situation maîtrisée
86.80,95.1,0.0,SAFE,10,feu_rouge_devant,Situation maîtrisée
86.85,95.1,0.0,SAFE,10,feu_rouge_devant,Situation maîtrisée
86.90,95.1,0.0,SAFE,10,feu_rouge_devant,Situation maîtrisée
86.95,95.1,0.0,SAFE,10,feu_rouge_devant,Situation maîtrisée
87.00,95.1,0.0,SAFE,10,feu_rouge_devant,Situation maîtrisée
87.05,95.1,0.0,SAFE,10,feu_rouge_devant,Situation maîtrisée
87.10,95.1,0.0,SAFE,10,feu_rouge_devant,Situation maîtrisée
87.15,95.1,0.0,SAFE,10,feu_rouge_devant,Situation maîtrisée
87.20,95.1,0.0,SAFE,10,feu_rouge_devant,Situation maîtrisée
87.25,95.1,0.0,SAFE,10,feu_rouge_devant,Situation maîtrisée
87.30,95.1,0.0,SAFE,10,feu_rouge_devant,Situation maîtrisée
87.35,95.1,0.0,SAFE,10,feu_rouge_devant,Situation maîtrisée
87.40,95.1,0.0,SAFE,10,feu_rouge_devant,Situation maîtrisée
87.45,95.1,0.0,SAFE,10,feu_rouge_devant,Situation maîtrisée
87.50,95.1,0.0,SAFE,10,feu_rouge_devant,Situation maîtrisée
87.55,95.1,0.0,SAFE,10,feu_rouge_devant,Situation maîtrisée
87.60,95.1,0.0,SAFE,10,feu_rouge_devant,Situation maîtrisée
87.65,95.1,0.0,SAFE,10,feu_rouge_devant,Situation maîtrisée
87.70,95.1,0.0,SAFE,10,feu_rouge_devant,Situation maîtrisée
87.75,95.1,0.0,SAFE,10,feu_rouge_devant,Situation maîtrisée
87.80,95.1,0.0,SAFE,10,feu_rouge_devant,Situation maîtrisée
87.85,95.1,0.0,SAFE,10,feu_rouge_devant,Situation maîtrisée
87.90,95.1,0.0,SAFE,10,feu_rouge_devant,Situation maîtrisée
87.95,95.1,0.0,SAFE,10,feu_rouge_devant,Situation maîtrisée
88.00,95.1,0.0,SAFE,10,feu_rouge_devant,Situation maîtrisée
88.05,95.1,0.0,SAFE,10,feu_rouge_devant,Situation maîtrisée
88.10,95.1,0.0,SAFE,10,feu_rouge_devant,Situation maîtrisée
88.15,95.1,0.0,SAFE,10,feu_rouge_devant,Situation maîtrisée
88.20,95.1,0.0,SAFE,10,feu_rouge_devant,Situation maîtrisée
88.25,95.1,0.0,SAFE,10,feu_rouge_devant,Situation maîtrisée
88.30,95.1,0.0,SAFE,10,feu_rouge_devant,Situation maîtrisée
88.35,95.1,0.0,SAFE,10,feu_rouge_devant,Situation maîtrisée
88.40,95.1,0.0,SAFE,10,feu_rouge_devant,Situation maîtrisée
88.45,95.1,0.0,SAFE,10,feu_rouge_devant,Situation maîtrisée
88.50,95.1,0.0,SAFE,10,feu_rouge_devant,Situation maîtrisée
88.55,95.1,0.0,SAFE,10,feu_rouge_devant,Situation maîtrisée
88.60,95.1,0.0,SAFE,10,feu_rouge_devant,Situation maîtrisée
88.65,95.1,0.0,SAFE,10,feu_rouge_devant,Situation maîtrisée
88.70,95.1,0.0,SAFE,10,feu_rouge_devant,Situation maîtrisée
88.75,95.1,0.0,SAFE,10,feu_rouge_devant,Situation maîtrisée
88.80,95.1,0.0,SAFE,10,feu_rouge_devant,Situation maîtrisée
88.85,95.1,0.0,SAFE,10,feu_rouge_devant,Situation maîtrisée
88.90,95.1,0.0,SAFE,10,feu_rouge_devant,Situation maîtrisée
88.95,95.1,0.0,SAFE,10,feu_rouge_devant,Situation maîtrisée
89.00,95.1,0.0,SAFE,10,feu_rouge_devant,Situation maîtrisée
89.05,95.1,0.0,SAFE,10,feu_rouge_devant,Situation maîtrisée
89.10,95.1,0.0,SAFE,10,feu_rouge_devant,Situation maîtrisée
89.15,95.1,0.0,SAFE,10,feu_rouge_devant,Situation maîtrisée
89.20,95.1,0.0,SAFE,10,feu_rouge_devant,Situation maîtrisée
89.25,95.1,0.0,SAFE,10,feu_rouge_devant,Situation maîtrisée
89.30,95.1,0.0,SAFE,10,feu_rouge_devant,Situation maîtrisée
89.35,95.1,0.0,SAFE,10,feu_rouge_devant,Situation maîtrisée
89.40,95.1,0.0,SAFE,10,feu_rouge_devant,Situation maîtrisée
89.45,95.1,0.0,SAFE,10,feu_rouge_devant,Situation maîtrisée
89.50,95.1,0.0,SAFE,10,feu_rouge_devant,Situation maîtrisée
89.55,95.1,0.0,SAFE,10,feu_rouge_devant,Situation maîtrisée
89.60,95.1,0.0,SAFE,10,feu_rouge_devant,Situation maîtrisée
89.65,95.1,0.0,SAFE,10,feu_rouge_devant,Situation maîtrisée
89.70,95.1,0.0,SAFE,10,feu_rouge_devant,Situation maîtrisée
89.75,95.1,0.0,SAFE,10,feu_rouge_devant,Situation maîtrisée
89.80,95.1,0.0,SAFE,10,feu_rouge_devant,Situation maîtrisée
89.85,95.1,0.0,SAFE,10,feu_rouge_devant,Situation maîtrisée
89.90,95.1,0.0,SAFE,10,feu_rouge_devant,Situation maîtrisée
89.95,95.1,0.0,SAFE,10,feu_rouge_devant,Situation maîtrisée
90.00,95.1,0.0,SAFE,10,feu_rouge_devant,Situation maîtrisée
90.05,95.1,0.0,SAFE,10,feu_rouge_devant,Situation maîtrisée
90.10,95.1,0.0,SAFE,10,feu_rouge_devant,Situation maîtrisée
90.15,95.1,0.0,SAFE,10,feu_rouge_devant,Situation maîtrisée
90.20,95.1,0.0,SAFE,10,feu_rouge_devant,Situation maîtrisée
90.25,95.1,0.0,SAFE,10,feu_rouge_devant,Situation maîtrisée
90.30,95.1,0.0,SAFE,10,feu_rouge_devant,Situation maîtrisée
90.35,95.1,0.0,SAFE,10,feu_rouge_devant,Situation maîtrisée
90.40,95.1,0.0,SAFE,10,feu_rouge_devant,Situation maîtrisée
90.45,95.1,0.0,SAFE,10,feu_rouge_devant,Situation maîtrisée
90.50,95.1,0.0,SAFE,10,feu_rouge_devant,Situation maîtrisée
90.55,95.1,0.0,SAFE,10,feu_rouge_devant,Situation maîtrisée
90.60,95.1,0.0,SAFE,10,feu_rouge_devant,Situation maîtrisée
90.65,95.1,0.0,SAFE,10,feu_rouge_devant,Situation maîtrisée
90.70,95.1,0.0,SAFE,10,feu_rouge_devant,Situation maîtrisée
90.75,95.1,0.0,SAFE,10,feu_rouge_devant,Situation maîtrisée
90.80,95.1,0.0,SAFE,10,feu_rouge_devant,Situation maîtrisée
90.85,95.1,0.0,SAFE,10,feu_rouge_devant,Situation maîtrisée
90.90,95.1,0.0,SAFE,10,feu_rouge_devant,Situation maîtrisée
90.95,95.1,0.0,SAFE,10,feu_rouge_devant,Situation maîtrisée
91.00,95.1,0.0,SAFE,10,feu_rouge_devant,Situation maîtrisée
91.05,95.1,0.0,SAFE,10,feu_rouge_devant,Situation maîtrisée
91.10,95.1,0.0,SAFE,10,feu_rouge_devant,Situation maîtrisée
91.15,95.1,0.0,SAFE,10,feu_rouge_devant,Situation maîtrisée
91.20,95.1,0.0,SAFE,10,feu_rouge_devant,Situation maîtrisée
91.25,95.1,0.0,SAFE,10,feu_rouge_devant,Situation maîtrisée
91.30,95.1,0.0,SAFE,10,feu_rouge_devant,Situation maîtrisée
91.35,95.1,0.0,SAFE,10,feu_rouge_devant,Situation maîtrisée
91.40,95.1,0.0,SAFE,10,feu_rouge_devant,Situation maîtrisée
91.45,95.1,0.0,SAFE,10,feu_rouge_devant,Situation maîtrisée
91.50,95.1,0.0,SAFE,10,feu_rouge_devant,Situation maîtrisée
91.55,95.1,0.0,SAFE,10,feu_rouge_devant,Situation maîtrisée
91.60,95.1,0.0,SAFE,10,feu_rouge_devant,Situation maîtrisée
91.65,95.1,0.0,SAFE,10,feu_rouge_devant,Situation maîtrisée
91.70,95.1,0.0,SAFE,10,feu_rouge_devant,Situation maîtrisée
91.75,95.1,0.0,SAFE,10,feu_rouge_devant,Situation maîtrisée
91.80,95.1,0.0,SAFE,10,feu_rouge_devant,Situation maîtrisée
91.85,95.1,0.0,SAFE,10,feu_rouge_devant,Situation maîtrisée
91.90,95.1,0.0,SAFE,10,feu_rouge_devant,Situation maîtrisée
91.95,95.1,0.0,SAFE,10,feu_rouge_devant,Situation maîtrisée
92.00,95.1,0.0,SAFE,10,feu_rouge_devant,Situation maîtrisée
92.05,95.1,0.0,SAFE,10,feu_rouge_devant,Situation maîtrisée
92.10,95.1,0.0,SAFE,10,feu_rouge_devant,Situation maîtrisée
92.15,95.1,0.0,SAFE,10,feu_rouge_devant,Situation maîtrisée
92.20,95.1,0.0,SAFE,10,feu_rouge_devant,Situation maîtrisée
92.25,95.1,0.0,SAFE,10,feu_rouge_devant,Situation maîtrisée
92.30,95.1,0.0,SAFE,10,feu_rouge_devant,Situation maîtrisée
92.35,95.1,0.0,SAFE,10,feu_rouge_devant,Situation maîtrisée
92.40,95.1,0.0,SAFE,10,feu_rouge_devant,Situation maîtrisée
92.45,95.1,0.0,SAFE,10,feu_rouge_devant,Situation maîtrisée
92.50,95.1,0.0,SAFE,10,feu_rouge_devant,Situation maîtrisée
92.55,95.1,0.0,SAFE,10,feu_rouge_devant,Situation maîtrisée
92.60,95.1,0.0,SAFE,9,feu_rouge_devant,Situation maîtrisée
92.65,95.1,0.0,SAFE,9,feu_rouge_devant,Situation maîtrisée
92.70,95.1,0.0,SAFE,9,feu_rouge_devant,Situation maîtrisée
92.75,95.1,0.0,SAFE,9,feu_rouge_devant,Situation maîtrisée
92.80,95.1,0.0,SAFE,9,feu_rouge_devant,Situation maîtrisée
92.85,95.1,0.0,SAFE,9,feu_rouge_devant,Situation maîtrisée
92.90,95.1,0.0,SAFE,9,feu_rouge_devant,Situation maîtrisée
92.95,95.1,0.0,SAFE,9,feu_rouge_devant,Situation maîtrisée
93.00,95.1,0.0,SAFE,9,feu_rouge_devant,Situation maîtrisée
93.05,95.1,0.0,SAFE,9,feu_rouge_devant,Situation maîtrisée
93.10,95.1,0.0,SAFE,9,feu_rouge_devant,Situation maîtrisée
93.15,95.1,0.0,SAFE,9,feu_rouge_devant,Situation maîtrisée
93.20,95.1,0.0,SAFE,9,feu_rouge_devant,Situation maîtrisée
93.25,95.1,0.0,SAFE,9,feu_rouge_devant,Situation maîtrisée
93.30,95.1,0.0,SAFE,9,feu_rouge_devant,Situation maîtrisée
93.35,95.1,0.0,SAFE,9,feu_rouge_devant,Situation maîtrisée
93.40,95.1,0.0,SAFE,9,feu_rouge_devant,Situation maîtrisée
93.45,95.1,0.0,SAFE,9,feu_rouge_devant,Situation maîtrisée
93.50,95.1,0.0,SAFE,9,feu_rouge_devant,Situation maîtrisée
93.55,95.1,0.0,SAFE,9,feu_rouge_devant,Situation maîtrisée
93.60,95.1,0.0,SAFE,9,feu_rouge_devant,Situation maîtrisée
93.65,95.1,0.0,SAFE,9,feu_rouge_devant,Situation maîtrisée
93.70,95.1,0.0,SAFE,9,feu_rouge_devant,Situation maîtrisée
93.75,95.1,0.0,SAFE,9,feu_rouge_devant,Situation maîtrisée
93.80,95.1,0.0,SAFE,9,feu_rouge_devant,Situation maîtrisée
93.85,95.1,0.0,SAFE,9,feu_rouge_devant,Situation maîtrisée
93.90,95.1,0.0,SAFE,9,feu_rouge_devant,Situation maîtrisée
93.95,95.1,0.0,SAFE,9,feu_rouge_devant,Situation maîtrisée
94.00,95.1,0.0,SAFE,9,feu_rouge_devant,Situation maîtrisée
94.05,95.1,0.0,SAFE,9,feu_rouge_devant,Situation maîtrisée
94.10,95.1,0.0,SAFE,9,feu_rouge_devant,Situation maîtrisée
94.15,95.1,0.0,SAFE,9,feu_rouge_devant,Situation maîtrisée
94.20,95.1,0.0,SAFE,9,feu_rouge_devant,Situation maîtrisée
94.25,95.1,0.0,SAFE,9,feu_rouge_devant,Situation maîtrisée
94.30,95.1,0.0,SAFE,9,feu_rouge_devant,Situation maîtrisée
94.35,95.1,0.0,SAFE,9,,Situation maîtrisée
94.40,95.1,0.0,SAFE,9,,Situation maîtrisée
94.45,95.1,0.0,SAFE,9,,Situation maîtrisée
94.50,95.1,0.3,SAFE,9,,Situation maîtrisée
94.55,95.1,0.7,SAFE,9,,Situation maîtrisée
94.60,95.1,1.4,SAFE,9,,Situation maîtrisée
94.65,95.1,2.2,SAFE,9,,Situation maîtrisée
94.70,95.2,3.0,SAFE,9,,Situation maîtrisée
94.75,95.2,3.7,SAFE,9,,Situation maîtrisée
94.80,95.3,4.5,SAFE,9,,Situation maîtrisée
94.85,95.3,5.4,SAFE,9,,Situation maîtrisée
94.90,95.4,6.2,SAFE,9,,Situation maîtrisée
94.95,95.5,7.0,SAFE,9,,Situation maîtrisée
95.00,95.6,7.8,SAFE,9,,Situation maîtrisée
95.05,95.7,8.5,SAFE,9,,Situation maîtrisée
95.10,95.8,9.1,SAFE,9,,Situation maîtrisée
95.15,96.0,9.7,SAFE,9,,Situation maîtrisée
95.20,96.1,10.3,SAFE,9,,Situation maîtrisée
95.25,96.3,10.9,SAFE,9,,Situation maîtrisée
95.30,96.4,11.5,SAFE,9,,Situation maîtrisée
95.35,96.6,12.0,SAFE,9,,Situation maîtrisée
95.40,96.7,12.5,SAFE,9,,Situation maîtrisée
95.45,96.9,13.0,SAFE,9,,Situation maîtrisée
95.50,97.1,13.3,SAFE,9,,Situation maîtrisée
95.55,97.3,13.5,SAFE,9,,Situation maîtrisée
95.60,97.5,13.8,SAFE,9,,Situation maîtrisée
95.65,97.7,14.1,SAFE,9,,Situation maîtrisée
95.70,97.9,14.4,SAFE,9,,Situation maîtrisée
95.75,98.1,14.7,SAFE,9,,Situation maîtrisée
95.80,98.3,14.8,SAFE,9,,Situation maîtrisée
95.85,98.5,15.0,SAFE,9,,Situation maîtrisée
95.90,98.7,15.3,SAFE,9,,Situation maîtrisée
95.95,98.9,15.5,SAFE,9,,Situation maîtrisée
96.00,99.1,15.7,SAFE,9,,Situation maîtrisée
96.05,99.3,15.9,SAFE,9,,Situation maîtrisée
96.10,99.6,16.1,SAFE,9,,Situation maîtrisée
96.15,99.8,16.2,SAFE,9,,Situation maîtrisée
96.20,100.0,16.4,SAFE,9,,Situation maîtrisée
96.25,100.2,16.6,SAFE,10,,Situation maîtrisée
96.30,100.5,16.8,SAFE,10,,Situation maîtrisée
96.35,100.7,17.0,SAFE,10,,Situation maîtrisée
96.40,100.9,17.2,SAFE,11,,Situation maîtrisée
96.45,101.2,17.4,SAFE,10,,Situation maîtrisée
96.50,101.4,17.5,SAFE,10,,Situation maîtrisée
96.55,101.7,17.7,SAFE,11,,Situation maîtrisée
96.60,101.9,17.9,SAFE,11,,Situation maîtrisée
96.65,102.2,18.0,SAFE,10,,Situation maîtrisée
96.70,102.4,18.2,SAFE,10,,Situation maîtrisée
96.75,102.7,18.1,SAFE,10,,Situation maîtrisée
96.80,102.9,18.1,SAFE,10,,Situation maîtrisée
96.85,103.2,18.0,SAFE,10,,Situation maîtrisée
96.90,103.4,18.1,SAFE,10,,Situation maîtrisée
96.95,103.7,18.3,SAFE,10,,Situation maîtrisée
97.00,103.9,18.0,SAFE,10,,Situation maîtrisée
97.05,104.2,18.3,SAFE,9,,Situation maîtrisée
97.10,104.4,18.1,SAFE,9,,Situation maîtrisée
97.15,104.7,18.2,SAFE,9,,Situation maîtrisée
97.20,104.9,18.2,SAFE,9,,Situation maîtrisée
97.25,105.2,18.5,SAFE,8,,Situation maîtrisée
97.30,105.4,18.1,SAFE,8,,Situation maîtrisée
97.35,105.7,18.5,SAFE,8,,Situation maîtrisée
97.40,106.0,18.2,SAFE,8,,Situation maîtrisée
97.45,106.2,18.6,SAFE,7,,Situation maîtrisée
97.50,106.5,18.3,SAFE,7,,Situation maîtrisée
97.55,106.7,18.7,SAFE,7,,Situation maîtrisée
97.60,107.0,18.4,SAFE,7,,Situation maîtrisée
97.65,107.2,18.8,SAFE,7,,Situation maîtrisée
97.70,107.5,18.6,SAFE,7,,Situation maîtrisée
97.75,107.8,18.9,SAFE,7,,Situation maîtrisée
97.80,108.0,18.6,SAFE,7,,Situation maîtrisée
97.85,108.3,19.0,SAFE,6,,Situation maîtrisée
97.90,108.5,18.8,SAFE,6,,Situation maîtrisée
97.95,108.8,19.1,SAFE,6,,Situation maîtrisée
98.00,109.1,18.7,SAFE,6,,Situation maîtrisée
98.05,109.3,19.2,SAFE,5,,Situation maîtrisée
98.10,109.6,19.0,SAFE,5,,Situation maîtrisée
98.15,109.9,19.2,SAFE,5,,Situation maîtrisée
98.20,110.1,18.9,SAFE,5,,Situation maîtrisée
98.25,110.4,19.3,SAFE,5,,Situation maîtrisée
98.30,110.7,19.1,SAFE,5,,Situation maîtrisée
98.35,110.9,19.3,SAFE,5,,Situation maîtrisée
98.40,111.2,19.0,SAFE,5,,Situation maîtrisée
98.45,111.5,19.4,SAFE,4,,Situation maîtrisée
98.50,111.7,19.2,SAFE,4,,Situation maîtrisée
98.55,112.0,19.5,SAFE,4,,Situation maîtrisée
98.60,112.3,19.2,SAFE,4,,Situation maîtrisée
98.65,112.5,19.5,SAFE,4,,Situation maîtrisée
98.70,112.8,19.2,SAFE,4,,Situation maîtrisée
98.75,113.1,19.5,SAFE,4,,Situation maîtrisée
98.80,113.3,19.2,SAFE,4,,Situation maîtrisée
98.85,113.6,19.7,SAFE,4,,Situation maîtrisée
98.90,113.9,19.3,SAFE,4,,Situation maîtrisée
98.95,114.1,19.6,SAFE,5,,Situation maîtrisée
99.00,114.4,19.3,SAFE,4,,Situation maîtrisée
99.05,114.7,19.8,SAFE,4,,Situation maîtrisée
99.10,115.0,19.5,SAFE,4,,Situation maîtrisée
99.15,115.2,19.8,SAFE,4,,Situation maîtrisée
99.20,115.5,19.5,SAFE,4,,Situation maîtrisée
99.25,115.8,19.9,SAFE,4,,Situation maîtrisée
99.30,116.1,19.7,SAFE,4,,Situation maîtrisée
99.35,116.3,19.9,SAFE,4,,Situation maîtrisée
99.40,116.6,19.6,SAFE,4,,Situation maîtrisée
99.45,116.9,20.0,SAFE,4,,Situation maîtrisée
99.50,117.2,19.7,SAFE,3,,Situation maîtrisée
99.55,117.4,20.0,SAFE,3,,Situation maîtrisée
99.60,117.7,19.6,SAFE,3,,Situation maîtrisée
99.65,118.0,20.1,SAFE,3,,Situation maîtrisée
99.70,118.3,19.8,SAFE,3,,Situation maîtrisée
99.75,118.5,20.0,SAFE,3,,Situation maîtrisée
99.80,118.8,19.7,SAFE,3,,Situation maîtrisée
99.85,119.1,20.1,SAFE,3,,Situation maîtrisée
99.90,119.4,19.8,SAFE,3,,Situation maîtrisée
99.95,119.6,20.1,SAFE,3,,Situation maîtrisée
100.00,119.9,19.7,SAFE,3,,Situation maîtrisée
100.05,120.2,20.1,SAFE,3,,Situation maîtrisée
100.10,120.5,19.8,SAFE,3,,Situation maîtrisée
100.15,120.8,20.1,SAFE,3,,Situation maîtrisée
100.20,121.0,19.7,SAFE,3,,Situation maîtrisée
100.25,121.3,20.1,SAFE,3,,Situation maîtrisée
100.30,121.6,19.8,SAFE,3,,Situation maîtrisée
100.35,121.9,20.1,SAFE,3,,Situation maîtrisée
100.40,122.1,19.7,SAFE,3,,Situation maîtrisée
100.45,122.4,20.1,SAFE,3,,Situation maîtrisée
100.50,122.7,19.8,SAFE,3,,Situation maîtrisée
100.55,123.0,20.0,SAFE,3,,Situation maîtrisée
100.60,123.2,19.6,SAFE,3,,Situation maîtrisée
100.65,123.5,20.0,SAFE,2,,Situation maîtrisée
100.70,123.8,19.7,SAFE,2,,Situation maîtrisée
100.75,124.1,19.9,SAFE,2,,Situation maîtrisée
100.80,124.3,19.5,SAFE,2,,Situation maîtrisée
100.85,124.6,19.9,SAFE,2,,Situation maîtrisée
100.90,124.9,19.6,SAFE,2,,Situation maîtrisée
100.95,125.2,19.8,SAFE,2,,Situation maîtrisée
101.00,125.4,19.4,SAFE,2,,Situation maîtrisée
101.05,125.7,19.8,SAFE,2,,Situation maîtrisée
101.10,126.0,19.4,SAFE,2,,Situation maîtrisée
101.15,126.2,19.6,SAFE,2,,Situation maîtrisée
101.20,126.5,19.2,SAFE,2,,Situation maîtrisée
101.25,126.8,19.6,SAFE,2,,Situation maîtrisée
101.30,127.1,19.3,SAFE,2,,Situation maîtrisée
101.35,127.3,19.5,SAFE,2,,Situation maîtrisée
101.40,127.6,19.0,SAFE,2,,Situation maîtrisée
101.45,127.9,19.3,SAFE,2,,Situation maîtrisée
101.50,128.1,18.9,SAFE,2,,Situation maîtrisée
101.55,128.4,19.2,SAFE,2,,Situation maîtrisée
101.60,128.6,18.8,SAFE,2,,Situation maîtrisée
101.65,128.9,19.1,SAFE,2,,Situation maîtrisée
101.70,129.2,18.7,SAFE,2,,Situation maîtrisée
101.75,129.4,19.0,SAFE,1,,Situation maîtrisée
101.80,129.7,18.6,SAFE,1,,Situation maîtrisée
101.85,130.0,18.9,SAFE,1,,Situation maîtrisée
101.90,130.2,18.5,SAFE,1,,Situation maîtrisée
101.95,130.5,18.8,SAFE,1,,Situation maîtrisée
102.00,130.7,18.5,SAFE,1,,Situation maîtrisée
102.05,131.0,18.8,SAFE,1,,Situation maîtrisée
102.10,131.3,18.4,SAFE,1,,Situation maîtrisée
102.15,131.5,18.6,SAFE,1,,Situation maîtrisée
102.20,131.8,18.3,SAFE,1,,Situation maîtrisée
102.25,132.0,18.6,SAFE,1,,Situation maîtrisée
102.30,132.3,18.2,SAFE,1,,Situation maîtrisée
102.35,132.5,18.4,SAFE,1,,Situation maîtrisée
102.40,132.8,18.1,SAFE,1,,Situation maîtrisée
102.45,133.0,18.4,SAFE,1,,Situation maîtrisée
102.50,133.3,18.4,SAFE,1,,Situation maîtrisée
102.55,133.5,18.4,SAFE,1,,Situation maîtrisée
102.60,133.8,18.2,SAFE,1,,Situation maîtrisée
102.65,134.0,18.2,SAFE,1,,Situation maîtrisée
102.70,134.3,18.2,SAFE,1,,Situation maîtrisée
102.75,134.6,18.4,SAFE,1,,Situation maîtrisée
102.80,134.8,18.4,SAFE,1,,Situation maîtrisée
102.85,135.1,18.2,SAFE,1,,Situation maîtrisée
102.90,135.3,18.0,SAFE,1,,Situation maîtrisée
102.95,135.6,18.3,SAFE,1,,Situation maîtrisée
103.00,135.8,18.1,SAFE,1,,Situation maîtrisée
103.05,136.1,18.3,SAFE,1,,Situation maîtrisée
103.10,136.3,18.0,SAFE,1,,Situation maîtrisée
103.15,136.6,18.3,SAFE,2,,Situation maîtrisée
103.20,136.8,18.0,SAFE,2,,Situation maîtrisée
103.25,137.1,18.2,SAFE,2,,Situation maîtrisée
103.30,137.3,18.2,SAFE,2,,Situation maîtrisée
103.35,137.6,18.1,SAFE,2,,Situation maîtrisée
103.40,137.8,18.2,SAFE,2,,Situation maîtrisée
103.45,138.1,18.0,SAFE,2,,Situation maîtrisée
103.50,138.3,18.2,SAFE,2,,Situation maîtrisée
103.55,138.6,18.1,SAFE,2,,Situation maîtrisée
103.60,138.8,18.1,SAFE,2,,Situation maîtrisée
103.65,139.1,18.2,SAFE,2,,Situation maîtrisée
103.70,139.3,18.1,SAFE,2,,Situation maîtrisée
103.75,139.6,18.0,SAFE,2,,Situation maîtrisée
103.80,139.9,18.1,SAFE,2,,Situation maîtrisée
103.85,140.1,18.2,SAFE,2,,Situation maîtrisée
103.90,140.4,18.0,SAFE,2,,Situation maîtrisée
103.95,140.6,18.1,SAFE,2,,Situation maîtrisée
104.00,140.9,18.2,SAFE,2,,Situation maîtrisée
104.05,141.1,18.2,SAFE,2,,Situation maîtrisée
104.10,141.4,18.0,SAFE,2,,Situation maîtrisée
104.15,141.6,18.1,SAFE,3,,Situation maîtrisée
104.20,141.9,18.3,SAFE,3,,Situation maîtrisée
104.25,142.1,18.0,SAFE,3,,Situation maîtrisée
104.30,142.4,18.0,SAFE,3,,Situation maîtrisée
104.35,142.6,18.1,SAFE,3,,Situation maîtrisée
104.40,142.9,18.2,SAFE,3,,Situation maîtrisée
104.45,143.1,18.2,SAFE,3,,Situation maîtrisée
104.50,143.4,18.0,SAFE,3,,Situation maîtrisée
104.55,143.6,18.1,SAFE,3,,Situation maîtrisée
104.60,143.9,18.3,SAFE,3,,Situation maîtrisée
104.65,144.1,18.0,SAFE,4,,Situation maîtrisée
104.70,144.4,18.0,SAFE,4,,Situation maîtrisée
104.75,144.6,18.2,SAFE,4,,Situation maîtrisée
104.80,144.9,18.1,SAFE,3,,Situation maîtrisée
104.85,145.1,18.1,SAFE,3,,Situation maîtrisée
104.90,145.4,18.3,SAFE,3,,Situation maîtrisée
104.95,145.6,18.1,SAFE,3,,Situation maîtrisée
105.00,145.9,18.1,SAFE,3,,Situation maîtrisée
105.05,146.1,18.3,SAFE,3,,Situation maîtrisée
105.10,146.4,18.1,SAFE,3,,Situation maîtrisée
105.15,146.6,18.2,SAFE,3,,Situation maîtrisée
105.20,146.9,18.1,SAFE,3,,Situation maîtrisée
105.25,147.2,18.1,SAFE,3,,Situation maîtrisée
105.30,147.4,18.4,SAFE,4,,Situation maîtrisée
105.35,147.7,18.0,SAFE,4,,Situation maîtrisée
105.40,147.9,18.2,SAFE,4,,Situation maîtrisée
105.45,148.2,18.0,SAFE,4,,Situation maîtrisée
105.50,148.4,18.3,SAFE,4,,Situation maîtrisée
105.55,148.7,18.0,SAFE,4,,Situation maîtrisée
105.60,148.9,18.3,SAFE,4,,Situation maîtrisée
105.65,149.2,18.1,SAFE,4,,Situation maîtrisée
105.70,149.4,18.2,SAFE,4,,Situation maîtrisée
105.75,149.7,18.3,SAFE,4,,Situation maîtrisée
105.80,149.9,18.0,SAFE,4,,Situation maîtrisée
105.85,150.2,18.3,SAFE,4,,Situation maîtrisée
105.90,150.4,18.2,SAFE,4,,Situation maîtrisée
105.95,150.7,18.0,SAFE,4,,Situation maîtrisée
106.00,150.9,18.5,SAFE,4,,Situation maîtrisée
106.05,151.2,18.1,SAFE,4,,Situation maîtrisée
106.10,151.4,18.3,SAFE,4,,Situation maîtrisée
106.15,151.7,18.3,SAFE,4,,Situation maîtrisée
106.20,152.0,18.1,SAFE,4,,Situation maîtrisée
106.25,152.2,18.3,SAFE,4,,Situation maîtrisée
106.30,152.5,18.5,SAFE,4,,Situation maîtrisée
106.35,152.7,18.0,SAFE,4,,Situation maîtrisée
106.40,153.0,18.4,SAFE,4,,Situation maîtrisée
106.45,153.2,18.2,SAFE,4,,Situation maîtrisée
106.50,153.5,18.0,SAFE,4,,Situation maîtrisée
106.55,153.7,18.3,SAFE,4,,Situation maîtrisée
106.60,154.0,18.2,SAFE,4,,Situation maîtrisée
106.65,154.2,18.0,SAFE,4,,Situation maîtrisée
106.70,154.5,18.4,SAFE,4,,Situation maîtrisée
106.75,154.7,18.2,SAFE,4,,Situation maîtrisée
106.80,155.0,18.0,SAFE,4,,Situation maîtrisée
106.85,155.2,18.3,SAFE,4,moteur:physique,Situation maîtrisée
106.90,155.5,18.1,SAFE,4,moteur:physique,Situation maîtrisée
106.95,155.7,18.2,SAFE,4,moteur:physique,Situation maîtrisée
107.00,156.0,17.9,SAFE,4,moteur:physique,Situation maîtrisée
107.05,156.2,16.6,SAFE,4,moteur:physique,Situation maîtrisée
107.10,156.5,15.1,SAFE,4,moteur:physique,Situation maîtrisée
107.15,156.7,13.6,SAFE,4,moteur:physique,Situation maîtrisée
107.20,156.8,12.1,SAFE,4,moteur:physique,Situation maîtrisée
107.25,157.0,10.7,SAFE,4,moteur:physique,Situation maîtrisée
107.30,157.1,9.2,SAFE,4,moteur:physique,Situation maîtrisée
107.35,157.2,7.8,SAFE,4,moteur:physique,Situation maîtrisée
107.40,157.3,6.3,SAFE,4,moteur:physique,Situation maîtrisée
107.45,157.4,4.4,SAFE,4,moteur:physique,Situation maîtrisée
107.50,157.4,0.0,SAFE,4,moteur:physique,Situation maîtrisée
107.55,157.4,0.0,SAFE,4,moteur:physique,Situation maîtrisée
107.60,157.4,0.0,SAFE,4,moteur:physique,Situation maîtrisée
107.65,157.4,0.0,SAFE,4,moteur:physique,Situation maîtrisée
107.70,157.4,0.0,SAFE,4,moteur:physique,Situation maîtrisée
107.75,157.4,0.0,SAFE,4,moteur:physique,Situation maîtrisée
107.80,157.4,0.0,SAFE,4,moteur:physique,Situation maîtrisée
107.85,157.4,0.0,SAFE,4,moteur:physique,Situation maîtrisée
107.90,157.4,0.0,SAFE,4,moteur:physique,Situation maîtrisée
107.95,157.4,0.0,SAFE,4,moteur:physique,Situation maîtrisée
108.00,157.4,0.0,SAFE,4,moteur:physique,Situation maîtrisée
108.05,157.4,0.0,SAFE,4,moteur:physique,Situation maîtrisée
108.10,157.4,0.0,SAFE,4,moteur:physique,Situation maîtrisée
108.15,157.4,0.0,SAFE,4,moteur:physique,Situation maîtrisée
108.20,157.4,0.0,SAFE,4,moteur:physique,Situation maîtrisée
108.25,157.4,0.0,SAFE,4,moteur:physique,Situation maîtrisée
108.30,157.4,0.0,SAFE,4,moteur:physique,Situation maîtrisée
108.35,157.4,0.0,SAFE,4,moteur:physique,Situation maîtrisée
108.40,157.4,0.0,SAFE,4,moteur:physique,Situation maîtrisée
108.45,157.4,0.0,SAFE,4,moteur:physique,Situation maîtrisée
108.50,157.4,0.0,SAFE,4,moteur:physique,Situation maîtrisée
108.55,157.4,0.0,SAFE,4,moteur:physique,Situation maîtrisée
108.60,157.4,0.0,SAFE,4,moteur:physique,Situation maîtrisée
108.65,157.4,0.0,SAFE,4,moteur:physique,Situation maîtrisée
108.70,157.4,0.0,SAFE,4,moteur:physique,Situation maîtrisée
108.75,157.4,0.0,SAFE,4,moteur:physique,Situation maîtrisée
108.80,157.4,0.0,SAFE,4,moteur:physique,Situation maîtrisée
108.85,157.4,0.0,SAFE,4,moteur:physique,Situation maîtrisée
108.90,157.4,0.0,SAFE,4,moteur:physique,Situation maîtrisée
108.95,157.4,0.0,SAFE,4,moteur:physique,Situation maîtrisée
109.00,157.4,0.0,SAFE,4,moteur:physique,Situation maîtrisée
109.05,157.4,0.0,SAFE,4,moteur:physique,Situation maîtrisée
109.10,157.4,0.0,SAFE,4,moteur:physique,Situation maîtrisée
109.15,157.4,0.0,SAFE,4,moteur:physique,Situation maîtrisée
109.20,157.4,0.0,SAFE,4,moteur:physique,Situation maîtrisée
109.25,157.4,0.0,SAFE,4,moteur:physique,Situation maîtrisée
109.30,157.4,0.0,SAFE,4,moteur:physique,Situation maîtrisée
109.35,157.4,0.0,SAFE,4,moteur:physique,Situation maîtrisée
109.40,157.4,0.0,SAFE,4,moteur:physique,Situation maîtrisée
109.45,157.4,0.0,SAFE,4,moteur:physique,Situation maîtrisée
109.50,157.4,0.0,SAFE,4,moteur:physique,Situation maîtrisée
109.55,157.4,0.0,SAFE,4,moteur:physique,Situation maîtrisée
109.60,157.4,0.0,SAFE,4,moteur:physique,Situation maîtrisée
109.65,157.4,0.0,SAFE,4,moteur:physique,Situation maîtrisée
109.70,157.4,0.0,SAFE,4,moteur:physique,Situation maîtrisée
109.75,157.4,0.0,SAFE,4,moteur:physique,Situation maîtrisée
109.80,157.4,0.0,SAFE,4,moteur:physique,Situation maîtrisée
109.85,157.4,0.0,SAFE,4,moteur:physique,Situation maîtrisée
109.90,157.4,0.0,SAFE,4,moteur:physique,Situation maîtrisée
109.95,157.4,0.0,SAFE,4,moteur:physique,Situation maîtrisée
110.00,157.4,0.0,SAFE,4,moteur:physique,Situation maîtrisée
110.05,157.4,0.0,SAFE,4,moteur:physique,Situation maîtrisée
110.10,157.4,0.0,SAFE,4,moteur:physique,Situation maîtrisée
110.15,157.4,0.0,SAFE,4,moteur:physique,Situation maîtrisée
110.20,157.4,0.0,SAFE,4,moteur:physique,Situation maîtrisée
110.25,157.4,0.0,SAFE,4,moteur:physique,Situation maîtrisée
110.30,157.4,0.0,SAFE,4,moteur:physique,Situation maîtrisée
110.35,157.4,0.0,SAFE,4,moteur:physique,Situation maîtrisée
110.40,157.4,0.0,SAFE,4,moteur:physique,Situation maîtrisée
110.45,157.4,0.0,SAFE,4,moteur:physique,Situation maîtrisée
110.50,157.4,0.0,SAFE,4,moteur:physique,Situation maîtrisée
110.55,157.4,0.0,SAFE,4,moteur:physique,Situation maîtrisée
110.60,157.4,0.0,SAFE,4,moteur:physique,Situation maîtrisée
110.65,157.4,0.0,SAFE,4,moteur:physique,Situation maîtrisée
110.70,157.4,0.0,SAFE,4,moteur:physique,Situation maîtrisée
110.75,157.4,0.0,SAFE,4,moteur:physique,Situation maîtrisée
110.80,157.4,0.0,SAFE,4,moteur:physique,Situation maîtrisée
110.85,157.4,0.0,SAFE,4,moteur:physique,Situation maîtrisée
110.90,157.4,0.0,SAFE,4,moteur:physique,Situation maîtrisée
110.95,157.4,0.0,SAFE,4,moteur:physique,Situation maîtrisée
111.00,157.4,0.0,SAFE,4,moteur:physique,Situation maîtrisée
111.05,157.4,0.0,SAFE,4,moteur:physique,Situation maîtrisée
111.10,157.4,0.0,SAFE,4,moteur:physique,Situation maîtrisée
111.15,157.4,0.0,SAFE,4,moteur:physique,Situation maîtrisée
111.20,157.4,0.0,SAFE,4,moteur:physique,Situation maîtrisée
111.25,157.4,0.0,SAFE,4,moteur:physique,Situation maîtrisée
111.30,157.4,0.0,SAFE,4,moteur:physique,Situation maîtrisée
111.35,157.4,0.0,SAFE,4,moteur:physique,Situation maîtrisée
111.40,157.4,0.0,SAFE,4,moteur:physique,Situation maîtrisée
111.45,157.4,0.0,SAFE,4,moteur:physique,Situation maîtrisée
111.50,157.4,0.0,SAFE,4,moteur:physique,Situation maîtrisée
111.55,157.4,0.0,SAFE,4,moteur:physique,Situation maîtrisée
111.60,157.4,0.0,SAFE,4,moteur:physique,Situation maîtrisée
111.65,157.4,0.0,SAFE,4,moteur:physique,Situation maîtrisée
111.70,157.4,0.0,SAFE,4,moteur:physique,Situation maîtrisée
111.75,157.4,0.0,SAFE,4,moteur:physique,Situation maîtrisée
111.80,157.4,0.0,SAFE,4,moteur:physique,Situation maîtrisée
111.85,157.4,0.0,SAFE,4,moteur:physique,Situation maîtrisée
111.90,157.4,0.0,SAFE,4,moteur:physique,Situation maîtrisée
111.95,157.4,0.0,SAFE,4,moteur:physique,Situation maîtrisée
112.00,157.4,0.0,SAFE,4,moteur:physique,Situation maîtrisée
112.05,157.4,0.0,SAFE,4,moteur:physique,Situation maîtrisée
112.10,157.4,0.0,SAFE,4,moteur:physique,Situation maîtrisée
112.15,157.4,0.0,SAFE,4,moteur:physique,Situation maîtrisée
112.20,157.4,0.0,SAFE,4,moteur:physique,Situation maîtrisée
112.25,157.4,0.0,SAFE,4,moteur:physique,Situation maîtrisée
112.30,157.4,0.0,SAFE,4,moteur:physique,Situation maîtrisée
112.35,157.4,0.0,SAFE,4,moteur:physique,Situation maîtrisée
112.40,157.4,0.0,SAFE,4,moteur:physique,Situation maîtrisée
112.45,157.4,0.0,SAFE,4,moteur:physique,Situation maîtrisée
112.50,157.4,0.0,SAFE,4,moteur:physique,Situation maîtrisée
112.55,157.4,0.0,SAFE,4,moteur:physique,Situation maîtrisée
112.60,157.4,0.0,SAFE,4,moteur:physique,Situation maîtrisée
112.65,157.4,0.0,SAFE,4,moteur:physique,Situation maîtrisée
112.70,157.4,0.0,SAFE,4,moteur:physique,Situation maîtrisée
112.75,157.4,0.0,SAFE,4,moteur:physique,Situation maîtrisée
112.80,157.4,0.0,SAFE,4,moteur:physique,Situation maîtrisée
112.85,157.4,0.0,SAFE,4,moteur:physique,Situation maîtrisée
112.90,157.4,0.0,SAFE,4,moteur:physique,Situation maîtrisée
112.95,157.4,0.0,SAFE,4,moteur:physique,Situation maîtrisée
113.00,157.4,0.0,SAFE,4,moteur:physique,Situation maîtrisée
113.05,157.4,0.0,SAFE,4,moteur:physique,Situation maîtrisée
113.10,157.4,0.0,SAFE,4,moteur:physique,Situation maîtrisée
113.15,157.4,0.0,SAFE,4,moteur:physique,Situation maîtrisée
113.20,157.4,0.0,SAFE,4,moteur:physique,Situation maîtrisée
113.25,157.4,0.0,SAFE,4,moteur:physique,Situation maîtrisée
113.30,157.4,0.0,SAFE,4,moteur:physique,Situation maîtrisée
113.35,157.4,0.0,SAFE,4,moteur:physique,Situation maîtrisée
113.40,157.4,0.0,SAFE,4,moteur:physique,Situation maîtrisée
113.45,157.4,0.0,SAFE,4,moteur:physique,Situation maîtrisée
113.50,157.4,0.0,SAFE,4,moteur:physique,Situation maîtrisée
113.55,157.4,0.0,SAFE,4,moteur:physique,Situation maîtrisée
113.60,157.4,0.0,SAFE,4,moteur:physique,Situation maîtrisée
113.65,157.4,0.0,SAFE,4,moteur:physique,Situation maîtrisée
113.70,157.4,0.0,SAFE,4,moteur:physique,Situation maîtrisée
113.75,157.4,0.0,SAFE,4,moteur:physique,Situation maîtrisée
113.80,157.4,0.0,SAFE,4,moteur:physique,Situation maîtrisée
113.85,157.4,0.0,SAFE,4,moteur:physique,Situation maîtrisée
113.90,157.4,0.0,SAFE,4,moteur:physique,Situation maîtrisée
113.95,157.4,0.0,SAFE,4,moteur:physique,Situation maîtrisée
114.00,157.4,0.0,SAFE,4,moteur:physique,Situation maîtrisée
114.05,157.4,0.0,SAFE,4,moteur:physique,Situation maîtrisée
114.10,157.4,0.0,SAFE,4,moteur:physique,Situation maîtrisée
114.15,157.4,0.0,SAFE,4,moteur:physique,Situation maîtrisée
114.20,157.4,0.0,SAFE,4,moteur:physique,Situation maîtrisée
114.25,157.4,0.0,SAFE,4,moteur:physique,Situation maîtrisée
114.30,157.4,0.0,SAFE,4,moteur:physique,Situation maîtrisée
114.35,157.4,0.0,SAFE,4,moteur:physique,Situation maîtrisée
114.40,157.4,0.0,SAFE,4,moteur:physique,Situation maîtrisée
114.45,157.4,0.0,SAFE,4,moteur:physique,Situation maîtrisée
114.50,157.4,0.0,SAFE,4,moteur:physique,Situation maîtrisée
114.55,157.4,0.0,SAFE,4,moteur:physique,Situation maîtrisée
114.60,157.4,0.0,SAFE,4,moteur:physique,Situation maîtrisée
114.65,157.4,0.0,SAFE,4,moteur:physique,Situation maîtrisée
114.70,157.4,0.0,SAFE,4,moteur:physique,Situation maîtrisée
114.75,157.4,0.0,SAFE,4,moteur:physique,Situation maîtrisée
114.80,157.4,0.0,SAFE,4,moteur:physique,Situation maîtrisée
114.85,157.4,0.0,SAFE,4,moteur:physique,Situation maîtrisée
114.90,157.4,0.0,SAFE,4,moteur:physique,Situation maîtrisée
114.95,157.4,0.0,SAFE,4,moteur:physique,Situation maîtrisée
115.00,157.4,0.0,SAFE,4,moteur:physique,Situation maîtrisée
115.05,157.4,0.0,SAFE,4,moteur:physique,Situation maîtrisée
115.10,157.4,0.0,SAFE,4,moteur:physique,Situation maîtrisée
115.15,157.4,0.0,SAFE,4,moteur:physique,Situation maîtrisée
115.20,157.4,0.0,SAFE,4,moteur:physique,Situation maîtrisée
115.25,157.4,0.0,SAFE,4,moteur:physique,Situation maîtrisée
115.30,157.4,0.0,SAFE,4,moteur:physique,Situation maîtrisée
115.35,157.4,0.0,SAFE,4,moteur:physique,Situation maîtrisée
115.40,157.4,0.0,SAFE,4,moteur:physique,Situation maîtrisée
115.45,157.4,0.0,SAFE,4,moteur:physique,Situation maîtrisée
115.50,157.4,0.0,SAFE,4,moteur:physique,Situation maîtrisée
115.55,157.4,0.0,SAFE,4,moteur:physique,Situation maîtrisée
115.60,157.4,0.0,SAFE,4,moteur:physique,Situation maîtrisée
115.65,157.4,0.0,SAFE,4,moteur:physique,Situation maîtrisée
115.70,157.4,0.0,SAFE,4,moteur:physique,Situation maîtrisée
115.75,157.4,0.0,SAFE,4,moteur:physique,Situation maîtrisée
115.80,157.4,0.0,SAFE,4,moteur:physique,Situation maîtrisée
115.85,157.4,0.0,SAFE,4,moteur:physique,Situation maîtrisée
115.90,157.4,0.0,SAFE,4,moteur:physique,Situation maîtrisée
115.95,157.4,0.0,SAFE,4,moteur:physique,Situation maîtrisée
116.00,157.4,0.0,SAFE,4,moteur:physique,Situation maîtrisée
116.05,157.4,0.0,SAFE,4,moteur:physique,Situation maîtrisée
116.10,157.4,0.0,SAFE,4,moteur:physique,Situation maîtrisée
116.15,157.4,0.0,SAFE,4,moteur:physique,Situation maîtrisée
116.20,157.4,0.0,SAFE,4,moteur:physique,Situation maîtrisée
116.25,157.4,0.0,SAFE,4,moteur:physique,Situation maîtrisée
116.30,157.4,0.0,SAFE,4,moteur:physique,Situation maîtrisée
116.35,157.4,0.0,SAFE,4,moteur:physique,Situation maîtrisée
116.40,157.4,0.0,SAFE,4,moteur:physique,Situation maîtrisée
116.45,157.4,0.0,SAFE,4,moteur:physique,Situation maîtrisée
116.50,157.4,0.0,SAFE,4,moteur:physique,Situation maîtrisée
116.55,157.4,0.0,SAFE,4,moteur:physique,Situation maîtrisée
116.60,157.4,0.0,SAFE,4,moteur:physique,Situation maîtrisée
116.65,157.4,0.0,SAFE,4,moteur:physique,Situation maîtrisée
116.70,157.4,0.0,SAFE,4,moteur:physique,Situation maîtrisée
116.75,157.4,0.0,SAFE,4,moteur:physique,Situation maîtrisée
116.80,157.4,0.0,SAFE,4,moteur:physique,Situation maîtrisée
116.85,157.4,0.0,SAFE,4,moteur:physique,Situation maîtrisée
116.90,157.4,0.0,SAFE,4,moteur:physique,Situation maîtrisée
116.95,157.4,0.0,SAFE,4,moteur:physique,Situation maîtrisée
117.00,157.4,0.0,SAFE,4,moteur:physique,Situation maîtrisée
117.05,157.4,0.0,SAFE,4,moteur:physique,Situation maîtrisée
117.10,157.4,0.0,SAFE,4,moteur:physique,Situation maîtrisée
117.15,157.4,0.0,SAFE,4,moteur:physique,Situation maîtrisée
117.20,157.4,0.0,SAFE,4,moteur:physique,Situation maîtrisée
117.25,157.4,0.0,SAFE,4,moteur:physique,Situation maîtrisée
117.30,157.4,0.0,SAFE,4,moteur:physique,Situation maîtrisée
117.35,157.4,0.0,SAFE,4,moteur:physique,Situation maîtrisée
117.40,157.4,0.0,SAFE,4,moteur:physique,Situation maîtrisée
117.45,157.4,0.0,SAFE,4,moteur:physique,Situation maîtrisée
117.50,157.4,0.0,SAFE,4,moteur:physique,Situation maîtrisée
117.55,157.4,0.0,SAFE,4,moteur:physique,Situation maîtrisée
117.60,157.4,0.0,SAFE,4,moteur:physique,Situation maîtrisée
117.65,157.4,0.0,SAFE,4,moteur:physique,Situation maîtrisée
117.70,157.4,0.0,SAFE,4,moteur:physique,Situation maîtrisée
117.75,157.4,0.0,SAFE,4,moteur:physique,Situation maîtrisée
117.80,157.4,0.0,SAFE,4,moteur:physique,Situation maîtrisée
117.85,157.4,0.0,SAFE,4,moteur:physique,Situation maîtrisée
117.90,157.4,0.0,SAFE,4,moteur:physique,Situation maîtrisée
117.95,157.4,0.0,SAFE,4,moteur:physique,Situation maîtrisée
118.00,157.4,0.0,SAFE,4,moteur:physique,Situation maîtrisée
118.05,157.4,0.0,SAFE,4,moteur:physique,Situation maîtrisée
118.10,157.4,0.0,SAFE,4,moteur:physique,Situation maîtrisée
118.15,157.4,0.0,SAFE,4,moteur:physique,Situation maîtrisée
118.20,157.4,0.0,SAFE,4,moteur:physique,Situation maîtrisée
118.25,157.4,0.0,SAFE,4,moteur:physique,Situation maîtrisée
118.30,157.4,0.0,SAFE,4,moteur:physique,Situation maîtrisée
118.35,157.4,0.0,SAFE,4,moteur:physique,Situation maîtrisée
118.40,157.4,0.0,SAFE,4,moteur:physique,Situation maîtrisée
118.45,157.4,0.0,SAFE,4,moteur:physique,Situation maîtrisée
118.50,157.4,0.0,SAFE,4,moteur:physique,Situation maîtrisée
118.55,157.4,0.0,SAFE,4,moteur:physique,Situation maîtrisée
118.60,157.4,0.0,SAFE,4,moteur:physique,Situation maîtrisée
118.65,157.4,0.0,SAFE,4,moteur:physique,Situation maîtrisée
118.70,157.4,0.0,SAFE,4,moteur:physique,Situation maîtrisée
118.75,157.4,0.0,SAFE,4,moteur:physique,Situation maîtrisée
118.80,157.4,0.0,SAFE,4,moteur:physique,Situation maîtrisée
118.85,157.4,0.0,SAFE,4,moteur:physique,Situation maîtrisée
118.90,157.4,0.0,SAFE,4,moteur:physique,Situation maîtrisée
118.95,157.4,0.0,SAFE,4,moteur:physique,Situation maîtrisée
119.00,157.4,0.0,SAFE,5,moteur:physique,Situation maîtrisée
119.05,157.4,0.0,SAFE,5,moteur:physique,Situation maîtrisée
119.10,157.4,0.0,SAFE,5,moteur:physique,Situation maîtrisée
119.15,157.4,0.0,SAFE,5,moteur:physique,Situation maîtrisée
119.20,157.4,0.0,SAFE,5,moteur:physique,Situation maîtrisée
119.25,157.4,0.0,SAFE,5,moteur:physique,Situation maîtrisée
119.30,157.4,0.0,SAFE,5,moteur:physique,Situation maîtrisée
119.35,157.4,0.0,SAFE,5,moteur:physique,Situation maîtrisée
119.40,157.4,0.0,SAFE,5,moteur:physique,Situation maîtrisée
119.45,157.4,0.0,SAFE,5,moteur:physique,Situation maîtrisée
119.50,157.4,0.0,SAFE,5,moteur:physique,Situation maîtrisée
119.55,157.4,0.0,SAFE,5,moteur:physique,Situation maîtrisée
119.60,157.4,0.0,SAFE,5,moteur:physique,Situation maîtrisée
119.65,157.4,0.0,SAFE,5,moteur:physique,Situation maîtrisée
119.70,157.4,0.0,SAFE,5,moteur:physique,Situation maîtrisée
119.75,157.4,0.0,SAFE,5,moteur:physique,Situation maîtrisée
119.80,157.4,0.0,SAFE,5,moteur:physique,Situation maîtrisée
119.85,157.4,0.0,SAFE,5,moteur:physique,Situation maîtrisée
119.90,157.4,0.0,SAFE,5,moteur:physique,Situation maîtrisée
119.95,157.4,0.0,SAFE,5,moteur:physique,Situation maîtrisée
120.00,157.4,0.0,SAFE,5,moteur:physique,Situation maîtrisée
120.05,157.4,0.0,SAFE,5,moteur:physique,Situation maîtrisée
120.10,157.4,0.0,SAFE,5,moteur:physique,Situation maîtrisée
120.15,157.4,0.0,SAFE,5,moteur:physique,Situation maîtrisée
120.20,157.4,0.0,SAFE,5,moteur:physique,Situation maîtrisée
120.25,157.4,0.0,SAFE,5,moteur:physique,Situation maîtrisée
120.30,157.4,0.0,SAFE,5,moteur:physique,Situation maîtrisée
120.35,157.4,0.0,SAFE,5,moteur:physique,Situation maîtrisée
120.40,157.4,0.0,SAFE,5,moteur:physique,Situation maîtrisée
120.45,157.4,0.0,SAFE,5,moteur:physique,Situation maîtrisée
120.50,157.4,0.0,SAFE,5,moteur:physique,Situation maîtrisée
120.55,157.4,0.0,SAFE,5,moteur:physique,Situation maîtrisée
120.60,157.4,0.0,SAFE,5,moteur:physique,Situation maîtrisée
120.65,157.4,0.0,SAFE,5,moteur:physique,Situation maîtrisée
120.70,157.4,0.0,SAFE,5,moteur:physique,Situation maîtrisée
120.75,157.4,0.0,SAFE,5,moteur:physique,Situation maîtrisée
120.80,157.4,0.0,SAFE,5,moteur:physique,Situation maîtrisée
120.85,157.4,0.0,SAFE,5,moteur:physique,Situation maîtrisée
120.90,157.4,0.0,SAFE,5,moteur:physique,Situation maîtrisée
120.95,157.4,0.0,SAFE,5,moteur:physique,Situation maîtrisée
121.00,157.4,0.0,SAFE,5,moteur:physique,Situation maîtrisée
121.05,157.4,0.0,SAFE,5,moteur:physique,Situation maîtrisée
121.10,157.4,0.0,SAFE,5,moteur:physique,Situation maîtrisée
121.15,157.4,0.0,SAFE,5,moteur:physique,Situation maîtrisée
121.20,157.4,0.0,SAFE,5,moteur:physique,Situation maîtrisée
121.25,157.4,0.0,SAFE,5,moteur:physique,Situation maîtrisée
121.30,157.4,0.0,SAFE,5,moteur:physique,Situation maîtrisée
121.35,157.4,0.0,SAFE,5,moteur:physique,Situation maîtrisée
121.40,157.4,0.0,SAFE,5,moteur:physique,Situation maîtrisée
121.45,157.4,0.0,SAFE,5,moteur:physique,Situation maîtrisée
121.50,157.4,0.0,SAFE,5,moteur:physique,Situation maîtrisée
121.55,157.4,0.0,SAFE,5,moteur:physique,Situation maîtrisée
121.60,157.4,0.0,SAFE,5,moteur:physique,Situation maîtrisée
121.65,157.4,0.0,SAFE,5,moteur:physique,Situation maîtrisée
121.70,157.4,0.0,SAFE,5,moteur:physique,Situation maîtrisée
121.75,157.4,0.0,SAFE,5,moteur:physique,Situation maîtrisée
121.80,157.4,0.0,SAFE,5,moteur:physique,Situation maîtrisée
121.85,157.4,0.0,SAFE,5,moteur:physique,Situation maîtrisée
121.90,157.4,0.0,SAFE,5,moteur:physique,Situation maîtrisée
121.95,157.4,0.0,SAFE,5,moteur:physique,Situation maîtrisée
122.00,157.4,0.0,SAFE,5,moteur:physique,Situation maîtrisée
122.05,157.4,0.0,SAFE,5,moteur:physique,Situation maîtrisée
122.10,157.4,0.0,SAFE,5,moteur:physique,Situation maîtrisée
122.15,157.4,0.0,SAFE,5,moteur:physique,Situation maîtrisée
122.20,157.4,0.0,SAFE,5,moteur:physique,Situation maîtrisée
122.25,157.4,0.0,SAFE,5,moteur:physique,Situation maîtrisée
122.30,157.4,0.0,SAFE,5,moteur:physique,Situation maîtrisée
122.35,157.4,0.0,SAFE,5,moteur:physique,Situation maîtrisée
122.40,157.4,0.0,SAFE,5,moteur:physique,Situation maîtrisée
122.45,157.4,0.0,SAFE,5,moteur:physique,Situation maîtrisée
122.50,157.4,0.0,SAFE,5,moteur:physique,Situation maîtrisée
122.55,157.4,0.0,SAFE,5,moteur:physique,Situation maîtrisée
122.60,157.4,0.0,SAFE,5,moteur:physique,Situation maîtrisée
122.65,157.4,0.0,SAFE,5,moteur:physique,Situation maîtrisée
122.70,157.4,0.0,SAFE,5,moteur:physique,Situation maîtrisée
122.75,157.4,0.0,SAFE,5,moteur:physique,Situation maîtrisée
122.80,157.4,0.0,SAFE,5,moteur:physique,Situation maîtrisée
122.85,157.4,0.0,SAFE,5,moteur:physique,Situation maîtrisée
122.90,157.4,0.0,SAFE,5,moteur:physique,Situation maîtrisée
122.95,157.4,0.0,SAFE,5,moteur:physique,Situation maîtrisée
123.00,157.4,0.0,SAFE,5,moteur:physique,Situation maîtrisée
123.05,157.4,0.0,SAFE,5,moteur:physique,Situation maîtrisée
123.10,157.4,0.0,SAFE,5,moteur:physique,Situation maîtrisée
123.15,157.4,0.0,SAFE,5,moteur:physique,Situation maîtrisée
123.20,157.4,0.0,SAFE,5,moteur:physique,Situation maîtrisée
123.25,157.4,0.0,SAFE,5,moteur:physique,Situation maîtrisée
123.30,157.4,0.0,SAFE,5,moteur:physique,Situation maîtrisée
123.35,157.4,0.0,SAFE,5,moteur:physique,Situation maîtrisée
123.40,157.4,0.0,SAFE,5,moteur:physique,Situation maîtrisée
123.45,157.4,0.0,SAFE,5,moteur:physique,Situation maîtrisée
123.50,157.4,0.0,SAFE,5,moteur:physique,Situation maîtrisée
123.55,157.4,0.0,SAFE,5,moteur:physique,Situation maîtrisée
123.60,157.4,0.0,SAFE,5,moteur:physique,Situation maîtrisée
123.65,157.4,0.0,SAFE,5,moteur:physique,Situation maîtrisée
123.70,157.4,0.0,SAFE,5,moteur:physique,Situation maîtrisée
123.75,157.4,0.0,SAFE,5,moteur:physique,Situation maîtrisée
123.80,157.4,0.0,SAFE,5,moteur:physique,Situation maîtrisée
123.85,157.4,0.0,SAFE,5,moteur:physique,Situation maîtrisée
123.90,157.4,0.0,SAFE,5,moteur:physique,Situation maîtrisée
123.95,157.4,0.0,SAFE,5,moteur:physique,Situation maîtrisée
124.00,157.4,0.0,SAFE,5,moteur:physique,Situation maîtrisée
124.05,157.4,0.0,SAFE,5,moteur:physique,Situation maîtrisée
124.10,157.4,0.0,SAFE,5,moteur:physique,Situation maîtrisée
124.15,157.4,0.0,SAFE,5,moteur:physique,Situation maîtrisée
124.20,157.4,0.0,SAFE,5,moteur:physique,Situation maîtrisée
124.25,157.4,0.0,SAFE,5,moteur:physique,Situation maîtrisée
124.30,157.4,0.0,SAFE,5,moteur:physique,Situation maîtrisée
124.35,157.4,0.0,SAFE,5,moteur:physique,Situation maîtrisée
124.40,157.4,0.0,SAFE,5,moteur:physique,Situation maîtrisée
124.45,157.4,0.0,SAFE,5,moteur:physique,Situation maîtrisée
124.50,157.4,0.0,SAFE,5,moteur:physique,Situation maîtrisée
124.55,157.4,0.0,SAFE,5,moteur:physique,Situation maîtrisée
124.60,157.4,0.0,SAFE,5,moteur:physique,Situation maîtrisée
124.65,157.4,0.0,SAFE,5,moteur:physique,Situation maîtrisée
124.70,157.4,0.0,SAFE,5,moteur:physique,Situation maîtrisée
124.75,157.4,0.0,SAFE,5,moteur:physique,Situation maîtrisée
124.80,157.4,0.0,SAFE,5,moteur:physique,Situation maîtrisée
124.85,157.4,0.0,SAFE,5,moteur:physique,Situation maîtrisée
124.90,157.4,0.0,SAFE,5,moteur:physique,Situation maîtrisée
124.95,157.4,0.0,SAFE,5,moteur:physique,Situation maîtrisée
125.00,157.4,0.0,SAFE,5,moteur:physique,Situation maîtrisée
125.05,157.4,0.0,SAFE,5,moteur:physique,Situation maîtrisée
125.10,157.4,0.0,SAFE,5,moteur:physique,Situation maîtrisée
125.15,157.4,0.0,SAFE,5,moteur:physique,Situation maîtrisée
125.20,157.4,0.0,SAFE,5,moteur:physique,Situation maîtrisée
125.25,157.4,0.0,SAFE,5,moteur:physique,Situation maîtrisée
125.30,157.4,0.0,SAFE,5,moteur:physique,Situation maîtrisée
125.35,157.4,0.0,SAFE,5,moteur:physique,Situation maîtrisée
125.40,157.4,0.0,SAFE,5,moteur:physique,Situation maîtrisée
125.45,157.4,0.0,SAFE,5,moteur:physique,Situation maîtrisée
125.50,157.4,0.0,SAFE,5,moteur:physique,Situation maîtrisée
125.55,157.4,0.0,SAFE,5,moteur:physique,Situation maîtrisée
125.60,157.4,0.0,SAFE,5,moteur:physique,Situation maîtrisée
125.65,157.4,0.0,SAFE,5,moteur:physique,Situation maîtrisée
125.70,157.4,0.0,SAFE,5,moteur:physique,Situation maîtrisée
125.75,157.4,0.0,SAFE,5,moteur:physique,Situation maîtrisée
125.80,157.4,0.0,SAFE,5,moteur:physique,Situation maîtrisée
125.85,157.4,0.0,SAFE,5,moteur:physique,Situation maîtrisée
125.90,157.4,0.0,SAFE,5,moteur:physique,Situation maîtrisée
125.95,157.4,0.0,SAFE,5,moteur:physique,Situation maîtrisée
126.00,157.4,0.0,SAFE,5,moteur:physique,Situation maîtrisée
126.05,157.4,0.0,SAFE,5,moteur:physique,Situation maîtrisée
126.10,157.4,0.0,SAFE,5,moteur:physique,Situation maîtrisée
126.15,157.4,0.0,SAFE,5,moteur:physique,Situation maîtrisée
126.20,157.4,0.0,SAFE,5,moteur:physique,Situation maîtrisée
126.25,157.4,0.0,SAFE,5,moteur:physique,Situation maîtrisée
126.30,157.4,0.0,SAFE,5,moteur:physique,Situation maîtrisée
126.35,157.4,0.0,SAFE,5,moteur:physique,Situation maîtrisée
126.40,157.4,0.0,SAFE,5,moteur:physique,Situation maîtrisée
126.45,157.4,0.0,SAFE,5,moteur:physique,Situation maîtrisée
126.50,157.4,0.0,SAFE,5,moteur:physique,Situation maîtrisée
126.55,157.4,0.0,SAFE,5,moteur:physique,Situation maîtrisée
126.60,157.4,0.0,SAFE,5,moteur:physique,Situation maîtrisée
126.65,157.4,0.0,SAFE,5,moteur:physique,Situation maîtrisée
126.70,157.4,0.0,SAFE,5,moteur:physique,Situation maîtrisée
126.75,157.4,0.0,SAFE,5,moteur:physique,Situation maîtrisée
126.80,157.4,0.0,SAFE,5,moteur:physique,Situation maîtrisée
126.85,157.4,0.0,SAFE,5,moteur:physique,Situation maîtrisée
126.90,157.4,0.0,SAFE,5,moteur:physique,Situation maîtrisée
126.95,157.4,0.0,SAFE,5,moteur:physique,Situation maîtrisée
127.00,157.4,0.0,SAFE,5,moteur:physique,Situation maîtrisée
127.05,157.4,0.0,SAFE,5,moteur:physique,Situation maîtrisée
127.10,157.4,0.0,SAFE,5,moteur:physique,Situation maîtrisée
127.15,157.4,0.0,SAFE,5,moteur:physique,Situation maîtrisée
127.20,157.4,0.0,SAFE,5,moteur:physique,Situation maîtrisée
127.25,157.4,0.0,SAFE,5,moteur:physique,Situation maîtrisée
127.30,157.4,0.0,SAFE,5,moteur:physique,Situation maîtrisée
127.35,157.4,0.0,SAFE,5,moteur:physique,Situation maîtrisée
127.40,157.4,0.0,SAFE,5,moteur:physique,Situation maîtrisée
127.45,157.4,0.0,SAFE,5,moteur:physique,Situation maîtrisée
127.50,157.4,0.0,SAFE,5,moteur:physique,Situation maîtrisée
127.55,157.4,0.0,SAFE,5,moteur:physique,Situation maîtrisée
127.60,157.4,0.0,SAFE,5,moteur:physique,Situation maîtrisée
127.65,157.4,0.0,SAFE,5,moteur:physique,Situation maîtrisée
127.70,157.4,0.0,SAFE,5,moteur:physique,Situation maîtrisée
127.75,157.4,0.0,SAFE,5,moteur:physique,Situation maîtrisée
127.80,157.4,0.0,SAFE,5,moteur:physique,Situation maîtrisée
127.85,157.4,0.0,SAFE,5,moteur:physique,Situation maîtrisée
127.90,157.4,0.0,SAFE,5,moteur:physique,Situation maîtrisée
127.95,157.4,0.0,SAFE,5,moteur:physique,Situation maîtrisée
128.00,157.4,0.0,SAFE,5,moteur:physique,Situation maîtrisée
128.05,157.4,0.0,SAFE,5,moteur:physique,Situation maîtrisée
128.10,157.4,0.0,SAFE,5,moteur:physique,Situation maîtrisée
128.15,157.4,0.0,SAFE,5,moteur:physique,Situation maîtrisée
128.20,157.4,0.0,SAFE,5,moteur:physique,Situation maîtrisée
128.25,157.4,0.0,SAFE,5,moteur:physique,Situation maîtrisée
128.30,157.4,0.0,SAFE,5,moteur:physique,Situation maîtrisée
128.35,157.4,0.0,SAFE,5,moteur:physique,Situation maîtrisée
128.40,157.4,0.0,SAFE,5,moteur:physique,Situation maîtrisée
128.45,157.4,0.0,SAFE,4,moteur:physique,Situation maîtrisée
128.50,157.4,0.0,SAFE,4,moteur:physique,Situation maîtrisée
128.55,157.4,0.0,SAFE,4,moteur:physique,Situation maîtrisée
128.60,157.4,0.0,SAFE,4,moteur:physique,Situation maîtrisée
128.65,157.4,0.0,SAFE,4,moteur:physique,Situation maîtrisée
128.70,157.4,0.0,SAFE,4,moteur:physique,Situation maîtrisée
128.75,157.4,0.0,SAFE,4,moteur:physique,Situation maîtrisée
128.80,157.4,0.0,SAFE,4,moteur:physique,Situation maîtrisée
128.85,157.4,0.0,SAFE,4,moteur:physique,Situation maîtrisée
128.90,157.4,0.0,SAFE,4,moteur:physique,Situation maîtrisée
128.95,157.4,0.0,SAFE,4,moteur:physique,Situation maîtrisée
129.00,157.4,0.0,SAFE,4,moteur:physique,Situation maîtrisée
129.05,157.4,0.0,SAFE,4,moteur:physique,Situation maîtrisée
129.10,157.4,0.0,SAFE,4,moteur:physique,Situation maîtrisée
129.15,157.4,0.0,SAFE,4,moteur:physique,Situation maîtrisée
129.20,157.4,0.0,SAFE,4,moteur:physique,Situation maîtrisée
129.25,157.4,0.0,SAFE,4,moteur:physique,Situation maîtrisée
129.30,157.4,0.0,SAFE,4,moteur:physique,Situation maîtrisée
129.35,157.4,0.0,SAFE,4,moteur:physique,Situation maîtrisée
129.40,157.4,0.0,SAFE,4,moteur:physique,Situation maîtrisée
129.45,157.4,0.0,SAFE,4,moteur:physique,Situation maîtrisée
129.50,157.4,0.0,SAFE,4,moteur:physique,Situation maîtrisée
129.55,157.4,0.0,SAFE,4,moteur:physique,Situation maîtrisée
129.60,157.4,0.0,SAFE,4,moteur:physique,Situation maîtrisée
129.65,157.4,0.0,SAFE,4,moteur:physique,Situation maîtrisée
129.70,157.4,0.0,SAFE,4,moteur:physique,Situation maîtrisée
129.75,157.4,0.0,SAFE,4,moteur:physique,Situation maîtrisée
129.80,157.4,0.0,SAFE,4,moteur:physique,Situation maîtrisée
129.85,157.4,0.0,SAFE,4,moteur:physique,Situation maîtrisée
129.90,157.4,0.0,SAFE,4,moteur:physique,Situation maîtrisée
129.95,157.4,0.0,SAFE,4,moteur:physique,Situation maîtrisée
130.00,157.4,0.0,SAFE,4,moteur:physique,Situation maîtrisée
130.05,157.4,0.0,SAFE,4,,Situation maîtrisée
130.10,157.4,0.0,SAFE,4,,Situation maîtrisée
130.15,157.4,0.0,SAFE,4,,Situation maîtrisée
130.20,157.4,0.2,SAFE,4,,Situation maîtrisée
130.25,157.4,0.5,SAFE,4,,Situation maîtrisée
130.30,157.4,1.2,SAFE,4,,Situation maîtrisée
130.35,157.5,1.9,SAFE,4,,Situation maîtrisée
130.40,157.5,2.7,SAFE,4,,Situation maîtrisée
130.45,157.5,3.4,SAFE,4,,Situation maîtrisée
130.50,157.6,4.2,SAFE,4,,Situation maîtrisée
130.55,157.7,5.0,SAFE,4,,Situation maîtrisée
130.60,157.7,5.8,SAFE,4,,Situation maîtrisée
130.65,157.8,6.6,SAFE,4,,Situation maîtrisée
130.70,157.9,7.5,SAFE,4,,Situation maîtrisée
130.75,158.0,8.3,SAFE,4,,Situation maîtrisée
130.80,158.2,9.2,SAFE,4,,Situation maîtrisée
130.85,158.3,10.0,SAFE,4,,Situation maîtrisée
130.90,158.4,10.8,SAFE,4,,Situation maîtrisée
130.95,158.6,11.5,SAFE,4,moteur:physique,Situation maîtrisée
131.00,158.8,12.1,SAFE,4,moteur:physique,Situation maîtrisée
131.05,158.9,12.3,SAFE,4,moteur:physique,Situation maîtrisée
131.10,159.1,12.4,SAFE,4,moteur:physique,Situation maîtrisée
131.15,159.3,12.2,SAFE,4,moteur:physique,Situation maîtrisée
131.20,159.4,12.0,SAFE,4,moteur:physique,Situation maîtrisée
131.25,159.6,11.8,SAFE,4,moteur:physique,Situation maîtrisée
131.30,159.8,11.5,SAFE,4,moteur:physique,Situation maîtrisée
131.35,159.9,11.3,SAFE,4,moteur:physique,Situation maîtrisée
131.40,160.1,11.0,SAFE,4,moteur:physique,Situation maîtrisée
131.45,160.2,10.7,SAFE,4,moteur:physique,Situation maîtrisée
131.50,160.4,10.5,SAFE,4,moteur:physique,Situation maîtrisée
131.55,160.5,10.2,SAFE,4,moteur:physique,Situation maîtrisée
131.60,160.7,9.9,SAFE,4,moteur:physique,Situation maîtrisée
131.65,160.8,9.7,SAFE,4,,Situation maîtrisée
131.70,160.9,9.5,SAFE,4,,Situation maîtrisée
131.75,161.1,9.4,SAFE,4,,Situation maîtrisée
131.80,161.2,9.7,SAFE,4,,Situation maîtrisée
131.85,161.3,10.1,SAFE,4,,Situation maîtrisée
131.90,161.5,10.7,SAFE,4,,Situation maîtrisée
131.95,161.6,11.3,SAFE,4,,Situation maîtrisée
132.00,161.8,11.9,SAFE,4,,Situation maîtrisée
132.05,162.0,12.6,SAFE,4,,Situation maîtrisée
132.10,162.1,13.2,SAFE,4,,Situation maîtrisée
132.15,162.3,13.8,SAFE,4,,Situation maîtrisée
132.20,162.5,14.3,SAFE,4,moteur:physique,Situation maîtrisée
132.25,162.7,14.7,SAFE,3,moteur:physique,Situation maîtrisée
132.30,162.9,14.8,SAFE,3,moteur:physique,Situation maîtrisée
132.35,163.1,14.7,SAFE,3,moteur:physique,Situation maîtrisée
132.40,163.3,14.5,SAFE,3,moteur:physique,Situation maîtrisée
132.45,163.5,14.2,SAFE,3,moteur:physique,Situation maîtrisée
132.50,163.7,14.0,SAFE,3,moteur:physique,Situation maîtrisée
132.55,163.9,13.7,SAFE,3,moteur:physique,Situation maîtrisée
132.60,164.1,13.4,SAFE,3,moteur:physique,Situation maîtrisée
132.65,164.3,13.1,SAFE,3,moteur:physique,Situation maîtrisée
132.70,164.5,12.8,SAFE,3,moteur:physique,Situation maîtrisée
132.75,164.6,12.5,SAFE,3,moteur:physique,Situation maîtrisée
132.80,164.8,12.2,SAFE,3,moteur:physique,Situation maîtrisée
132.85,165.0,11.9,SAFE,3,moteur:physique,Situation maîtrisée
132.90,165.1,11.6,SAFE,3,moteur:physique,Situation maîtrisée
132.95,165.3,11.3,SAFE,3,moteur:physique,Situation maîtrisée
133.00,165.5,11.1,SAFE,3,moteur:physique,Situation maîtrisée
133.05,165.6,10.8,SAFE,3,,Situation maîtrisée
133.10,165.8,10.6,SAFE,3,,Situation maîtrisée
133.15,165.9,10.5,SAFE,3,,Situation maîtrisée
133.20,166.1,10.8,SAFE,3,,Situation maîtrisée
133.25,166.2,11.2,SAFE,3,,Situation maîtrisée
133.30,166.4,11.7,SAFE,3,,Situation maîtrisée
133.35,166.5,12.3,SAFE,4,,Situation maîtrisée
133.40,166.7,12.9,SAFE,4,,Situation maîtrisée
133.45,166.9,13.5,SAFE,4,,Situation maîtrisée
133.50,167.1,14.1,SAFE,4,moteur:physique,Situation maîtrisée
133.55,167.3,14.5,SAFE,4,moteur:physique,Situation maîtrisée
133.60,167.5,14.6,SAFE,3,moteur:physique,Situation maîtrisée
133.65,167.7,14.5,SAFE,3,moteur:physique,Situation maîtrisée
133.70,167.9,14.3,SAFE,3,moteur:physique,Situation maîtrisée
133.75,168.1,14.1,SAFE,3,moteur:physique,Situation maîtrisée
133.80,168.3,13.8,SAFE,3,moteur:physique,Situation maîtrisée
133.85,168.5,13.5,SAFE,3,moteur:physique,Situation maîtrisée
133.90,168.7,13.2,SAFE,3,moteur:physique,Situation maîtrisée
133.95,168.8,12.9,SAFE,3,moteur:physique,Situation maîtrisée
134.00,169.0,12.6,SAFE,3,moteur:physique,Situation maîtrisée
134.05,169.2,12.3,SAFE,3,moteur:physique,Situation maîtrisée
134.10,169.3,12.0,SAFE,3,moteur:physique,Situation maîtrisée
134.15,169.5,11.7,SAFE,3,moteur:physique,Situation maîtrisée
134.20,169.7,11.4,SAFE,3,,Situation maîtrisée
134.25,169.8,11.2,SAFE,3,,Situation maîtrisée
134.30,170.0,11.1,SAFE,3,,Situation maîtrisée
134.35,170.1,11.3,SAFE,3,,Situation maîtrisée
134.40,170.3,11.7,SAFE,3,,Situation maîtrisée
134.45,170.5,12.2,SAFE,3,,Situation maîtrisée
134.50,170.6,12.8,SAFE,3,,Situation maîtrisée
134.55,170.8,13.4,SAFE,3,,Situation maîtrisée
134.60,171.0,14.0,SAFE,3,,Situation maîtrisée
134.65,171.2,14.5,SAFE,3,,Situation maîtrisée
134.70,171.4,15.0,SAFE,3,,Situation maîtrisée
134.75,171.6,15.5,SAFE,3,,Situation maîtrisée
134.80,171.9,15.9,SAFE,3,,Situation maîtrisée
134.85,172.1,16.3,SAFE,3,,Situation maîtrisée
134.90,172.3,16.7,SAFE,3,,Situation maîtrisée
134.95,172.5,17.0,SAFE,3,,Situation maîtrisée
135.00,172.8,17.4,SAFE,3,,Situation maîtrisée
135.05,173.0,17.7,SAFE,3,,Situation maîtrisée
135.10,173.3,17.9,SAFE,2,,Situation maîtrisée
135.15,173.5,18.2,SAFE,2,,Situation maîtrisée
135.20,173.8,18.3,SAFE,2,,Situation maîtrisée
135.25,174.0,18.1,SAFE,2,moteur:physique,Situation maîtrisée
135.30,174.3,18.2,SAFE,2,moteur:physique,Situation maîtrisée
135.35,174.5,16.2,SAFE,2,moteur:physique,Situation maîtrisée
135.40,174.7,12.9,SAFE,2,moteur:physique,Situation maîtrisée
135.45,174.9,9.5,SAFE,2,moteur:physique,Situation maîtrisée
135.50,175.0,6.2,SAFE,2,moteur:physique,Situation maîtrisée
135.55,175.0,2.4,SAFE,2,moteur:physique,Situation maîtrisée
135.60,175.0,0.0,SAFE,2,moteur:physique,Situation maîtrisée
135.65,175.0,0.0,SAFE,2,moteur:physique,Situation maîtrisée
135.70,175.0,0.0,SAFE,2,moteur:physique,Situation maîtrisée
135.75,175.0,0.0,SAFE,2,moteur:physique,Situation maîtrisée
135.80,175.0,0.0,SAFE,2,moteur:physique,Situation maîtrisée
135.85,175.0,0.0,SAFE,2,moteur:physique,Situation maîtrisée
135.90,175.0,0.0,SAFE,2,moteur:physique,Situation maîtrisée
135.95,175.0,0.0,SAFE,2,moteur:physique,Situation maîtrisée
136.00,175.0,0.0,SAFE,2,moteur:physique,Situation maîtrisée
136.05,175.0,0.0,SAFE,2,moteur:physique,Situation maîtrisée
136.10,175.0,0.0,SAFE,2,moteur:physique,Situation maîtrisée
136.15,175.0,0.0,SAFE,2,,Situation maîtrisée
136.20,175.0,0.0,SAFE,2,,Situation maîtrisée
136.25,175.0,0.0,SAFE,2,,Situation maîtrisée
136.30,175.0,0.3,SAFE,2,,Situation maîtrisée
136.35,175.0,0.7,SAFE,2,,Situation maîtrisée
136.40,175.1,1.4,SAFE,2,,Situation maîtrisée
136.45,175.1,2.2,SAFE,2,,Situation maîtrisée
136.50,175.1,2.9,SAFE,1,,Situation maîtrisée
136.55,175.2,3.6,SAFE,1,,Situation maîtrisée
136.60,175.2,4.4,SAFE,1,,Situation maîtrisée
136.65,175.3,5.2,SAFE,1,,Situation maîtrisée
136.70,175.4,6.0,SAFE,1,,Situation maîtrisée
136.75,175.5,6.9,SAFE,1,,Situation maîtrisée
136.80,175.6,7.7,SAFE,1,,Situation maîtrisée
136.85,175.7,8.6,SAFE,1,,Situation maîtrisée
136.90,175.8,9.4,SAFE,1,,Situation maîtrisée
136.95,175.9,10.3,SAFE,1,,Situation maîtrisée
137.00,176.1,11.1,SAFE,1,,Situation maîtrisée
137.05,176.3,11.8,SAFE,1,,Situation maîtrisée
137.10,176.4,12.5,SAFE,1,,Situation maîtrisée
137.15,176.6,13.2,SAFE,1,,Situation maîtrisée
137.20,176.8,13.8,SAFE,1,,Situation maîtrisée
137.25,177.0,14.4,SAFE,1,,Situation maîtrisée
137.30,177.2,14.9,SAFE,1,,Situation maîtrisée
137.35,177.4,15.4,SAFE,1,,Situation maîtrisée
137.40,177.6,15.9,SAFE,1,,Situation maîtrisée
137.45,177.8,16.3,SAFE,1,,Situation maîtrisée
137.50,178.1,16.7,SAFE,1,,Situation maîtrisée
137.55,178.3,17.0,SAFE,1,,Situation maîtrisée
137.60,178.6,17.3,SAFE,1,,Situation maîtrisée
137.65,178.8,17.6,SAFE,1,,Situation maîtrisée
137.70,179.0,17.9,SAFE,1,,Situation maîtrisée
137.75,179.3,18.2,SAFE,1,,Situation maîtrisée
137.80,179.5,18.4,SAFE,1,,Situation maîtrisée
137.85,179.8,18.1,SAFE,1,,Situation maîtrisée
137.90,180.1,18.4,SAFE,1,,Situation maîtrisée
137.95,180.3,18.1,SAFE,1,,Situation maîtrisée
138.00,180.6,18.2,SAFE,1,,Situation maîtrisée
138.05,180.8,18.3,SAFE,0,,Voie libre
138.10,181.1,18.3,SAFE,0,,Voie libre
138.15,181.3,18.1,SAFE,0,,Voie libre
138.20,181.6,18.1,SAFE,0,,Voie libre
138.25,181.8,18.1,SAFE,0,,Voie libre
138.30,182.1,18.2,SAFE,0,,Voie libre
138.35,182.3,18.1,SAFE,0,,Voie libre
138.40,182.6,18.3,SAFE,0,,Voie libre
138.45,182.8,18.2,SAFE,0,,Voie libre
138.50,183.1,18.4,SAFE,0,,Voie libre
138.55,183.3,18.4,SAFE,0,,Voie libre
138.60,183.6,18.6,SAFE,0,,Voie libre
138.65,183.9,18.6,SAFE,0,,Voie libre
138.70,184.1,18.7,SAFE,0,,Voie libre
138.75,184.4,18.7,SAFE,0,,Voie libre
138.80,184.6,18.9,SAFE,0,,Voie libre
138.85,184.9,18.9,SAFE,0,,Voie libre
138.90,185.2,19.0,SAFE,0,,Voie libre
138.95,185.4,19.0,SAFE,0,,Voie libre
139.00,185.7,19.1,SAFE,0,,Voie libre
139.05,186.0,19.1,SAFE,0,,Voie libre
139.10,186.2,19.2,SAFE,0,,Voie libre
139.15,186.5,19.2,SAFE,0,,Voie libre
139.20,186.8,19.3,SAFE,0,,Voie libre
139.25,187.0,19.3,SAFE,0,,Voie libre
139.30,187.3,19.4,SAFE,0,,Voie libre
139.35,187.6,19.4,SAFE,0,,Voie libre
139.40,187.8,19.5,SAFE,0,,Voie libre
139.45,188.1,19.4,SAFE,0,,Voie libre
139.50,188.4,19.5,SAFE,0,,Voie libre
139.55,188.6,19.5,SAFE,0,,Voie libre
139.60,188.9,19.6,SAFE,0,,Voie libre
139.65,189.2,19.5,SAFE,0,,Voie libre
139.70,189.5,19.6,SAFE,0,,Voie libre
139.75,189.7,19.6,SAFE,0,,Voie libre
139.80,190.0,19.6,SAFE,0,,Voie libre
139.85,190.3,19.6,SAFE,0,,Voie libre
139.90,190.5,19.7,SAFE,0,,Voie libre
139.95,190.8,19.6,SAFE,0,,Voie libre
140.00,191.1,19.7,SAFE,0,,Voie libre
140.05,191.4,19.6,SAFE,0,,Voie libre
140.10,191.6,19.7,SAFE,0,,Voie libre
140.15,191.9,19.6,SAFE,0,,Voie libre
140.20,192.2,19.7,SAFE,0,,Voie libre
140.25,192.5,19.7,SAFE,0,,Voie libre
140.30,192.7,19.7,SAFE,0,,Voie libre
140.35,193.0,19.7,SAFE,0,,Voie libre
140.40,193.3,19.8,SAFE,0,,Voie libre
140.45,193.6,19.7,SAFE,0,,Voie libre
140.50,193.8,19.8,SAFE,0,,Voie libre
140.55,194.1,19.7,SAFE,0,,Voie libre
140.60,194.4,19.8,SAFE,0,,Voie libre
140.65,194.7,19.7,SAFE,0,,Voie libre
140.70,194.9,19.8,SAFE,0,,Voie libre
140.75,195.2,19.7,SAFE,0,,Voie libre
140.80,195.5,19.8,SAFE,0,,Voie libre
140.85,195.7,19.7,SAFE,0,,Voie libre
140.90,196.0,19.8,SAFE,0,,Voie libre
140.95,196.3,19.7,SAFE,0,,Voie libre
141.00,196.6,19.8,SAFE,0,,Voie libre
141.05,196.8,19.7,SAFE,0,,Voie libre
141.10,197.1,19.8,SAFE,0,,Voie libre
141.15,197.4,19.7,SAFE,0,,Voie libre
141.20,197.7,19.8,SAFE,0,,Voie libre
141.25,197.9,19.7,SAFE,0,,Voie libre
141.30,198.2,19.8,SAFE,0,,Voie libre
141.35,198.5,19.7,SAFE,0,,Voie libre
141.40,198.8,19.8,SAFE,0,,Voie libre
141.45,199.0,19.7,SAFE,0,,Voie libre
141.50,199.3,19.8,SAFE,0,,Voie libre
141.55,199.6,19.7,SAFE,0,,Voie libre
141.60,199.9,19.8,SAFE,0,,Voie libre
141.65,200.1,19.7,SAFE,0,,Voie libre
141.70,200.4,19.8,SAFE,0,,Voie libre
141.75,200.7,19.7,SAFE,0,,Voie libre
141.80,201.0,19.8,SAFE,0,,Voie libre
141.85,201.2,19.7,SAFE,0,,Voie libre
141.90,201.5,19.8,SAFE,0,,Voie libre
141.95,201.8,19.7,SAFE,0,,Voie libre
142.00,202.1,19.8,SAFE,0,,Voie libre
142.05,202.3,19.7,SAFE,0,,Voie libre
142.10,202.6,19.8,SAFE,0,,Voie libre
142.15,202.9,19.7,SAFE,0,,Voie libre
142.20,203.2,19.8,SAFE,0,,Voie libre
142.25,203.4,19.7,SAFE,0,,Voie libre
142.30,203.7,19.8,SAFE,0,,Voie libre
142.35,204.0,19.7,SAFE,0,,Voie libre
142.40,204.3,19.8,SAFE,0,,Voie libre
142.45,204.5,19.7,SAFE,0,,Voie libre
142.50,204.8,19.8,SAFE,0,,Voie libre
142.55,205.1,19.7,SAFE,0,,Voie libre
142.60,205.4,19.8,SAFE,0,,Voie libre
142.65,205.6,19.7,SAFE,0,,Voie libre
142.70,205.9,19.8,SAFE,0,,Voie libre
142.75,206.2,19.7,SAFE,0,,Voie libre
142.80,206.5,19.8,SAFE,0,,Voie libre
142.85,206.7,19.7,SAFE,0,,Voie libre
142.90,207.0,19.8,SAFE,0,,Voie libre
142.95,207.3,19.7,SAFE,0,,Voie libre
143.00,207.5,19.8,SAFE,0,,Voie libre
143.05,207.8,19.7,SAFE,0,,Voie libre
143.10,208.1,19.8,SAFE,0,,Voie libre
143.15,208.4,19.7,SAFE,0,,Voie libre
143.20,208.6,19.8,SAFE,0,,Voie libre
143.25,208.9,19.7,SAFE,0,,Voie libre
143.30,209.2,19.8,SAFE,0,,Voie libre
143.35,209.5,19.7,SAFE,0,,Voie libre
143.40,209.7,19.8,SAFE,0,,Voie libre
143.45,210.0,19.7,SAFE,0,,Voie libre
143.50,210.3,19.8,SAFE,0,,Voie libre
143.55,210.6,19.7,SAFE,0,,Voie libre
143.60,210.8,19.8,SAFE,0,,Voie libre
143.65,211.1,19.7,SAFE,0,,Voie libre
143.70,211.4,19.8,SAFE,0,,Voie libre
143.75,211.7,19.7,SAFE,0,,Voie libre
143.80,211.9,19.8,SAFE,0,,Voie libre
143.85,212.2,19.7,SAFE,0,,Voie libre
143.90,212.5,19.8,SAFE,0,,Voie libre
143.95,212.8,19.7,SAFE,0,,Voie libre
144.00,213.0,19.8,SAFE,0,,Voie libre
144.05,213.3,19.7,SAFE,0,,Voie libre
144.10,213.6,19.8,SAFE,0,,Voie libre
144.15,213.9,19.7,SAFE,0,,Voie libre
144.20,214.1,19.8,SAFE,0,,Voie libre
144.25,214.4,19.7,SAFE,0,,Voie libre
144.30,214.7,19.8,SAFE,0,,Voie libre
144.35,215.0,19.7,SAFE,0,,Voie libre
144.40,215.2,19.8,SAFE,0,,Voie libre
144.45,215.5,19.7,SAFE,0,,Voie libre
144.50,215.8,19.8,SAFE,0,,Voie libre
144.55,216.1,19.7,SAFE,0,,Voie libre
144.60,216.3,19.8,SAFE,0,,Voie libre
144.65,216.6,19.7,SAFE,0,,Voie libre
144.70,216.9,19.8,SAFE,0,,Voie libre
144.75,217.2,19.7,SAFE,0,,Voie libre
144.80,217.4,19.8,SAFE,1,,Situation maîtrisée
144.85,217.7,19.7,SAFE,1,,Situation maîtrisée
144.90,218.0,19.8,SAFE,1,,Situation maîtrisée
144.95,218.3,19.7,SAFE,1,,Situation maîtrisée
145.00,218.5,19.8,SAFE,1,,Situation maîtrisée
145.05,218.8,19.7,SAFE,1,,Situation maîtrisée
145.10,219.1,19.8,SAFE,1,,Situation maîtrisée
145.15,219.4,19.7,SAFE,2,,Situation maîtrisée
145.20,219.6,19.8,SAFE,2,,Situation maîtrisée
145.25,219.9,19.7,SAFE,2,,Situation maîtrisée
145.30,220.2,19.8,SAFE,2,,Situation maîtrisée
145.35,220.4,19.7,SAFE,2,,Situation maîtrisée
145.40,220.7,19.8,SAFE,2,,Situation maîtrisée
145.45,221.0,19.7,SAFE,2,,Situation maîtrisée
145.50,221.3,19.8,SAFE,2,,Situation maîtrisée
145.55,221.5,19.7,SAFE,2,,Situation maîtrisée
145.60,221.8,19.8,SAFE,2,,Situation maîtrisée
145.65,222.1,19.7,SAFE,2,,Situation maîtrisée
145.70,222.4,19.8,SAFE,2,,Situation maîtrisée
145.75,222.6,19.7,SAFE,2,,Situation maîtrisée
145.80,222.9,19.8,SAFE,2,,Situation maîtrisée
145.85,223.2,19.7,SAFE,2,,Situation maîtrisée
145.90,223.5,19.8,SAFE,2,,Situation maîtrisée
145.95,223.7,19.7,SAFE,2,,Situation maîtrisée
146.00,224.0,19.8,SAFE,2,,Situation maîtrisée
146.05,224.3,19.7,SAFE,2,,Situation maîtrisée
146.10,224.6,19.8,SAFE,2,,Situation maîtrisée
146.15,224.8,19.7,SAFE,2,,Situation maîtrisée
146.20,225.1,19.8,SAFE,2,,Situation maîtrisée
146.25,225.4,19.7,SAFE,2,,Situation maîtrisée
146.30,225.7,19.8,SAFE,3,,Situation maîtrisée
146.35,225.9,19.7,SAFE,3,,Situation maîtrisée
146.40,226.2,19.8,SAFE,3,,Situation maîtrisée
146.45,226.5,19.7,SAFE,3,,Situation maîtrisée
146.50,226.8,19.8,SAFE,3,,Situation maîtrisée
146.55,227.0,19.7,SAFE,3,,Situation maîtrisée
146.60,227.3,19.8,SAFE,3,,Situation maîtrisée
146.65,227.6,19.7,SAFE,3,,Situation maîtrisée
146.70,227.9,19.8,SAFE,3,,Situation maîtrisée
146.75,228.1,19.7,SAFE,3,,Situation maîtrisée
146.80,228.4,19.8,SAFE,3,,Situation maîtrisée
146.85,228.7,19.7,SAFE,3,,Situation maîtrisée
146.90,229.0,19.8,SAFE,3,,Situation maîtrisée
146.95,229.2,19.7,SAFE,3,,Situation maîtrisée
147.00,229.5,19.8,SAFE,3,,Situation maîtrisée
147.05,229.8,19.7,SAFE,3,,Situation maîtrisée
147.10,230.1,19.8,SAFE,3,,Situation maîtrisée
147.15,230.3,19.7,SAFE,4,,Situation maîtrisée
147.20,230.6,19.8,SAFE,4,,Situation maîtrisée
147.25,230.9,19.7,SAFE,4,,Situation maîtrisée
147.30,231.2,19.8,SAFE,4,,Situation maîtrisée
147.35,231.4,19.7,SAFE,4,,Situation maîtrisée
147.40,231.7,19.8,SAFE,4,,Situation maîtrisée
147.45,232.0,19.7,SAFE,4,,Situation maîtrisée
147.50,232.3,19.8,SAFE,4,,Situation maîtrisée
147.55,232.5,19.7,SAFE,4,,Situation maîtrisée
147.60,232.8,19.8,SAFE,4,,Situation maîtrisée
147.65,233.1,19.7,SAFE,4,,Situation maîtrisée
147.70,233.4,19.8,SAFE,4,,Situation maîtrisée
147.75,233.6,19.7,SAFE,4,,Situation maîtrisée
147.80,233.9,19.8,SAFE,4,,Situation maîtrisée
147.85,234.2,19.7,SAFE,4,,Situation maîtrisée
147.90,234.4,19.8,SAFE,4,,Situation maîtrisée
147.95,234.7,19.7,SAFE,4,,Situation maîtrisée
148.00,235.0,19.8,SAFE,4,,Situation maîtrisée
148.05,235.3,19.7,SAFE,4,,Situation maîtrisée
148.10,235.5,19.8,SAFE,4,,Situation maîtrisée
148.15,235.8,19.7,SAFE,4,,Situation maîtrisée
148.20,236.1,19.8,SAFE,4,,Situation maîtrisée
148.25,236.4,19.7,SAFE,4,,Situation maîtrisée
148.30,236.6,19.8,SAFE,4,,Situation maîtrisée
148.35,236.9,19.7,SAFE,4,,Situation maîtrisée
148.40,237.2,19.8,SAFE,4,,Situation maîtrisée
148.45,237.5,19.7,SAFE,4,,Situation maîtrisée
148.50,237.7,19.8,SAFE,4,,Situation maîtrisée
148.55,238.0,19.7,SAFE,4,,Situation maîtrisée
148.60,238.3,19.8,SAFE,4,,Situation maîtrisée
148.65,238.6,19.7,SAFE,4,,Situation maîtrisée
148.70,238.8,19.8,SAFE,4,,Situation maîtrisée
148.75,239.1,19.7,SAFE,4,,Situation maîtrisée
148.80,239.4,19.8,SAFE,4,,Situation maîtrisée
148.85,239.7,19.7,SAFE,4,,Situation maîtrisée
148.90,239.9,19.8,SAFE,4,moteur:physique,Situation maîtrisée
148.95,240.2,19.6,SAFE,4,moteur:physique,Situation maîtrisée
149.00,240.5,19.5,SAFE,4,moteur:physique,Situation maîtrisée
149.05,240.8,19.1,SAFE,4,moteur:physique,Situation maîtrisée
149.10,241.0,18.8,SAFE,4,moteur:physique,Situation maîtrisée
149.15,241.3,18.3,SAFE,4,moteur:physique,Situation maîtrisée
149.20,241.5,18.0,SAFE,4,moteur:physique,Situation maîtrisée
149.25,241.8,17.7,SAFE,4,moteur:physique,Situation maîtrisée
149.30,242.0,17.4,SAFE,4,moteur:physique,Situation maîtrisée
149.35,242.3,17.0,SAFE,4,moteur:physique,Situation maîtrisée
149.40,242.5,16.5,SAFE,4,,Situation maîtrisée
149.45,242.7,16.3,SAFE,4,,Situation maîtrisée
149.50,242.9,16.2,SAFE,4,,Situation maîtrisée
149.55,243.2,16.3,SAFE,4,,Situation maîtrisée
149.60,243.4,16.5,SAFE,4,,Situation maîtrisée
149.65,243.6,16.7,SAFE,4,,Situation maîtrisée
149.70,243.9,17.0,SAFE,4,,Situation maîtrisée
149.75,244.1,17.3,SAFE,4,,Situation maîtrisée
149.80,244.3,17.6,SAFE,4,,Situation maîtrisée
149.85,244.6,17.9,SAFE,4,,Situation maîtrisée
149.90,244.8,18.1,SAFE,4,,Situation maîtrisée
149.95,245.1,18.3,SAFE,4,,Situation maîtrisée
150.00,245.3,18.2,SAFE,4,,Situation maîtrisée
150.05,245.6,18.2,SAFE,4,,Situation maîtrisée
150.10,245.8,18.2,SAFE,4,,Situation maîtrisée
150.15,246.1,18.3,SAFE,4,,Situation maîtrisée
150.20,246.4,18.3,SAFE,4,,Situation maîtrisée
150.25,246.6,18.1,SAFE,4,,Situation maîtrisée
150.30,246.9,18.3,SAFE,4,,Situation maîtrisée
150.35,247.1,18.1,SAFE,4,,Situation maîtrisée
150.40,247.4,18.7,SAFE,4,,Situation maîtrisée
150.45,247.6,18.7,SAFE,4,,Situation maîtrisée
150.50,247.9,18.7,SAFE,4,,Situation maîtrisée
150.55,248.1,18.5,SAFE,4,,Situation maîtrisée
150.60,248.4,18.6,SAFE,3,,Situation maîtrisée
150.65,248.7,18.5,SAFE,3,moteur:physique,Situation maîtrisée
150.70,248.9,18.6,SAFE,4,moteur:physique,Situation maîtrisée
150.75,249.2,18.4,SAFE,4,moteur:physique,Situation maîtrisée
150.80,249.4,18.2,SAFE,4,moteur:physique,Situation maîtrisée
150.85,249.7,18.1,SAFE,4,moteur:physique,Situation maîtrisée
150.90,249.9,17.2,SAFE,4,moteur:physique,Situation maîtrisée
150.95,250.1,14.5,SAFE,3,moteur:physique,Situation maîtrisée
151.00,250.3,11.7,SAFE,3,moteur:physique,Situation maîtrisée
151.05,250.5,8.9,SAFE,3,moteur:physique,Situation maîtrisée
151.10,250.6,6.2,SAFE,3,moteur:physique,Situation maîtrisée
151.15,250.6,2.8,SAFE,3,moteur:physique,Situation maîtrisée
151.20,250.6,0.0,SAFE,3,moteur:physique,Situation maîtrisée
151.25,250.6,0.0,SAFE,3,moteur:physique,Situation maîtrisée
151.30,250.6,0.0,SAFE,3,moteur:physique,Situation maîtrisée
151.35,250.6,0.0,SAFE,3,moteur:physique,Situation maîtrisée
151.40,250.6,0.0,SAFE,3,moteur:physique,Situation maîtrisée
151.45,250.6,0.0,SAFE,3,moteur:physique,Situation maîtrisée
151.50,250.6,0.0,SAFE,3,moteur:physique,Situation maîtrisée
151.55,250.6,0.0,SAFE,3,moteur:physique,Situation maîtrisée
151.60,250.6,0.0,SAFE,3,moteur:physique,Situation maîtrisée
151.65,250.6,0.0,SAFE,3,moteur:physique,Situation maîtrisée
151.70,250.6,0.0,SAFE,3,moteur:physique,Situation maîtrisée
151.75,250.6,0.0,SAFE,3,moteur:physique,Situation maîtrisée
151.80,250.6,0.0,SAFE,3,moteur:physique,Situation maîtrisée
151.85,250.6,0.0,SAFE,3,moteur:physique,Situation maîtrisée
151.90,250.6,0.0,SAFE,3,moteur:physique,Situation maîtrisée
151.95,250.6,0.0,SAFE,3,moteur:physique,Situation maîtrisée
152.00,250.6,0.0,SAFE,3,moteur:physique,Situation maîtrisée
152.05,250.6,0.0,SAFE,3,moteur:physique,Situation maîtrisée
152.10,250.6,0.0,SAFE,3,moteur:physique,Situation maîtrisée
152.15,250.6,0.0,SAFE,3,moteur:physique,Situation maîtrisée
152.20,250.6,0.0,SAFE,3,,Situation maîtrisée
152.25,250.6,0.0,SAFE,3,moteur:physique,Situation maîtrisée
152.30,250.6,0.0,SAFE,3,moteur:physique,Situation maîtrisée
152.35,250.6,0.0,SAFE,3,moteur:physique,Situation maîtrisée
152.40,250.6,0.0,SAFE,3,moteur:physique,Situation maîtrisée
152.45,250.6,0.0,SAFE,3,moteur:physique,Situation maîtrisée
152.50,250.6,0.0,SAFE,3,moteur:physique,Situation maîtrisée
152.55,250.6,0.0,SAFE,3,moteur:physique,Situation maîtrisée
152.60,250.6,0.0,SAFE,3,moteur:physique,Situation maîtrisée
152.65,250.6,0.0,SAFE,3,moteur:physique,Situation maîtrisée
152.70,250.6,0.0,SAFE,3,moteur:physique,Situation maîtrisée
152.75,250.6,0.0,SAFE,3,moteur:physique,Situation maîtrisée
152.80,250.6,0.0,SAFE,3,moteur:physique,Situation maîtrisée
152.85,250.6,0.0,SAFE,3,moteur:physique,Situation maîtrisée
152.90,250.6,0.0,SAFE,3,moteur:physique,Situation maîtrisée
152.95,250.6,0.0,SAFE,3,moteur:physique,Situation maîtrisée
153.00,250.6,0.0,SAFE,3,moteur:physique,Situation maîtrisée
153.05,250.6,0.0,SAFE,3,moteur:physique,Situation maîtrisée
153.10,250.6,0.0,SAFE,3,moteur:physique,Situation maîtrisée
153.15,250.6,0.0,SAFE,3,moteur:physique,Situation maîtrisée
153.20,250.6,0.0,SAFE,3,moteur:physique,Situation maîtrisée
153.25,250.6,0.0,SAFE,3,moteur:physique,Situation maîtrisée
153.30,250.6,0.0,SAFE,3,moteur:physique,Situation maîtrisée
153.35,250.6,0.0,SAFE,3,moteur:physique,Situation maîtrisée
153.40,250.6,0.0,SAFE,3,moteur:physique,Situation maîtrisée
153.45,250.6,0.0,SAFE,3,moteur:physique,Situation maîtrisée
153.50,250.6,0.0,SAFE,3,moteur:physique,Situation maîtrisée
153.55,250.6,0.0,SAFE,3,moteur:physique,Situation maîtrisée
153.60,250.6,0.0,SAFE,3,moteur:physique,Situation maîtrisée
153.65,250.6,0.0,SAFE,3,moteur:physique,Situation maîtrisée
153.70,250.6,0.0,SAFE,3,moteur:physique,Situation maîtrisée
153.75,250.6,0.0,SAFE,3,moteur:physique,Situation maîtrisée
153.80,250.6,0.0,SAFE,3,moteur:physique,Situation maîtrisée
153.85,250.6,0.0,SAFE,3,moteur:physique,Situation maîtrisée
153.90,250.6,0.0,SAFE,3,moteur:physique,Situation maîtrisée
153.95,250.6,0.0,SAFE,3,moteur:physique,Situation maîtrisée
154.00,250.6,0.0,SAFE,3,moteur:physique,Situation maîtrisée
154.05,250.6,0.0,SAFE,3,moteur:physique,Situation maîtrisée
154.10,250.6,0.0,SAFE,3,moteur:physique,Situation maîtrisée
154.15,250.6,0.0,SAFE,3,moteur:physique,Situation maîtrisée
154.20,250.6,0.0,SAFE,3,moteur:physique,Situation maîtrisée
154.25,250.6,0.0,SAFE,3,moteur:physique,Situation maîtrisée
154.30,250.6,0.0,SAFE,3,,Situation maîtrisée
154.35,250.6,0.0,SAFE,3,moteur:physique,Situation maîtrisée
154.40,250.6,0.0,SAFE,3,moteur:physique,Situation maîtrisée
154.45,250.6,0.0,SAFE,3,moteur:physique,Situation maîtrisée
154.50,250.6,0.0,SAFE,2,moteur:physique,Situation maîtrisée
154.55,250.6,0.0,SAFE,2,moteur:physique,Situation maîtrisée
154.60,250.6,0.0,SAFE,2,moteur:physique,Situation maîtrisée
154.65,250.6,0.0,SAFE,2,moteur:physique,Situation maîtrisée
154.70,250.6,0.0,SAFE,2,moteur:physique,Situation maîtrisée
154.75,250.6,0.0,SAFE,2,moteur:physique,Situation maîtrisée
154.80,250.6,0.0,SAFE,2,moteur:physique,Situation maîtrisée
154.85,250.6,0.0,SAFE,2,moteur:physique,Situation maîtrisée
154.90,250.6,0.0,SAFE,2,moteur:physique,Situation maîtrisée
154.95,250.6,0.0,SAFE,2,moteur:physique,Situation maîtrisée
155.00,250.6,0.0,SAFE,2,moteur:physique,Situation maîtrisée
155.05,250.6,0.0,SAFE,2,moteur:physique,Situation maîtrisée
155.10,250.6,0.0,SAFE,2,moteur:physique,Situation maîtrisée
155.15,250.6,0.0,SAFE,2,moteur:physique,Situation maîtrisée
155.20,250.6,0.0,SAFE,2,moteur:physique,Situation maîtrisée
155.25,250.6,0.0,SAFE,2,moteur:physique,Situation maîtrisée
155.30,250.6,0.0,SAFE,2,moteur:physique,Situation maîtrisée
155.35,250.6,0.0,SAFE,2,moteur:physique,Situation maîtrisée
155.40,250.6,0.0,SAFE,2,moteur:physique,Situation maîtrisée
155.45,250.6,0.0,SAFE,2,moteur:physique,Situation maîtrisée
155.50,250.6,0.0,SAFE,2,moteur:physique,Situation maîtrisée
155.55,250.6,0.0,SAFE,2,moteur:physique,Situation maîtrisée
155.60,250.6,0.0,SAFE,2,moteur:physique,Situation maîtrisée
155.65,250.6,0.0,SAFE,2,moteur:physique,Situation maîtrisée
155.70,250.6,0.0,SAFE,2,moteur:physique,Situation maîtrisée
155.75,250.6,0.0,SAFE,2,moteur:physique,Situation maîtrisée
155.80,250.6,0.0,SAFE,2,moteur:physique,Situation maîtrisée
155.85,250.6,0.0,SAFE,1,moteur:physique,Situation maîtrisée
155.90,250.6,0.0,SAFE,1,moteur:physique,Situation maîtrisée
155.95,250.6,0.0,SAFE,1,moteur:physique,Situation maîtrisée
156.00,250.6,0.0,SAFE,1,moteur:physique,Situation maîtrisée
156.05,250.6,0.0,SAFE,1,moteur:physique,Situation maîtrisée
156.10,250.6,0.0,SAFE,1,moteur:physique,Situation maîtrisée
156.15,250.6,0.0,SAFE,1,moteur:physique,Situation maîtrisée
156.20,250.6,0.0,SAFE,1,moteur:physique,Situation maîtrisée
156.25,250.6,0.0,SAFE,1,,Situation maîtrisée
156.30,250.6,0.0,SAFE,1,,Situation maîtrisée
156.35,250.6,0.0,SAFE,1,,Situation maîtrisée
156.40,250.6,0.3,SAFE,1,,Situation maîtrisée
156.45,250.6,0.6,SAFE,1,,Situation maîtrisée
156.50,250.7,1.4,SAFE,1,,Situation maîtrisée
156.55,250.7,2.0,SAFE,1,,Situation maîtrisée
156.60,250.7,2.8,SAFE,1,,Situation maîtrisée
156.65,250.8,3.8,SAFE,1,,Situation maîtrisée
156.70,250.8,4.5,SAFE,1,,Situation maîtrisée
156.75,250.9,5.1,SAFE,1,,Situation maîtrisée
156.80,251.0,6.1,SAFE,1,,Situation maîtrisée
156.85,251.1,6.9,SAFE,1,,Situation maîtrisée
156.90,251.2,7.7,SAFE,1,,Situation maîtrisée
156.95,251.3,8.5,SAFE,1,,Situation maîtrisée
157.00,251.4,9.3,SAFE,1,,Situation maîtrisée
157.05,251.5,10.1,SAFE,1,,Situation maîtrisée
157.10,251.7,10.9,SAFE,1,,Situation maîtrisée
157.15,251.8,11.7,SAFE,1,,Situation maîtrisée
157.20,252.0,12.5,SAFE,1,,Situation maîtrisée
157.25,252.2,13.2,SAFE,1,,Situation maîtrisée
157.30,252.4,13.8,SAFE,1,,Situation maîtrisée
157.35,252.6,14.4,SAFE,1,,Situation maîtrisée
157.40,252.8,15.0,SAFE,1,,Situation maîtrisée
157.45,253.0,15.5,SAFE,1,,Situation maîtrisée
157.50,253.2,15.9,SAFE,1,,Situation maîtrisée
157.55,253.4,16.3,SAFE,1,,Situation maîtrisée
157.60,253.7,16.7,SAFE,1,,Situation maîtrisée
157.65,253.9,17.1,SAFE,1,,Situation maîtrisée
157.70,254.1,17.4,SAFE,1,,Situation maîtrisée
157.75,254.4,17.7,SAFE,1,,Situation maîtrisée
157.80,254.6,18.0,SAFE,1,,Situation maîtrisée
157.85,254.9,18.2,SAFE,1,,Situation maîtrisée
157.90,255.1,18.3,SAFE,1,,Situation maîtrisée
157.95,255.4,18.1,SAFE,1,,Situation maîtrisée
158.00,255.6,18.3,SAFE,1,,Situation maîtrisée
158.05,255.9,18.1,SAFE,1,,Situation maîtrisée
158.10,256.2,18.3,SAFE,1,,Situation maîtrisée
158.15,256.4,18.4,SAFE,1,,Situation maîtrisée
158.20,256.7,18.2,SAFE,1,,Situation maîtrisée
158.25,256.9,18.2,SAFE,1,,Situation maîtrisée
158.30,257.2,18.1,SAFE,1,,Situation maîtrisée
158.35,257.4,18.1,SAFE,1,,Situation maîtrisée
158.40,257.7,18.1,SAFE,1,,Situation maîtrisée
158.45,257.9,18.2,SAFE,1,,Situation maîtrisée
158.50,258.2,18.2,SAFE,1,,Situation maîtrisée
158.55,258.4,18.3,SAFE,1,feu_rouge,SAFE : arret au feu rouge
158.60,258.7,18.2,SAFE,1,feu_rouge,SAFE : arret au feu rouge
158.65,258.9,18.1,SAFE,1,feu_rouge,SAFE : arret au feu rouge
158.70,259.2,17.9,SAFE,1,feu_rouge,SAFE : arret au feu rouge
158.75,259.4,17.6,SAFE,1,feu_rouge,SAFE : arret au feu rouge
158.80,259.7,17.0,SAFE,1,feu_rouge,SAFE : arret au feu rouge
158.85,259.9,16.3,SAFE,1,feu_rouge,SAFE : arret au feu rouge
158.90,260.1,15.6,SAFE,1,feu_rouge,SAFE : arret au feu rouge
158.95,260.3,14.9,SAFE,1,feu_rouge,SAFE : arret au feu rouge
159.00,260.5,14.1,SAFE,1,feu_rouge,SAFE : arret au feu rouge
159.05,260.7,13.4,SAFE,1,feu_rouge,SAFE : arret au feu rouge
159.10,260.9,12.6,SAFE,1,feu_rouge,SAFE : arret au feu rouge
159.15,261.1,11.9,SAFE,1,feu_rouge,SAFE : arret au feu rouge
159.20,261.2,11.2,SAFE,1,feu_rouge,SAFE : arret au feu rouge
159.25,261.4,10.5,SAFE,1,feu_rouge,SAFE : arret au feu rouge
159.30,261.5,9.8,SAFE,1,feu_rouge,SAFE : arret au feu rouge
159.35,261.6,9.2,SAFE,1,feu_rouge,SAFE : arret au feu rouge
159.40,261.8,8.5,SAFE,1,feu_rouge,SAFE : arret au feu rouge
159.45,261.9,7.8,SAFE,1,feu_rouge,SAFE : arret au feu rouge
159.50,262.0,6.5,SAFE,1,feu_rouge,SAFE : arret au feu rouge
159.55,262.0,1.7,SAFE,1,feu_rouge,SAFE : arret au feu rouge
159.60,262.0,0.0,SAFE,1,feu_rouge,SAFE : arret au feu rouge
159.65,262.0,0.0,SAFE,1,feu_rouge,SAFE : arret au feu rouge
159.70,262.0,0.0,SAFE,1,feu_rouge,SAFE : arret au feu rouge
159.75,262.0,0.0,SAFE,1,feu_rouge,SAFE : arret au feu rouge
159.80,262.0,0.0,SAFE,1,feu_rouge,SAFE : arret au feu rouge
159.85,262.0,0.0,SAFE,1,feu_rouge,SAFE : arret au feu rouge
159.90,262.0,0.0,SAFE,1,feu_rouge,SAFE : arret au feu rouge
159.95,262.0,0.0,SAFE,1,feu_rouge,SAFE : arret au feu rouge
160.00,262.0,0.0,SAFE,1,feu_rouge,SAFE : arret au feu rouge
160.05,262.0,0.0,SAFE,1,feu_rouge,SAFE : arret au feu rouge
160.10,262.0,0.0,SAFE,1,feu_rouge,SAFE : arret au feu rouge
160.15,262.0,0.0,SAFE,1,feu_rouge,SAFE : arret au feu rouge
160.20,262.0,0.0,SAFE,1,feu_rouge,SAFE : arret au feu rouge
160.25,262.0,0.0,SAFE,1,feu_rouge,SAFE : arret au feu rouge
160.30,262.0,0.0,SAFE,1,feu_rouge,SAFE : arret au feu rouge
160.35,262.0,0.0,SAFE,1,feu_rouge,SAFE : arret au feu rouge
160.40,262.0,0.0,SAFE,1,feu_rouge,SAFE : arret au feu rouge
160.45,262.0,0.0,SAFE,1,feu_rouge,SAFE : arret au feu rouge
160.50,262.0,0.0,SAFE,1,feu_rouge,SAFE : arret au feu rouge
160.55,262.0,0.0,SAFE,1,feu_rouge,SAFE : arret au feu rouge
160.60,262.0,0.0,SAFE,1,feu_rouge,SAFE : arret au feu rouge
160.65,262.0,0.0,SAFE,1,feu_rouge,SAFE : arret au feu rouge
160.70,262.0,0.0,SAFE,1,feu_rouge,SAFE : arret au feu rouge
160.75,262.0,0.0,SAFE,1,feu_rouge,SAFE : arret au feu rouge
160.80,262.0,0.0,SAFE,1,feu_rouge,SAFE : arret au feu rouge
160.85,262.0,0.0,SAFE,1,feu_rouge,SAFE : arret au feu rouge
160.90,262.0,0.0,SAFE,1,feu_rouge,SAFE : arret au feu rouge
160.95,262.0,0.0,SAFE,1,,Situation maîtrisée
161.00,262.0,0.0,SAFE,1,,Situation maîtrisée
161.05,262.0,0.0,SAFE,1,,Situation maîtrisée
161.10,262.0,0.3,SAFE,1,,Situation maîtrisée
161.15,262.0,0.6,SAFE,1,,Situation maîtrisée
161.20,262.1,1.3,SAFE,1,,Situation maîtrisée
161.25,262.1,2.2,SAFE,1,,Situation maîtrisée
161.30,262.1,2.9,SAFE,1,,Situation maîtrisée
161.35,262.2,3.7,SAFE,1,,Situation maîtrisée
161.40,262.2,4.4,SAFE,1,,Situation maîtrisée
161.45,262.3,5.2,SAFE,1,,Situation maîtrisée
161.50,262.4,6.0,SAFE,1,,Situation maîtrisée
161.55,262.5,6.8,SAFE,1,,Situation maîtrisée
161.60,262.6,7.6,SAFE,1,,Situation maîtrisée
161.65,262.7,8.4,SAFE,1,,Situation maîtrisée
161.70,262.8,9.3,SAFE,1,,Situation maîtrisée
161.75,262.9,10.1,SAFE,1,,Situation maîtrisée
161.80,263.1,10.9,SAFE,1,,Situation maîtrisée
161.85,263.2,11.7,SAFE,1,,Situation maîtrisée
161.90,263.4,12.4,SAFE,1,,Situation maîtrisée
161.95,263.6,13.1,SAFE,1,,Situation maîtrisée
162.00,263.8,13.7,SAFE,1,,Situation maîtrisée
162.05,264.0,14.2,SAFE,1,,Situation maîtrisée
162.10,264.2,14.6,SAFE,1,,Situation maîtrisée
162.15,264.4,15.0,SAFE,1,,Situation maîtrisée
162.20,264.6,15.2,SAFE,1,,Situation maîtrisée
162.25,264.8,15.4,SAFE,1,,Situation maîtrisée
162.30,265.0,15.6,SAFE,1,,Situation maîtrisée
162.35,265.2,15.6,SAFE,1,,Situation maîtrisée
162.40,265.4,15.4,SAFE,1,,Situation maîtrisée
162.45,265.6,15.4,SAFE,2,,Situation maîtrisée
162.50,265.9,15.5,SAFE,2,,Situation maîtrisée
162.55,266.1,15.6,SAFE,2,,Situation maîtrisée
162.60,266.3,15.7,SAFE,2,,Situation maîtrisée
162.65,266.5,15.7,SAFE,2,,Situation maîtrisée
162.70,266.7,15.5,SAFE,2,,Situation maîtrisée
162.75,266.9,15.5,SAFE,2,,Situation maîtrisée
162.80,267.1,15.6,SAFE,2,,Situation maîtrisée
162.85,267.4,15.7,SAFE,2,,Situation maîtrisée
162.90,267.6,15.8,SAFE,2,,Situation maîtrisée
162.95,267.8,15.8,SAFE,2,,Situation maîtrisée
163.00,268.0,15.7,SAFE,2,,Situation maîtrisée
163.05,268.2,15.7,SAFE,3,,Situation maîtrisée
163.10,268.4,15.8,SAFE,3,,Situation maîtrisée
163.15,268.7,15.9,SAFE,3,,Situation maîtrisée
163.20,268.9,16.0,SAFE,3,,Situation maîtrisée
163.25,269.1,16.0,SAFE,3,,Situation maîtrisée
163.30,269.3,15.9,SAFE,3,,Situation maîtrisée
163.35,269.5,16.0,SAFE,3,,Situation maîtrisée
163.40,269.8,16.1,SAFE,4,,Situation maîtrisée
163.45,270.0,16.2,SAFE,4,,Situation maîtrisée
163.50,270.2,16.3,SAFE,4,,Situation maîtrisée
163.55,270.4,16.5,SAFE,4,,Situation maîtrisée
163.60,270.7,16.4,SAFE,5,,Situation maîtrisée
163.65,270.9,16.5,SAFE,5,,Situation maîtrisée
163.70,271.1,16.5,SAFE,5,,Situation maîtrisée
163.75,271.3,16.7,SAFE,5,,Situation maîtrisée
163.80,271.6,16.8,SAFE,5,,Situation maîtrisée
163.85,271.8,16.9,SAFE,5,,Situation maîtrisée
163.90,272.0,17.1,SAFE,5,,Situation maîtrisée
163.95,272.3,17.1,SAFE,5,,Situation maîtrisée
164.00,272.5,17.2,SAFE,6,,Situation maîtrisée
164.05,272.8,17.3,SAFE,6,moteur:physique,Situation maîtrisée
164.10,273.0,17.3,SAFE,6,moteur:physique,Situation maîtrisée
164.15,273.2,17.1,SAFE,6,moteur:physique,Situation maîtrisée
164.20,273.5,16.8,SAFE,6,moteur:physique,Situation maîtrisée
164.25,273.7,16.5,SAFE,6,moteur:physique,Situation maîtrisée
164.30,273.9,16.2,SAFE,6,moteur:physique,Situation maîtrisée
164.35,274.2,15.8,SAFE,6,moteur:physique,Situation maîtrisée
164.40,274.4,15.5,SAFE,6,moteur:physique,Situation maîtrisée
164.45,274.6,15.1,SAFE,6,moteur:physique,Situation maîtrisée
164.50,274.8,14.7,SAFE,6,moteur:physique,Situation maîtrisée
164.55,275.0,14.4,SAFE,6,moteur:physique,Situation maîtrisée
164.60,275.2,14.1,SAFE,6,,Situation maîtrisée
164.65,275.4,13.8,SAFE,6,,Situation maîtrisée
164.70,275.6,13.7,SAFE,6,,Situation maîtrisée
164.75,275.8,13.9,SAFE,6,,Situation maîtrisée
164.80,276.0,14.2,SAFE,6,,Situation maîtrisée
164.85,276.2,14.5,SAFE,6,,Situation maîtrisée
164.90,276.4,14.9,SAFE,6,,Situation maîtrisée
164.95,276.6,15.3,SAFE,6,,Situation maîtrisée
165.00,276.8,15.6,SAFE,6,,Situation maîtrisée
165.05,277.0,16.0,SAFE,6,,Situation maîtrisée
165.10,277.2,16.3,SAFE,6,,Situation maîtrisée
165.15,277.5,16.6,SAFE,6,,Situation maîtrisée
165.20,277.7,16.9,SAFE,6,,Situation maîtrisée
165.25,277.9,17.1,SAFE,6,,Situation maîtrisée
165.30,278.2,17.4,SAFE,6,,Situation maîtrisée
165.35,278.4,17.6,SAFE,6,,Situation maîtrisée
165.40,278.7,17.8,SAFE,6,,Situation maîtrisée
165.45,278.9,18.0,SAFE,6,,Situation maîtrisée
165.50,279.2,18.2,SAFE,6,,Situation maîtrisée
165.55,279.4,18.1,SAFE,6,,Situation maîtrisée
165.60,279.7,18.0,SAFE,6,,Situation maîtrisée
165.65,279.9,18.1,SAFE,6,,Situation maîtrisée
165.70,280.2,18.2,SAFE,6,,Situation maîtrisée
165.75,280.4,18.0,SAFE,6,,Situation maîtrisée
165.80,280.7,18.3,SAFE,6,,Situation maîtrisée
165.85,280.9,18.1,SAFE,6,,Situation maîtrisée
165.90,281.2,18.3,SAFE,6,,Situation maîtrisée
165.95,281.4,18.6,SAFE,6,,Situation maîtrisée
166.00,281.7,18.4,SAFE,6,,Situation maîtrisée
166.05,281.9,18.6,SAFE,6,,Situation maîtrisée
166.10,282.2,18.2,SAFE,6,,Situation maîtrisée
166.15,282.5,18.7,SAFE,6,,Situation maîtrisée
166.20,282.7,18.5,SAFE,6,,Situation maîtrisée
166.25,283.0,18.8,SAFE,6,,Situation maîtrisée
166.30,283.2,18.5,SAFE,6,,Situation maîtrisée
166.35,283.5,18.9,SAFE,6,,Situation maîtrisée
166.40,283.8,18.8,SAFE,6,,Situation maîtrisée
166.45,284.0,19.0,SAFE,6,,Situation maîtrisée
166.50,284.3,18.7,SAFE,6,,Situation maîtrisée
166.55,284.5,19.1,SAFE,6,,Situation maîtrisée
166.60,284.8,18.9,SAFE,6,,Situation maîtrisée
166.65,285.1,19.2,SAFE,6,,Situation maîtrisée
166.70,285.3,18.8,SAFE,6,,Situation maîtrisée
166.75,285.6,19.3,SAFE,6,,Situation maîtrisée
166.80,285.9,19.1,SAFE,6,,Situation maîtrisée
166.85,286.1,19.3,SAFE,6,,Situation maîtrisée
166.90,286.4,19.0,SAFE,6,,Situation maîtrisée
166.95,286.7,19.4,SAFE,6,,Situation maîtrisée
167.00,286.9,19.2,SAFE,6,,Situation maîtrisée
167.05,287.2,19.5,SAFE,6,,Situation maîtrisée
167.10,287.5,19.2,SAFE,6,,Situation maîtrisée
167.15,287.7,19.5,SAFE,6,,Situation maîtrisée
167.20,288.0,19.2,SAFE,6,,Situation maîtrisée
167.25,288.3,19.5,SAFE,6,moteur:physique,Situation maîtrisée
167.30,288.5,18.7,SAFE,6,moteur:physique,Situation maîtrisée
167.35,288.8,17.6,SAFE,6,moteur:physique,Situation maîtrisée
167.40,289.0,16.4,SAFE,6,moteur:physique,Situation maîtrisée
167.45,289.2,15.1,SAFE,6,moteur:physique,Situation maîtrisée
167.50,289.4,13.7,SAFE,6,moteur:physique,Situation maîtrisée
167.55,289.6,12.3,SAFE,6,moteur:physique,Situation maîtrisée
167.60,289.8,10.9,SAFE,6,moteur:physique,Situation maîtrisée
167.65,289.9,9.4,SAFE,6,moteur:physique,Situation maîtrisée
167.70,290.0,8.0,SAFE,6,moteur:physique,Situation maîtrisée
167.75,290.1,6.5,SAFE,6,moteur:physique,Situation maîtrisée
167.80,290.2,4.8,SAFE,6,moteur:physique,Situation maîtrisée
167.85,290.2,0.6,SAFE,6,,Situation maîtrisée
167.90,290.3,1.1,SAFE,6,,Situation maîtrisée
167.95,290.3,1.8,SAFE,6,,Situation maîtrisée
168.00,290.3,2.2,SAFE,6,,Situation maîtrisée
168.05,290.3,3.0,SAFE,6,,Situation maîtrisée
168.10,290.4,3.7,SAFE,6,,Situation maîtrisée
168.15,290.4,4.5,SAFE,6,,Situation maîtrisée
168.20,290.5,5.2,SAFE,7,,Situation maîtrisée
168.25,290.6,6.2,SAFE,7,,Situation maîtrisée
168.30,290.7,6.9,SAFE,7,,Situation maîtrisée
168.35,290.8,7.8,SAFE,7,,Situation maîtrisée
168.40,290.9,8.6,SAFE,7,,Situation maîtrisée
168.45,291.0,9.5,SAFE,7,,Situation maîtrisée
168.50,291.2,10.2,SAFE,7,,Situation maîtrisée
168.55,291.3,11.1,SAFE,7,,Situation maîtrisée
168.60,291.5,11.8,SAFE,7,,Situation maîtrisée
168.65,291.7,12.6,SAFE,7,,Situation maîtrisée
168.70,291.8,13.2,SAFE,7,,Situation maîtrisée
168.75,292.0,13.9,SAFE,8,,Situation maîtrisée
168.80,292.2,14.4,SAFE,8,,Situation maîtrisée
168.85,292.4,15.0,SAFE,8,,Situation maîtrisée
168.90,292.6,15.4,SAFE,8,,Situation maîtrisée
168.95,292.9,15.9,SAFE,9,,Situation maîtrisée
169.00,293.1,16.3,SAFE,9,,Situation maîtrisée
169.05,293.3,16.7,WATCH,9,moteur:proportionnel,FREINEZ — conflit non évitable par la seule vitesse
169.10,293.5,16.9,WATCH,9,moteur:proportionnel,FREINEZ — conflit non évitable par la seule vitesse
169.15,293.8,16.8,WATCH,8,moteur:proportionnel,FREINEZ — conflit non évitable par la seule vitesse
169.20,294.0,16.5,WATCH,8,moteur:proportionnel,FREINEZ — conflit non évitable par la seule vitesse
169.25,294.2,16.1,WATCH,8,moteur:proportionnel,FREINEZ — conflit non évitable par la seule vitesse
169.30,294.5,15.7,WATCH,8,moteur:proportionnel,FREINEZ — conflit non évitable par la seule vitesse
169.35,294.7,15.3,WATCH,8,moteur:proportionnel,FREINEZ — conflit non évitable par la seule vitesse
169.40,294.9,14.9,WATCH,8,moteur:proportionnel,FREINEZ — conflit non évitable par la seule vitesse
169.45,295.1,14.4,WATCH,8,moteur:proportionnel,FREINEZ — conflit non évitable par la seule vitesse
169.50,295.3,14.0,SAFE,7,,Situation maîtrisée
169.55,295.5,13.7,SAFE,7,,Situation maîtrisée
169.60,295.7,13.7,SAFE,8,,Situation maîtrisée
169.65,295.8,13.8,SAFE,8,,Situation maîtrisée
169.70,296.0,14.2,SAFE,8,,Situation maîtrisée
169.75,296.2,14.6,SAFE,8,,Situation maîtrisée
169.80,296.5,15.0,SAFE,8,,Situation maîtrisée
169.85,296.7,15.4,SAFE,8,,Situation maîtrisée
169.90,296.9,15.8,SAFE,8,,Situation maîtrisée
169.95,297.1,16.2,SAFE,8,,Situation maîtrisée
170.00,297.3,16.6,SAFE,8,,Situation maîtrisée
170.05,297.6,17.0,SAFE,8,,Situation maîtrisée
170.10,297.8,17.3,SAFE,8,,Situation maîtrisée
170.15,298.0,17.6,SAFE,8,,Situation maîtrisée
170.20,298.3,17.9,SAFE,8,,Situation maîtrisée
170.25,298.5,18.1,SAFE,8,,Situation maîtrisée
170.30,298.8,18.4,SAFE,8,,Situation maîtrisée
170.35,299.1,18.2,SAFE,8,,Situation maîtrisée
170.40,299.3,18.2,SAFE,8,,Situation maîtrisée
170.45,299.6,18.2,SAFE,8,,Situation maîtrisée
170.50,299.8,18.0,SAFE,8,,Situation maîtrisée
170.55,300.1,18.5,SAFE,8,,Situation maîtrisée
170.60,300.3,18.2,SAFE,8,,Situation maîtrisée
170.65,300.6,18.2,SAFE,8,,Situation maîtrisée
170.70,300.8,18.1,SAFE,8,,Situation maîtrisée
170.75,301.1,18.1,SAFE,7,,Situation maîtrisée
170.80,301.3,18.1,SAFE,7,,Situation maîtrisée
170.85,301.6,18.2,SAFE,7,,Situation maîtrisée
170.90,301.8,18.1,SAFE,7,,Situation maîtrisée
170.95,302.1,18.3,SAFE,7,,Situation maîtrisée
171.00,302.3,18.3,SAFE,7,,Situation maîtrisée
171.05,302.6,18.4,SAFE,7,,Situation maîtrisée
171.10,302.8,18.4,SAFE,7,,Situation maîtrisée
171.15,303.1,18.6,SAFE,7,,Situation maîtrisée
171.20,303.4,18.6,SAFE,7,,Situation maîtrisée
171.25,303.6,18.8,SAFE,7,,Situation maîtrisée
171.30,303.9,18.8,SAFE,7,,Situation maîtrisée
171.35,304.1,18.9,SAFE,7,,Situation maîtrisée
171.40,304.4,18.9,SAFE,7,,Situation maîtrisée
171.45,304.7,19.1,SAFE,7,,Situation maîtrisée
171.50,304.9,19.0,SAFE,7,,Situation maîtrisée
171.55,305.2,19.2,SAFE,7,,Situation maîtrisée
171.60,305.5,19.1,SAFE,8,,Situation maîtrisée
171.65,305.7,19.3,SAFE,6,,Situation maîtrisée
171.70,306.0,19.2,SAFE,6,,Situation maîtrisée
171.75,306.3,19.4,SAFE,6,,Situation maîtrisée
171.80,306.5,19.3,SAFE,6,,Situation maîtrisée
171.85,306.8,19.4,SAFE,6,,Situation maîtrisée
171.90,307.1,19.4,SAFE,6,,Situation maîtrisée
171.95,307.3,19.5,SAFE,6,,Situation maîtrisée
172.00,307.6,19.4,SAFE,7,,Situation maîtrisée
172.05,307.9,19.5,SAFE,7,,Situation maîtrisée
172.10,308.2,19.5,SAFE,7,feu_rouge,SAFE : arret au feu rouge
172.15,308.4,19.5,SAFE,7,feu_rouge,SAFE : arret au feu rouge
172.20,308.7,19.1,SAFE,7,feu_rouge,SAFE : arret au feu rouge
172.25,309.0,18.8,SAFE,7,feu_rouge,SAFE : arret au feu rouge
172.30,309.2,14.0,SAFE,7,feu_rouge,SAFE : arret au feu rouge
172.35,309.3,9.1,SAFE,7,feu_rouge,SAFE : arret au feu rouge
172.40,309.4,4.3,SAFE,7,feu_rouge,SAFE : arret au feu rouge
172.45,309.4,0.0,SAFE,7,feu_rouge,SAFE : arret au feu rouge
172.50,309.4,0.0,SAFE,7,feu_rouge,SAFE : arret au feu rouge
172.55,309.4,0.0,SAFE,7,feu_rouge,SAFE : arret au feu rouge
172.60,309.4,0.0,SAFE,7,feu_rouge,SAFE : arret au feu rouge
172.65,309.4,0.0,SAFE,7,feu_rouge,SAFE : arret au feu rouge
172.70,309.4,0.0,SAFE,7,feu_rouge,SAFE : arret au feu rouge
172.75,309.4,0.0,SAFE,7,feu_rouge,SAFE : arret au feu rouge
172.80,309.4,0.0,SAFE,7,feu_rouge,SAFE : arret au feu rouge
172.85,309.4,0.0,SAFE,7,feu_rouge,SAFE : arret au feu rouge
172.90,309.4,0.0,SAFE,7,feu_rouge,SAFE : arret au feu rouge
172.95,309.4,0.0,SAFE,7,feu_rouge,SAFE : arret au feu rouge
173.00,309.4,0.0,SAFE,7,feu_rouge,SAFE : arret au feu rouge
173.05,309.4,0.0,SAFE,7,feu_rouge,SAFE : arret au feu rouge
173.10,309.4,0.0,SAFE,7,feu_rouge,SAFE : arret au feu rouge
173.15,309.4,0.0,SAFE,7,feu_rouge,SAFE : arret au feu rouge
173.20,309.4,0.0,SAFE,7,feu_rouge,SAFE : arret au feu rouge
173.25,309.4,0.0,SAFE,7,feu_rouge,SAFE : arret au feu rouge
173.30,309.4,0.0,SAFE,7,feu_rouge,SAFE : arret au feu rouge
173.35,309.4,0.0,SAFE,7,feu_rouge,SAFE : arret au feu rouge
173.40,309.4,0.0,SAFE,7,feu_rouge,SAFE : arret au feu rouge
173.45,309.4,0.0,SAFE,7,feu_rouge,SAFE : arret au feu rouge
173.50,309.4,0.0,SAFE,7,feu_rouge,SAFE : arret au feu rouge
173.55,309.4,0.0,SAFE,7,feu_rouge,SAFE : arret au feu rouge
173.60,309.4,0.0,SAFE,7,feu_rouge,SAFE : arret au feu rouge
173.65,309.4,0.0,SAFE,7,feu_rouge,SAFE : arret au feu rouge
173.70,309.4,0.0,SAFE,7,feu_rouge,SAFE : arret au feu rouge
173.75,309.4,0.0,SAFE,7,feu_rouge,SAFE : arret au feu rouge
173.80,309.4,0.0,SAFE,7,feu_rouge,SAFE : arret au feu rouge
173.85,309.4,0.0,SAFE,7,feu_rouge,SAFE : arret au feu rouge
173.90,309.4,0.0,SAFE,7,feu_rouge,SAFE : arret au feu rouge
173.95,309.4,0.0,SAFE,7,feu_rouge,SAFE : arret au feu rouge
174.00,309.4,0.0,SAFE,7,feu_rouge,SAFE : arret au feu rouge
174.05,309.4,0.0,SAFE,7,feu_rouge,SAFE : arret au feu rouge
174.10,309.4,0.0,SAFE,7,feu_rouge,SAFE : arret au feu rouge
174.15,309.4,0.0,SAFE,7,feu_rouge,SAFE : arret au feu rouge
174.20,309.4,0.0,SAFE,7,feu_rouge,SAFE : arret au feu rouge
174.25,309.4,0.0,SAFE,7,feu_rouge,SAFE : arret au feu rouge
174.30,309.4,0.0,SAFE,7,feu_rouge,SAFE : arret au feu rouge
174.35,309.4,0.0,SAFE,7,feu_rouge,SAFE : arret au feu rouge
174.40,309.4,0.0,SAFE,7,feu_rouge,SAFE : arret au feu rouge
174.45,309.4,0.0,SAFE,7,feu_rouge,SAFE : arret au feu rouge
174.50,309.4,0.0,SAFE,7,feu_rouge,SAFE : arret au feu rouge
174.55,309.4,0.0,SAFE,7,feu_rouge,SAFE : arret au feu rouge
174.60,309.4,0.0,SAFE,7,feu_rouge,SAFE : arret au feu rouge
174.65,309.4,0.0,SAFE,7,feu_rouge,SAFE : arret au feu rouge
174.70,309.4,0.0,SAFE,7,feu_rouge,SAFE : arret au feu rouge
174.75,309.4,0.0,SAFE,7,feu_rouge,SAFE : arret au feu rouge
174.80,309.4,0.0,SAFE,6,feu_rouge,SAFE : arret au feu rouge
174.85,309.4,0.0,SAFE,5,feu_rouge,SAFE : arret au feu rouge
174.90,309.4,0.0,SAFE,5,feu_rouge,SAFE : arret au feu rouge
174.95,309.4,0.0,SAFE,5,feu_rouge,SAFE : arret au feu rouge
175.00,309.4,0.0,SAFE,5,feu_rouge,SAFE : arret au feu rouge
175.05,309.4,0.0,SAFE,5,feu_rouge,SAFE : arret au feu rouge
175.10,309.4,0.0,SAFE,5,feu_rouge,SAFE : arret au feu rouge
175.15,309.4,0.0,SAFE,5,feu_rouge,SAFE : arret au feu rouge
175.20,309.4,0.0,SAFE,5,feu_rouge,SAFE : arret au feu rouge
175.25,309.4,0.0,SAFE,5,feu_rouge,SAFE : arret au feu rouge
175.30,309.4,0.0,SAFE,5,feu_rouge,SAFE : arret au feu rouge
175.35,309.4,0.0,SAFE,5,feu_rouge,SAFE : arret au feu rouge
175.40,309.4,0.0,SAFE,5,feu_rouge,SAFE : arret au feu rouge
175.45,309.4,0.0,SAFE,5,feu_rouge,SAFE : arret au feu rouge
175.50,309.4,0.0,SAFE,5,feu_rouge,SAFE : arret au feu rouge
175.55,309.4,0.0,SAFE,5,feu_rouge,SAFE : arret au feu rouge
175.60,309.4,0.0,SAFE,5,feu_rouge,SAFE : arret au feu rouge
175.65,309.4,0.0,SAFE,5,feu_rouge,SAFE : arret au feu rouge
175.70,309.4,0.0,SAFE,5,feu_rouge,SAFE : arret au feu rouge
175.75,309.4,0.0,SAFE,5,feu_rouge,SAFE : arret au feu rouge
175.80,309.4,0.0,SAFE,5,feu_rouge,SAFE : arret au feu rouge
175.85,309.4,0.0,SAFE,5,feu_rouge,SAFE : arret au feu rouge
175.90,309.4,0.0,SAFE,5,feu_rouge,SAFE : arret au feu rouge
175.95,309.4,0.0,SAFE,5,feu_rouge,SAFE : arret au feu rouge
176.00,309.4,0.0,SAFE,5,feu_rouge,SAFE : arret au feu rouge
176.05,309.4,0.0,SAFE,5,feu_rouge,SAFE : arret au feu rouge
176.10,309.4,0.0,SAFE,5,feu_rouge,SAFE : arret au feu rouge
176.15,309.4,0.0,SAFE,5,feu_rouge,SAFE : arret au feu rouge
176.20,309.4,0.0,SAFE,5,feu_rouge,SAFE : arret au feu rouge
176.25,309.4,0.0,SAFE,5,feu_rouge,SAFE : arret au feu rouge
176.30,309.4,0.0,SAFE,5,feu_rouge,SAFE : arret au feu rouge
176.35,309.4,0.0,SAFE,5,feu_rouge,SAFE : arret au feu rouge
176.40,309.4,0.0,SAFE,5,feu_rouge,SAFE : arret au feu rouge
176.45,309.4,0.0,SAFE,5,feu_rouge,SAFE : arret au feu rouge
176.50,309.4,0.0,SAFE,5,feu_rouge,SAFE : arret au feu rouge
176.55,309.4,0.0,SAFE,5,feu_rouge,SAFE : arret au feu rouge
176.60,309.4,0.0,SAFE,5,feu_rouge,SAFE : arret au feu rouge
176.65,309.4,0.0,SAFE,5,feu_rouge,SAFE : arret au feu rouge
176.70,309.4,0.0,SAFE,5,feu_rouge,SAFE : arret au feu rouge
176.75,309.4,0.0,SAFE,5,feu_rouge,SAFE : arret au feu rouge
176.80,309.4,0.0,SAFE,5,feu_rouge,SAFE : arret au feu rouge
176.85,309.4,0.0,SAFE,5,feu_rouge,SAFE : arret au feu rouge
176.90,309.4,0.0,SAFE,5,feu_rouge,SAFE : arret au feu rouge
176.95,309.4,0.0,SAFE,5,feu_rouge,SAFE : arret au feu rouge
177.00,309.4,0.0,SAFE,5,feu_rouge,SAFE : arret au feu rouge
177.05,309.4,0.0,SAFE,5,,Situation maîtrisée
177.10,309.4,0.0,SAFE,5,,Situation maîtrisée
177.15,309.4,0.0,SAFE,5,,Situation maîtrisée
177.20,309.4,0.3,SAFE,5,,Situation maîtrisée
177.25,309.5,0.7,SAFE,5,,Situation maîtrisée
177.30,309.5,1.4,SAFE,5,,Situation maîtrisée
177.35,309.5,2.0,SAFE,5,,Situation maîtrisée
177.40,309.5,2.9,SAFE,5,,Situation maîtrisée
177.45,309.6,3.6,SAFE,5,,Situation maîtrisée
177.50,309.6,4.4,SAFE,5,,Situation maîtrisée
177.55,309.7,5.3,SAFE,5,,Situation maîtrisée
177.60,309.8,6.1,SAFE,5,,Situation maîtrisée
177.65,309.9,6.8,SAFE,5,,Situation maîtrisée
177.70,310.0,7.8,SAFE,5,,Situation maîtrisée
177.75,310.1,8.5,SAFE,5,,Situation maîtrisée
177.80,310.2,9.4,SAFE,5,,Situation maîtrisée
177.85,310.4,10.2,SAFE,5,,Situation maîtrisée
177.90,310.5,11.1,SAFE,5,,Situation maîtrisée
177.95,310.7,11.8,SAFE,5,,Situation maîtrisée
178.00,310.8,12.5,SAFE,5,,Situation maîtrisée
178.05,311.0,13.2,SAFE,5,,Situation maîtrisée
178.10,311.2,13.8,SAFE,5,,Situation maîtrisée
178.15,311.4,14.4,SAFE,6,,Situation maîtrisée
178.20,311.6,15.0,SAFE,6,,Situation maîtrisée
178.25,311.8,15.4,SAFE,6,,Situation maîtrisée
178.30,312.0,15.9,SAFE,6,,Situation maîtrisée
178.35,312.3,16.2,SAFE,6,,Situation maîtrisée
178.40,312.5,16.6,SAFE,6,,Situation maîtrisée
178.45,312.7,16.9,SAFE,6,,Situation maîtrisée
178.50,313.0,17.2,SAFE,6,,Situation maîtrisée
178.55,313.2,17.3,SAFE,6,,Situation maîtrisée
178.60,313.4,17.5,SAFE,6,,Situation maîtrisée
178.65,313.7,17.7,SAFE,6,,Situation maîtrisée
178.70,313.9,17.8,SAFE,6,,Situation maîtrisée
178.75,314.2,17.9,SAFE,6,,Situation maîtrisée
178.80,314.4,17.9,SAFE,6,,Situation maîtrisée
178.85,314.7,18.0,SAFE,6,,Situation maîtrisée
178.90,314.9,18.0,SAFE,6,,Situation maîtrisée
178.95,315.2,18.1,SAFE,6,,Situation maîtrisée
179.00,315.4,18.1,SAFE,6,,Situation maîtrisée
179.05,315.7,18.1,SAFE,6,,Situation maîtrisée
179.10,315.9,18.1,SAFE,6,,Situation maîtrisée
179.15,316.2,18.1,SAFE,6,,Situation maîtrisée
179.20,316.4,18.0,SAFE,6,,Situation maîtrisée
179.25,316.7,17.9,SAFE,6,,Situation maîtrisée
179.30,316.9,17.6,SAFE,6,,Situation maîtrisée
179.35,317.2,17.3,SAFE,6,,Situation maîtrisée
179.40,317.4,17.2,SAFE,6,,Situation maîtrisée
179.45,317.6,17.1,SAFE,6,,Situation maîtrisée
179.50,317.9,17.1,SAFE,6,,Situation maîtrisée
179.55,318.1,17.0,SAFE,6,,Situation maîtrisée
179.60,318.3,16.7,SAFE,6,,Situation maîtrisée
179.65,318.6,16.6,SAFE,6,,Situation maîtrisée
179.70,318.8,16.6,SAFE,6,,Situation maîtrisée
179.75,319.0,16.6,SAFE,6,,Situation maîtrisée
179.80,319.2,16.7,SAFE,6,,Situation maîtrisée
179.85,319.5,16.8,SAFE,6,,Situation maîtrisée
179.90,319.7,16.7,SAFE,6,,Situation maîtrisée
179.95,319.9,16.6,SAFE,6,,Situation maîtrisée
180.00,320.2,16.6,SAFE,6,,Situation maîtrisée
180.05,320.4,16.7,SAFE,6,,Situation maîtrisée
180.10,320.6,16.8,SAFE,6,,Situation maîtrisée
180.15,320.9,16.9,SAFE,6,,Situation maîtrisée
180.20,321.1,17.0,SAFE,6,,Situation maîtrisée
180.25,321.3,17.0,SAFE,6,,Situation maîtrisée
180.30,321.6,17.0,SAFE,6,,Situation maîtrisée
180.35,321.8,17.1,SAFE,7,,Situation maîtrisée
180.40,322.0,17.2,SAFE,7,,Situation maîtrisée
180.45,322.3,17.3,SAFE,7,,Situation maîtrisée
180.50,322.5,17.4,SAFE,7,,Situation maîtrisée
180.55,322.8,17.4,SAFE,7,,Situation maîtrisée
180.60,323.0,17.5,SAFE,7,,Situation maîtrisée
