t,distance_parcourue_m,vitesse_kmh,niveau,n_agents_percus,recommandation
0.05,0.1,5.3,SAFE,3,Situation maîtrisée
0.10,0.2,7.1,SAFE,3,Situation maîtrisée
0.15,0.3,8.8,SAFE,3,Situation maîtrisée
0.20,0.4,10.6,SAFE,3,Situation maîtrisée
0.25,0.6,12.3,SAFE,3,Situation maîtrisée
0.30,0.7,14.1,SAFE,3,Situation maîtrisée
0.35,1.0,15.9,SAFE,3,Situation maîtrisée
0.40,1.2,17.6,SAFE,3,Situation maîtrisée
0.45,1.5,19.4,SAFE,3,Situation maîtrisée
0.50,1.7,21.2,SAFE,3,Situation maîtrisée
0.55,2.0,22.9,SAFE,3,Situation maîtrisée
0.60,2.3,16.0,SAFE,3,Situation maîtrisée
0.65,2.4,0.6,SAFE,3,Situation maîtrisée
0.70,2.4,0.9,SAFE,3,Situation maîtrisée
0.75,2.4,0.9,SAFE,3,Situation maîtrisée
0.80,2.4,0.8,SAFE,3,Situation maîtrisée
0.85,2.4,3.4,SAFE,3,Situation maîtrisée
0.90,2.5,5.4,SAFE,3,Situation maîtrisée
0.95,2.6,7.1,SAFE,3,Situation maîtrisée
1.00,2.7,8.2,SAFE,3,Situation maîtrisée
1.05,2.8,9.3,SAFE,3,Situation maîtrisée
1.10,3.0,10.2,SAFE,3,Situation maîtrisée
1.15,3.1,11.1,SAFE,3,Situation maîtrisée
1.20,3.3,11.8,SAFE,3,Situation maîtrisée
1.25,3.4,12.6,SAFE,3,Situation maîtrisée
1.30,3.6,13.3,SAFE,3,Situation maîtrisée
1.35,3.8,13.9,SAFE,3,Situation maîtrisée
1.40,4.0,14.4,SAFE,3,Situation maîtrisée
1.45,4.2,14.9,SAFE,3,Situation maîtrisée
1.50,4.4,15.4,SAFE,3,Situation maîtrisée
1.55,4.6,15.8,SAFE,3,Situation maîtrisée
1.60,4.9,16.2,SAFE,3,Situation maîtrisée
1.65,5.1,16.6,SAFE,3,Situation maîtrisée
1.70,5.3,16.9,SAFE,3,Situation maîtrisée
1.75,5.6,17.2,SAFE,4,Situation maîtrisée
1.80,5.8,17.5,SAFE,4,Situation maîtrisée
1.85,6.0,17.7,SAFE,4,Situation maîtrisée
1.90,6.3,17.9,SAFE,4,Situation maîtrisée
1.95,6.5,18.2,SAFE,4,Situation maîtrisée
2.00,6.8,18.1,SAFE,4,Situation maîtrisée
2.05,7.0,18.3,SAFE,4,Situation maîtrisée
2.10,7.3,17.9,SAFE,4,Situation maîtrisée
2.15,7.5,18.3,SAFE,4,Situation maîtrisée
2.20,7.8,17.9,SAFE,4,Situation maîtrisée
2.25,8.1,18.4,SAFE,4,Situation maîtrisée
2.30,8.3,18.0,SAFE,4,Situation maîtrisée
2.35,8.6,18.5,SAFE,4,Situation maîtrisée
2.40,8.8,18.3,SAFE,3,Situation maîtrisée
2.45,9.1,18.2,SAFE,3,Situation maîtrisée
2.50,9.3,18.0,SAFE,3,Situation maîtrisée
2.55,9.6,18.6,SAFE,3,Situation maîtrisée
2.60,9.8,18.6,SAFE,3,Situation maîtrisée
2.65,10.1,18.5,SAFE,3,Situation maîtrisée
2.70,10.3,18.3,SAFE,3,Situation maîtrisée
2.75,10.6,18.4,SAFE,3,Situation maîtrisée
2.80,10.9,18.2,SAFE,3,Situation maîtrisée
2.85,11.1,18.3,SAFE,3,Situation maîtrisée
2.90,11.4,18.2,SAFE,3,Situation maîtrisée
2.95,11.6,18.3,SAFE,3,Situation maîtrisée
3.00,11.9,18.2,SAFE,3,Situation maîtrisée
3.05,12.1,18.4,SAFE,3,Situation maîtrisée
3.10,12.4,18.3,SAFE,3,Situation maîtrisée
3.15,12.6,18.4,SAFE,3,Situation maîtrisée
3.20,12.9,18.4,SAFE,3,Situation maîtrisée
3.25,13.1,18.5,SAFE,3,Situation maîtrisée
3.30,13.4,18.5,SAFE,3,Situation maîtrisée
3.35,13.7,18.6,SAFE,3,Situation maîtrisée
3.40,13.9,18.5,SAFE,3,Situation maîtrisée
3.45,14.2,18.7,SAFE,3,Situation maîtrisée
3.50,14.4,18.6,SAFE,3,Situation maîtrisée
3.55,14.7,18.7,SAFE,3,Situation maîtrisée
3.60,15.0,18.7,SAFE,3,Situation maîtrisée
3.65,15.2,18.8,SAFE,3,Situation maîtrisée
3.70,15.5,18.7,SAFE,3,Situation maîtrisée
3.75,15.7,18.8,SAFE,3,Situation maîtrisée
3.80,16.0,18.8,SAFE,3,Situation maîtrisée
3.85,16.3,18.9,SAFE,3,Situation maîtrisée
3.90,16.5,18.8,SAFE,3,Situation maîtrisée
3.95,16.8,18.9,SAFE,3,Situation maîtrisée
4.00,17.0,18.9,SAFE,3,Situation maîtrisée
4.05,17.3,19.0,SAFE,3,Situation maîtrisée
4.10,17.6,18.9,SAFE,3,Situation maîtrisée
4.15,17.8,19.0,SAFE,3,Situation maîtrisée
4.20,18.1,19.0,SAFE,3,Situation maîtrisée
4.25,18.4,19.1,SAFE,3,Situation maîtrisée
4.30,18.6,19.0,SAFE,3,Situation maîtrisée
4.35,18.9,19.1,SAFE,3,Situation maîtrisée
4.40,19.2,19.0,SAFE,3,Situation maîtrisée
4.45,19.4,19.1,SAFE,3,Situation maîtrisée
4.50,19.7,19.0,SAFE,3,Situation maîtrisée
4.55,19.9,19.1,SAFE,3,Situation maîtrisée
4.60,20.2,19.1,SAFE,3,Situation maîtrisée
4.65,20.5,19.2,SAFE,3,Situation maîtrisée
4.70,20.7,19.1,SAFE,3,Situation maîtrisée
4.75,21.0,19.2,SAFE,3,Situation maîtrisée
4.80,21.3,19.1,SAFE,3,Situation maîtrisée
4.85,21.5,19.2,SAFE,3,Situation maîtrisée
4.90,21.8,19.2,SAFE,3,Situation maîtrisée
4.95,22.1,19.2,SAFE,3,Situation maîtrisée
5.00,22.3,19.2,SAFE,3,Situation maîtrisée
5.05,22.6,19.3,SAFE,3,Situation maîtrisée
5.10,22.9,19.2,SAFE,3,Situation maîtrisée
5.15,23.1,19.3,SAFE,3,Situation maîtrisée
5.20,23.4,19.2,SAFE,3,Situation maîtrisée
5.25,23.7,19.3,SAFE,3,Situation maîtrisée
5.30,23.9,19.2,SAFE,3,Situation maîtrisée
5.35,24.2,19.3,SAFE,3,Situation maîtrisée
5.40,24.5,19.3,SAFE,3,Situation maîtrisée
5.45,24.7,19.4,SAFE,3,Situation maîtrisée
5.50,25.0,19.3,SAFE,3,Situation maîtrisée
5.55,25.3,19.4,SAFE,3,Situation maîtrisée
5.60,25.5,19.3,SAFE,3,Situation maîtrisée
5.65,25.8,19.4,SAFE,3,Situation maîtrisée
5.70,26.1,19.3,SAFE,3,Situation maîtrisée
5.75,26.4,19.4,SAFE,3,Situation maîtrisée
5.80,26.6,19.3,SAFE,3,Situation maîtrisée
5.85,26.9,19.4,SAFE,3,Situation maîtrisée
5.90,27.2,19.4,SAFE,3,Situation maîtrisée
5.95,27.4,19.5,SAFE,3,Situation maîtrisée
6.00,27.7,19.4,SAFE,3,Situation maîtrisée
6.05,28.0,19.5,SAFE,3,Situation maîtrisée
6.10,28.2,19.4,SAFE,2,Situation maîtrisée
6.15,28.5,19.5,SAFE,2,Situation maîtrisée
6.20,28.8,19.4,SAFE,2,Situation maîtrisée
6.25,29.1,19.5,SAFE,2,Situation maîtrisée
6.30,29.3,19.5,SAFE,2,Situation maîtrisée
6.35,29.6,19.6,SAFE,2,Situation maîtrisée
6.40,29.9,19.5,SAFE,2,Situation maîtrisée
6.45,30.1,19.6,SAFE,2,Situation maîtrisée
6.50,30.4,19.5,SAFE,2,Situation maîtrisée
6.55,30.7,19.6,SAFE,2,Situation maîtrisée
6.60,31.0,19.5,SAFE,2,Situation maîtrisée
6.65,31.2,19.6,SAFE,2,Situation maîtrisée
6.70,31.5,19.5,SAFE,2,Situation maîtrisée
6.75,31.8,19.6,SAFE,2,Situation maîtrisée
6.80,32.0,19.6,SAFE,2,Situation maîtrisée
6.85,32.3,19.7,SAFE,2,Situation maîtrisée
6.90,32.6,19.6,SAFE,2,Situation maîtrisée
6.95,32.9,19.7,SAFE,2,Situation maîtrisée
7.00,33.1,19.6,SAFE,2,Situation maîtrisée
7.05,33.4,19.7,SAFE,2,Situation maîtrisée
7.10,33.7,19.6,SAFE,2,Situation maîtrisée
7.15,33.9,19.7,SAFE,2,Situation maîtrisée
7.20,34.2,19.6,SAFE,2,Situation maîtrisée
7.25,34.5,19.7,SAFE,2,Situation maîtrisée
7.30,34.8,19.7,SAFE,2,Situation maîtrisée
7.35,35.0,19.8,SAFE,2,Situation maîtrisée
7.40,35.3,19.7,SAFE,2,Situation maîtrisée
7.45,35.6,19.8,SAFE,2,Situation maîtrisée
7.50,35.9,19.7,SAFE,2,Situation maîtrisée
7.55,36.1,19.8,SAFE,2,Situation maîtrisée
7.60,36.4,19.7,SAFE,2,Situation maîtrisée
7.65,36.7,19.8,SAFE,2,Situation maîtrisée
7.70,37.0,19.8,SAFE,2,Situation maîtrisée
7.75,37.2,19.9,SAFE,2,Situation maîtrisée
7.80,37.5,19.8,SAFE,2,Situation maîtrisée
7.85,37.8,19.9,SAFE,2,Situation maîtrisée
7.90,38.1,19.8,SAFE,2,Situation maîtrisée
7.95,38.3,19.9,SAFE,2,Situation maîtrisée
8.00,38.6,19.8,SAFE,2,Situation maîtrisée
8.05,38.9,19.9,SAFE,2,Situation maîtrisée
8.10,39.2,19.8,SAFE,2,Situation maîtrisée
8.15,39.4,19.9,SAFE,2,Situation maîtrisée
8.20,39.7,19.9,SAFE,2,Situation maîtrisée
8.25,40.0,20.0,SAFE,2,Situation maîtrisée
8.30,40.3,19.9,SAFE,2,Situation maîtrisée
8.35,40.5,20.0,SAFE,2,Situation maîtrisée
8.40,40.8,19.9,SAFE,2,Situation maîtrisée
8.45,41.1,20.0,SAFE,3,Situation maîtrisée
8.50,41.4,19.9,SAFE,3,Situation maîtrisée
8.55,41.7,20.0,SAFE,3,Situation maîtrisée
8.60,41.9,19.9,SAFE,3,Situation maîtrisée
8.65,42.2,20.0,SAFE,3,Situation maîtrisée
8.70,42.5,20.0,SAFE,3,Situation maîtrisée
8.75,42.8,20.1,SAFE,3,Situation maîtrisée
8.80,43.0,20.0,SAFE,3,Situation maîtrisée
8.85,43.3,20.1,SAFE,3,Situation maîtrisée
8.90,43.6,20.0,SAFE,3,Situation maîtrisée
8.95,43.9,20.1,SAFE,4,Situation maîtrisée
9.00,44.2,20.0,SAFE,4,Situation maîtrisée
9.05,44.4,20.1,SAFE,4,Situation maîtrisée
9.10,44.7,20.0,SAFE,4,Situation maîtrisée
9.15,45.0,20.1,SAFE,5,Situation maîtrisée
9.20,45.3,20.1,SAFE,5,Situation maîtrisée
9.25,45.6,20.1,SAFE,5,Situation maîtrisée
9.30,45.8,20.1,SAFE,5,Situation maîtrisée
9.35,46.1,20.2,SAFE,5,Situation maîtrisée
9.40,46.4,20.1,SAFE,5,Situation maîtrisée
9.45,46.7,20.2,SAFE,6,Situation maîtrisée
9.50,46.9,20.1,SAFE,6,Situation maîtrisée
9.55,47.2,20.2,SAFE,6,Situation maîtrisée
9.60,47.5,20.1,SAFE,6,Situation maîtrisée
9.65,47.8,20.2,SAFE,6,Situation maîtrisée
9.70,48.1,20.1,SAFE,6,Situation maîtrisée
9.75,48.3,20.2,SAFE,6,Situation maîtrisée
9.80,48.6,20.1,SAFE,6,Situation maîtrisée
9.85,48.9,20.2,SAFE,6,Situation maîtrisée
9.90,49.2,20.1,SAFE,6,Situation maîtrisée
9.95,49.5,20.2,SAFE,6,Situation maîtrisée
10.00,49.7,20.1,SAFE,6,Situation maîtrisée
10.05,50.0,20.2,SAFE,6,Situation maîtrisée
10.10,50.3,20.1,SAFE,7,Situation maîtrisée
10.15,50.6,20.2,SAFE,7,Situation maîtrisée
10.20,50.9,20.1,SAFE,7,Situation maîtrisée
10.25,51.1,20.2,SAFE,7,Situation maîtrisée
10.30,51.4,20.1,SAFE,7,Situation maîtrisée
10.35,51.7,20.2,SAFE,7,Situation maîtrisée
10.40,52.0,20.2,SAFE,7,Situation maîtrisée
10.45,52.3,20.2,SAFE,7,Situation maîtrisée
10.50,52.6,20.2,SAFE,7,Situation maîtrisée
10.55,52.8,20.2,SAFE,7,Situation maîtrisée
10.60,53.1,20.2,SAFE,7,Situation maîtrisée
10.65,53.4,20.2,SAFE,7,Situation maîtrisée
10.70,53.7,20.2,SAFE,7,Situation maîtrisée
10.75,54.0,20.2,SAFE,7,Situation maîtrisée
10.80,54.2,20.2,SAFE,8,Situation maîtrisée
10.85,54.5,20.2,SAFE,8,Situation maîtrisée
10.90,54.8,20.2,SAFE,8,Situation maîtrisée
10.95,55.1,20.2,SAFE,8,Situation maîtrisée
11.00,55.4,20.2,SAFE,8,Situation maîtrisée
11.05,55.6,20.2,SAFE,8,Situation maîtrisée
11.10,55.9,20.2,SAFE,8,Situation maîtrisée
11.15,56.2,20.2,SAFE,8,Situation maîtrisée
11.20,56.5,20.2,SAFE,8,Situation maîtrisée
11.25,56.8,20.2,SAFE,8,Situation maîtrisée
11.30,57.0,20.2,SAFE,8,Situation maîtrisée
11.35,57.3,20.2,SAFE,8,Situation maîtrisée
11.40,57.6,20.2,SAFE,8,Situation maîtrisée
11.45,57.9,20.2,SAFE,8,Situation maîtrisée
11.50,58.2,20.2,SAFE,8,Situation maîtrisée
11.55,58.4,20.2,SAFE,8,Situation maîtrisée
11.60,58.7,20.2,SAFE,9,Situation maîtrisée
11.65,59.0,20.2,SAFE,9,Situation maîtrisée
11.70,59.3,20.2,SAFE,10,Situation maîtrisée
11.75,59.6,20.2,SAFE,10,Situation maîtrisée
11.80,59.8,20.2,SAFE,10,Situation maîtrisée
11.85,60.1,20.2,SAFE,10,Situation maîtrisée
11.90,60.4,20.2,SAFE,10,Situation maîtrisée
11.95,60.7,20.2,SAFE,10,Situation maîtrisée
12.00,61.0,20.2,SAFE,10,Situation maîtrisée
12.05,61.2,20.2,SAFE,10,Situation maîtrisée
12.10,61.5,20.2,SAFE,10,Situation maîtrisée
12.15,61.8,20.2,SAFE,10,Situation maîtrisée
12.20,62.1,20.2,SAFE,10,Situation maîtrisée
12.25,62.4,20.2,SAFE,10,Situation maîtrisée
12.30,62.7,20.2,SAFE,10,Situation maîtrisée
12.35,62.9,20.2,SAFE,10,Situation maîtrisée
12.40,63.2,20.3,SAFE,10,Situation maîtrisée
12.45,63.5,20.3,SAFE,10,Situation maîtrisée
12.50,63.8,20.3,SAFE,10,Situation maîtrisée
12.55,64.1,20.4,SAFE,10,Situation maîtrisée
12.60,64.3,20.4,SAFE,10,Situation maîtrisée
12.65,64.6,20.4,SAFE,10,Situation maîtrisée
12.70,64.9,20.3,SAFE,10,Situation maîtrisée
12.75,65.2,20.3,SAFE,10,Situation maîtrisée
12.80,65.5,20.2,SAFE,10,Situation maîtrisée
12.85,65.8,20.3,SAFE,10,Situation maîtrisée
12.90,66.0,20.2,SAFE,10,Situation maîtrisée
12.95,66.3,20.4,SAFE,10,Situation maîtrisée
13.00,66.6,20.3,SAFE,10,Situation maîtrisée
13.05,66.9,20.4,SAFE,10,Situation maîtrisée
13.10,67.2,20.3,SAFE,10,Situation maîtrisée
13.15,67.4,20.7,SAFE,10,Situation maîtrisée
13.20,67.7,20.4,SAFE,10,Situation maîtrisée
13.25,68.0,20.9,SAFE,10,Situation maîtrisée
13.30,68.3,20.5,SAFE,10,Situation maîtrisée
13.35,68.6,21.1,SAFE,10,Situation maîtrisée
13.40,68.9,20.7,SAFE,10,Situation maîtrisée
13.45,69.2,21.1,SAFE,10,Situation maîtrisée
13.50,69.5,20.6,SAFE,10,Situation maîtrisée
13.55,69.8,21.1,SAFE,10,Situation maîtrisée
13.60,70.0,20.7,SAFE,10,Situation maîtrisée
13.65,70.3,21.1,SAFE,10,Situation maîtrisée
13.70,70.6,20.6,SAFE,10,Situation maîtrisée
13.75,70.9,21.1,SAFE,10,Situation maîtrisée
13.80,71.2,20.7,SAFE,10,Situation maîtrisée
13.85,71.5,21.0,SAFE,10,Situation maîtrisée
13.90,71.8,20.5,SAFE,10,Situation maîtrisée
13.95,72.1,21.0,SAFE,9,Situation maîtrisée
14.00,72.4,20.6,SAFE,9,Situation maîtrisée
14.05,72.6,21.0,SAFE,9,Situation maîtrisée
14.10,72.9,20.5,SAFE,9,Situation maîtrisée
14.15,73.2,21.0,SAFE,9,Situation maîtrisée
14.20,73.5,20.6,SAFE,9,Situation maîtrisée
14.25,73.8,20.9,SAFE,9,Situation maîtrisée
14.30,74.1,20.4,SAFE,9,Situation maîtrisée
14.35,74.4,20.9,SAFE,9,Situation maîtrisée
14.40,74.7,20.5,SAFE,9,Situation maîtrisée
14.45,74.9,20.9,SAFE,9,Situation maîtrisée
14.50,75.2,20.4,SAFE,9,Situation maîtrisée
14.55,75.5,20.9,SAFE,9,Situation maîtrisée
14.60,75.8,20.5,SAFE,9,Situation maîtrisée
14.65,76.1,20.8,SAFE,9,Situation maîtrisée
14.70,76.4,20.3,SAFE,9,Situation maîtrisée
14.75,76.7,20.8,SAFE,8,Situation maîtrisée
14.80,77.0,20.4,SAFE,8,Situation maîtrisée
14.85,77.2,20.8,SAFE,8,Situation maîtrisée
14.90,77.5,20.3,SAFE,8,Situation maîtrisée
14.95,77.8,20.8,SAFE,8,Situation maîtrisée
15.00,78.1,20.4,SAFE,8,Situation maîtrisée
15.05,78.4,20.8,SAFE,8,Situation maîtrisée
15.10,78.7,20.3,SAFE,8,Situation maîtrisée
15.15,79.0,20.8,SAFE,8,Situation maîtrisée
15.20,79.2,20.4,SAFE,8,Situation maîtrisée
15.25,79.5,20.7,SAFE,8,SAFE : Arrêt au feu rouge
15.30,79.8,20.2,SAFE,8,SAFE : Arrêt au feu rouge
15.35,80.1,20.3,SAFE,8,SAFE : Arrêt au feu rouge
15.40,80.4,19.2,SAFE,8,SAFE : Arrêt au feu rouge
15.45,80.6,16.5,SAFE,8,SAFE : Arrêt au feu rouge
15.50,80.8,11.7,SAFE,8,SAFE : Arrêt au feu rouge
15.55,80.9,6.9,SAFE,8,SAFE : Arrêt au feu rouge
15.60,81.0,2.1,SAFE,8,SAFE : Arrêt au feu rouge
15.65,81.0,0.0,SAFE,8,SAFE : Arrêt au feu rouge
15.70,81.0,0.0,SAFE,8,SAFE : Arrêt au feu rouge
15.75,81.0,0.0,SAFE,8,SAFE : Arrêt au feu rouge
15.80,81.0,0.0,SAFE,8,SAFE : Arrêt au feu rouge
15.85,81.0,0.0,SAFE,8,SAFE : Arrêt au feu rouge
15.90,81.0,0.0,SAFE,8,SAFE : Arrêt au feu rouge
15.95,81.0,0.0,SAFE,8,SAFE : Arrêt au feu rouge
16.00,81.0,0.0,SAFE,8,SAFE : Arrêt au feu rouge
16.05,81.0,0.0,SAFE,8,SAFE : Arrêt au feu rouge
16.10,81.0,0.0,SAFE,8,SAFE : Arrêt au feu rouge
16.15,81.0,0.0,SAFE,8,SAFE : Arrêt au feu rouge
16.20,81.0,0.0,SAFE,8,SAFE : Arrêt au feu rouge
16.25,81.0,0.0,SAFE,8,SAFE : Arrêt au feu rouge
16.30,81.0,0.0,SAFE,8,SAFE : Arrêt au feu rouge
16.35,81.0,0.0,SAFE,8,SAFE : Arrêt au feu rouge
16.40,81.0,0.0,SAFE,8,SAFE : Arrêt au feu rouge
16.45,81.0,0.0,SAFE,8,SAFE : Arrêt au feu rouge
16.50,81.0,0.0,SAFE,8,SAFE : Arrêt au feu rouge
16.55,81.0,0.0,SAFE,8,SAFE : Arrêt au feu rouge
16.60,81.0,0.0,SAFE,8,SAFE : Arrêt au feu rouge
16.65,81.0,0.0,SAFE,8,SAFE : Arrêt au feu rouge
16.70,81.0,0.0,SAFE,8,SAFE : Arrêt au feu rouge
16.75,81.0,0.0,SAFE,8,SAFE : Arrêt au feu rouge
16.80,81.0,0.0,SAFE,8,SAFE : Arrêt au feu rouge
16.85,81.0,0.0,SAFE,8,SAFE : Arrêt au feu rouge
16.90,81.0,0.0,SAFE,8,SAFE : Arrêt au feu rouge
16.95,81.0,0.0,SAFE,8,SAFE : Arrêt au feu rouge
17.00,81.0,0.0,SAFE,8,SAFE : Arrêt au feu rouge
17.05,81.0,0.0,SAFE,8,SAFE : Arrêt au feu rouge
17.10,81.0,0.0,SAFE,8,SAFE : Arrêt au feu rouge
17.15,81.0,0.0,SAFE,8,SAFE : Arrêt au feu rouge
17.20,81.0,0.0,SAFE,8,SAFE : Arrêt au feu rouge
17.25,81.0,0.0,SAFE,8,SAFE : Arrêt au feu rouge
17.30,81.0,0.0,SAFE,8,SAFE : Arrêt au feu rouge
17.35,81.0,0.0,SAFE,8,SAFE : Arrêt au feu rouge
17.40,81.0,0.0,SAFE,8,SAFE : Arrêt au feu rouge
17.45,81.0,0.0,SAFE,8,SAFE : Arrêt au feu rouge
17.50,81.0,0.0,SAFE,8,SAFE : Arrêt au feu rouge
17.55,81.0,0.0,SAFE,8,SAFE : Arrêt au feu rouge
17.60,81.0,0.0,SAFE,8,SAFE : Arrêt au feu rouge
17.65,81.0,0.0,SAFE,8,SAFE : Arrêt au feu rouge
17.70,81.0,0.0,SAFE,8,SAFE : Arrêt au feu rouge
17.75,81.0,0.0,SAFE,8,SAFE : Arrêt au feu rouge
17.80,81.0,0.0,SAFE,8,SAFE : Arrêt au feu rouge
17.85,81.0,0.0,SAFE,8,SAFE : Arrêt au feu rouge
17.90,81.0,0.0,SAFE,8,SAFE : Arrêt au feu rouge
17.95,81.0,0.0,SAFE,8,SAFE : Arrêt au feu rouge
18.00,81.0,0.0,SAFE,8,SAFE : Arrêt au feu rouge
18.05,81.0,0.0,SAFE,8,SAFE : Arrêt au feu rouge
18.10,81.0,0.0,SAFE,8,SAFE : Arrêt au feu rouge
18.15,81.0,0.0,SAFE,8,SAFE : Arrêt au feu rouge
18.20,81.0,0.0,SAFE,8,SAFE : Arrêt au feu rouge
18.25,81.0,0.0,SAFE,9,SAFE : Arrêt au feu rouge
18.30,81.0,0.0,SAFE,9,SAFE : Arrêt au feu rouge
18.35,81.0,0.0,SAFE,9,SAFE : Arrêt au feu rouge
18.40,81.0,0.0,SAFE,9,SAFE : Arrêt au feu rouge
18.45,81.0,0.0,SAFE,9,SAFE : Arrêt au feu rouge
18.50,81.0,0.0,SAFE,9,SAFE : Arrêt au feu rouge
18.55,81.0,0.0,SAFE,8,SAFE : Arrêt au feu rouge
18.60,81.0,0.0,SAFE,8,SAFE : Arrêt au feu rouge
18.65,81.0,0.0,SAFE,8,SAFE : Arrêt au feu rouge
18.70,81.0,0.0,SAFE,8,SAFE : Arrêt au feu rouge
18.75,81.0,0.0,SAFE,8,SAFE : Arrêt au feu rouge
18.80,81.0,0.0,SAFE,8,SAFE : Arrêt au feu rouge
18.85,81.0,0.0,SAFE,8,SAFE : Arrêt au feu rouge
18.90,81.0,0.0,SAFE,8,SAFE : Arrêt au feu rouge
18.95,81.0,0.0,SAFE,8,SAFE : Arrêt au feu rouge
19.00,81.0,0.0,SAFE,8,SAFE : Arrêt au feu rouge
19.05,81.0,0.0,SAFE,8,SAFE : Arrêt au feu rouge
19.10,81.0,0.0,SAFE,8,SAFE : Arrêt au feu rouge
19.15,81.0,0.0,SAFE,8,SAFE : Arrêt au feu rouge
19.20,81.0,0.0,SAFE,8,SAFE : Arrêt au feu rouge
19.25,81.0,0.0,SAFE,8,SAFE : Arrêt au feu rouge
19.30,81.0,0.0,SAFE,8,SAFE : Arrêt au feu rouge
19.35,81.0,0.0,SAFE,8,SAFE : Arrêt au feu rouge
19.40,81.0,0.0,SAFE,8,SAFE : Arrêt au feu rouge
19.45,81.0,0.0,SAFE,8,SAFE : Arrêt au feu rouge
19.50,81.0,0.0,SAFE,8,SAFE : Arrêt au feu rouge
19.55,81.0,0.0,SAFE,8,SAFE : Arrêt au feu rouge
19.60,81.0,0.0,SAFE,8,SAFE : Arrêt au feu rouge
19.65,81.0,0.0,SAFE,8,SAFE : Arrêt au feu rouge
19.70,81.0,0.0,SAFE,8,SAFE : Arrêt au feu rouge
19.75,81.0,0.0,SAFE,8,SAFE : Arrêt au feu rouge
19.80,81.0,0.0,SAFE,8,SAFE : Arrêt au feu rouge
19.85,81.0,0.0,SAFE,8,SAFE : Arrêt au feu rouge
19.90,81.0,0.0,SAFE,8,SAFE : Arrêt au feu rouge
19.95,81.0,0.0,SAFE,8,SAFE : Arrêt au feu rouge
20.00,81.0,0.0,SAFE,8,SAFE : Arrêt au feu rouge
20.05,81.0,0.0,SAFE,8,SAFE : Arrêt au feu rouge
20.10,81.0,0.0,SAFE,8,SAFE : Arrêt au feu rouge
20.15,81.0,0.0,SAFE,8,SAFE : Arrêt au feu rouge
20.20,81.0,0.0,SAFE,8,SAFE : Arrêt au feu rouge
20.25,81.0,0.0,SAFE,8,SAFE : Arrêt au feu rouge
20.30,81.0,0.0,SAFE,8,SAFE : Arrêt au feu rouge
20.35,81.0,0.0,SAFE,8,SAFE : Arrêt au feu rouge
20.40,81.0,0.0,SAFE,8,SAFE : Arrêt au feu rouge
20.45,81.0,0.0,SAFE,8,SAFE : Arrêt au feu rouge
20.50,81.0,0.0,SAFE,8,SAFE : Arrêt au feu rouge
20.55,81.0,0.0,SAFE,8,SAFE : Arrêt au feu rouge
20.60,81.0,0.0,SAFE,8,SAFE : Arrêt au feu rouge
20.65,81.0,0.0,SAFE,8,SAFE : Arrêt au feu rouge
20.70,81.0,0.0,SAFE,8,SAFE : Arrêt au feu rouge
20.75,81.0,0.0,SAFE,8,SAFE : Arrêt au feu rouge
20.80,81.0,0.0,SAFE,8,SAFE : Arrêt au feu rouge
20.85,81.0,0.0,SAFE,8,SAFE : Arrêt au feu rouge
20.90,81.0,0.0,SAFE,8,SAFE : Arrêt au feu rouge
20.95,81.0,0.0,SAFE,8,SAFE : Arrêt au feu rouge
21.00,81.0,0.0,SAFE,8,SAFE : Arrêt au feu rouge
21.05,81.0,0.0,SAFE,8,SAFE : Arrêt au feu rouge
21.10,81.0,0.0,SAFE,8,SAFE : Arrêt au feu rouge
21.15,81.0,0.0,SAFE,8,SAFE : Arrêt au feu rouge
21.20,81.0,0.0,SAFE,8,SAFE : Arrêt au feu rouge
21.25,81.0,0.0,SAFE,8,SAFE : Arrêt au feu rouge
21.30,81.0,0.0,SAFE,8,SAFE : Arrêt au feu rouge
21.35,81.0,0.0,SAFE,8,SAFE : Arrêt au feu rouge
21.40,81.0,0.0,SAFE,8,SAFE : Arrêt au feu rouge
21.45,81.0,0.0,SAFE,8,SAFE : Arrêt au feu rouge
21.50,81.0,0.0,SAFE,8,SAFE : Arrêt au feu rouge
21.55,81.0,0.0,SAFE,8,SAFE : Arrêt au feu rouge
21.60,81.0,0.0,SAFE,8,SAFE : Arrêt au feu rouge
21.65,81.0,0.0,SAFE,8,SAFE : Arrêt au feu rouge
21.70,81.0,0.0,SAFE,8,SAFE : Arrêt au feu rouge
21.75,81.0,0.0,SAFE,8,SAFE : Arrêt au feu rouge
21.80,81.0,0.0,SAFE,8,SAFE : Arrêt au feu rouge
21.85,81.0,0.0,SAFE,8,SAFE : Arrêt au feu rouge
21.90,81.0,0.0,SAFE,8,SAFE : Arrêt au feu rouge
21.95,81.0,0.0,SAFE,8,SAFE : Arrêt au feu rouge
22.00,81.0,0.0,SAFE,8,SAFE : Arrêt au feu rouge
22.05,81.0,0.0,SAFE,8,SAFE : Arrêt au feu rouge
22.10,81.0,0.0,SAFE,8,SAFE : Arrêt au feu rouge
22.15,81.0,0.0,SAFE,8,SAFE : Arrêt au feu rouge
22.20,81.0,0.0,SAFE,8,SAFE : Arrêt au feu rouge
22.25,81.0,0.0,SAFE,8,SAFE : Arrêt au feu rouge
22.30,81.0,0.0,SAFE,8,SAFE : Arrêt au feu rouge
22.35,81.0,0.0,SAFE,8,SAFE : Arrêt au feu rouge
22.40,81.0,0.0,SAFE,8,SAFE : Arrêt au feu rouge
22.45,81.0,0.0,SAFE,9,SAFE : Arrêt au feu rouge
22.50,81.0,0.0,SAFE,9,SAFE : Arrêt au feu rouge
22.55,81.0,0.0,SAFE,9,SAFE : Arrêt au feu rouge
22.60,81.0,0.0,SAFE,9,SAFE : Arrêt au feu rouge
22.65,81.0,0.0,SAFE,9,SAFE : Arrêt au feu rouge
22.70,81.0,0.0,SAFE,9,SAFE : Arrêt au feu rouge
22.75,81.0,0.0,SAFE,9,SAFE : Arrêt au feu rouge
22.80,81.0,0.0,SAFE,9,SAFE : Arrêt au feu rouge
22.85,81.0,0.0,SAFE,9,SAFE : Arrêt au feu rouge
22.90,81.0,0.0,SAFE,9,SAFE : Arrêt au feu rouge
22.95,81.0,0.0,SAFE,9,SAFE : Arrêt au feu rouge
23.00,81.0,0.0,SAFE,9,SAFE : Arrêt au feu rouge
23.05,81.0,0.0,SAFE,9,SAFE : Arrêt au feu rouge
23.10,81.0,0.0,SAFE,9,SAFE : Arrêt au feu rouge
23.15,81.0,0.0,SAFE,9,SAFE : Arrêt au feu rouge
23.20,81.0,0.0,SAFE,10,SAFE : Arrêt au feu rouge
23.25,81.0,0.0,SAFE,10,SAFE : Arrêt au feu rouge
23.30,81.0,0.0,SAFE,10,SAFE : Arrêt au feu rouge
23.35,81.0,0.0,SAFE,10,SAFE : Arrêt au feu rouge
23.40,81.0,0.0,SAFE,10,SAFE : Arrêt au feu rouge
23.45,81.0,0.0,SAFE,10,SAFE : Arrêt au feu rouge
23.50,81.0,0.0,SAFE,11,SAFE : Arrêt au feu rouge
23.55,81.0,0.0,SAFE,11,SAFE : Arrêt au feu rouge
23.60,81.0,0.0,SAFE,11,SAFE : Arrêt au feu rouge
23.65,81.0,0.0,SAFE,11,SAFE : Arrêt au feu rouge
23.70,81.0,0.0,SAFE,11,SAFE : Arrêt au feu rouge
23.75,81.0,0.0,SAFE,11,SAFE : Arrêt au feu rouge
23.80,81.0,0.0,SAFE,11,SAFE : Arrêt au feu rouge
23.85,81.0,0.0,SAFE,11,SAFE : Arrêt au feu rouge
23.90,81.0,0.0,SAFE,11,SAFE : Arrêt au feu rouge
23.95,81.0,0.0,SAFE,11,SAFE : Arrêt au feu rouge
24.00,81.0,0.0,SAFE,11,SAFE : Arrêt au feu rouge
24.05,81.0,0.0,SAFE,11,SAFE : Arrêt au feu rouge
24.10,81.0,0.0,SAFE,11,SAFE : Arrêt au feu rouge
24.15,81.0,0.0,SAFE,11,SAFE : Arrêt au feu rouge
24.20,81.0,0.0,SAFE,11,SAFE : Arrêt au feu rouge
24.25,81.0,0.0,SAFE,11,SAFE : Arrêt au feu rouge
24.30,81.0,0.0,SAFE,11,SAFE : Arrêt au feu rouge
24.35,81.0,0.0,SAFE,11,SAFE : Arrêt au feu rouge
24.40,81.0,0.0,SAFE,11,SAFE : Arrêt au feu rouge
24.45,81.0,0.0,SAFE,11,SAFE : Arrêt au feu rouge
24.50,81.0,0.0,SAFE,11,SAFE : Arrêt au feu rouge
24.55,81.0,0.0,SAFE,11,SAFE : Arrêt au feu rouge
24.60,81.0,0.0,SAFE,11,SAFE : Arrêt au feu rouge
24.65,81.0,0.0,SAFE,11,SAFE : Arrêt au feu rouge
24.70,81.0,0.0,SAFE,11,SAFE : Arrêt au feu rouge
24.75,81.0,0.0,SAFE,11,SAFE : Arrêt au feu rouge
24.80,81.0,0.0,SAFE,11,SAFE : Arrêt au feu rouge
24.85,81.0,0.0,SAFE,11,SAFE : Arrêt au feu rouge
24.90,81.0,0.0,SAFE,11,SAFE : Arrêt au feu rouge
24.95,81.0,0.0,SAFE,10,SAFE : Arrêt au feu rouge
25.00,81.0,0.0,SAFE,10,SAFE : Arrêt au feu rouge
25.05,81.0,0.0,SAFE,10,SAFE : Arrêt au feu rouge
25.10,81.0,0.0,SAFE,10,SAFE : Arrêt au feu rouge
25.15,81.0,0.0,SAFE,10,SAFE : Arrêt au feu rouge
25.20,81.0,0.0,SAFE,10,SAFE : Arrêt au feu rouge
25.25,81.0,0.0,SAFE,10,SAFE : Arrêt au feu rouge
25.30,81.0,0.0,SAFE,10,SAFE : Arrêt au feu rouge
25.35,81.0,0.0,SAFE,10,SAFE : Arrêt au feu rouge
25.40,81.0,0.0,SAFE,10,SAFE : Arrêt au feu rouge
25.45,81.0,0.0,SAFE,10,SAFE : Arrêt au feu rouge
25.50,81.0,0.0,SAFE,10,SAFE : Arrêt au feu rouge
25.55,81.0,0.0,SAFE,10,SAFE : Arrêt au feu rouge
25.60,81.0,0.0,SAFE,10,SAFE : Arrêt au feu rouge
25.65,81.0,0.0,SAFE,10,SAFE : Arrêt au feu rouge
25.70,81.0,0.0,SAFE,10,SAFE : Arrêt au feu rouge
25.75,81.0,0.0,SAFE,10,SAFE : Arrêt au feu rouge
25.80,81.0,0.0,SAFE,10,SAFE : Arrêt au feu rouge
25.85,81.0,0.0,SAFE,10,SAFE : Arrêt au feu rouge
25.90,81.0,0.0,SAFE,10,SAFE : Arrêt au feu rouge
25.95,81.0,0.0,SAFE,10,SAFE : Arrêt au feu rouge
26.00,81.0,0.0,SAFE,10,SAFE : Arrêt au feu rouge
26.05,81.0,0.0,SAFE,10,SAFE : Arrêt au feu rouge
26.10,81.0,0.0,SAFE,10,SAFE : Arrêt au feu rouge
26.15,81.0,0.0,SAFE,10,SAFE : Arrêt au feu rouge
26.20,81.0,0.0,SAFE,9,SAFE : Arrêt au feu rouge
26.25,81.0,0.0,SAFE,9,SAFE : Arrêt au feu rouge
26.30,81.0,0.0,SAFE,9,SAFE : Arrêt au feu rouge
26.35,81.0,0.0,SAFE,9,SAFE : Arrêt au feu rouge
26.40,81.0,0.0,SAFE,9,SAFE : Arrêt au feu rouge
26.45,81.0,0.0,SAFE,9,SAFE : Arrêt au feu rouge
26.50,81.0,0.0,SAFE,9,SAFE : Arrêt au feu rouge
26.55,81.0,0.0,SAFE,9,SAFE : Arrêt au feu rouge
26.60,81.0,0.0,SAFE,9,SAFE : Arrêt au feu rouge
26.65,81.0,0.0,SAFE,9,SAFE : Arrêt au feu rouge
26.70,81.0,0.0,SAFE,9,SAFE : Arrêt au feu rouge
26.75,81.0,0.0,SAFE,9,SAFE : Arrêt au feu rouge
26.80,81.0,0.0,SAFE,9,SAFE : Arrêt au feu rouge
26.85,81.0,0.0,SAFE,9,SAFE : Arrêt au feu rouge
26.90,81.0,0.0,SAFE,9,SAFE : Arrêt au feu rouge
26.95,81.0,0.0,SAFE,9,SAFE : Arrêt au feu rouge
27.00,81.0,0.0,SAFE,9,SAFE : Arrêt au feu rouge
27.05,81.0,0.0,SAFE,9,SAFE : Arrêt au feu rouge
27.10,81.0,0.0,SAFE,9,SAFE : Arrêt au feu rouge
27.15,81.0,0.0,SAFE,9,SAFE : Arrêt au feu rouge
27.20,81.0,0.0,SAFE,9,SAFE : Arrêt au feu rouge
27.25,81.0,0.0,SAFE,9,SAFE : Arrêt au feu rouge
27.30,81.0,0.0,SAFE,9,SAFE : Arrêt au feu rouge
27.35,81.0,0.0,SAFE,9,SAFE : Arrêt au feu rouge
27.40,81.0,0.0,SAFE,9,SAFE : Arrêt au feu rouge
27.45,81.0,0.0,SAFE,9,SAFE : Arrêt au feu rouge
27.50,81.0,0.0,SAFE,9,SAFE : Arrêt au feu rouge
27.55,81.0,0.0,SAFE,9,SAFE : Arrêt au feu rouge
27.60,81.0,0.0,SAFE,8,SAFE : Arrêt au feu rouge
27.65,81.0,0.0,SAFE,8,SAFE : Arrêt au feu rouge
27.70,81.0,0.0,SAFE,8,SAFE : Arrêt au feu rouge
27.75,81.0,0.0,SAFE,8,SAFE : Arrêt au feu rouge
27.80,81.0,0.0,SAFE,8,SAFE : Arrêt au feu rouge
27.85,81.0,0.0,SAFE,8,SAFE : Arrêt au feu rouge
27.90,81.0,0.0,SAFE,8,SAFE : Arrêt au feu rouge
27.95,81.0,0.0,SAFE,8,SAFE : Arrêt au feu rouge
28.00,81.0,0.0,SAFE,8,SAFE : Arrêt au feu rouge
28.05,81.0,0.0,SAFE,8,SAFE : Arrêt au feu rouge
28.10,81.0,0.0,SAFE,8,SAFE : Arrêt au feu rouge
28.15,81.0,0.0,SAFE,8,SAFE : Arrêt au feu rouge
28.20,81.0,0.0,SAFE,8,SAFE : Arrêt au feu rouge
28.25,81.0,0.0,SAFE,8,SAFE : Arrêt au feu rouge
28.30,81.0,0.0,SAFE,8,SAFE : Arrêt au feu rouge
28.35,81.0,0.0,SAFE,8,SAFE : Arrêt au feu rouge
28.40,81.0,0.0,SAFE,8,SAFE : Arrêt au feu rouge
28.45,81.0,0.0,SAFE,8,SAFE : Arrêt au feu rouge
28.50,81.0,0.0,SAFE,8,SAFE : Arrêt au feu rouge
28.55,81.0,0.0,SAFE,8,SAFE : Arrêt au feu rouge
28.60,81.0,0.0,SAFE,8,SAFE : Arrêt au feu rouge
28.65,81.0,0.0,SAFE,8,SAFE : Arrêt au feu rouge
28.70,81.0,0.0,SAFE,8,SAFE : Arrêt au feu rouge
28.75,81.0,0.0,SAFE,8,SAFE : Arrêt au feu rouge
28.80,81.0,0.0,SAFE,8,SAFE : Arrêt au feu rouge
28.85,81.0,0.0,SAFE,8,SAFE : Arrêt au feu rouge
28.90,81.0,0.0,SAFE,8,SAFE : Arrêt au feu rouge
28.95,81.0,0.0,SAFE,8,SAFE : Arrêt au feu rouge
29.00,81.0,0.0,SAFE,8,SAFE : Arrêt au feu rouge
29.05,81.0,0.0,SAFE,8,SAFE : Arrêt au feu rouge
29.10,81.0,0.0,SAFE,8,SAFE : Arrêt au feu rouge
29.15,81.0,0.0,SAFE,8,SAFE : Arrêt au feu rouge
29.20,81.0,0.0,SAFE,8,SAFE : Arrêt au feu rouge
29.25,81.0,0.0,SAFE,8,SAFE : Arrêt au feu rouge
29.30,81.0,0.0,SAFE,8,SAFE : Arrêt au feu rouge
29.35,81.0,0.0,SAFE,8,SAFE : Arrêt au feu rouge
29.40,81.0,0.0,SAFE,8,SAFE : Arrêt au feu rouge
29.45,81.0,0.0,SAFE,8,SAFE : Arrêt au feu rouge
29.50,81.0,0.0,SAFE,8,SAFE : Arrêt au feu rouge
29.55,81.0,0.0,SAFE,8,SAFE : Arrêt au feu rouge
29.60,81.0,0.0,SAFE,8,SAFE : Arrêt au feu rouge
29.65,81.0,0.0,SAFE,8,SAFE : Arrêt au feu rouge
29.70,81.0,0.0,SAFE,8,SAFE : Arrêt au feu rouge
29.75,81.0,0.0,SAFE,8,SAFE : Arrêt au feu rouge
29.80,81.0,0.0,SAFE,8,SAFE : Arrêt au feu rouge
29.85,81.0,0.0,SAFE,8,SAFE : Arrêt au feu rouge
29.90,81.0,0.0,SAFE,8,SAFE : Arrêt au feu rouge
29.95,81.0,0.0,SAFE,8,SAFE : Arrêt au feu rouge
30.00,81.0,0.0,SAFE,8,SAFE : Arrêt au feu rouge
30.05,81.0,0.0,SAFE,8,SAFE : Arrêt au feu rouge
30.10,81.0,0.0,SAFE,8,SAFE : Arrêt au feu rouge
30.15,81.0,0.0,SAFE,8,SAFE : Arrêt au feu rouge
30.20,81.0,0.0,SAFE,8,SAFE : Arrêt au feu rouge
30.25,81.0,0.0,SAFE,8,SAFE : Arrêt au feu rouge
30.30,81.0,0.0,SAFE,8,SAFE : Arrêt au feu rouge
30.35,81.0,0.0,SAFE,8,SAFE : Arrêt au feu rouge
30.40,81.0,0.0,SAFE,8,SAFE : Arrêt au feu rouge
30.45,81.0,0.0,SAFE,8,SAFE : Arrêt au feu rouge
30.50,81.0,0.0,SAFE,8,SAFE : Arrêt au feu rouge
30.55,81.0,0.0,SAFE,8,SAFE : Arrêt au feu rouge
30.60,81.0,0.0,SAFE,8,SAFE : Arrêt au feu rouge
30.65,81.0,0.0,SAFE,8,SAFE : Arrêt au feu rouge
30.70,81.0,0.0,SAFE,8,SAFE : Arrêt au feu rouge
30.75,81.0,0.0,SAFE,8,SAFE : Arrêt au feu rouge
30.80,81.0,0.0,SAFE,8,SAFE : Arrêt au feu rouge
30.85,81.0,0.0,SAFE,8,SAFE : Arrêt au feu rouge
30.90,81.0,0.0,SAFE,8,SAFE : Arrêt au feu rouge
30.95,81.0,0.0,SAFE,8,SAFE : Arrêt au feu rouge
31.00,81.0,0.0,SAFE,8,SAFE : Arrêt au feu rouge
31.05,81.0,0.0,SAFE,8,SAFE : Arrêt au feu rouge
31.10,81.0,0.0,SAFE,8,SAFE : Arrêt au feu rouge
31.15,81.0,0.0,SAFE,8,SAFE : Arrêt au feu rouge
31.20,81.0,0.0,SAFE,8,SAFE : Arrêt au feu rouge
31.25,81.0,0.0,SAFE,8,SAFE : Arrêt au feu rouge
31.30,81.0,0.0,SAFE,8,SAFE : Arrêt au feu rouge
31.35,81.0,0.0,SAFE,8,SAFE : Arrêt au feu rouge
31.40,81.0,0.0,SAFE,8,SAFE : Arrêt au feu rouge
31.45,81.0,0.0,SAFE,8,SAFE : Arrêt au feu rouge
31.50,81.0,0.0,SAFE,8,SAFE : Arrêt au feu rouge
31.55,81.0,0.0,SAFE,8,SAFE : Arrêt au feu rouge
31.60,81.0,0.0,SAFE,8,SAFE : Arrêt au feu rouge
31.65,81.0,0.0,SAFE,8,SAFE : Arrêt au feu rouge
31.70,81.0,0.0,SAFE,8,SAFE : Arrêt au feu rouge
31.75,81.0,0.0,SAFE,8,SAFE : Arrêt au feu rouge
31.80,81.0,0.0,SAFE,7,SAFE : Arrêt au feu rouge
31.85,81.0,0.0,SAFE,7,SAFE : Arrêt au feu rouge
31.90,81.0,0.0,SAFE,7,SAFE : Arrêt au feu rouge
31.95,81.0,0.0,SAFE,7,SAFE : Arrêt au feu rouge
32.00,81.0,0.0,SAFE,7,SAFE : Arrêt au feu rouge
32.05,81.0,0.0,SAFE,7,SAFE : Arrêt au feu rouge
32.10,81.0,0.0,SAFE,7,SAFE : Arrêt au feu rouge
32.15,81.0,0.0,SAFE,7,SAFE : Arrêt au feu rouge
32.20,81.0,0.0,SAFE,7,SAFE : Arrêt au feu rouge
32.25,81.0,0.0,SAFE,7,SAFE : Arrêt au feu rouge
32.30,81.0,0.0,SAFE,7,SAFE : Arrêt au feu rouge
32.35,81.0,0.0,SAFE,7,SAFE : Arrêt au feu rouge
32.40,81.0,0.0,SAFE,7,SAFE : Arrêt au feu rouge
32.45,81.0,0.0,SAFE,7,SAFE : Arrêt au feu rouge
32.50,81.0,0.0,SAFE,7,SAFE : Arrêt au feu rouge
32.55,81.0,0.0,SAFE,7,SAFE : Arrêt au feu rouge
32.60,81.0,0.0,SAFE,7,SAFE : Arrêt au feu rouge
32.65,81.0,0.0,SAFE,7,SAFE : Arrêt au feu rouge
32.70,81.0,0.0,SAFE,7,SAFE : Arrêt au feu rouge
32.75,81.0,0.0,SAFE,7,SAFE : Arrêt au feu rouge
32.80,81.0,0.0,SAFE,7,SAFE : Arrêt au feu rouge
32.85,81.0,0.0,SAFE,7,SAFE : Arrêt au feu rouge
32.90,81.0,0.0,SAFE,7,SAFE : Arrêt au feu rouge
32.95,81.0,0.0,SAFE,7,SAFE : Arrêt au feu rouge
33.00,81.0,0.0,SAFE,7,SAFE : Arrêt au feu rouge
33.05,81.0,0.0,SAFE,7,SAFE : Arrêt au feu rouge
33.10,81.0,0.0,SAFE,7,SAFE : Arrêt au feu rouge
33.15,81.0,0.0,SAFE,7,SAFE : Arrêt au feu rouge
33.20,81.0,0.0,SAFE,7,SAFE : Arrêt au feu rouge
33.25,81.0,0.0,SAFE,7,SAFE : Arrêt au feu rouge
33.30,81.0,0.0,SAFE,7,SAFE : Arrêt au feu rouge
33.35,81.0,0.0,SAFE,7,SAFE : Arrêt au feu rouge
33.40,81.0,0.0,SAFE,7,SAFE : Arrêt au feu rouge
33.45,81.0,0.0,SAFE,7,SAFE : Arrêt au feu rouge
33.50,81.0,0.0,SAFE,7,SAFE : Arrêt au feu rouge
33.55,81.0,0.0,SAFE,7,SAFE : Arrêt au feu rouge
33.60,81.0,0.0,SAFE,7,SAFE : Arrêt au feu rouge
33.65,81.0,0.0,SAFE,7,SAFE : Arrêt au feu rouge
33.70,81.0,0.0,SAFE,7,SAFE : Arrêt au feu rouge
33.75,81.0,0.0,SAFE,7,SAFE : Arrêt au feu rouge
33.80,81.0,0.0,SAFE,7,SAFE : Arrêt au feu rouge
33.85,81.0,0.0,SAFE,7,SAFE : Arrêt au feu rouge
33.90,81.0,0.0,SAFE,7,SAFE : Arrêt au feu rouge
33.95,81.0,0.0,SAFE,7,SAFE : Arrêt au feu rouge
34.00,81.0,0.0,SAFE,7,SAFE : Arrêt au feu rouge
34.05,81.0,0.0,SAFE,7,SAFE : Arrêt au feu rouge
34.10,81.0,0.0,SAFE,7,SAFE : Arrêt au feu rouge
34.15,81.0,0.0,SAFE,7,SAFE : Arrêt au feu rouge
34.20,81.0,0.0,SAFE,7,SAFE : Arrêt au feu rouge
34.25,81.0,0.0,SAFE,7,SAFE : Arrêt au feu rouge
34.30,81.0,0.0,SAFE,7,SAFE : Arrêt au feu rouge
34.35,81.0,0.0,SAFE,7,SAFE : Arrêt au feu rouge
34.40,81.0,0.0,SAFE,7,SAFE : Arrêt au feu rouge
34.45,81.0,0.0,SAFE,7,SAFE : Arrêt au feu rouge
34.50,81.0,0.0,SAFE,7,SAFE : Arrêt au feu rouge
34.55,81.0,0.0,SAFE,7,SAFE : Arrêt au feu rouge
34.60,81.0,0.0,SAFE,7,SAFE : Arrêt au feu rouge
34.65,81.0,0.0,SAFE,7,SAFE : Arrêt au feu rouge
34.70,81.0,0.0,SAFE,7,SAFE : Arrêt au feu rouge
34.75,81.0,0.0,SAFE,7,SAFE : Arrêt au feu rouge
34.80,81.0,0.0,SAFE,7,SAFE : Arrêt au feu rouge
34.85,81.0,0.0,SAFE,7,SAFE : Arrêt au feu rouge
34.90,81.0,0.0,SAFE,7,SAFE : Arrêt au feu rouge
34.95,81.0,0.0,SAFE,7,SAFE : Arrêt au feu rouge
35.00,81.0,0.0,SAFE,7,SAFE : Arrêt au feu rouge
35.05,81.0,0.0,SAFE,7,SAFE : Arrêt au feu rouge
35.10,81.0,0.0,SAFE,7,SAFE : Arrêt au feu rouge
35.15,81.0,0.0,SAFE,7,SAFE : Arrêt au feu rouge
35.20,81.0,0.0,SAFE,7,SAFE : Arrêt au feu rouge
35.25,81.0,0.0,SAFE,7,SAFE : Arrêt au feu rouge
35.30,81.0,0.0,SAFE,7,SAFE : Arrêt au feu rouge
35.35,81.0,0.0,SAFE,7,SAFE : Arrêt au feu rouge
35.40,81.0,0.0,SAFE,7,SAFE : Arrêt au feu rouge
35.45,81.0,0.0,SAFE,7,SAFE : Arrêt au feu rouge
35.50,81.0,0.0,SAFE,7,SAFE : Arrêt au feu rouge
35.55,81.0,0.0,SAFE,7,SAFE : Arrêt au feu rouge
35.60,81.0,0.0,SAFE,7,SAFE : Arrêt au feu rouge
35.65,81.0,0.0,SAFE,7,SAFE : Arrêt au feu rouge
35.70,81.0,0.0,SAFE,7,SAFE : Arrêt au feu rouge
35.75,81.0,0.0,SAFE,7,SAFE : Arrêt au feu rouge
35.80,81.0,0.0,SAFE,7,SAFE : Arrêt au feu rouge
35.85,81.0,0.0,SAFE,7,SAFE : Arrêt au feu rouge
35.90,81.0,0.0,SAFE,7,SAFE : Arrêt au feu rouge
35.95,81.0,0.0,SAFE,7,SAFE : Arrêt au feu rouge
36.00,81.0,0.0,SAFE,7,SAFE : Arrêt au feu rouge
36.05,81.0,0.0,SAFE,7,SAFE : Arrêt au feu rouge
36.10,81.0,0.0,SAFE,7,SAFE : Arrêt au feu rouge
36.15,81.0,0.0,SAFE,7,SAFE : Arrêt au feu rouge
36.20,81.0,0.0,SAFE,7,SAFE : Arrêt au feu rouge
36.25,81.0,0.0,SAFE,7,SAFE : Arrêt au feu rouge
36.30,81.0,0.0,SAFE,7,SAFE : Arrêt au feu rouge
36.35,81.0,0.0,SAFE,7,SAFE : Arrêt au feu rouge
36.40,81.0,0.0,SAFE,7,SAFE : Arrêt au feu rouge
36.45,81.0,0.0,SAFE,7,SAFE : Arrêt au feu rouge
36.50,81.0,0.0,SAFE,7,SAFE : Arrêt au feu rouge
36.55,81.0,0.0,SAFE,7,SAFE : Arrêt au feu rouge
36.60,81.0,0.0,SAFE,7,SAFE : Arrêt au feu rouge
36.65,81.0,0.0,SAFE,7,SAFE : Arrêt au feu rouge
36.70,81.0,0.0,SAFE,7,SAFE : Arrêt au feu rouge
36.75,81.0,0.0,SAFE,7,SAFE : Arrêt au feu rouge
36.80,81.0,0.0,SAFE,7,SAFE : Arrêt au feu rouge
36.85,81.0,0.0,SAFE,7,SAFE : Arrêt au feu rouge
36.90,81.0,0.0,SAFE,7,SAFE : Arrêt au feu rouge
36.95,81.0,0.0,SAFE,7,SAFE : Arrêt au feu rouge
37.00,81.0,0.0,SAFE,7,SAFE : Arrêt au feu rouge
37.05,81.0,0.0,SAFE,7,SAFE : Arrêt au feu rouge
37.10,81.0,0.0,SAFE,7,SAFE : Arrêt au feu rouge
37.15,81.0,0.0,SAFE,7,SAFE : Arrêt au feu rouge
37.20,81.0,0.0,SAFE,7,SAFE : Arrêt au feu rouge
37.25,81.0,0.0,SAFE,7,SAFE : Arrêt au feu rouge
37.30,81.0,0.0,SAFE,7,SAFE : Arrêt au feu rouge
37.35,81.0,0.0,SAFE,7,SAFE : Arrêt au feu rouge
37.40,81.0,0.0,SAFE,7,SAFE : Arrêt au feu rouge
37.45,81.0,0.0,SAFE,7,SAFE : Arrêt au feu rouge
37.50,81.0,0.0,SAFE,7,SAFE : Arrêt au feu rouge
37.55,81.0,0.0,SAFE,7,SAFE : Arrêt au feu rouge
37.60,81.0,0.0,SAFE,7,SAFE : Arrêt au feu rouge
37.65,81.0,0.0,SAFE,7,SAFE : Arrêt au feu rouge
37.70,81.0,0.0,SAFE,7,SAFE : Arrêt au feu rouge
37.75,81.0,0.0,SAFE,7,SAFE : Arrêt au feu rouge
37.80,81.0,0.0,SAFE,7,SAFE : Arrêt au feu rouge
37.85,81.0,0.0,SAFE,7,SAFE : Arrêt au feu rouge
37.90,81.0,0.0,SAFE,7,SAFE : Arrêt au feu rouge
37.95,81.0,0.0,SAFE,7,SAFE : Arrêt au feu rouge
38.00,81.0,0.0,SAFE,7,SAFE : Arrêt au feu rouge
38.05,81.0,0.0,SAFE,7,SAFE : Arrêt au feu rouge
38.10,81.0,0.0,SAFE,7,SAFE : Arrêt au feu rouge
38.15,81.0,0.0,SAFE,7,SAFE : Arrêt au feu rouge
38.20,81.0,0.0,SAFE,7,SAFE : Arrêt au feu rouge
38.25,81.0,0.0,SAFE,7,SAFE : Arrêt au feu rouge
38.30,81.0,0.0,SAFE,7,SAFE : Arrêt au feu rouge
38.35,81.0,0.0,SAFE,7,SAFE : Arrêt au feu rouge
38.40,81.0,0.0,SAFE,7,SAFE : Arrêt au feu rouge
38.45,81.0,0.0,SAFE,7,SAFE : Arrêt au feu rouge
38.50,81.0,0.0,SAFE,7,SAFE : Arrêt au feu rouge
38.55,81.0,0.0,SAFE,7,SAFE : Arrêt au feu rouge
38.60,81.0,0.0,SAFE,7,SAFE : Arrêt au feu rouge
38.65,81.0,0.0,SAFE,7,SAFE : Arrêt au feu rouge
38.70,81.0,0.0,SAFE,7,SAFE : Arrêt au feu rouge
38.75,81.0,0.0,SAFE,7,SAFE : Arrêt au feu rouge
38.80,81.0,0.0,SAFE,7,SAFE : Arrêt au feu rouge
38.85,81.0,0.0,SAFE,7,SAFE : Arrêt au feu rouge
38.90,81.0,0.0,SAFE,7,SAFE : Arrêt au feu rouge
38.95,81.0,0.0,SAFE,7,SAFE : Arrêt au feu rouge
39.00,81.0,0.0,SAFE,7,SAFE : Arrêt au feu rouge
39.05,81.0,0.0,SAFE,7,SAFE : Arrêt au feu rouge
39.10,81.0,0.0,SAFE,7,SAFE : Arrêt au feu rouge
39.15,81.0,0.0,SAFE,7,SAFE : Arrêt au feu rouge
39.20,81.0,0.0,SAFE,7,SAFE : Arrêt au feu rouge
39.25,81.0,0.0,SAFE,7,SAFE : Arrêt au feu rouge
39.30,81.0,0.0,SAFE,7,SAFE : Arrêt au feu rouge
39.35,81.0,0.0,SAFE,7,SAFE : Arrêt au feu rouge
39.40,81.0,0.0,SAFE,7,SAFE : Arrêt au feu rouge
39.45,81.0,0.0,SAFE,7,SAFE : Arrêt au feu rouge
39.50,81.0,0.0,SAFE,7,SAFE : Arrêt au feu rouge
39.55,81.0,0.0,SAFE,7,SAFE : Arrêt au feu rouge
39.60,81.0,0.0,SAFE,7,SAFE : Arrêt au feu rouge
39.65,81.0,0.0,SAFE,7,SAFE : Arrêt au feu rouge
39.70,81.0,0.0,SAFE,7,SAFE : Arrêt au feu rouge
39.75,81.0,0.0,SAFE,7,SAFE : Arrêt au feu rouge
39.80,81.0,0.0,SAFE,7,SAFE : Arrêt au feu rouge
39.85,81.0,0.0,SAFE,7,SAFE : Arrêt au feu rouge
39.90,81.0,0.0,SAFE,7,SAFE : Arrêt au feu rouge
39.95,81.0,0.0,SAFE,7,SAFE : Arrêt au feu rouge
40.00,81.0,0.0,SAFE,7,SAFE : Arrêt au feu rouge
40.05,81.0,0.0,SAFE,7,SAFE : Arrêt au feu rouge
40.10,81.0,0.0,SAFE,7,SAFE : Arrêt au feu rouge
40.15,81.0,0.0,SAFE,7,SAFE : Arrêt au feu rouge
40.20,81.0,0.0,SAFE,7,SAFE : Arrêt au feu rouge
40.25,81.0,0.0,SAFE,7,SAFE : Arrêt au feu rouge
40.30,81.0,0.0,SAFE,7,SAFE : Arrêt au feu rouge
40.35,81.0,0.0,SAFE,7,SAFE : Arrêt au feu rouge
40.40,81.0,0.0,SAFE,7,SAFE : Arrêt au feu rouge
40.45,81.0,0.0,SAFE,7,SAFE : Arrêt au feu rouge
40.50,81.0,0.0,SAFE,7,SAFE : Arrêt au feu rouge
40.55,81.0,0.0,SAFE,7,SAFE : Arrêt au feu rouge
40.60,81.0,0.0,SAFE,7,SAFE : Arrêt au feu rouge
40.65,81.0,0.0,SAFE,7,SAFE : Arrêt au feu rouge
40.70,81.0,0.0,SAFE,7,SAFE : Arrêt au feu rouge
40.75,81.0,0.0,SAFE,7,SAFE : Arrêt au feu rouge
40.80,81.0,0.0,SAFE,7,SAFE : Arrêt au feu rouge
40.85,81.0,0.0,SAFE,7,SAFE : Arrêt au feu rouge
40.90,81.0,0.0,SAFE,7,SAFE : Arrêt au feu rouge
40.95,81.0,0.0,SAFE,7,SAFE : Arrêt au feu rouge
41.00,81.0,0.0,SAFE,7,SAFE : Arrêt au feu rouge
41.05,81.0,0.0,SAFE,7,SAFE : Arrêt au feu rouge
41.10,81.0,0.0,SAFE,7,SAFE : Arrêt au feu rouge
41.15,81.0,0.0,SAFE,7,SAFE : Arrêt au feu rouge
41.20,81.0,0.0,SAFE,7,SAFE : Arrêt au feu rouge
41.25,81.0,0.0,SAFE,7,SAFE : Arrêt au feu rouge
41.30,81.0,0.0,SAFE,7,SAFE : Arrêt au feu rouge
41.35,81.0,0.0,SAFE,7,SAFE : Arrêt au feu rouge
41.40,81.0,0.0,SAFE,7,SAFE : Arrêt au feu rouge
41.45,81.0,0.0,SAFE,7,SAFE : Arrêt au feu rouge
41.50,81.0,0.0,SAFE,7,SAFE : Arrêt au feu rouge
41.55,81.0,0.0,SAFE,7,SAFE : Arrêt au feu rouge
41.60,81.0,0.0,SAFE,7,SAFE : Arrêt au feu rouge
41.65,81.0,0.0,SAFE,7,SAFE : Arrêt au feu rouge
41.70,81.0,0.0,SAFE,7,SAFE : Arrêt au feu rouge
41.75,81.0,0.0,SAFE,7,SAFE : Arrêt au feu rouge
41.80,81.0,0.0,SAFE,7,SAFE : Arrêt au feu rouge
41.85,81.0,0.0,SAFE,7,SAFE : Arrêt au feu rouge
41.90,81.0,0.0,SAFE,7,SAFE : Arrêt au feu rouge
41.95,81.0,0.0,SAFE,7,SAFE : Arrêt au feu rouge
42.00,81.0,0.0,SAFE,7,SAFE : Arrêt au feu rouge
42.05,81.0,0.0,SAFE,7,SAFE : Arrêt au feu rouge
42.10,81.0,0.0,SAFE,7,SAFE : Arrêt au feu rouge
42.15,81.0,0.0,SAFE,7,SAFE : Arrêt au feu rouge
42.20,81.0,0.0,SAFE,7,SAFE : Arrêt au feu rouge
42.25,81.0,0.0,SAFE,7,SAFE : Arrêt au feu rouge
42.30,81.0,0.0,SAFE,7,SAFE : Arrêt au feu rouge
42.35,81.0,0.0,SAFE,7,SAFE : Arrêt au feu rouge
42.40,81.0,0.0,SAFE,7,SAFE : Arrêt au feu rouge
42.45,81.0,0.0,SAFE,7,SAFE : Arrêt au feu rouge
42.50,81.0,0.0,SAFE,7,SAFE : Arrêt au feu rouge
42.55,81.0,0.0,SAFE,7,SAFE : Arrêt au feu rouge
42.60,81.0,0.0,SAFE,7,SAFE : Arrêt au feu rouge
42.65,81.0,0.0,SAFE,7,SAFE : Arrêt au feu rouge
42.70,81.0,0.0,SAFE,7,SAFE : Arrêt au feu rouge
42.75,81.0,0.0,SAFE,7,SAFE : Arrêt au feu rouge
42.80,81.0,0.0,SAFE,7,SAFE : Arrêt au feu rouge
42.85,81.0,0.0,SAFE,7,SAFE : Arrêt au feu rouge
42.90,81.0,0.0,SAFE,7,SAFE : Arrêt au feu rouge
42.95,81.0,0.0,SAFE,7,SAFE : Arrêt au feu rouge
43.00,81.0,0.0,SAFE,7,SAFE : Arrêt au feu rouge
43.05,81.0,0.0,SAFE,7,SAFE : Arrêt au feu rouge
43.10,81.0,0.0,SAFE,7,SAFE : Arrêt au feu rouge
43.15,81.0,0.0,SAFE,7,SAFE : Arrêt au feu rouge
43.20,81.0,0.0,SAFE,7,SAFE : Arrêt au feu rouge
43.25,81.0,0.0,SAFE,7,SAFE : Arrêt au feu rouge
43.30,81.0,0.0,SAFE,7,SAFE : Arrêt au feu rouge
43.35,81.0,0.0,SAFE,7,SAFE : Arrêt au feu rouge
43.40,81.0,0.0,SAFE,8,SAFE : Arrêt au feu rouge
43.45,81.0,0.0,SAFE,8,SAFE : Arrêt au feu rouge
43.50,81.0,0.0,SAFE,8,SAFE : Arrêt au feu rouge
43.55,81.0,0.0,SAFE,8,SAFE : Arrêt au feu rouge
43.60,81.0,0.0,SAFE,8,SAFE : Arrêt au feu rouge
43.65,81.0,0.0,SAFE,8,SAFE : Arrêt au feu rouge
43.70,81.0,0.0,SAFE,8,SAFE : Arrêt au feu rouge
43.75,81.0,0.0,SAFE,8,SAFE : Arrêt au feu rouge
43.80,81.0,0.0,SAFE,8,SAFE : Arrêt au feu rouge
43.85,81.0,0.0,SAFE,8,SAFE : Arrêt au feu rouge
43.90,81.0,0.0,SAFE,8,SAFE : Arrêt au feu rouge
43.95,81.0,0.0,SAFE,8,SAFE : Arrêt au feu rouge
44.00,81.0,0.0,SAFE,8,SAFE : Arrêt au feu rouge
44.05,81.0,0.0,SAFE,8,SAFE : Arrêt au feu rouge
44.10,81.0,0.0,SAFE,8,SAFE : Arrêt au feu rouge
44.15,81.0,0.0,SAFE,8,SAFE : Arrêt au feu rouge
44.20,81.0,0.0,SAFE,8,SAFE : Arrêt au feu rouge
44.25,81.0,0.0,SAFE,8,SAFE : Arrêt au feu rouge
44.30,81.0,0.0,SAFE,8,SAFE : Arrêt au feu rouge
44.35,81.0,0.0,SAFE,8,SAFE : Arrêt au feu rouge
44.40,81.0,0.0,SAFE,8,SAFE : Arrêt au feu rouge
44.45,81.0,0.0,SAFE,8,SAFE : Arrêt au feu rouge
44.50,81.0,0.0,SAFE,8,SAFE : Arrêt au feu rouge
44.55,81.0,0.0,SAFE,8,SAFE : Arrêt au feu rouge
44.60,81.0,0.0,SAFE,8,SAFE : Arrêt au feu rouge
44.65,81.0,0.0,SAFE,8,SAFE : Arrêt au feu rouge
44.70,81.0,0.0,SAFE,8,SAFE : Arrêt au feu rouge
44.75,81.0,0.0,SAFE,8,SAFE : Arrêt au feu rouge
44.80,81.0,0.0,SAFE,8,SAFE : Arrêt au feu rouge
44.85,81.0,0.0,SAFE,8,SAFE : Arrêt au feu rouge
44.90,81.0,0.0,SAFE,8,SAFE : Arrêt au feu rouge
44.95,81.0,0.0,SAFE,8,SAFE : Arrêt au feu rouge
45.00,81.0,0.0,SAFE,8,SAFE : Arrêt au feu rouge
45.05,81.0,0.0,SAFE,8,SAFE : Arrêt au feu rouge
45.10,81.0,0.0,SAFE,8,SAFE : Arrêt au feu rouge
45.15,81.0,0.0,SAFE,8,SAFE : Arrêt au feu rouge
45.20,81.0,0.0,SAFE,8,SAFE : Arrêt au feu rouge
45.25,81.0,0.0,SAFE,8,SAFE : Arrêt au feu rouge
45.30,81.0,0.0,SAFE,8,SAFE : Arrêt au feu rouge
45.35,81.0,0.0,SAFE,8,SAFE : Arrêt au feu rouge
45.40,81.0,0.0,SAFE,8,SAFE : Arrêt au feu rouge
45.45,81.0,0.0,SAFE,8,SAFE : Arrêt au feu rouge
45.50,81.0,0.0,SAFE,8,SAFE : Arrêt au feu rouge
45.55,81.0,0.0,SAFE,8,SAFE : Arrêt au feu rouge
45.60,81.0,0.0,SAFE,8,SAFE : Arrêt au feu rouge
45.65,81.0,0.0,SAFE,8,SAFE : Arrêt au feu rouge
45.70,81.0,0.0,SAFE,7,SAFE : Arrêt au feu rouge
45.75,81.0,0.0,SAFE,7,SAFE : Arrêt au feu rouge
45.80,81.0,0.0,SAFE,7,SAFE : Arrêt au feu rouge
45.85,81.0,0.0,SAFE,7,SAFE : Arrêt au feu rouge
45.90,81.0,0.0,SAFE,7,SAFE : Arrêt au feu rouge
45.95,81.0,0.0,SAFE,7,SAFE : Arrêt au feu rouge
46.00,81.0,0.0,SAFE,7,SAFE : Arrêt au feu rouge
46.05,81.0,0.0,SAFE,7,SAFE : Arrêt au feu rouge
46.10,81.0,0.0,SAFE,7,SAFE : Arrêt au feu rouge
46.15,81.0,0.0,SAFE,7,SAFE : Arrêt au feu rouge
46.20,81.0,0.0,SAFE,7,SAFE : Arrêt au feu rouge
46.25,81.0,0.0,SAFE,7,SAFE : Arrêt au feu rouge
46.30,81.0,0.0,SAFE,7,SAFE : Arrêt au feu rouge
46.35,81.0,0.0,SAFE,7,SAFE : Arrêt au feu rouge
46.40,81.0,0.0,SAFE,7,SAFE : Arrêt au feu rouge
46.45,81.0,0.0,SAFE,7,SAFE : Arrêt au feu rouge
46.50,81.0,0.0,SAFE,7,SAFE : Arrêt au feu rouge
46.55,81.0,0.0,SAFE,7,SAFE : Arrêt au feu rouge
46.60,81.0,0.0,SAFE,7,SAFE : Arrêt au feu rouge
46.65,81.0,0.0,SAFE,7,SAFE : Arrêt au feu rouge
46.70,81.0,0.0,SAFE,7,SAFE : Arrêt au feu rouge
46.75,81.0,0.0,SAFE,7,SAFE : Arrêt au feu rouge
46.80,81.0,0.0,SAFE,7,SAFE : Arrêt au feu rouge
46.85,81.0,0.0,SAFE,7,SAFE : Arrêt au feu rouge
46.90,81.0,0.0,SAFE,7,SAFE : Arrêt au feu rouge
46.95,81.0,0.0,SAFE,7,SAFE : Arrêt au feu rouge
47.00,81.0,0.0,SAFE,7,SAFE : Arrêt au feu rouge
47.05,81.0,0.0,SAFE,7,SAFE : Arrêt au feu rouge
47.10,81.0,0.0,SAFE,7,SAFE : Arrêt au feu rouge
47.15,81.0,0.0,SAFE,7,SAFE : Arrêt au feu rouge
47.20,81.0,0.0,SAFE,7,SAFE : Arrêt au feu rouge
47.25,81.0,0.0,SAFE,7,SAFE : Arrêt au feu rouge
47.30,81.0,0.0,SAFE,7,SAFE : Arrêt au feu rouge
47.35,81.0,0.0,SAFE,7,SAFE : Arrêt au feu rouge
47.40,81.0,0.0,SAFE,7,SAFE : Arrêt au feu rouge
47.45,81.0,0.0,SAFE,7,SAFE : Arrêt au feu rouge
47.50,81.0,0.0,SAFE,7,SAFE : Arrêt au feu rouge
47.55,81.0,0.0,SAFE,7,SAFE : Arrêt au feu rouge
47.60,81.0,0.0,SAFE,6,SAFE : Arrêt au feu rouge
47.65,81.0,0.0,SAFE,6,SAFE : Arrêt au feu rouge
47.70,81.0,0.0,SAFE,6,SAFE : Arrêt au feu rouge
47.75,81.0,0.0,SAFE,6,SAFE : Arrêt au feu rouge
47.80,81.0,0.0,SAFE,6,SAFE : Arrêt au feu rouge
47.85,81.0,0.0,SAFE,6,SAFE : Arrêt au feu rouge
47.90,81.0,0.0,SAFE,6,SAFE : Arrêt au feu rouge
47.95,81.0,0.0,SAFE,6,SAFE : Arrêt au feu rouge
48.00,81.0,0.0,SAFE,6,SAFE : Arrêt au feu rouge
48.05,81.0,0.0,SAFE,6,SAFE : Arrêt au feu rouge
48.10,81.0,0.0,SAFE,6,SAFE : Arrêt au feu rouge
48.15,81.0,0.0,SAFE,6,SAFE : Arrêt au feu rouge
48.20,81.0,0.0,SAFE,6,SAFE : Arrêt au feu rouge
48.25,81.0,0.0,SAFE,6,SAFE : Arrêt au feu rouge
48.30,81.0,0.0,SAFE,6,SAFE : Arrêt au feu rouge
48.35,81.0,0.0,SAFE,6,SAFE : Arrêt au feu rouge
48.40,81.0,0.0,SAFE,6,SAFE : Arrêt au feu rouge
48.45,81.0,0.0,SAFE,6,SAFE : Arrêt au feu rouge
48.50,81.0,0.0,SAFE,6,SAFE : Arrêt au feu rouge
48.55,81.0,0.0,SAFE,6,SAFE : Arrêt au feu rouge
48.60,81.0,0.0,SAFE,6,SAFE : Arrêt au feu rouge
48.65,81.0,0.0,SAFE,6,SAFE : Arrêt au feu rouge
48.70,81.0,0.0,SAFE,6,SAFE : Arrêt au feu rouge
48.75,81.0,0.0,SAFE,6,SAFE : Arrêt au feu rouge
48.80,81.0,0.0,SAFE,6,SAFE : Arrêt au feu rouge
48.85,81.0,0.0,SAFE,6,SAFE : Arrêt au feu rouge
48.90,81.0,0.0,SAFE,6,SAFE : Arrêt au feu rouge
48.95,81.0,0.0,SAFE,6,SAFE : Arrêt au feu rouge
49.00,81.0,0.0,SAFE,6,SAFE : Arrêt au feu rouge
49.05,81.0,0.0,SAFE,6,SAFE : Arrêt au feu rouge
49.10,81.0,0.0,SAFE,6,SAFE : Arrêt au feu rouge
49.15,81.0,0.0,SAFE,6,SAFE : Arrêt au feu rouge
49.20,81.0,0.0,SAFE,6,SAFE : Arrêt au feu rouge
49.25,81.0,0.0,SAFE,6,SAFE : Arrêt au feu rouge
49.30,81.0,0.0,SAFE,6,SAFE : Arrêt au feu rouge
49.35,81.0,0.0,SAFE,6,SAFE : Arrêt au feu rouge
49.40,81.0,0.0,SAFE,6,SAFE : Arrêt au feu rouge
49.45,81.0,0.0,SAFE,6,SAFE : Arrêt au feu rouge
49.50,81.0,0.0,SAFE,6,SAFE : Arrêt au feu rouge
49.55,81.0,0.0,SAFE,6,SAFE : Arrêt au feu rouge
49.60,81.0,0.0,SAFE,6,SAFE : Arrêt au feu rouge
49.65,81.0,0.0,SAFE,6,SAFE : Arrêt au feu rouge
49.70,81.0,0.0,SAFE,6,SAFE : Arrêt au feu rouge
49.75,81.0,0.0,SAFE,6,SAFE : Arrêt au feu rouge
49.80,81.0,0.0,SAFE,6,SAFE : Arrêt au feu rouge
49.85,81.0,0.0,SAFE,6,SAFE : Arrêt au feu rouge
49.90,81.0,0.0,SAFE,6,SAFE : Arrêt au feu rouge
49.95,81.0,0.0,SAFE,6,SAFE : Arrêt au feu rouge
50.00,81.0,0.0,SAFE,6,SAFE : Arrêt au feu rouge
50.05,81.0,0.0,SAFE,6,SAFE : Arrêt au feu rouge
50.10,81.0,0.0,SAFE,6,SAFE : Arrêt au feu rouge
50.15,81.0,0.0,SAFE,6,SAFE : Arrêt au feu rouge
50.20,81.0,0.0,SAFE,6,SAFE : Arrêt au feu rouge
50.25,81.0,0.0,SAFE,6,SAFE : Arrêt au feu rouge
50.30,81.0,0.0,SAFE,6,SAFE : Arrêt au feu rouge
50.35,81.0,0.0,SAFE,6,SAFE : Arrêt au feu rouge
50.40,81.0,0.0,SAFE,6,SAFE : Arrêt au feu rouge
50.45,81.0,0.0,SAFE,6,SAFE : Arrêt au feu rouge
50.50,81.0,0.0,SAFE,6,SAFE : Arrêt au feu rouge
50.55,81.0,0.0,SAFE,6,SAFE : Arrêt au feu rouge
50.60,81.0,0.0,SAFE,6,SAFE : Arrêt au feu rouge
50.65,81.0,0.0,SAFE,6,SAFE : Arrêt au feu rouge
50.70,81.0,0.0,SAFE,6,SAFE : Arrêt au feu rouge
50.75,81.0,0.0,SAFE,6,SAFE : Arrêt au feu rouge
50.80,81.0,0.0,SAFE,6,SAFE : Arrêt au feu rouge
50.85,81.0,0.0,SAFE,6,SAFE : Arrêt au feu rouge
50.90,81.0,0.0,SAFE,6,SAFE : Arrêt au feu rouge
50.95,81.0,0.0,SAFE,6,SAFE : Arrêt au feu rouge
51.00,81.0,0.0,SAFE,6,SAFE : Arrêt au feu rouge
51.05,81.0,0.0,SAFE,6,SAFE : Arrêt au feu rouge
51.10,81.0,0.0,SAFE,6,SAFE : Arrêt au feu rouge
51.15,81.0,0.0,SAFE,6,SAFE : Arrêt au feu rouge
51.20,81.0,0.0,SAFE,6,SAFE : Arrêt au feu rouge
51.25,81.0,0.0,SAFE,6,SAFE : Arrêt au feu rouge
51.30,81.0,0.0,SAFE,6,SAFE : Arrêt au feu rouge
51.35,81.0,0.0,SAFE,6,SAFE : Arrêt au feu rouge
51.40,81.0,0.0,SAFE,6,SAFE : Arrêt au feu rouge
51.45,81.0,0.0,SAFE,6,SAFE : Arrêt au feu rouge
51.50,81.0,0.0,SAFE,6,SAFE : Arrêt au feu rouge
51.55,81.0,0.0,SAFE,5,SAFE : Arrêt au feu rouge
51.60,81.0,0.0,SAFE,5,SAFE : Arrêt au feu rouge
51.65,81.0,0.0,SAFE,5,SAFE : Arrêt au feu rouge
51.70,81.0,0.0,SAFE,5,SAFE : Arrêt au feu rouge
51.75,81.0,0.0,SAFE,5,SAFE : Arrêt au feu rouge
51.80,81.0,0.0,SAFE,5,SAFE : Arrêt au feu rouge
51.85,81.0,0.0,SAFE,5,SAFE : Arrêt au feu rouge
51.90,81.0,0.0,SAFE,5,SAFE : Arrêt au feu rouge
51.95,81.0,0.0,SAFE,5,SAFE : Arrêt au feu rouge
52.00,81.0,0.0,SAFE,5,SAFE : Arrêt au feu rouge
52.05,81.0,0.0,SAFE,5,SAFE : Arrêt au feu rouge
52.10,81.0,0.0,SAFE,5,SAFE : Arrêt au feu rouge
52.15,81.0,0.0,SAFE,5,SAFE : Arrêt au feu rouge
52.20,81.0,0.0,SAFE,5,SAFE : Arrêt au feu rouge
52.25,81.0,0.0,SAFE,5,SAFE : Arrêt au feu rouge
52.30,81.0,0.0,SAFE,5,SAFE : Arrêt au feu rouge
52.35,81.0,0.0,SAFE,5,SAFE : Arrêt au feu rouge
52.40,81.0,0.0,SAFE,5,SAFE : Arrêt au feu rouge
52.45,81.0,0.0,SAFE,5,SAFE : Arrêt au feu rouge
52.50,81.0,0.0,SAFE,5,SAFE : Arrêt au feu rouge
52.55,81.0,0.0,SAFE,5,SAFE : Arrêt au feu rouge
52.60,81.0,0.0,SAFE,5,SAFE : Arrêt au feu rouge
52.65,81.0,0.0,SAFE,5,SAFE : Arrêt au feu rouge
52.70,81.0,0.0,SAFE,5,SAFE : Arrêt au feu rouge
52.75,81.0,0.0,SAFE,5,SAFE : Arrêt au feu rouge
52.80,81.0,0.0,SAFE,5,SAFE : Arrêt au feu rouge
52.85,81.0,0.0,SAFE,5,SAFE : Arrêt au feu rouge
52.90,81.0,0.0,SAFE,5,SAFE : Arrêt au feu rouge
52.95,81.0,0.0,SAFE,5,SAFE : Arrêt au feu rouge
53.00,81.0,0.0,SAFE,5,SAFE : Arrêt au feu rouge
53.05,81.0,0.0,SAFE,5,SAFE : Arrêt au feu rouge
53.10,81.0,0.0,SAFE,5,SAFE : Arrêt au feu rouge
53.15,81.0,0.0,SAFE,5,SAFE : Arrêt au feu rouge
53.20,81.0,0.0,SAFE,5,SAFE : Arrêt au feu rouge
53.25,81.0,0.0,SAFE,5,SAFE : Arrêt au feu rouge
53.30,81.0,0.0,SAFE,5,SAFE : Arrêt au feu rouge
53.35,81.0,0.0,SAFE,5,SAFE : Arrêt au feu rouge
53.40,81.0,0.0,SAFE,5,SAFE : Arrêt au feu rouge
53.45,81.0,0.0,SAFE,5,SAFE : Arrêt au feu rouge
53.50,81.0,0.0,SAFE,5,SAFE : Arrêt au feu rouge
53.55,81.0,0.0,SAFE,5,SAFE : Arrêt au feu rouge
53.60,81.0,0.0,SAFE,5,SAFE : Arrêt au feu rouge
53.65,81.0,0.0,SAFE,4,SAFE : Arrêt au feu rouge
53.70,81.0,0.0,SAFE,4,SAFE : Arrêt au feu rouge
53.75,81.0,0.0,SAFE,4,SAFE : Arrêt au feu rouge
53.80,81.0,0.0,SAFE,4,SAFE : Arrêt au feu rouge
53.85,81.0,0.0,SAFE,4,SAFE : Arrêt au feu rouge
53.90,81.0,0.0,SAFE,4,SAFE : Arrêt au feu rouge
53.95,81.0,0.0,SAFE,4,SAFE : Arrêt au feu rouge
54.00,81.0,0.0,SAFE,4,SAFE : Arrêt au feu rouge
54.05,81.0,0.0,SAFE,4,SAFE : Arrêt au feu rouge
54.10,81.0,0.0,SAFE,4,SAFE : Arrêt au feu rouge
54.15,81.0,0.0,SAFE,4,SAFE : Arrêt au feu rouge
54.20,81.0,0.0,SAFE,4,SAFE : Arrêt au feu rouge
54.25,81.0,0.0,SAFE,4,SAFE : Arrêt au feu rouge
54.30,81.0,0.0,SAFE,4,SAFE : Arrêt au feu rouge
54.35,81.0,0.0,SAFE,5,SAFE : Arrêt au feu rouge
54.40,81.0,0.0,SAFE,5,SAFE : Arrêt au feu rouge
54.45,81.0,0.0,SAFE,5,SAFE : Arrêt au feu rouge
54.50,81.0,0.0,SAFE,5,SAFE : Arrêt au feu rouge
54.55,81.0,0.0,SAFE,5,SAFE : Arrêt au feu rouge
54.60,81.0,0.0,SAFE,5,SAFE : Arrêt au feu rouge
54.65,81.0,0.0,SAFE,5,SAFE : Arrêt au feu rouge
54.70,81.0,0.0,SAFE,5,SAFE : Arrêt au feu rouge
54.75,81.0,0.0,SAFE,5,SAFE : Arrêt au feu rouge
54.80,81.0,0.0,SAFE,5,SAFE : Arrêt au feu rouge
54.85,81.0,0.0,SAFE,5,SAFE : Arrêt au feu rouge
54.90,81.0,0.0,SAFE,5,SAFE : Arrêt au feu rouge
54.95,81.0,0.0,SAFE,5,SAFE : Arrêt au feu rouge
55.00,81.0,0.0,SAFE,5,SAFE : Arrêt au feu rouge
55.05,81.0,0.0,SAFE,5,SAFE : Arrêt au feu rouge
55.10,81.0,0.0,SAFE,5,SAFE : Arrêt au feu rouge
55.15,81.0,0.0,SAFE,5,SAFE : Arrêt au feu rouge
55.20,81.0,0.0,SAFE,5,SAFE : Arrêt au feu rouge
55.25,81.0,0.0,SAFE,5,SAFE : Arrêt au feu rouge
55.30,81.0,0.0,SAFE,5,SAFE : Arrêt au feu rouge
55.35,81.0,0.0,SAFE,5,SAFE : Arrêt au feu rouge
55.40,81.0,0.0,SAFE,5,SAFE : Arrêt au feu rouge
55.45,81.0,0.0,SAFE,5,SAFE : Arrêt au feu rouge
55.50,81.0,0.0,SAFE,5,SAFE : Arrêt au feu rouge
55.55,81.0,0.0,SAFE,5,SAFE : Arrêt au feu rouge
55.60,81.0,0.0,SAFE,5,SAFE : Arrêt au feu rouge
55.65,81.0,0.0,SAFE,5,SAFE : Arrêt au feu rouge
55.70,81.0,0.0,SAFE,5,SAFE : Arrêt au feu rouge
55.75,81.0,0.0,SAFE,5,SAFE : Arrêt au feu rouge
55.80,81.0,0.0,SAFE,5,SAFE : Arrêt au feu rouge
55.85,81.0,0.0,SAFE,5,SAFE : Arrêt au feu rouge
55.90,81.0,0.0,SAFE,5,SAFE : Arrêt au feu rouge
55.95,81.0,0.0,SAFE,5,SAFE : Arrêt au feu rouge
56.00,81.0,0.0,SAFE,5,SAFE : Arrêt au feu rouge
56.05,81.0,0.0,SAFE,5,SAFE : Arrêt au feu rouge
56.10,81.0,0.0,SAFE,5,SAFE : Arrêt au feu rouge
56.15,81.0,0.0,SAFE,5,SAFE : Arrêt au feu rouge
56.20,81.0,0.0,SAFE,5,SAFE : Arrêt au feu rouge
56.25,81.0,0.0,SAFE,5,SAFE : Arrêt au feu rouge
56.30,81.0,0.0,SAFE,5,SAFE : Arrêt au feu rouge
56.35,81.0,0.0,SAFE,5,SAFE : Arrêt au feu rouge
56.40,81.0,0.0,SAFE,5,SAFE : Arrêt au feu rouge
56.45,81.0,0.0,SAFE,5,SAFE : Arrêt au feu rouge
56.50,81.0,0.0,SAFE,5,SAFE : Arrêt au feu rouge
56.55,81.0,0.0,SAFE,5,SAFE : Arrêt au feu rouge
56.60,81.0,0.0,SAFE,5,SAFE : Arrêt au feu rouge
56.65,81.0,0.0,SAFE,5,SAFE : Arrêt au feu rouge
56.70,81.0,0.0,SAFE,5,SAFE : Arrêt au feu rouge
56.75,81.0,0.0,SAFE,5,SAFE : Arrêt au feu rouge
56.80,81.0,0.0,SAFE,5,SAFE : Arrêt au feu rouge
56.85,81.0,0.0,SAFE,5,SAFE : Arrêt au feu rouge
56.90,81.0,0.0,SAFE,5,SAFE : Arrêt au feu rouge
56.95,81.0,0.0,SAFE,5,SAFE : Arrêt au feu rouge
57.00,81.0,0.0,SAFE,5,SAFE : Arrêt au feu rouge
57.05,81.0,0.0,SAFE,5,SAFE : Arrêt au feu rouge
57.10,81.0,0.0,SAFE,5,SAFE : Arrêt au feu rouge
57.15,81.0,0.0,SAFE,5,SAFE : Arrêt au feu rouge
57.20,81.0,0.0,SAFE,5,SAFE : Arrêt au feu rouge
57.25,81.0,0.0,SAFE,5,SAFE : Arrêt au feu rouge
57.30,81.0,0.0,SAFE,5,SAFE : Arrêt au feu rouge
57.35,81.0,0.0,SAFE,5,SAFE : Arrêt au feu rouge
57.40,81.0,0.0,SAFE,5,SAFE : Arrêt au feu rouge
57.45,81.0,0.0,SAFE,5,SAFE : Arrêt au feu rouge
57.50,81.0,0.0,SAFE,5,SAFE : Arrêt au feu rouge
57.55,81.0,0.0,SAFE,5,SAFE : Arrêt au feu rouge
57.60,81.0,0.0,SAFE,5,SAFE : Arrêt au feu rouge
57.65,81.0,0.0,SAFE,5,SAFE : Arrêt au feu rouge
57.70,81.0,0.0,SAFE,5,SAFE : Arrêt au feu rouge
57.75,81.0,0.0,SAFE,5,SAFE : Arrêt au feu rouge
57.80,81.0,0.0,SAFE,5,SAFE : Arrêt au feu rouge
57.85,81.0,0.0,SAFE,5,SAFE : Arrêt au feu rouge
57.90,81.0,0.0,SAFE,5,SAFE : Arrêt au feu rouge
57.95,81.0,0.0,SAFE,5,SAFE : Arrêt au feu rouge
58.00,81.0,0.0,SAFE,5,SAFE : Arrêt au feu rouge
58.05,81.0,0.0,SAFE,5,SAFE : Arrêt au feu rouge
58.10,81.0,0.0,SAFE,5,SAFE : Arrêt au feu rouge
58.15,81.0,0.0,SAFE,5,SAFE : Arrêt au feu rouge
58.20,81.0,0.0,SAFE,5,SAFE : Arrêt au feu rouge
58.25,81.0,0.0,SAFE,5,SAFE : Arrêt au feu rouge
58.30,81.0,0.0,SAFE,5,SAFE : Arrêt au feu rouge
58.35,81.0,0.0,SAFE,5,SAFE : Arrêt au feu rouge
58.40,81.0,0.0,SAFE,5,SAFE : Arrêt au feu rouge
58.45,81.0,0.0,SAFE,5,SAFE : Arrêt au feu rouge
58.50,81.0,0.0,SAFE,5,SAFE : Arrêt au feu rouge
58.55,81.0,0.0,SAFE,5,SAFE : Arrêt au feu rouge
58.60,81.0,0.0,SAFE,5,SAFE : Arrêt au feu rouge
58.65,81.0,0.0,SAFE,5,SAFE : Arrêt au feu rouge
58.70,81.0,0.0,SAFE,5,SAFE : Arrêt au feu rouge
58.75,81.0,0.0,SAFE,5,SAFE : Arrêt au feu rouge
58.80,81.0,0.0,SAFE,5,SAFE : Arrêt au feu rouge
58.85,81.0,0.0,SAFE,5,SAFE : Arrêt au feu rouge
58.90,81.0,0.0,SAFE,5,SAFE : Arrêt au feu rouge
58.95,81.0,0.0,SAFE,5,SAFE : Arrêt au feu rouge
59.00,81.0,0.0,SAFE,5,SAFE : Arrêt au feu rouge
59.05,81.0,0.0,SAFE,5,SAFE : Arrêt au feu rouge
59.10,81.0,0.0,SAFE,5,SAFE : Arrêt au feu rouge
59.15,81.0,0.0,SAFE,6,SAFE : Arrêt au feu rouge
59.20,81.0,0.0,SAFE,6,SAFE : Arrêt au feu rouge
59.25,81.0,0.0,SAFE,6,SAFE : Arrêt au feu rouge
59.30,81.0,0.0,SAFE,5,SAFE : Arrêt au feu rouge
59.35,81.0,0.0,SAFE,5,SAFE : Arrêt au feu rouge
59.40,81.0,0.0,SAFE,5,SAFE : Arrêt au feu rouge
59.45,81.0,0.0,SAFE,5,SAFE : Arrêt au feu rouge
59.50,81.0,0.0,SAFE,5,SAFE : Arrêt au feu rouge
59.55,81.0,0.0,SAFE,5,SAFE : Arrêt au feu rouge
59.60,81.0,0.0,SAFE,5,SAFE : Arrêt au feu rouge
59.65,81.0,0.0,SAFE,5,SAFE : Arrêt au feu rouge
59.70,81.0,0.0,SAFE,5,SAFE : Arrêt au feu rouge
59.75,81.0,0.0,SAFE,5,SAFE : Arrêt au feu rouge
59.80,81.0,0.0,SAFE,5,SAFE : Arrêt au feu rouge
59.85,81.0,0.0,SAFE,5,SAFE : Arrêt au feu rouge
59.90,81.0,0.0,SAFE,5,SAFE : Arrêt au feu rouge
59.95,81.0,0.0,SAFE,5,SAFE : Arrêt au feu rouge
60.00,81.0,0.0,SAFE,5,SAFE : Arrêt au feu rouge
60.05,81.0,0.0,SAFE,5,SAFE : Arrêt au feu rouge
60.10,81.0,0.0,SAFE,5,SAFE : Arrêt au feu rouge
60.15,81.0,0.0,SAFE,6,SAFE : Arrêt au feu rouge
60.20,81.0,0.0,SAFE,6,SAFE : Arrêt au feu rouge
60.25,81.0,0.0,SAFE,6,SAFE : Arrêt au feu rouge
60.30,81.0,0.0,SAFE,6,SAFE : Arrêt au feu rouge
60.35,81.0,0.0,SAFE,6,SAFE : Arrêt au feu rouge
60.40,81.0,0.0,SAFE,6,SAFE : Arrêt au feu rouge
60.45,81.0,0.0,SAFE,6,SAFE : Arrêt au feu rouge
60.50,81.0,0.0,SAFE,6,SAFE : Arrêt au feu rouge
60.55,81.0,0.0,SAFE,6,SAFE : Arrêt au feu rouge
60.60,81.0,0.0,SAFE,6,SAFE : Arrêt au feu rouge
60.65,81.0,0.0,SAFE,6,SAFE : Arrêt au feu rouge
60.70,81.0,0.0,SAFE,6,SAFE : Arrêt au feu rouge
60.75,81.0,0.0,SAFE,6,SAFE : Arrêt au feu rouge
60.80,81.0,0.0,SAFE,6,SAFE : Arrêt au feu rouge
60.85,81.0,0.0,SAFE,6,SAFE : Arrêt au feu rouge
60.90,81.0,0.0,SAFE,6,SAFE : Arrêt au feu rouge
60.95,81.0,0.0,SAFE,6,SAFE : Arrêt au feu rouge
61.00,81.0,0.0,SAFE,6,SAFE : Arrêt au feu rouge
61.05,81.0,0.0,SAFE,6,SAFE : Arrêt au feu rouge
61.10,81.0,0.0,SAFE,6,SAFE : Arrêt au feu rouge
61.15,81.0,0.0,SAFE,6,SAFE : Arrêt au feu rouge
61.20,81.0,0.0,SAFE,6,SAFE : Arrêt au feu rouge
61.25,81.0,0.0,SAFE,6,SAFE : Arrêt au feu rouge
61.30,81.0,0.0,SAFE,6,SAFE : Arrêt au feu rouge
61.35,81.0,0.0,SAFE,6,SAFE : Arrêt au feu rouge
61.40,81.0,0.0,SAFE,6,SAFE : Arrêt au feu rouge
61.45,81.0,0.0,SAFE,6,SAFE : Arrêt au feu rouge
61.50,81.0,0.0,SAFE,6,SAFE : Arrêt au feu rouge
61.55,81.0,0.0,SAFE,6,SAFE : Arrêt au feu rouge
61.60,81.0,0.0,SAFE,6,SAFE : Arrêt au feu rouge
61.65,81.0,0.0,SAFE,6,SAFE : Arrêt au feu rouge
61.70,81.0,0.0,SAFE,6,SAFE : Arrêt au feu rouge
61.75,81.0,0.0,SAFE,6,SAFE : Arrêt au feu rouge
61.80,81.0,0.0,SAFE,6,SAFE : Arrêt au feu rouge
61.85,81.0,0.0,SAFE,6,SAFE : Arrêt au feu rouge
61.90,81.0,0.0,SAFE,6,SAFE : Arrêt au feu rouge
61.95,81.0,0.0,SAFE,6,SAFE : Arrêt au feu rouge
62.00,81.0,0.0,SAFE,6,SAFE : Arrêt au feu rouge
62.05,81.0,0.0,SAFE,6,SAFE : Arrêt au feu rouge
62.10,81.0,0.0,SAFE,6,SAFE : Arrêt au feu rouge
62.15,81.0,0.0,SAFE,6,SAFE : Arrêt au feu rouge
62.20,81.0,0.0,SAFE,6,SAFE : Arrêt au feu rouge
62.25,81.0,0.0,SAFE,6,SAFE : Arrêt au feu rouge
62.30,81.0,0.0,SAFE,6,SAFE : Arrêt au feu rouge
62.35,81.0,0.0,SAFE,6,SAFE : Arrêt au feu rouge
62.40,81.0,0.0,SAFE,6,SAFE : Arrêt au feu rouge
62.45,81.0,0.0,SAFE,6,SAFE : Arrêt au feu rouge
62.50,81.0,0.0,SAFE,5,SAFE : Arrêt au feu rouge
62.55,81.0,0.0,SAFE,5,SAFE : Arrêt au feu rouge
62.60,81.0,0.0,SAFE,5,SAFE : Arrêt au feu rouge
62.65,81.0,0.0,SAFE,5,SAFE : Arrêt au feu rouge
62.70,81.0,0.0,SAFE,5,SAFE : Arrêt au feu rouge
62.75,81.0,0.0,SAFE,5,SAFE : Arrêt au feu rouge
62.80,81.0,0.0,SAFE,5,SAFE : Arrêt au feu rouge
62.85,81.0,0.0,SAFE,5,SAFE : Arrêt au feu rouge
62.90,81.0,0.0,SAFE,5,SAFE : Arrêt au feu rouge
62.95,81.0,0.0,SAFE,5,SAFE : Arrêt au feu rouge
63.00,81.0,0.0,SAFE,5,SAFE : Arrêt au feu rouge
63.05,81.0,0.0,SAFE,5,SAFE : Arrêt au feu rouge
63.10,81.0,0.0,SAFE,5,SAFE : Arrêt au feu rouge
63.15,81.0,0.0,SAFE,5,SAFE : Arrêt au feu rouge
63.20,81.0,0.0,SAFE,5,SAFE : Arrêt au feu rouge
63.25,81.0,0.0,SAFE,5,SAFE : Arrêt au feu rouge
63.30,81.0,0.0,SAFE,5,SAFE : Arrêt au feu rouge
63.35,81.0,0.0,SAFE,5,SAFE : Arrêt au feu rouge
63.40,81.0,0.0,SAFE,5,SAFE : Arrêt au feu rouge
63.45,81.0,0.0,SAFE,5,SAFE : Arrêt au feu rouge
63.50,81.0,0.0,SAFE,5,SAFE : Arrêt au feu rouge
63.55,81.0,0.0,SAFE,5,SAFE : Arrêt au feu rouge
63.60,81.0,0.0,SAFE,5,SAFE : Arrêt au feu rouge
63.65,81.0,0.0,SAFE,5,SAFE : Arrêt au feu rouge
63.70,81.0,0.0,SAFE,5,SAFE : Arrêt au feu rouge
63.75,81.0,0.0,SAFE,5,SAFE : Arrêt au feu rouge
63.80,81.0,0.0,SAFE,5,SAFE : Arrêt au feu rouge
63.85,81.0,0.0,SAFE,5,SAFE : Arrêt au feu rouge
63.90,81.0,0.0,SAFE,5,SAFE : Arrêt au feu rouge
63.95,81.0,0.0,SAFE,5,SAFE : Arrêt au feu rouge
64.00,81.0,0.0,SAFE,5,SAFE : Arrêt au feu rouge
64.05,81.0,0.0,SAFE,5,SAFE : Arrêt au feu rouge
64.10,81.0,0.0,SAFE,5,SAFE : Arrêt au feu rouge
64.15,81.0,0.0,SAFE,5,SAFE : Arrêt au feu rouge
64.20,81.0,0.0,SAFE,5,SAFE : Arrêt au feu rouge
64.25,81.0,0.0,SAFE,5,SAFE : Arrêt au feu rouge
64.30,81.0,0.0,SAFE,5,SAFE : Arrêt au feu rouge
64.35,81.0,0.0,SAFE,5,SAFE : Arrêt au feu rouge
64.40,81.0,0.0,SAFE,5,SAFE : Arrêt au feu rouge
64.45,81.0,0.0,SAFE,5,SAFE : Arrêt au feu rouge
64.50,81.0,0.0,SAFE,5,SAFE : Arrêt au feu rouge
64.55,81.0,0.0,SAFE,5,SAFE : Arrêt au feu rouge
64.60,81.0,0.0,SAFE,5,SAFE : Arrêt au feu rouge
64.65,81.0,0.0,SAFE,5,SAFE : Arrêt au feu rouge
64.70,81.0,0.0,SAFE,5,SAFE : Arrêt au feu rouge
64.75,81.0,0.0,SAFE,5,SAFE : Arrêt au feu rouge
64.80,81.0,0.0,SAFE,5,SAFE : Arrêt au feu rouge
64.85,81.0,0.0,SAFE,5,SAFE : Arrêt au feu rouge
64.90,81.0,0.0,SAFE,5,SAFE : Arrêt au feu rouge
64.95,81.0,0.0,SAFE,5,SAFE : Arrêt au feu rouge
65.00,81.0,0.0,SAFE,5,SAFE : Arrêt au feu rouge
65.05,81.0,0.0,SAFE,5,SAFE : Arrêt au feu rouge
65.10,81.0,0.0,SAFE,5,SAFE : Arrêt au feu rouge
65.15,81.0,0.0,SAFE,5,SAFE : Arrêt au feu rouge
65.20,81.0,0.0,SAFE,5,SAFE : Arrêt au feu rouge
65.25,81.0,0.0,SAFE,5,SAFE : Arrêt au feu rouge
65.30,81.0,0.0,SAFE,5,SAFE : Arrêt au feu rouge
65.35,81.0,0.0,SAFE,5,SAFE : Arrêt au feu rouge
65.40,81.0,0.0,SAFE,5,SAFE : Arrêt au feu rouge
65.45,81.0,0.0,SAFE,5,SAFE : Arrêt au feu rouge
65.50,81.0,0.0,SAFE,5,SAFE : Arrêt au feu rouge
65.55,81.0,0.0,SAFE,5,SAFE : Arrêt au feu rouge
65.60,81.0,0.0,SAFE,5,SAFE : Arrêt au feu rouge
65.65,81.0,0.0,SAFE,5,SAFE : Arrêt au feu rouge
65.70,81.0,0.0,SAFE,5,SAFE : Arrêt au feu rouge
65.75,81.0,0.0,SAFE,5,SAFE : Arrêt au feu rouge
65.80,81.0,0.0,SAFE,5,SAFE : Arrêt au feu rouge
65.85,81.0,0.0,SAFE,5,SAFE : Arrêt au feu rouge
65.90,81.0,0.0,SAFE,5,SAFE : Arrêt au feu rouge
65.95,81.0,0.0,SAFE,5,SAFE : Arrêt au feu rouge
66.00,81.0,0.0,SAFE,5,SAFE : Arrêt au feu rouge
66.05,81.0,0.0,SAFE,5,SAFE : Arrêt au feu rouge
66.10,81.0,0.0,SAFE,5,SAFE : Arrêt au feu rouge
66.15,81.0,0.0,SAFE,5,SAFE : Arrêt au feu rouge
66.20,81.0,0.0,SAFE,5,SAFE : Arrêt au feu rouge
66.25,81.0,0.0,SAFE,5,SAFE : Arrêt au feu rouge
66.30,81.0,0.0,SAFE,5,SAFE : Arrêt au feu rouge
66.35,81.0,0.0,SAFE,5,SAFE : Arrêt au feu rouge
66.40,81.0,0.0,SAFE,5,SAFE : Arrêt au feu rouge
66.45,81.0,0.0,SAFE,5,SAFE : Arrêt au feu rouge
66.50,81.0,0.0,SAFE,5,SAFE : Arrêt au feu rouge
66.55,81.0,0.0,SAFE,5,SAFE : Arrêt au feu rouge
66.60,81.0,0.0,SAFE,5,SAFE : Arrêt au feu rouge
66.65,81.0,0.0,SAFE,5,SAFE : Arrêt au feu rouge
66.70,81.0,0.0,SAFE,5,SAFE : Arrêt au feu rouge
66.75,81.0,0.0,SAFE,5,SAFE : Arrêt au feu rouge
66.80,81.0,0.0,SAFE,5,SAFE : Arrêt au feu rouge
66.85,81.0,0.0,SAFE,5,SAFE : Arrêt au feu rouge
66.90,81.0,0.0,SAFE,5,SAFE : Arrêt au feu rouge
66.95,81.0,0.0,SAFE,5,SAFE : Arrêt au feu rouge
67.00,81.0,0.0,SAFE,5,SAFE : Arrêt au feu rouge
67.05,81.0,0.0,SAFE,4,SAFE : Arrêt au feu rouge
67.10,81.0,0.0,SAFE,4,SAFE : Arrêt au feu rouge
67.15,81.0,0.0,SAFE,4,SAFE : Arrêt au feu rouge
67.20,81.0,0.0,SAFE,4,SAFE : Arrêt au feu rouge
67.25,81.0,0.0,SAFE,4,SAFE : Arrêt au feu rouge
67.30,81.0,0.0,SAFE,4,SAFE : Arrêt au feu rouge
67.35,81.0,0.0,SAFE,4,SAFE : Arrêt au feu rouge
67.40,81.0,0.0,SAFE,4,SAFE : Arrêt au feu rouge
67.45,81.0,0.0,SAFE,4,SAFE : Arrêt au feu rouge
67.50,81.0,0.0,SAFE,4,SAFE : Arrêt au feu rouge
67.55,81.0,0.0,SAFE,4,SAFE : Arrêt au feu rouge
67.60,81.0,0.0,SAFE,4,SAFE : Arrêt au feu rouge
67.65,81.0,0.0,SAFE,4,SAFE : Arrêt au feu rouge
67.70,81.0,0.0,SAFE,4,SAFE : Arrêt au feu rouge
67.75,81.0,0.0,SAFE,4,SAFE : Arrêt au feu rouge
67.80,81.0,0.0,SAFE,4,SAFE : Arrêt au feu rouge
67.85,81.0,0.0,SAFE,4,SAFE : Arrêt au feu rouge
67.90,81.0,0.0,SAFE,4,SAFE : Arrêt au feu rouge
67.95,81.0,0.0,SAFE,4,SAFE : Arrêt au feu rouge
68.00,81.0,0.0,SAFE,4,SAFE : Arrêt au feu rouge
68.05,81.0,0.0,SAFE,4,SAFE : Arrêt au feu rouge
68.10,81.0,0.0,SAFE,4,SAFE : Arrêt au feu rouge
68.15,81.0,0.0,SAFE,4,SAFE : Arrêt au feu rouge
68.20,81.0,0.0,SAFE,4,SAFE : Arrêt au feu rouge
68.25,81.0,0.0,SAFE,4,SAFE : Arrêt au feu rouge
68.30,81.0,0.0,SAFE,4,SAFE : Arrêt au feu rouge
68.35,81.0,0.0,SAFE,4,SAFE : Arrêt au feu rouge
68.40,81.0,0.0,SAFE,4,SAFE : Arrêt au feu rouge
68.45,81.0,0.0,SAFE,4,SAFE : Arrêt au feu rouge
68.50,81.0,0.0,SAFE,4,SAFE : Arrêt au feu rouge
68.55,81.0,0.0,SAFE,4,SAFE : Arrêt au feu rouge
68.60,81.0,0.0,SAFE,4,SAFE : Arrêt au feu rouge
68.65,81.0,0.0,SAFE,4,SAFE : Arrêt au feu rouge
68.70,81.0,0.0,SAFE,4,SAFE : Arrêt au feu rouge
68.75,81.0,0.0,SAFE,4,SAFE : Arrêt au feu rouge
68.80,81.0,0.0,SAFE,4,SAFE : Arrêt au feu rouge
68.85,81.0,0.0,SAFE,4,SAFE : Arrêt au feu rouge
68.90,81.0,0.0,SAFE,4,SAFE : Arrêt au feu rouge
68.95,81.0,0.0,SAFE,4,SAFE : Arrêt au feu rouge
69.00,81.0,0.0,SAFE,4,SAFE : Arrêt au feu rouge
69.05,81.0,0.0,SAFE,4,SAFE : Arrêt au feu rouge
69.10,81.0,0.0,SAFE,4,SAFE : Arrêt au feu rouge
69.15,81.0,0.0,SAFE,4,SAFE : Arrêt au feu rouge
69.20,81.0,0.0,SAFE,4,SAFE : Arrêt au feu rouge
69.25,81.0,0.0,SAFE,4,SAFE : Arrêt au feu rouge
69.30,81.0,0.0,SAFE,4,SAFE : Arrêt au feu rouge
69.35,81.0,0.0,SAFE,4,SAFE : Arrêt au feu rouge
69.40,81.0,0.0,SAFE,4,SAFE : Arrêt au feu rouge
69.45,81.0,0.0,SAFE,4,SAFE : Arrêt au feu rouge
69.50,81.0,0.0,SAFE,4,SAFE : Arrêt au feu rouge
69.55,81.0,0.0,SAFE,4,SAFE : Arrêt au feu rouge
69.60,81.0,0.0,SAFE,4,SAFE : Arrêt au feu rouge
69.65,81.0,0.0,SAFE,4,SAFE : Arrêt au feu rouge
69.70,81.0,0.0,SAFE,4,SAFE : Arrêt au feu rouge
69.75,81.0,0.0,SAFE,4,SAFE : Arrêt au feu rouge
69.80,81.0,0.0,SAFE,4,SAFE : Arrêt au feu rouge
69.85,81.0,0.0,SAFE,4,SAFE : Arrêt au feu rouge
69.90,81.0,0.0,SAFE,4,SAFE : Arrêt au feu rouge
69.95,81.0,0.0,SAFE,4,SAFE : Arrêt au feu rouge
70.00,81.0,0.0,SAFE,4,SAFE : Arrêt au feu rouge
70.05,81.0,0.0,SAFE,4,SAFE : Arrêt au feu rouge
70.10,81.0,0.0,SAFE,4,SAFE : Arrêt au feu rouge
70.15,81.0,0.0,SAFE,4,SAFE : Arrêt au feu rouge
70.20,81.0,0.0,SAFE,4,SAFE : Arrêt au feu rouge
70.25,81.0,0.0,SAFE,4,SAFE : Arrêt au feu rouge
70.30,81.0,0.0,SAFE,4,SAFE : Arrêt au feu rouge
70.35,81.0,0.0,SAFE,4,SAFE : Arrêt au feu rouge
70.40,81.0,0.0,SAFE,4,SAFE : Arrêt au feu rouge
70.45,81.0,0.0,SAFE,4,SAFE : Arrêt au feu rouge
70.50,81.0,0.0,SAFE,4,SAFE : Arrêt au feu rouge
70.55,81.0,0.0,SAFE,4,SAFE : Arrêt au feu rouge
70.60,81.0,0.0,SAFE,4,SAFE : Arrêt au feu rouge
70.65,81.0,0.0,SAFE,4,SAFE : Arrêt au feu rouge
70.70,81.0,0.0,SAFE,4,SAFE : Arrêt au feu rouge
70.75,81.0,0.0,SAFE,4,SAFE : Arrêt au feu rouge
70.80,81.0,0.0,SAFE,4,SAFE : Arrêt au feu rouge
70.85,81.0,0.0,SAFE,4,SAFE : Arrêt au feu rouge
70.90,81.0,0.0,SAFE,4,SAFE : Arrêt au feu rouge
70.95,81.0,0.0,SAFE,4,SAFE : Arrêt au feu rouge
71.00,81.0,0.0,SAFE,4,SAFE : Arrêt au feu rouge
71.05,81.0,0.0,SAFE,4,SAFE : Arrêt au feu rouge
71.10,81.0,0.0,SAFE,4,SAFE : Arrêt au feu rouge
71.15,81.0,0.0,SAFE,4,SAFE : Arrêt au feu rouge
71.20,81.0,0.0,SAFE,4,SAFE : Arrêt au feu rouge
71.25,81.0,0.0,SAFE,4,SAFE : Arrêt au feu rouge
71.30,81.0,0.0,SAFE,4,SAFE : Arrêt au feu rouge
71.35,81.0,0.0,SAFE,4,SAFE : Arrêt au feu rouge
71.40,81.0,0.0,SAFE,4,SAFE : Arrêt au feu rouge
71.45,81.0,0.0,SAFE,4,SAFE : Arrêt au feu rouge
71.50,81.0,0.0,SAFE,4,SAFE : Arrêt au feu rouge
71.55,81.0,0.0,SAFE,4,SAFE : Arrêt au feu rouge
71.60,81.0,0.0,SAFE,4,SAFE : Arrêt au feu rouge
71.65,81.0,0.0,SAFE,4,SAFE : Arrêt au feu rouge
71.70,81.0,0.0,SAFE,4,SAFE : Arrêt au feu rouge
71.75,81.0,0.0,SAFE,4,SAFE : Arrêt au feu rouge
71.80,81.0,0.0,SAFE,4,SAFE : Arrêt au feu rouge
71.85,81.0,0.0,SAFE,4,SAFE : Arrêt au feu rouge
71.90,81.0,0.0,SAFE,4,SAFE : Arrêt au feu rouge
71.95,81.0,0.0,SAFE,4,SAFE : Arrêt au feu rouge
72.00,81.0,0.0,SAFE,4,SAFE : Arrêt au feu rouge
72.05,81.0,0.0,SAFE,4,SAFE : Arrêt au feu rouge
72.10,81.0,0.0,SAFE,4,SAFE : Arrêt au feu rouge
72.15,81.0,0.0,SAFE,4,SAFE : Arrêt au feu rouge
72.20,81.0,0.0,SAFE,4,SAFE : Arrêt au feu rouge
72.25,81.0,0.0,SAFE,4,SAFE : Arrêt au feu rouge
72.30,81.0,0.0,SAFE,4,SAFE : Arrêt au feu rouge
72.35,81.0,0.0,SAFE,4,Situation maîtrisée
72.40,81.0,0.0,SAFE,4,Situation maîtrisée
72.45,81.0,0.0,SAFE,4,Situation maîtrisée
72.50,81.0,0.3,SAFE,4,Situation maîtrisée
72.55,81.0,0.8,SAFE,4,Situation maîtrisée
72.60,81.0,1.3,SAFE,4,Situation maîtrisée
72.65,81.0,2.2,SAFE,4,Situation maîtrisée
72.70,81.1,2.8,SAFE,4,Situation maîtrisée
72.75,81.1,3.6,SAFE,4,Situation maîtrisée
72.80,81.2,4.4,SAFE,4,Situation maîtrisée
72.85,81.3,5.3,SAFE,4,Situation maîtrisée
72.90,81.3,6.2,SAFE,4,Situation maîtrisée
72.95,81.4,7.1,SAFE,4,Situation maîtrisée
73.00,81.5,7.9,SAFE,4,Situation maîtrisée
73.05,81.6,8.7,SAFE,4,Situation maîtrisée
73.10,81.8,9.5,SAFE,4,Situation maîtrisée
73.15,81.9,10.4,SAFE,4,Situation maîtrisée
73.20,82.1,11.2,SAFE,4,Situation maîtrisée
73.25,82.2,12.0,SAFE,4,Situation maîtrisée
73.30,82.4,12.7,SAFE,4,Situation maîtrisée
73.35,82.6,13.4,SAFE,4,Situation maîtrisée
73.40,82.8,14.1,SAFE,4,Situation maîtrisée
73.45,83.0,14.7,SAFE,4,Situation maîtrisée
73.50,83.2,15.2,SAFE,4,Situation maîtrisée
73.55,83.4,15.7,SAFE,4,Situation maîtrisée
73.60,83.6,16.1,SAFE,4,Situation maîtrisée
73.65,83.8,16.5,WATCH,4,Vigilance — situation à la limite
73.70,84.1,16.7,WATCH,4,Ralentissez de 1 km/h  (17 -> 16 km/h)
73.75,84.3,16.6,WATCH,4,Ralentissez de 1 km/h  (17 -> 15 km/h)
73.80,84.5,16.4,WATCH,4,Ralentissez de 2 km/h  (16 -> 15 km/h)
73.85,84.8,16.0,WATCH,4,Ralentissez de 2 km/h  (16 -> 15 km/h)
73.90,85.0,15.6,WATCH,4,Ralentissez de 1 km/h  (16 -> 14 km/h)
73.95,85.2,15.2,WATCH,4,Ralentissez de 1 km/h  (15 -> 14 km/h)
74.00,85.4,14.8,WATCH,4,Ralentissez de 1 km/h  (15 -> 13 km/h)
74.05,85.6,14.4,WATCH,4,Ralentissez de 1 km/h  (14 -> 13 km/h)
74.10,85.8,14.0,WATCH,4,Ralentissez de 1 km/h  (14 -> 13 km/h)
74.15,86.0,13.6,WATCH,4,Ralentissez de 1 km/h  (14 -> 12 km/h)
74.20,86.2,13.1,WATCH,4,Vigilance — situation à la limite
74.25,86.4,12.7,WATCH,4,Vigilance — situation à la limite
74.30,86.5,12.4,WATCH,4,Vigilance — situation à la limite
74.35,86.7,12.0,WATCH,4,Vigilance — situation à la limite
74.40,86.9,11.6,WATCH,4,Vigilance — situation à la limite
74.45,87.0,11.2,WATCH,4,Vigilance — situation à la limite
74.50,87.2,10.8,WATCH,4,Vigilance — situation à la limite
74.55,87.3,10.4,WATCH,4,Vigilance — situation à la limite
74.60,87.5,10.1,SAFE,4,Situation maîtrisée
74.65,87.6,9.9,WATCH,4,Vigilance — situation à la limite
74.70,87.7,9.6,WATCH,4,Vigilance — situation à la limite
74.75,87.9,9.4,WATCH,4,Vigilance — situation à la limite
74.80,88.0,9.1,SAFE,4,Situation maîtrisée
74.85,88.1,8.9,DANGER,4,Ralentissez de 6 km/h  (9 -> 3 km/h)
74.90,88.2,8.7,DANGER,4,Ralentissez de 6 km/h  (9 -> 3 km/h)
74.95,88.4,8.3,DANGER,4,Ralentissez de 6 km/h  (8 -> 3 km/h)
75.00,88.5,7.9,DANGER,4,Ralentissez de 5 km/h  (8 -> 2 km/h)
75.05,88.6,7.4,DANGER,4,Ralentissez de 5 km/h  (7 -> 2 km/h)
75.10,88.7,6.2,DANGER,4,Ralentissez de 4 km/h  (6 -> 2 km/h)
75.15,88.7,1.4,SAFE,4,Situation maîtrisée
75.20,88.7,0.0,SAFE,4,Situation maîtrisée
75.25,88.7,0.5,SAFE,4,Situation maîtrisée
75.30,88.7,1.2,SAFE,4,Situation maîtrisée
75.35,88.8,2.0,SAFE,4,Situation maîtrisée
75.40,88.8,2.8,WATCH,4,Vigilance — situation à la limite
75.45,88.8,0.0,SAFE,4,Situation maîtrisée
75.50,88.8,0.7,SAFE,4,Situation maîtrisée
75.55,88.8,1.4,SAFE,4,Situation maîtrisée
75.60,88.9,2.0,SAFE,5,Situation maîtrisée
75.65,88.9,2.9,WATCH,5,Vigilance — situation à la limite
75.70,88.9,0.0,SAFE,5,Situation maîtrisée
75.75,88.9,0.6,SAFE,5,Situation maîtrisée
75.80,88.9,1.6,SAFE,5,Situation maîtrisée
75.85,89.0,2.4,SAFE,5,Situation maîtrisée
75.90,89.0,3.1,WATCH,5,Vigilance — situation à la limite
75.95,89.0,0.6,SAFE,5,Situation maîtrisée
76.00,89.0,0.7,SAFE,5,Situation maîtrisée
76.05,89.0,1.6,SAFE,5,Situation maîtrisée
76.10,89.1,2.3,SAFE,5,Situation maîtrisée
76.15,89.1,3.1,WATCH,5,Vigilance — situation à la limite
76.20,89.1,0.0,SAFE,5,Situation maîtrisée
76.25,89.1,0.7,SAFE,5,Situation maîtrisée
76.30,89.2,1.7,SAFE,5,Situation maîtrisée
76.35,89.2,2.4,WATCH,5,Vigilance — situation à la limite
76.40,89.2,0.0,SAFE,5,Situation maîtrisée
76.45,89.2,0.6,SAFE,5,Situation maîtrisée
76.50,89.2,1.3,SAFE,5,Situation maîtrisée
76.55,89.2,2.2,SAFE,5,Situation maîtrisée
76.60,89.3,2.9,WATCH,5,Vigilance — situation à la limite
76.65,89.3,0.0,SAFE,5,Situation maîtrisée
76.70,89.3,0.6,SAFE,5,Situation maîtrisée
76.75,89.3,1.5,SAFE,5,Situation maîtrisée
76.80,89.3,2.3,WATCH,5,Vigilance — situation à la limite
76.85,89.3,0.0,SAFE,5,Situation maîtrisée
76.90,89.4,0.6,SAFE,5,Situation maîtrisée
76.95,89.4,1.3,SAFE,5,Situation maîtrisée
77.00,89.4,2.1,SAFE,5,Situation maîtrisée
77.05,89.4,2.9,WATCH,5,Ralentissez de 1 km/h  (3 -> 2 km/h)
77.10,89.4,0.0,SAFE,5,Situation maîtrisée
77.15,89.4,0.6,SAFE,5,Situation maîtrisée
77.20,89.5,1.4,SAFE,5,Situation maîtrisée
77.25,89.5,2.3,WATCH,5,Vigilance — situation à la limite
77.30,89.5,0.0,SAFE,5,Situation maîtrisée
77.35,89.5,0.6,SAFE,5,Situation maîtrisée
77.40,89.5,1.4,SAFE,5,Situation maîtrisée
77.45,89.5,2.1,WATCH,5,Vigilance — situation à la limite
77.50,89.5,0.0,SAFE,5,Situation maîtrisée
77.55,89.5,0.5,SAFE,5,Situation maîtrisée
77.60,89.6,1.2,SAFE,5,Situation maîtrisée
77.65,89.6,2.1,WATCH,5,Vigilance — situation à la limite
77.70,89.6,0.0,SAFE,5,Situation maîtrisée
77.75,89.6,0.7,SAFE,5,Situation maîtrisée
77.80,89.6,1.3,SAFE,5,Situation maîtrisée
77.85,89.6,1.9,SAFE,6,Situation maîtrisée
77.90,89.7,2.7,WATCH,6,Vigilance — situation à la limite
77.95,89.7,0.0,SAFE,6,Situation maîtrisée
78.00,89.7,0.6,SAFE,6,Situation maîtrisée
78.05,89.7,1.4,SAFE,6,Situation maîtrisée
78.10,89.7,2.0,WATCH,6,Vigilance — situation à la limite
78.15,89.7,0.0,SAFE,6,Situation maîtrisée
78.20,89.7,0.6,SAFE,6,Situation maîtrisée
78.25,89.7,1.3,SAFE,6,Situation maîtrisée
78.30,89.8,2.1,WATCH,6,Vigilance — situation à la limite
78.35,89.8,0.0,SAFE,6,Situation maîtrisée
78.40,89.8,0.6,SAFE,6,Situation maîtrisée
78.45,89.8,1.4,SAFE,6,Situation maîtrisée
78.50,89.8,2.0,WATCH,6,Vigilance — situation à la limite
78.55,89.8,0.0,SAFE,6,Situation maîtrisée
78.60,89.8,0.6,SAFE,6,Situation maîtrisée
78.65,89.8,1.4,SAFE,6,Situation maîtrisée
78.70,89.9,2.1,WATCH,6,Vigilance — situation à la limite
78.75,89.9,0.0,SAFE,6,Situation maîtrisée
78.80,89.9,0.7,SAFE,6,Situation maîtrisée
78.85,89.9,1.3,SAFE,6,Situation maîtrisée
78.90,89.9,2.0,WATCH,6,Ralentissez de 2 km/h  (2 -> 0 km/h)
78.95,89.9,0.0,SAFE,6,Situation maîtrisée
79.00,89.9,0.7,SAFE,6,Situation maîtrisée
79.05,89.9,1.3,SAFE,6,Situation maîtrisée
79.10,90.0,1.7,SAFE,6,Situation maîtrisée
79.15,90.0,2.8,WATCH,6,Ralentissez de 3 km/h  (3 -> 0 km/h)
79.20,90.0,0.0,SAFE,6,Situation maîtrisée
79.25,90.0,0.6,SAFE,6,Situation maîtrisée
79.30,90.0,1.5,SAFE,6,Situation maîtrisée
79.35,90.1,2.3,WATCH,6,Ralentissez de 2 km/h  (2 -> 0 km/h)
79.40,90.1,0.0,SAFE,6,Situation maîtrisée
79.45,90.1,0.6,SAFE,6,Situation maîtrisée
79.50,90.1,1.4,SAFE,6,Situation maîtrisée
79.55,90.1,2.0,WATCH,6,Vigilance — situation à la limite
79.60,90.1,0.0,SAFE,6,Situation maîtrisée
79.65,90.1,0.6,SAFE,6,Situation maîtrisée
79.70,90.1,1.2,SAFE,6,Situation maîtrisée
79.75,90.2,2.0,WATCH,6,Vigilance — situation à la limite
79.80,90.2,0.0,CRITICAL,6,Vigilance — situation à la limite
79.85,90.2,0.0,CRITICAL,6,Vigilance — situation à la limite
79.90,90.2,0.0,CRITICAL,6,Vigilance — situation à la limite
79.95,90.2,0.0,CRITICAL,6,Vigilance — situation à la limite
80.00,90.2,0.0,CRITICAL,6,Vigilance — situation à la limite
80.05,90.2,0.0,CRITICAL,6,Vigilance — situation à la limite
80.10,90.2,0.0,CRITICAL,6,Vigilance — situation à la limite
80.15,90.2,0.0,CRITICAL,6,Vigilance — situation à la limite
80.20,90.2,0.0,SAFE,6,Situation maîtrisée
80.25,90.2,0.0,SAFE,6,Situation maîtrisée
80.30,90.2,0.0,SAFE,6,Situation maîtrisée
80.35,90.2,0.4,SAFE,6,Situation maîtrisée
80.40,90.2,0.8,SAFE,6,Situation maîtrisée
80.45,90.2,1.4,SAFE,6,Situation maîtrisée
80.50,90.2,2.2,WATCH,6,Vigilance — situation à la limite
80.55,90.2,0.0,SAFE,6,Situation maîtrisée
80.60,90.2,0.6,SAFE,6,Situation maîtrisée
80.65,90.2,1.3,SAFE,6,Situation maîtrisée
80.70,90.3,2.1,WATCH,6,Vigilance — situation à la limite
80.75,90.3,0.0,SAFE,6,Situation maîtrisée
80.80,90.3,0.5,SAFE,6,Situation maîtrisée
80.85,90.3,1.2,SAFE,6,Situation maîtrisée
80.90,90.3,2.0,WATCH,6,Vigilance — situation à la limite
80.95,90.3,0.0,SAFE,6,Situation maîtrisée
81.00,90.3,0.7,SAFE,6,Situation maîtrisée
81.05,90.3,1.2,SAFE,6,Situation maîtrisée
81.10,90.4,1.9,WATCH,6,Vigilance — situation à la limite
81.15,90.4,0.0,SAFE,6,Situation maîtrisée
81.20,90.4,0.6,SAFE,6,Situation maîtrisée
81.25,90.4,1.3,SAFE,6,Situation maîtrisée
81.30,90.4,2.1,WATCH,7,Vigilance — situation à la limite
81.35,90.4,0.0,SAFE,7,Situation maîtrisée
81.40,90.4,0.5,SAFE,7,Situation maîtrisée
81.45,90.4,1.2,CRITICAL,7,FREINEZ de 1 km/h  (1 -> 0 km/h)
81.50,90.4,0.0,CRITICAL,7,Vigilance — situation à la limite
81.55,90.4,0.0,CRITICAL,7,Vigilance — situation à la limite
81.60,90.4,0.0,CRITICAL,7,Vigilance — situation à la limite
81.65,90.4,0.0,CRITICAL,7,Vigilance — situation à la limite
81.70,90.4,0.0,CRITICAL,7,Vigilance — situation à la limite
81.75,90.4,0.0,CRITICAL,7,Vigilance — situation à la limite
81.80,90.4,0.0,CRITICAL,7,Vigilance — situation à la limite
81.85,90.4,0.0,CRITICAL,7,Vigilance — situation à la limite
81.90,90.4,0.0,CRITICAL,7,Vigilance — situation à la limite
81.95,90.4,0.0,CRITICAL,7,Vigilance — situation à la limite
82.00,90.4,0.0,CRITICAL,7,Vigilance — situation à la limite
82.05,90.4,0.0,CRITICAL,7,Vigilance — situation à la limite
82.10,90.4,0.0,CRITICAL,7,Vigilance — situation à la limite
82.15,90.4,0.0,CRITICAL,7,Vigilance — situation à la limite
82.20,90.4,0.0,CRITICAL,7,Vigilance — situation à la limite
82.25,90.4,0.0,CRITICAL,7,Vigilance — situation à la limite
82.30,90.4,0.0,SAFE,7,Situation maîtrisée
82.35,90.4,0.0,CRITICAL,7,Vigilance — situation à la limite
82.40,90.4,0.0,CRITICAL,7,Vigilance — situation à la limite
82.45,90.4,0.0,CRITICAL,7,Vigilance — situation à la limite
82.50,90.4,0.0,CRITICAL,7,Vigilance — situation à la limite
82.55,90.4,0.0,CRITICAL,7,Vigilance — situation à la limite
82.60,90.4,0.0,CRITICAL,7,Vigilance — situation à la limite
82.65,90.4,0.0,CRITICAL,7,Vigilance — situation à la limite
82.70,90.4,0.0,CRITICAL,7,Vigilance — situation à la limite
82.75,90.4,0.0,CRITICAL,7,Vigilance — situation à la limite
82.80,90.4,0.0,CRITICAL,7,Vigilance — situation à la limite
82.85,90.4,0.0,CRITICAL,7,Vigilance — situation à la limite
82.90,90.4,0.0,CRITICAL,7,Vigilance — situation à la limite
82.95,90.4,0.0,CRITICAL,7,Vigilance — situation à la limite
83.00,90.4,0.0,CRITICAL,7,Vigilance — situation à la limite
83.05,90.4,0.0,CRITICAL,7,Vigilance — situation à la limite
83.10,90.4,0.0,CRITICAL,7,Vigilance — situation à la limite
83.15,90.4,0.0,CRITICAL,7,Vigilance — situation à la limite
83.20,90.4,0.0,CRITICAL,7,Vigilance — situation à la limite
83.25,90.4,0.0,CRITICAL,7,Vigilance — situation à la limite
83.30,90.4,0.0,CRITICAL,7,Vigilance — situation à la limite
83.35,90.4,0.0,CRITICAL,7,Vigilance — situation à la limite
83.40,90.4,0.0,CRITICAL,7,Vigilance — situation à la limite
83.45,90.4,0.0,CRITICAL,7,Vigilance — situation à la limite
83.50,90.4,0.0,CRITICAL,7,Vigilance — situation à la limite
83.55,90.4,0.0,CRITICAL,7,Vigilance — situation à la limite
83.60,90.4,0.0,CRITICAL,7,Vigilance — situation à la limite
83.65,90.4,0.0,CRITICAL,7,Vigilance — situation à la limite
83.70,90.4,0.0,CRITICAL,7,Vigilance — situation à la limite
83.75,90.4,0.0,CRITICAL,7,Vigilance — situation à la limite
83.80,90.4,0.0,CRITICAL,7,Vigilance — situation à la limite
83.85,90.4,0.0,CRITICAL,7,Vigilance — situation à la limite
83.90,90.4,0.0,CRITICAL,7,Vigilance — situation à la limite
83.95,90.4,0.0,CRITICAL,7,Vigilance — situation à la limite
84.00,90.4,0.0,CRITICAL,7,Vigilance — situation à la limite
84.05,90.4,0.0,CRITICAL,7,Vigilance — situation à la limite
84.10,90.4,0.0,CRITICAL,7,Vigilance — situation à la limite
84.15,90.4,0.0,CRITICAL,7,Vigilance — situation à la limite
84.20,90.4,0.0,CRITICAL,7,Vigilance — situation à la limite
84.25,90.4,0.0,CRITICAL,7,Vigilance — situation à la limite
84.30,90.4,0.0,CRITICAL,6,Vigilance — situation à la limite
84.35,90.4,0.0,CRITICAL,6,Vigilance — situation à la limite
84.40,90.4,0.0,SAFE,6,Situation maîtrisée
84.45,90.4,0.0,CRITICAL,6,Vigilance — situation à la limite
84.50,90.4,0.0,CRITICAL,6,Vigilance — situation à la limite
84.55,90.4,0.0,CRITICAL,6,Vigilance — situation à la limite
84.60,90.4,0.0,CRITICAL,6,Vigilance — situation à la limite
84.65,90.4,0.0,CRITICAL,6,Vigilance — situation à la limite
84.70,90.4,0.0,CRITICAL,6,Vigilance — situation à la limite
84.75,90.4,0.0,CRITICAL,6,Vigilance — situation à la limite
84.80,90.4,0.0,CRITICAL,6,Vigilance — situation à la limite
84.85,90.4,0.0,CRITICAL,6,Vigilance — situation à la limite
84.90,90.4,0.0,CRITICAL,6,Vigilance — situation à la limite
84.95,90.4,0.0,CRITICAL,6,Vigilance — situation à la limite
85.00,90.4,0.0,CRITICAL,6,Vigilance — situation à la limite
85.05,90.4,0.0,CRITICAL,6,Vigilance — situation à la limite
85.10,90.4,0.0,CRITICAL,6,Vigilance — situation à la limite
85.15,90.4,0.0,CRITICAL,6,Vigilance — situation à la limite
85.20,90.4,0.0,CRITICAL,6,Vigilance — situation à la limite
85.25,90.4,0.0,CRITICAL,6,Vigilance — situation à la limite
85.30,90.4,0.0,CRITICAL,6,Vigilance — situation à la limite
85.35,90.4,0.0,CRITICAL,6,Vigilance — situation à la limite
85.40,90.4,0.0,CRITICAL,6,Vigilance — situation à la limite
85.45,90.4,0.0,CRITICAL,6,Vigilance — situation à la limite
85.50,90.4,0.0,CRITICAL,6,Vigilance — situation à la limite
85.55,90.4,0.0,CRITICAL,6,Vigilance — situation à la limite
85.60,90.4,0.0,CRITICAL,6,Vigilance — situation à la limite
85.65,90.4,0.0,CRITICAL,6,Vigilance — situation à la limite
85.70,90.4,0.0,CRITICAL,6,Vigilance — situation à la limite
85.75,90.4,0.0,CRITICAL,6,Vigilance — situation à la limite
85.80,90.4,0.0,CRITICAL,6,Vigilance — situation à la limite
85.85,90.4,0.0,CRITICAL,6,Vigilance — situation à la limite
85.90,90.4,0.0,CRITICAL,6,Vigilance — situation à la limite
85.95,90.4,0.0,CRITICAL,6,Vigilance — situation à la limite
86.00,90.4,0.0,CRITICAL,6,Vigilance — situation à la limite
86.05,90.4,0.0,CRITICAL,6,Vigilance — situation à la limite
86.10,90.4,0.0,CRITICAL,6,Vigilance — situation à la limite
86.15,90.4,0.0,CRITICAL,6,Vigilance — situation à la limite
86.20,90.4,0.0,CRITICAL,6,Vigilance — situation à la limite
86.25,90.4,0.0,CRITICAL,6,Vigilance — situation à la limite
86.30,90.4,0.0,CRITICAL,6,Vigilance — situation à la limite
86.35,90.4,0.0,CRITICAL,6,Vigilance — situation à la limite
86.40,90.4,0.0,CRITICAL,6,Vigilance — situation à la limite
86.45,90.4,0.0,CRITICAL,6,Vigilance — situation à la limite
86.50,90.4,0.0,SAFE,6,Situation maîtrisée
86.55,90.4,0.0,CRITICAL,6,Vigilance — situation à la limite
86.60,90.4,0.0,CRITICAL,6,Vigilance — situation à la limite
86.65,90.4,0.0,CRITICAL,6,Vigilance — situation à la limite
86.70,90.4,0.0,CRITICAL,6,Vigilance — situation à la limite
86.75,90.4,0.0,CRITICAL,6,Vigilance — situation à la limite
86.80,90.4,0.0,CRITICAL,6,Vigilance — situation à la limite
86.85,90.4,0.0,CRITICAL,6,Vigilance — situation à la limite
86.90,90.4,0.0,CRITICAL,6,Vigilance — situation à la limite
86.95,90.4,0.0,CRITICAL,6,Vigilance — situation à la limite
87.00,90.4,0.0,CRITICAL,6,Vigilance — situation à la limite
87.05,90.4,0.0,CRITICAL,6,Vigilance — situation à la limite
87.10,90.4,0.0,CRITICAL,6,Vigilance — situation à la limite
87.15,90.4,0.0,CRITICAL,6,Vigilance — situation à la limite
87.20,90.4,0.0,CRITICAL,6,Vigilance — situation à la limite
87.25,90.4,0.0,CRITICAL,6,Vigilance — situation à la limite
87.30,90.4,0.0,CRITICAL,6,Vigilance — situation à la limite
87.35,90.4,0.0,CRITICAL,6,Vigilance — situation à la limite
87.40,90.4,0.0,CRITICAL,6,Vigilance — situation à la limite
87.45,90.4,0.0,CRITICAL,6,Vigilance — situation à la limite
87.50,90.4,0.0,CRITICAL,6,Vigilance — situation à la limite
87.55,90.4,0.0,CRITICAL,6,Vigilance — situation à la limite
87.60,90.4,0.0,CRITICAL,6,Vigilance — situation à la limite
87.65,90.4,0.0,CRITICAL,6,Vigilance — situation à la limite
87.70,90.4,0.0,CRITICAL,6,Vigilance — situation à la limite
87.75,90.4,0.0,CRITICAL,6,Vigilance — situation à la limite
87.80,90.4,0.0,CRITICAL,6,Vigilance — situation à la limite
87.85,90.4,0.0,CRITICAL,6,Vigilance — situation à la limite
87.90,90.4,0.0,CRITICAL,6,Vigilance — situation à la limite
87.95,90.4,0.0,CRITICAL,6,Vigilance — situation à la limite
88.00,90.4,0.0,CRITICAL,6,Vigilance — situation à la limite
88.05,90.4,0.0,CRITICAL,6,Vigilance — situation à la limite
88.10,90.4,0.0,CRITICAL,7,Vigilance — situation à la limite
88.15,90.4,0.0,CRITICAL,7,Vigilance — situation à la limite
88.20,90.4,0.0,CRITICAL,7,Vigilance — situation à la limite
88.25,90.4,0.0,CRITICAL,7,Vigilance — situation à la limite
88.30,90.4,0.0,CRITICAL,7,Vigilance — situation à la limite
88.35,90.4,0.0,CRITICAL,7,Vigilance — situation à la limite
88.40,90.4,0.0,CRITICAL,7,Vigilance — situation à la limite
88.45,90.4,0.0,CRITICAL,7,Vigilance — situation à la limite
88.50,90.4,0.0,CRITICAL,7,Vigilance — situation à la limite
88.55,90.4,0.0,CRITICAL,7,Vigilance — situation à la limite
88.60,90.4,0.0,SAFE,7,Situation maîtrisée
88.65,90.4,0.0,CRITICAL,7,Vigilance — situation à la limite
88.70,90.4,0.0,CRITICAL,7,Vigilance — situation à la limite
88.75,90.4,0.0,CRITICAL,7,Vigilance — situation à la limite
88.80,90.4,0.0,CRITICAL,7,Vigilance — situation à la limite
88.85,90.4,0.0,CRITICAL,7,Vigilance — situation à la limite
88.90,90.4,0.0,CRITICAL,7,Vigilance — situation à la limite
88.95,90.4,0.0,CRITICAL,7,Vigilance — situation à la limite
89.00,90.4,0.0,CRITICAL,7,Vigilance — situation à la limite
89.05,90.4,0.0,CRITICAL,7,Vigilance — situation à la limite
89.10,90.4,0.0,CRITICAL,7,Vigilance — situation à la limite
89.15,90.4,0.0,CRITICAL,7,Vigilance — situation à la limite
89.20,90.4,0.0,CRITICAL,7,Vigilance — situation à la limite
89.25,90.4,0.0,CRITICAL,7,Vigilance — situation à la limite
89.30,90.4,0.0,CRITICAL,7,Vigilance — situation à la limite
89.35,90.4,0.0,CRITICAL,7,Vigilance — situation à la limite
89.40,90.4,0.0,CRITICAL,7,Vigilance — situation à la limite
89.45,90.4,0.0,CRITICAL,7,Vigilance — situation à la limite
89.50,90.4,0.0,CRITICAL,7,Vigilance — situation à la limite
89.55,90.4,0.0,CRITICAL,7,Vigilance — situation à la limite
89.60,90.4,0.0,CRITICAL,7,Vigilance — situation à la limite
89.65,90.4,0.0,CRITICAL,7,Vigilance — situation à la limite
89.70,90.4,0.0,CRITICAL,7,Vigilance — situation à la limite
89.75,90.4,0.0,SAFE,6,Situation maîtrisée
89.80,90.4,0.0,SAFE,6,Situation maîtrisée
89.85,90.4,0.0,SAFE,6,Situation maîtrisée
89.90,90.4,0.1,SAFE,6,Situation maîtrisée
89.95,90.4,0.5,SAFE,6,Situation maîtrisée
90.00,90.4,1.3,SAFE,6,Situation maîtrisée
90.05,90.5,1.8,SAFE,6,Situation maîtrisée
90.10,90.5,2.6,SAFE,6,Situation maîtrisée
90.15,90.5,3.3,SAFE,6,Situation maîtrisée
90.20,90.6,4.1,SAFE,6,Situation maîtrisée
90.25,90.7,5.0,SAFE,6,Situation maîtrisée
90.30,90.7,5.9,SAFE,6,Situation maîtrisée
90.35,90.8,6.8,SAFE,7,Situation maîtrisée
90.40,90.9,7.5,SAFE,7,Situation maîtrisée
90.45,91.0,8.4,SAFE,7,Situation maîtrisée
90.50,91.2,9.2,SAFE,7,Situation maîtrisée
90.55,91.3,10.1,SAFE,7,Situation maîtrisée
90.60,91.4,10.8,SAFE,7,Situation maîtrisée
90.65,91.6,11.6,SAFE,7,Situation maîtrisée
90.70,91.8,12.3,SAFE,7,Situation maîtrisée
90.75,91.9,12.8,SAFE,7,Situation maîtrisée
90.80,92.1,13.2,SAFE,7,Situation maîtrisée
90.85,92.3,13.7,SAFE,7,Situation maîtrisée
90.90,92.5,14.1,SAFE,7,Situation maîtrisée
90.95,92.7,14.4,SAFE,7,Situation maîtrisée
91.00,92.9,14.5,SAFE,7,Situation maîtrisée
91.05,93.1,14.8,SAFE,8,Situation maîtrisée
91.10,93.3,15.0,SAFE,8,Situation maîtrisée
91.15,93.5,15.1,SAFE,8,Situation maîtrisée
91.20,93.7,15.1,SAFE,8,Situation maîtrisée
91.25,93.9,15.2,SAFE,7,Situation maîtrisée
91.30,94.1,15.4,SAFE,7,Situation maîtrisée
91.35,94.3,15.5,SAFE,7,Situation maîtrisée
91.40,94.6,15.5,SAFE,6,Situation maîtrisée
91.45,94.8,15.3,SAFE,6,Situation maîtrisée
91.50,95.0,15.3,SAFE,5,Situation maîtrisée
91.55,95.2,15.4,SAFE,5,Situation maîtrisée
91.60,95.4,15.5,SAFE,5,Situation maîtrisée
91.65,95.6,15.6,SAFE,5,Situation maîtrisée
91.70,95.8,15.8,SAFE,5,Situation maîtrisée
91.75,96.0,15.7,SAFE,5,Situation maîtrisée
91.80,96.3,15.5,WATCH,5,Ralentissez de 7 km/h  (16 -> 8 km/h)
91.85,96.5,15.3,WATCH,5,Ralentissez de 7 km/h  (15 -> 8 km/h)
91.90,96.7,15.0,WATCH,5,Ralentissez de 7 km/h  (15 -> 8 km/h)
91.95,96.9,14.7,WATCH,5,Ralentissez de 7 km/h  (15 -> 8 km/h)
92.00,97.1,14.3,WATCH,5,Ralentissez de 7 km/h  (14 -> 8 km/h)
92.05,97.3,13.9,WATCH,5,Ralentissez de 6 km/h  (14 -> 8 km/h)
92.10,97.5,13.6,WATCH,5,Ralentissez de 6 km/h  (14 -> 8 km/h)
92.15,97.7,13.2,WATCH,5,Ralentissez de 6 km/h  (13 -> 7 km/h)
92.20,97.8,12.8,WATCH,5,Ralentissez de 6 km/h  (13 -> 7 km/h)
92.25,98.0,12.4,WATCH,5,Ralentissez de 5 km/h  (12 -> 7 km/h)
92.30,98.2,12.0,WATCH,5,Ralentissez de 5 km/h  (12 -> 7 km/h)
92.35,98.3,11.6,WATCH,5,Ralentissez de 5 km/h  (12 -> 7 km/h)
92.40,98.5,11.2,WATCH,5,Ralentissez de 4 km/h  (11 -> 7 km/h)
92.45,98.7,10.8,WATCH,5,Ralentissez de 4 km/h  (11 -> 7 km/h)
92.50,98.8,10.5,WATCH,5,Ralentissez de 4 km/h  (10 -> 7 km/h)
92.55,98.9,10.1,WATCH,5,Ralentissez de 3 km/h  (10 -> 7 km/h)
92.60,99.1,9.7,WATCH,5,Ralentissez de 3 km/h  (10 -> 7 km/h)
92.65,99.2,9.3,WATCH,5,Ralentissez de 3 km/h  (9 -> 6 km/h)
92.70,99.3,9.0,WATCH,5,Ralentissez de 3 km/h  (9 -> 6 km/h)
92.75,99.5,8.6,WATCH,5,Ralentissez de 2 km/h  (9 -> 6 km/h)
92.80,99.6,8.3,WATCH,5,Ralentissez de 2 km/h  (8 -> 6 km/h)
92.85,99.7,7.9,WATCH,5,Ralentissez de 2 km/h  (8 -> 6 km/h)
92.90,99.8,7.6,WATCH,5,Ralentissez de 1 km/h  (8 -> 6 km/h)
92.95,99.9,7.3,WATCH,5,Ralentissez de 1 km/h  (7 -> 6 km/h)
93.00,100.0,7.0,WATCH,5,Ralentissez de 1 km/h  (7 -> 6 km/h)
93.05,100.1,6.6,WATCH,5,Vigilance — situation à la limite
93.10,100.2,3.6,SAFE,5,Situation maîtrisée
93.15,100.2,0.0,SAFE,5,Situation maîtrisée
93.20,100.2,0.0,SAFE,5,Situation maîtrisée
93.25,100.2,0.0,SAFE,5,Situation maîtrisée
93.30,100.2,0.0,SAFE,5,Situation maîtrisée
93.35,100.2,0.0,SAFE,5,Situation maîtrisée
93.40,100.2,0.0,SAFE,5,Situation maîtrisée
93.45,100.2,0.0,SAFE,5,Situation maîtrisée
93.50,100.2,0.0,SAFE,5,Situation maîtrisée
93.55,100.2,0.0,SAFE,5,Situation maîtrisée
93.60,100.2,0.0,SAFE,5,Situation maîtrisée
93.65,100.2,0.0,SAFE,5,Situation maîtrisée
93.70,100.2,0.0,SAFE,5,Situation maîtrisée
93.75,100.2,0.0,SAFE,5,Situation maîtrisée
93.80,100.2,0.0,SAFE,5,Situation maîtrisée
93.85,100.2,0.0,SAFE,5,Situation maîtrisée
93.90,100.2,0.0,SAFE,5,Situation maîtrisée
93.95,100.2,0.0,SAFE,5,Situation maîtrisée
94.00,100.2,0.0,SAFE,5,Situation maîtrisée
94.05,100.2,0.0,SAFE,5,Situation maîtrisée
94.10,100.2,0.0,SAFE,5,Situation maîtrisée
94.15,100.2,0.0,SAFE,5,Situation maîtrisée
94.20,100.2,0.0,SAFE,5,Situation maîtrisée
94.25,100.2,0.0,SAFE,5,Situation maîtrisée
94.30,100.2,0.0,SAFE,5,Situation maîtrisée
94.35,100.2,0.0,SAFE,5,Situation maîtrisée
94.40,100.2,0.0,SAFE,5,Situation maîtrisée
94.45,100.2,0.0,SAFE,5,Situation maîtrisée
94.50,100.2,0.0,SAFE,5,Situation maîtrisée
94.55,100.2,0.0,SAFE,5,Situation maîtrisée
94.60,100.2,0.0,SAFE,5,Situation maîtrisée
94.65,100.2,0.0,SAFE,5,Situation maîtrisée
94.70,100.2,0.0,SAFE,5,Situation maîtrisée
94.75,100.2,0.0,SAFE,5,Situation maîtrisée
94.80,100.2,0.0,SAFE,5,Situation maîtrisée
94.85,100.2,0.0,SAFE,5,Situation maîtrisée
94.90,100.2,0.0,SAFE,5,Situation maîtrisée
94.95,100.2,0.0,SAFE,5,Situation maîtrisée
95.00,100.2,0.0,SAFE,5,Situation maîtrisée
95.05,100.2,0.0,SAFE,5,Situation maîtrisée
95.10,100.2,0.0,SAFE,5,Situation maîtrisée
95.15,100.2,0.0,SAFE,5,Situation maîtrisée
95.20,100.2,0.0,SAFE,5,Situation maîtrisée
95.25,100.2,0.0,SAFE,5,Situation maîtrisée
95.30,100.2,0.0,SAFE,5,Situation maîtrisée
95.35,100.2,0.0,SAFE,5,Situation maîtrisée
95.40,100.2,0.0,SAFE,5,Situation maîtrisée
95.45,100.2,0.0,SAFE,5,Situation maîtrisée
95.50,100.2,0.0,SAFE,5,Situation maîtrisée
95.55,100.2,0.0,SAFE,5,Situation maîtrisée
95.60,100.2,0.0,SAFE,5,Situation maîtrisée
95.65,100.2,0.0,SAFE,5,Situation maîtrisée
95.70,100.2,0.0,SAFE,5,Situation maîtrisée
95.75,100.2,0.0,SAFE,5,Situation maîtrisée
95.80,100.2,0.0,SAFE,5,Situation maîtrisée
95.85,100.2,0.0,SAFE,5,Situation maîtrisée
95.90,100.2,0.0,SAFE,5,Situation maîtrisée
95.95,100.2,0.0,SAFE,5,Situation maîtrisée
96.00,100.2,0.0,SAFE,5,Situation maîtrisée
96.05,100.2,0.0,SAFE,5,Situation maîtrisée
96.10,100.2,0.0,SAFE,5,Situation maîtrisée
96.15,100.2,0.0,SAFE,5,Situation maîtrisée
96.20,100.2,0.0,SAFE,5,Situation maîtrisée
96.25,100.2,0.0,SAFE,5,Situation maîtrisée
96.30,100.2,0.0,SAFE,5,Situation maîtrisée
96.35,100.2,0.0,SAFE,5,Situation maîtrisée
96.40,100.2,0.0,SAFE,5,Situation maîtrisée
96.45,100.2,0.0,SAFE,5,Situation maîtrisée
96.50,100.2,0.0,SAFE,5,Situation maîtrisée
96.55,100.2,0.0,SAFE,5,Situation maîtrisée
96.60,100.2,0.0,SAFE,5,Situation maîtrisée
96.65,100.2,0.0,SAFE,5,Situation maîtrisée
96.70,100.2,0.0,SAFE,5,Situation maîtrisée
96.75,100.2,0.0,SAFE,5,Situation maîtrisée
96.80,100.2,0.0,SAFE,5,Situation maîtrisée
96.85,100.2,0.0,SAFE,5,Situation maîtrisée
96.90,100.2,0.0,SAFE,5,Situation maîtrisée
96.95,100.2,0.0,SAFE,5,Situation maîtrisée
97.00,100.2,0.0,SAFE,5,Situation maîtrisée
97.05,100.2,0.0,SAFE,5,Situation maîtrisée
97.10,100.2,0.0,SAFE,5,Situation maîtrisée
97.15,100.2,0.0,SAFE,5,Situation maîtrisée
97.20,100.2,0.0,SAFE,5,Situation maîtrisée
97.25,100.2,0.0,SAFE,5,Situation maîtrisée
97.30,100.2,0.0,SAFE,5,Situation maîtrisée
97.35,100.2,0.0,SAFE,5,Situation maîtrisée
97.40,100.2,0.0,SAFE,5,Situation maîtrisée
97.45,100.2,0.0,SAFE,5,Situation maîtrisée
97.50,100.2,0.0,SAFE,5,Situation maîtrisée
97.55,100.2,0.0,SAFE,5,Situation maîtrisée
97.60,100.2,0.0,SAFE,5,Situation maîtrisée
97.65,100.2,0.0,SAFE,5,Situation maîtrisée
97.70,100.2,0.0,SAFE,5,Situation maîtrisée
97.75,100.2,0.0,SAFE,5,Situation maîtrisée
97.80,100.2,0.0,SAFE,5,Situation maîtrisée
97.85,100.2,0.0,SAFE,5,Situation maîtrisée
97.90,100.2,0.0,SAFE,5,Situation maîtrisée
97.95,100.2,0.0,SAFE,5,Situation maîtrisée
98.00,100.2,0.0,SAFE,5,Situation maîtrisée
98.05,100.2,0.0,SAFE,5,Situation maîtrisée
98.10,100.2,0.0,SAFE,5,Situation maîtrisée
98.15,100.2,0.0,SAFE,5,Situation maîtrisée
98.20,100.2,0.0,SAFE,5,Situation maîtrisée
98.25,100.2,0.0,SAFE,5,Situation maîtrisée
98.30,100.2,0.0,SAFE,5,Situation maîtrisée
98.35,100.2,0.0,SAFE,5,Situation maîtrisée
98.40,100.2,0.0,SAFE,5,Situation maîtrisée
98.45,100.2,0.0,SAFE,5,Situation maîtrisée
98.50,100.2,0.0,SAFE,5,Situation maîtrisée
98.55,100.2,0.0,SAFE,5,Situation maîtrisée
98.60,100.2,0.0,SAFE,5,Situation maîtrisée
98.65,100.2,0.0,SAFE,5,Situation maîtrisée
98.70,100.2,0.0,SAFE,5,Situation maîtrisée
98.75,100.2,0.0,SAFE,5,Situation maîtrisée
98.80,100.2,0.0,SAFE,5,Situation maîtrisée
98.85,100.2,0.0,SAFE,5,Situation maîtrisée
98.90,100.2,0.0,SAFE,5,Situation maîtrisée
98.95,100.2,0.0,SAFE,5,Situation maîtrisée
99.00,100.2,0.0,SAFE,5,Situation maîtrisée
99.05,100.2,0.0,SAFE,5,Situation maîtrisée
99.10,100.2,0.0,SAFE,5,Situation maîtrisée
99.15,100.2,0.0,SAFE,5,Situation maîtrisée
99.20,100.2,0.0,SAFE,5,Situation maîtrisée
99.25,100.2,0.0,SAFE,5,Situation maîtrisée
99.30,100.2,0.0,SAFE,5,Situation maîtrisée
99.35,100.2,0.0,SAFE,5,Situation maîtrisée
99.40,100.2,0.0,SAFE,5,Situation maîtrisée
99.45,100.2,0.0,SAFE,5,Situation maîtrisée
99.50,100.2,0.0,SAFE,5,Situation maîtrisée
99.55,100.2,0.0,SAFE,5,Situation maîtrisée
99.60,100.2,0.0,SAFE,5,Situation maîtrisée
99.65,100.2,0.0,SAFE,5,Situation maîtrisée
99.70,100.2,0.0,SAFE,5,Situation maîtrisée
99.75,100.2,0.0,SAFE,5,Situation maîtrisée
99.80,100.2,0.0,SAFE,5,Situation maîtrisée
99.85,100.2,0.0,SAFE,5,Situation maîtrisée
99.90,100.2,0.0,SAFE,5,Situation maîtrisée
99.95,100.2,0.0,SAFE,5,Situation maîtrisée
100.00,100.2,0.0,SAFE,5,Situation maîtrisée
100.05,100.2,0.0,SAFE,5,Situation maîtrisée
100.10,100.2,0.0,SAFE,5,Situation maîtrisée
100.15,100.2,0.0,SAFE,5,Situation maîtrisée
100.20,100.2,0.0,SAFE,5,Situation maîtrisée
100.25,100.2,0.0,SAFE,5,Situation maîtrisée
100.30,100.2,0.0,SAFE,5,Situation maîtrisée
100.35,100.2,0.0,SAFE,5,Situation maîtrisée
100.40,100.2,0.0,SAFE,5,Situation maîtrisée
100.45,100.2,0.0,SAFE,5,Situation maîtrisée
100.50,100.2,0.0,SAFE,5,Situation maîtrisée
100.55,100.2,0.0,SAFE,5,Situation maîtrisée
100.60,100.2,0.0,SAFE,5,Situation maîtrisée
100.65,100.2,0.0,SAFE,5,Situation maîtrisée
100.70,100.2,0.0,SAFE,5,Situation maîtrisée
100.75,100.2,0.0,SAFE,5,Situation maîtrisée
100.80,100.2,0.0,SAFE,5,Situation maîtrisée
100.85,100.2,0.0,SAFE,5,Situation maîtrisée
100.90,100.2,0.0,SAFE,5,Situation maîtrisée
100.95,100.2,0.0,SAFE,5,Situation maîtrisée
101.00,100.2,0.0,SAFE,5,Situation maîtrisée
101.05,100.2,0.0,SAFE,5,Situation maîtrisée
101.10,100.2,0.0,SAFE,5,Situation maîtrisée
101.15,100.2,0.0,SAFE,5,Situation maîtrisée
101.20,100.2,0.0,SAFE,5,Situation maîtrisée
101.25,100.2,0.0,SAFE,5,Situation maîtrisée
101.30,100.2,0.0,SAFE,5,Situation maîtrisée
101.35,100.2,0.0,SAFE,5,Situation maîtrisée
101.40,100.2,0.0,SAFE,5,Situation maîtrisée
101.45,100.2,0.0,SAFE,5,Situation maîtrisée
101.50,100.2,0.0,SAFE,5,Situation maîtrisée
101.55,100.2,0.0,SAFE,5,Situation maîtrisée
101.60,100.2,0.0,SAFE,5,Situation maîtrisée
101.65,100.2,0.0,SAFE,5,Situation maîtrisée
101.70,100.2,0.0,SAFE,5,Situation maîtrisée
101.75,100.2,0.0,SAFE,5,Situation maîtrisée
101.80,100.2,0.0,SAFE,5,Situation maîtrisée
101.85,100.2,0.0,SAFE,5,Situation maîtrisée
101.90,100.2,0.0,SAFE,5,Situation maîtrisée
101.95,100.2,0.0,SAFE,5,Situation maîtrisée
102.00,100.2,0.0,SAFE,5,Situation maîtrisée
102.05,100.2,0.0,SAFE,5,Situation maîtrisée
102.10,100.2,0.0,SAFE,5,Situation maîtrisée
102.15,100.2,0.0,SAFE,5,Situation maîtrisée
102.20,100.2,0.0,SAFE,5,Situation maîtrisée
102.25,100.2,0.0,SAFE,5,Situation maîtrisée
102.30,100.2,0.0,SAFE,5,Situation maîtrisée
102.35,100.2,0.0,SAFE,5,Situation maîtrisée
102.40,100.2,0.0,SAFE,5,Situation maîtrisée
102.45,100.2,0.0,SAFE,5,Situation maîtrisée
102.50,100.2,0.0,SAFE,5,Situation maîtrisée
102.55,100.2,0.0,SAFE,5,Situation maîtrisée
102.60,100.2,0.0,SAFE,5,Situation maîtrisée
102.65,100.2,0.0,SAFE,5,Situation maîtrisée
102.70,100.2,0.0,SAFE,5,Situation maîtrisée
102.75,100.2,0.0,SAFE,5,Situation maîtrisée
102.80,100.2,0.0,SAFE,5,Situation maîtrisée
102.85,100.2,0.0,SAFE,5,Situation maîtrisée
102.90,100.2,0.0,SAFE,5,Situation maîtrisée
102.95,100.2,0.0,SAFE,5,Situation maîtrisée
103.00,100.2,0.0,SAFE,5,Situation maîtrisée
103.05,100.2,0.0,SAFE,5,Situation maîtrisée
103.10,100.2,0.0,SAFE,5,Situation maîtrisée
103.15,100.2,0.0,SAFE,5,Situation maîtrisée
103.20,100.2,0.0,SAFE,5,Situation maîtrisée
103.25,100.2,0.0,SAFE,5,Situation maîtrisée
103.30,100.2,0.0,SAFE,5,Situation maîtrisée
103.35,100.2,0.0,SAFE,5,Situation maîtrisée
103.40,100.2,0.0,SAFE,5,Situation maîtrisée
103.45,100.2,0.0,SAFE,5,Situation maîtrisée
103.50,100.2,0.0,SAFE,5,Situation maîtrisée
103.55,100.2,0.0,SAFE,5,Situation maîtrisée
103.60,100.2,0.0,SAFE,5,Situation maîtrisée
103.65,100.2,0.0,SAFE,5,Situation maîtrisée
103.70,100.2,0.0,SAFE,5,Situation maîtrisée
103.75,100.2,0.0,SAFE,5,Situation maîtrisée
103.80,100.2,0.0,SAFE,5,Situation maîtrisée
103.85,100.2,0.0,SAFE,5,Situation maîtrisée
103.90,100.2,0.0,SAFE,5,Situation maîtrisée
103.95,100.2,0.0,SAFE,5,Situation maîtrisée
104.00,100.2,0.0,SAFE,5,Situation maîtrisée
104.05,100.2,0.0,SAFE,5,Situation maîtrisée
104.10,100.2,0.0,SAFE,5,Situation maîtrisée
104.15,100.2,0.0,SAFE,5,Situation maîtrisée
104.20,100.2,0.0,SAFE,5,Situation maîtrisée
104.25,100.2,0.0,SAFE,5,Situation maîtrisée
104.30,100.2,0.0,SAFE,5,Situation maîtrisée
104.35,100.2,0.0,SAFE,5,Situation maîtrisée
104.40,100.2,0.0,SAFE,5,Situation maîtrisée
104.45,100.2,0.0,SAFE,5,Situation maîtrisée
104.50,100.2,0.0,SAFE,5,Situation maîtrisée
104.55,100.2,0.0,SAFE,5,Situation maîtrisée
104.60,100.2,0.0,SAFE,5,Situation maîtrisée
104.65,100.2,0.0,SAFE,5,Situation maîtrisée
104.70,100.2,0.0,SAFE,5,Situation maîtrisée
104.75,100.2,0.0,SAFE,5,Situation maîtrisée
104.80,100.2,0.0,SAFE,5,Situation maîtrisée
104.85,100.2,0.0,SAFE,5,Situation maîtrisée
104.90,100.2,0.0,SAFE,5,Situation maîtrisée
104.95,100.2,0.0,SAFE,5,Situation maîtrisée
105.00,100.2,0.0,SAFE,5,Situation maîtrisée
105.05,100.2,0.0,SAFE,5,Situation maîtrisée
105.10,100.2,0.0,SAFE,5,Situation maîtrisée
105.15,100.2,0.0,SAFE,5,Situation maîtrisée
105.20,100.2,0.0,SAFE,5,Situation maîtrisée
105.25,100.2,0.0,SAFE,5,Situation maîtrisée
105.30,100.2,0.0,SAFE,5,Situation maîtrisée
105.35,100.2,0.0,SAFE,5,Situation maîtrisée
105.40,100.2,0.0,SAFE,5,Situation maîtrisée
105.45,100.2,0.0,SAFE,5,Situation maîtrisée
105.50,100.2,0.0,SAFE,5,Situation maîtrisée
105.55,100.2,0.0,SAFE,5,Situation maîtrisée
105.60,100.2,0.0,SAFE,5,Situation maîtrisée
105.65,100.2,0.0,SAFE,5,Situation maîtrisée
105.70,100.2,0.0,SAFE,5,Situation maîtrisée
