t,distance_parcourue_m,vitesse_kmh,niveau,n_agents_percus,recommandation
0.05,0.1,5.3,SAFE,3,Situation maîtrisée
0.10,0.2,7.1,SAFE,3,Situation maîtrisée
0.15,0.3,8.8,SAFE,3,Situation maîtrisée
0.20,0.4,10.6,SAFE,3,Situation maîtrisée
0.25,0.6,12.3,SAFE,3,Situation maîtrisée
0.30,0.7,14.1,SAFE,3,Situation maîtrisée
0.35,1.0,15.9,SAFE,3,Situation maîtrisée
0.40,1.2,17.6,SAFE,3,Situation maîtrisée
0.45,1.5,19.4,SAFE,3,Situation maîtrisée
0.50,1.7,21.2,SAFE,3,Situation maîtrisée
0.55,2.0,22.9,SAFE,3,Situation maîtrisée
0.60,2.3,16.0,SAFE,3,Situation maîtrisée
0.65,2.4,0.6,SAFE,3,Situation maîtrisée
0.70,2.4,0.9,SAFE,3,Situation maîtrisée
0.75,2.4,0.9,SAFE,3,Situation maîtrisée
0.80,2.4,0.8,SAFE,3,Situation maîtrisée
0.85,2.4,3.4,SAFE,3,Situation maîtrisée
0.90,2.5,5.4,SAFE,3,Situation maîtrisée
0.95,2.6,7.1,SAFE,3,Situation maîtrisée
1.00,2.7,8.2,SAFE,3,Situation maîtrisée
1.05,2.8,9.3,SAFE,3,Situation maîtrisée
1.10,3.0,10.2,SAFE,3,Situation maîtrisée
1.15,3.1,11.1,SAFE,3,Situation maîtrisée
1.20,3.3,11.8,SAFE,3,Situation maîtrisée
1.25,3.4,12.6,SAFE,3,Situation maîtrisée
1.30,3.6,13.3,SAFE,3,Situation maîtrisée
1.35,3.8,13.9,SAFE,3,Situation maîtrisée
1.40,4.0,14.4,SAFE,3,Situation maîtrisée
1.45,4.2,14.9,SAFE,3,Situation maîtrisée
1.50,4.4,15.4,SAFE,3,Situation maîtrisée
1.55,4.6,15.8,SAFE,3,Situation maîtrisée
1.60,4.9,16.2,SAFE,3,Situation maîtrisée
1.65,5.1,16.6,SAFE,3,Situation maîtrisée
1.70,5.3,16.9,SAFE,3,Situation maîtrisée
1.75,5.6,17.2,SAFE,4,Situation maîtrisée
1.80,5.8,17.5,SAFE,4,Situation maîtrisée
1.85,6.0,17.7,SAFE,4,Situation maîtrisée
1.90,6.3,17.9,SAFE,4,Situation maîtrisée
1.95,6.5,18.2,SAFE,4,Situation maîtrisée
2.00,6.8,18.1,SAFE,4,Situation maîtrisée
2.05,7.0,18.3,SAFE,4,Situation maîtrisée
2.10,7.3,17.9,SAFE,4,Situation maîtrisée
2.15,7.5,18.3,SAFE,4,Situation maîtrisée
2.20,7.8,17.9,SAFE,4,Situation maîtrisée
2.25,8.1,18.4,SAFE,4,Situation maîtrisée
2.30,8.3,18.0,SAFE,4,Situation maîtrisée
2.35,8.6,18.5,SAFE,4,Situation maîtrisée
2.40,8.8,18.3,SAFE,3,Situation maîtrisée
2.45,9.1,18.2,SAFE,3,Situation maîtrisée
2.50,9.3,18.0,SAFE,3,Situation maîtrisée
2.55,9.6,18.6,SAFE,3,Situation maîtrisée
2.60,9.8,18.6,SAFE,3,Situation maîtrisée
2.65,10.1,18.5,SAFE,3,Situation maîtrisée
2.70,10.3,18.3,SAFE,3,Situation maîtrisée
2.75,10.6,18.4,SAFE,3,Situation maîtrisée
2.80,10.9,18.2,SAFE,3,Situation maîtrisée
2.85,11.1,18.3,SAFE,3,Situation maîtrisée
2.90,11.4,18.2,SAFE,3,Situation maîtrisée
2.95,11.6,18.3,SAFE,3,Situation maîtrisée
3.00,11.9,18.2,SAFE,3,Situation maîtrisée
3.05,12.1,18.4,SAFE,3,Situation maîtrisée
3.10,12.4,18.3,SAFE,3,Situation maîtrisée
3.15,12.6,18.4,SAFE,3,Situation maîtrisée
3.20,12.9,18.4,SAFE,3,Situation maîtrisée
3.25,13.1,18.5,SAFE,3,Situation maîtrisée
3.30,13.4,18.5,SAFE,3,Situation maîtrisée
3.35,13.7,18.6,SAFE,3,Situation maîtrisée
3.40,13.9,18.5,SAFE,3,Situation maîtrisée
3.45,14.2,18.7,SAFE,3,Situation maîtrisée
3.50,14.4,18.6,SAFE,3,Situation maîtrisée
3.55,14.7,18.7,SAFE,3,Situation maîtrisée
3.60,15.0,18.7,SAFE,3,Situation maîtrisée
3.65,15.2,18.8,SAFE,3,Situation maîtrisée
3.70,15.5,18.7,SAFE,3,Situation maîtrisée
3.75,15.7,18.8,SAFE,3,Situation maîtrisée
3.80,16.0,18.8,SAFE,3,Situation maîtrisée
3.85,16.3,18.9,SAFE,3,Situation maîtrisée
3.90,16.5,18.8,SAFE,3,Situation maîtrisée
3.95,16.8,18.9,SAFE,3,Situation maîtrisée
4.00,17.0,18.9,SAFE,3,Situation maîtrisée
4.05,17.3,19.0,SAFE,3,Situation maîtrisée
4.10,17.6,18.9,SAFE,3,Situation maîtrisée
4.15,17.8,19.0,SAFE,3,Situation maîtrisée
4.20,18.1,19.0,SAFE,3,Situation maîtrisée
4.25,18.4,19.1,SAFE,3,Situation maîtrisée
4.30,18.6,19.0,SAFE,3,Situation maîtrisée
4.35,18.9,19.1,SAFE,3,Situation maîtrisée
4.40,19.2,19.0,SAFE,3,Situation maîtrisée
4.45,19.4,19.1,SAFE,3,Situation maîtrisée
4.50,19.7,19.0,SAFE,3,Situation maîtrisée
4.55,19.9,19.1,SAFE,3,Situation maîtrisée
4.60,20.2,19.1,SAFE,3,Situation maîtrisée
4.65,20.5,19.2,SAFE,3,Situation maîtrisée
4.70,20.7,19.1,SAFE,3,Situation maîtrisée
4.75,21.0,19.2,SAFE,3,Situation maîtrisée
4.80,21.3,19.1,SAFE,3,Situation maîtrisée
4.85,21.5,19.2,SAFE,3,Situation maîtrisée
4.90,21.8,19.2,SAFE,3,Situation maîtrisée
4.95,22.1,19.2,SAFE,3,Situation maîtrisée
5.00,22.3,19.2,SAFE,3,Situation maîtrisée
5.05,22.6,19.3,SAFE,3,Situation maîtrisée
5.10,22.9,19.2,SAFE,3,Situation maîtrisée
5.15,23.1,19.3,SAFE,3,Situation maîtrisée
5.20,23.4,19.2,SAFE,3,Situation maîtrisée
5.25,23.7,19.3,SAFE,3,Situation maîtrisée
5.30,23.9,19.2,SAFE,3,Situation maîtrisée
5.35,24.2,19.3,SAFE,3,Situation maîtrisée
5.40,24.5,19.3,SAFE,3,Situation maîtrisée
5.45,24.7,19.4,SAFE,3,Situation maîtrisée
5.50,25.0,19.3,SAFE,3,Situation maîtrisée
5.55,25.3,19.4,SAFE,3,Situation maîtrisée
5.60,25.5,19.3,SAFE,3,Situation maîtrisée
5.65,25.8,19.4,SAFE,3,Situation maîtrisée
5.70,26.1,19.3,SAFE,3,Situation maîtrisée
5.75,26.4,19.4,SAFE,3,Situation maîtrisée
5.80,26.6,19.3,SAFE,3,Situation maîtrisée
5.85,26.9,19.4,SAFE,3,Situation maîtrisée
5.90,27.2,19.4,SAFE,3,Situation maîtrisée
5.95,27.4,19.5,SAFE,3,Situation maîtrisée
6.00,27.7,19.4,SAFE,3,Situation maîtrisée
6.05,28.0,19.5,SAFE,3,Situation maîtrisée
6.10,28.2,19.4,SAFE,2,Situation maîtrisée
6.15,28.5,19.5,SAFE,2,Situation maîtrisée
6.20,28.8,19.4,SAFE,2,Situation maîtrisée
6.25,29.1,19.5,SAFE,2,Situation maîtrisée
6.30,29.3,19.5,SAFE,2,Situation maîtrisée
6.35,29.6,19.6,SAFE,2,Situation maîtrisée
6.40,29.9,19.5,SAFE,2,Situation maîtrisée
6.45,30.1,19.6,SAFE,2,Situation maîtrisée
6.50,30.4,19.5,SAFE,2,Situation maîtrisée
6.55,30.7,19.6,SAFE,2,Situation maîtrisée
6.60,31.0,19.5,SAFE,2,Situation maîtrisée
6.65,31.2,19.6,SAFE,2,Situation maîtrisée
6.70,31.5,19.5,SAFE,2,Situation maîtrisée
6.75,31.8,19.6,SAFE,2,Situation maîtrisée
6.80,32.0,19.6,SAFE,2,Situation maîtrisée
6.85,32.3,19.7,SAFE,2,Situation maîtrisée
6.90,32.6,19.6,SAFE,2,Situation maîtrisée
6.95,32.9,19.7,SAFE,2,Situation maîtrisée
7.00,33.1,19.6,SAFE,2,Situation maîtrisée
7.05,33.4,19.7,SAFE,2,Situation maîtrisée
7.10,33.7,19.6,SAFE,2,Situation maîtrisée
7.15,33.9,19.7,SAFE,2,Situation maîtrisée
7.20,34.2,19.6,SAFE,2,Situation maîtrisée
7.25,34.5,19.7,SAFE,2,Situation maîtrisée
7.30,34.8,19.7,SAFE,2,Situation maîtrisée
7.35,35.0,19.8,SAFE,2,Situation maîtrisée
7.40,35.3,19.7,SAFE,2,Situation maîtrisée
7.45,35.6,19.8,SAFE,2,Situation maîtrisée
7.50,35.9,19.7,SAFE,2,Situation maîtrisée
7.55,36.1,19.8,SAFE,2,Situation maîtrisée
7.60,36.4,19.7,SAFE,2,Situation maîtrisée
7.65,36.7,19.8,SAFE,2,Situation maîtrisée
7.70,37.0,19.8,SAFE,2,Situation maîtrisée
7.75,37.2,19.9,SAFE,2,Situation maîtrisée
7.80,37.5,19.8,SAFE,2,Situation maîtrisée
7.85,37.8,19.9,SAFE,2,Situation maîtrisée
7.90,38.1,19.8,SAFE,2,Situation maîtrisée
7.95,38.3,19.9,SAFE,2,Situation maîtrisée
8.00,38.6,19.8,SAFE,2,Situation maîtrisée
8.05,38.9,19.9,SAFE,2,Situation maîtrisée
8.10,39.2,19.8,SAFE,2,Situation maîtrisée
8.15,39.4,19.9,SAFE,2,Situation maîtrisée
8.20,39.7,19.9,SAFE,2,Situation maîtrisée
8.25,40.0,20.0,SAFE,2,Situation maîtrisée
8.30,40.3,19.9,SAFE,2,Situation maîtrisée
8.35,40.5,20.0,SAFE,2,Situation maîtrisée
8.40,40.8,19.9,SAFE,2,Situation maîtrisée
8.45,41.1,20.0,SAFE,3,Situation maîtrisée
8.50,41.4,19.9,SAFE,3,Situation maîtrisée
8.55,41.7,20.0,SAFE,3,Situation maîtrisée
8.60,41.9,19.9,SAFE,3,Situation maîtrisée
8.65,42.2,20.0,SAFE,3,Situation maîtrisée
8.70,42.5,20.0,SAFE,3,Situation maîtrisée
8.75,42.8,20.1,SAFE,3,Situation maîtrisée
8.80,43.0,20.0,SAFE,3,Situation maîtrisée
8.85,43.3,20.1,SAFE,3,Situation maîtrisée
8.90,43.6,20.0,SAFE,3,Situation maîtrisée
8.95,43.9,20.1,SAFE,4,Situation maîtrisée
9.00,44.2,20.0,SAFE,4,Situation maîtrisée
9.05,44.4,20.1,SAFE,5,Situation maîtrisée
9.10,44.7,20.0,SAFE,5,Situation maîtrisée
9.15,45.0,20.1,SAFE,5,Situation maîtrisée
9.20,45.3,20.1,SAFE,5,Situation maîtrisée
9.25,45.6,20.1,SAFE,5,Situation maîtrisée
9.30,45.8,20.1,SAFE,5,Situation maîtrisée
9.35,46.1,20.2,SAFE,5,Situation maîtrisée
9.40,46.4,20.1,SAFE,5,Situation maîtrisée
9.45,46.7,20.2,SAFE,6,Situation maîtrisée
9.50,46.9,20.1,SAFE,6,Situation maîtrisée
9.55,47.2,20.2,SAFE,6,Situation maîtrisée
9.60,47.5,20.1,SAFE,7,Situation maîtrisée
9.65,47.8,20.2,SAFE,7,Situation maîtrisée
9.70,48.1,20.1,SAFE,7,Situation maîtrisée
9.75,48.3,20.2,SAFE,7,Situation maîtrisée
9.80,48.6,20.1,SAFE,7,Situation maîtrisée
9.85,48.9,20.2,SAFE,7,Situation maîtrisée
9.90,49.2,20.1,SAFE,7,Situation maîtrisée
9.95,49.5,20.2,SAFE,7,Situation maîtrisée
10.00,49.7,20.1,SAFE,7,Situation maîtrisée
10.05,50.0,20.2,SAFE,7,Situation maîtrisée
10.10,50.3,20.1,SAFE,7,Situation maîtrisée
10.15,50.6,20.2,SAFE,7,Situation maîtrisée
10.20,50.9,20.1,SAFE,7,Situation maîtrisée
10.25,51.1,20.2,SAFE,7,Situation maîtrisée
10.30,51.4,20.1,SAFE,7,Situation maîtrisée
10.35,51.7,20.2,SAFE,7,Situation maîtrisée
10.40,52.0,20.2,SAFE,7,Situation maîtrisée
10.45,52.3,20.2,SAFE,7,Situation maîtrisée
10.50,52.6,20.2,SAFE,7,Situation maîtrisée
10.55,52.8,20.2,SAFE,7,Situation maîtrisée
10.60,53.1,20.2,SAFE,7,Situation maîtrisée
10.65,53.4,20.2,SAFE,7,Situation maîtrisée
10.70,53.7,20.2,SAFE,7,Situation maîtrisée
10.75,54.0,20.2,SAFE,7,Situation maîtrisée
10.80,54.2,20.2,SAFE,8,Situation maîtrisée
10.85,54.5,20.2,SAFE,8,Situation maîtrisée
10.90,54.8,20.2,SAFE,8,Situation maîtrisée
10.95,55.1,20.2,SAFE,8,Situation maîtrisée
11.00,55.4,20.2,SAFE,8,Situation maîtrisée
11.05,55.6,20.2,SAFE,8,Situation maîtrisée
11.10,55.9,20.2,SAFE,9,Situation maîtrisée
11.15,56.2,20.2,SAFE,9,Situation maîtrisée
11.20,56.5,20.2,SAFE,9,Situation maîtrisée
11.25,56.8,20.2,SAFE,9,Situation maîtrisée
11.30,57.0,20.2,SAFE,9,Situation maîtrisée
11.35,57.3,20.2,SAFE,9,Situation maîtrisée
11.40,57.6,20.2,SAFE,9,Situation maîtrisée
11.45,57.9,20.2,SAFE,9,Situation maîtrisée
11.50,58.2,20.2,SAFE,9,Situation maîtrisée
11.55,58.4,20.2,SAFE,9,Situation maîtrisée
11.60,58.7,20.2,SAFE,10,Situation maîtrisée
11.65,59.0,20.2,SAFE,10,Situation maîtrisée
11.70,59.3,20.2,SAFE,10,Situation maîtrisée
11.75,59.6,20.2,SAFE,10,Situation maîtrisée
11.80,59.8,20.2,SAFE,10,Situation maîtrisée
11.85,60.1,20.2,SAFE,10,Situation maîtrisée
11.90,60.4,20.2,SAFE,10,Situation maîtrisée
11.95,60.7,20.2,SAFE,10,Situation maîtrisée
12.00,61.0,20.2,SAFE,10,Situation maîtrisée
12.05,61.2,20.2,SAFE,10,Situation maîtrisée
12.10,61.5,20.2,SAFE,10,Situation maîtrisée
12.15,61.8,20.2,SAFE,10,Situation maîtrisée
12.20,62.1,20.2,SAFE,10,Situation maîtrisée
12.25,62.4,20.2,SAFE,10,Situation maîtrisée
12.30,62.7,20.2,SAFE,10,Situation maîtrisée
12.35,62.9,20.2,SAFE,10,Situation maîtrisée
12.40,63.2,20.3,SAFE,10,Situation maîtrisée
12.45,63.5,20.3,SAFE,10,Situation maîtrisée
12.50,63.8,20.3,SAFE,10,Situation maîtrisée
12.55,64.1,20.4,SAFE,10,Situation maîtrisée
12.60,64.3,20.4,SAFE,10,Situation maîtrisée
12.65,64.6,20.4,SAFE,10,Situation maîtrisée
12.70,64.9,20.3,SAFE,10,Situation maîtrisée
12.75,65.2,20.3,SAFE,10,Situation maîtrisée
12.80,65.5,20.2,SAFE,10,Situation maîtrisée
12.85,65.8,20.3,SAFE,10,Situation maîtrisée
12.90,66.0,20.2,SAFE,10,Situation maîtrisée
12.95,66.3,20.4,SAFE,10,Situation maîtrisée
13.00,66.6,20.3,SAFE,10,Situation maîtrisée
13.05,66.9,20.4,SAFE,10,Situation maîtrisée
13.10,67.2,20.3,SAFE,10,Situation maîtrisée
13.15,67.4,20.7,SAFE,10,Situation maîtrisée
13.20,67.7,20.4,SAFE,10,Situation maîtrisée
13.25,68.0,20.9,SAFE,10,Situation maîtrisée
13.30,68.3,20.5,SAFE,10,Situation maîtrisée
13.35,68.6,21.1,SAFE,10,Situation maîtrisée
13.40,68.9,20.7,SAFE,10,Situation maîtrisée
13.45,69.2,21.1,SAFE,10,Situation maîtrisée
13.50,69.5,20.6,SAFE,10,Situation maîtrisée
13.55,69.8,21.1,SAFE,10,Situation maîtrisée
13.60,70.0,20.7,SAFE,10,Situation maîtrisée
13.65,70.3,21.1,SAFE,10,Situation maîtrisée
13.70,70.6,20.6,SAFE,10,Situation maîtrisée
13.75,70.9,21.1,SAFE,10,Situation maîtrisée
13.80,71.2,20.7,SAFE,10,Situation maîtrisée
13.85,71.5,21.0,SAFE,10,Situation maîtrisée
13.90,71.8,20.5,SAFE,10,Situation maîtrisée
13.95,72.1,21.0,SAFE,10,Situation maîtrisée
14.00,72.4,20.6,SAFE,10,Situation maîtrisée
14.05,72.6,21.0,SAFE,10,Situation maîtrisée
14.10,72.9,20.5,SAFE,9,Situation maîtrisée
14.15,73.2,21.0,SAFE,9,Situation maîtrisée
14.20,73.5,20.6,SAFE,9,Situation maîtrisée
14.25,73.8,20.9,SAFE,9,Situation maîtrisée
14.30,74.1,20.4,SAFE,9,Situation maîtrisée
14.35,74.4,20.9,SAFE,9,Situation maîtrisée
14.40,74.7,20.5,SAFE,9,Situation maîtrisée
14.45,74.9,20.9,SAFE,9,Situation maîtrisée
14.50,75.2,20.4,SAFE,9,Situation maîtrisée
14.55,75.5,20.9,SAFE,9,Situation maîtrisée
14.60,75.8,20.5,SAFE,9,Situation maîtrisée
14.65,76.1,20.8,SAFE,9,Situation maîtrisée
14.70,76.4,20.3,SAFE,9,Situation maîtrisée
14.75,76.7,20.8,SAFE,9,Situation maîtrisée
14.80,77.0,20.4,SAFE,9,Situation maîtrisée
14.85,77.2,20.8,SAFE,9,Situation maîtrisée
14.90,77.5,20.3,SAFE,9,Situation maîtrisée
14.95,77.8,20.8,SAFE,9,Situation maîtrisée
15.00,78.1,20.4,SAFE,9,Situation maîtrisée
15.05,78.4,20.8,SAFE,9,Situation maîtrisée
15.10,78.7,20.3,SAFE,9,Situation maîtrisée
15.15,79.0,20.8,SAFE,8,Situation maîtrisée
15.20,79.2,20.4,SAFE,8,Situation maîtrisée
15.25,79.5,20.7,SAFE,8,SAFE : arret au feu rouge
15.30,79.8,20.2,SAFE,8,SAFE : arret au feu rouge
15.35,80.1,20.3,SAFE,7,SAFE : arret au feu rouge
15.40,80.4,19.2,SAFE,7,SAFE : arret au feu rouge
15.45,80.6,16.6,SAFE,7,SAFE : arret au feu rouge
15.50,80.8,11.7,SAFE,7,SAFE : arret au feu rouge
15.55,80.9,6.9,SAFE,7,SAFE : arret au feu rouge
15.60,81.0,2.2,SAFE,7,SAFE : arret au feu rouge
15.65,81.0,0.0,SAFE,7,SAFE : arret au feu rouge
15.70,81.0,0.0,SAFE,7,SAFE : arret au feu rouge
15.75,81.0,0.0,SAFE,7,SAFE : arret au feu rouge
15.80,81.0,0.0,SAFE,7,SAFE : arret au feu rouge
15.85,81.0,0.0,SAFE,8,SAFE : arret au feu rouge
15.90,81.0,0.0,SAFE,8,SAFE : arret au feu rouge
15.95,81.0,0.0,SAFE,8,SAFE : arret au feu rouge
16.00,81.0,0.0,SAFE,8,SAFE : arret au feu rouge
16.05,81.0,0.0,SAFE,8,SAFE : arret au feu rouge
16.10,81.0,0.0,SAFE,8,SAFE : arret au feu rouge
16.15,81.0,0.0,SAFE,8,SAFE : arret au feu rouge
16.20,81.0,0.0,SAFE,8,SAFE : arret au feu rouge
16.25,81.0,0.0,CRITICAL,8,Vigilance — situation à la limite
16.30,81.0,0.0,CRITICAL,8,Vigilance — situation à la limite
16.35,81.0,0.0,CRITICAL,8,Vigilance — situation à la limite
16.40,81.0,0.0,CRITICAL,8,Vigilance — situation à la limite
16.45,81.0,0.0,CRITICAL,8,Vigilance — situation à la limite
16.50,81.0,0.0,CRITICAL,8,Vigilance — situation à la limite
16.55,81.0,0.0,CRITICAL,8,Vigilance — situation à la limite
16.60,81.0,0.0,CRITICAL,8,Vigilance — situation à la limite
16.65,81.0,0.0,CRITICAL,8,Vigilance — situation à la limite
16.70,81.0,0.0,CRITICAL,8,Vigilance — situation à la limite
16.75,81.0,0.0,CRITICAL,8,Vigilance — situation à la limite
16.80,81.0,0.0,CRITICAL,8,Vigilance — situation à la limite
16.85,81.0,0.0,CRITICAL,8,Vigilance — situation à la limite
16.90,81.0,0.0,SAFE,8,SAFE : arret au feu rouge
16.95,81.0,0.0,SAFE,8,SAFE : arret au feu rouge
17.00,81.0,0.0,SAFE,8,SAFE : arret au feu rouge
17.05,81.0,0.0,SAFE,8,SAFE : arret au feu rouge
17.10,81.0,0.0,SAFE,8,SAFE : arret au feu rouge
17.15,81.0,0.0,SAFE,8,SAFE : arret au feu rouge
17.20,81.0,0.0,SAFE,8,SAFE : arret au feu rouge
17.25,81.0,0.0,SAFE,8,SAFE : arret au feu rouge
17.30,81.0,0.0,SAFE,8,SAFE : arret au feu rouge
17.35,81.0,0.0,SAFE,8,SAFE : arret au feu rouge
17.40,81.0,0.0,SAFE,8,SAFE : arret au feu rouge
17.45,81.0,0.0,SAFE,8,SAFE : arret au feu rouge
17.50,81.0,0.0,SAFE,8,SAFE : arret au feu rouge
17.55,81.0,0.0,SAFE,8,SAFE : arret au feu rouge
17.60,81.0,0.0,SAFE,8,SAFE : arret au feu rouge
17.65,81.0,0.0,SAFE,8,SAFE : arret au feu rouge
17.70,81.0,0.0,SAFE,8,SAFE : arret au feu rouge
17.75,81.0,0.0,SAFE,8,SAFE : arret au feu rouge
17.80,81.0,0.0,SAFE,8,SAFE : arret au feu rouge
17.85,81.0,0.0,SAFE,8,SAFE : arret au feu rouge
17.90,81.0,0.0,SAFE,8,SAFE : arret au feu rouge
17.95,81.0,0.0,SAFE,8,SAFE : arret au feu rouge
18.00,81.0,0.0,SAFE,8,SAFE : arret au feu rouge
18.05,81.0,0.0,SAFE,8,SAFE : arret au feu rouge
18.10,81.0,0.0,SAFE,8,SAFE : arret au feu rouge
18.15,81.0,0.0,SAFE,8,SAFE : arret au feu rouge
18.20,81.0,0.0,SAFE,8,SAFE : arret au feu rouge
18.25,81.0,0.0,SAFE,9,SAFE : arret au feu rouge
18.30,81.0,0.0,SAFE,9,SAFE : arret au feu rouge
18.35,81.0,0.0,SAFE,9,SAFE : arret au feu rouge
18.40,81.0,0.0,SAFE,9,SAFE : arret au feu rouge
18.45,81.0,0.0,SAFE,9,SAFE : arret au feu rouge
18.50,81.0,0.0,SAFE,9,SAFE : arret au feu rouge
18.55,81.0,0.0,SAFE,10,SAFE : arret au feu rouge
18.60,81.0,0.0,SAFE,10,SAFE : arret au feu rouge
18.65,81.0,0.0,SAFE,10,SAFE : arret au feu rouge
18.70,81.0,0.0,SAFE,10,SAFE : arret au feu rouge
18.75,81.0,0.0,SAFE,10,SAFE : arret au feu rouge
18.80,81.0,0.0,SAFE,10,SAFE : arret au feu rouge
18.85,81.0,0.0,SAFE,10,SAFE : arret au feu rouge
18.90,81.0,0.0,SAFE,10,SAFE : arret au feu rouge
18.95,81.0,0.0,SAFE,10,SAFE : arret au feu rouge
19.00,81.0,0.0,SAFE,10,SAFE : arret au feu rouge
19.05,81.0,0.0,SAFE,10,SAFE : arret au feu rouge
19.10,81.0,0.0,SAFE,10,SAFE : arret au feu rouge
19.15,81.0,0.0,SAFE,10,SAFE : arret au feu rouge
19.20,81.0,0.0,SAFE,10,SAFE : arret au feu rouge
19.25,81.0,0.0,SAFE,10,SAFE : arret au feu rouge
19.30,81.0,0.0,SAFE,10,SAFE : arret au feu rouge
19.35,81.0,0.0,SAFE,10,SAFE : arret au feu rouge
19.40,81.0,0.0,SAFE,10,SAFE : arret au feu rouge
19.45,81.0,0.0,SAFE,10,SAFE : arret au feu rouge
19.50,81.0,0.0,SAFE,10,SAFE : arret au feu rouge
19.55,81.0,0.0,SAFE,10,SAFE : arret au feu rouge
19.60,81.0,0.0,SAFE,10,SAFE : arret au feu rouge
19.65,81.0,0.0,SAFE,9,SAFE : arret au feu rouge
19.70,81.0,0.0,SAFE,9,SAFE : arret au feu rouge
19.75,81.0,0.0,SAFE,9,SAFE : arret au feu rouge
19.80,81.0,0.0,SAFE,9,SAFE : arret au feu rouge
19.85,81.0,0.0,SAFE,9,SAFE : arret au feu rouge
19.90,81.0,0.0,SAFE,9,SAFE : arret au feu rouge
19.95,81.0,0.0,SAFE,9,SAFE : arret au feu rouge
20.00,81.0,0.0,SAFE,9,SAFE : arret au feu rouge
20.05,81.0,0.0,SAFE,9,SAFE : arret au feu rouge
20.10,81.0,0.0,SAFE,9,SAFE : arret au feu rouge
20.15,81.0,0.0,SAFE,9,SAFE : arret au feu rouge
20.20,81.0,0.0,SAFE,9,SAFE : arret au feu rouge
20.25,81.0,0.0,SAFE,9,SAFE : arret au feu rouge
20.30,81.0,0.0,SAFE,9,SAFE : arret au feu rouge
20.35,81.0,0.0,SAFE,9,SAFE : arret au feu rouge
20.40,81.0,0.0,SAFE,9,SAFE : arret au feu rouge
20.45,81.0,0.0,SAFE,9,SAFE : arret au feu rouge
20.50,81.0,0.0,SAFE,9,SAFE : arret au feu rouge
20.55,81.0,0.0,SAFE,9,SAFE : arret au feu rouge
20.60,81.0,0.0,SAFE,9,SAFE : arret au feu rouge
20.65,81.0,0.0,SAFE,9,SAFE : arret au feu rouge
20.70,81.0,0.0,SAFE,9,SAFE : arret au feu rouge
20.75,81.0,0.0,SAFE,9,SAFE : arret au feu rouge
20.80,81.0,0.0,SAFE,9,SAFE : arret au feu rouge
20.85,81.0,0.0,SAFE,9,SAFE : arret au feu rouge
20.90,81.0,0.0,SAFE,9,SAFE : arret au feu rouge
20.95,81.0,0.0,SAFE,9,SAFE : arret au feu rouge
21.00,81.0,0.0,SAFE,9,SAFE : arret au feu rouge
21.05,81.0,0.0,SAFE,8,SAFE : arret au feu rouge
21.10,81.0,0.0,SAFE,8,SAFE : arret au feu rouge
21.15,81.0,0.0,SAFE,8,SAFE : arret au feu rouge
21.20,81.0,0.0,SAFE,8,SAFE : arret au feu rouge
21.25,81.0,0.0,SAFE,8,SAFE : arret au feu rouge
21.30,81.0,0.0,SAFE,8,SAFE : arret au feu rouge
21.35,81.0,0.0,SAFE,8,SAFE : arret au feu rouge
21.40,81.0,0.0,SAFE,8,SAFE : arret au feu rouge
21.45,81.0,0.0,SAFE,8,SAFE : arret au feu rouge
21.50,81.0,0.0,SAFE,9,SAFE : arret au feu rouge
21.55,81.0,0.0,SAFE,9,SAFE : arret au feu rouge
21.60,81.0,0.0,SAFE,9,SAFE : arret au feu rouge
21.65,81.0,0.0,SAFE,9,SAFE : arret au feu rouge
21.70,81.0,0.0,SAFE,9,SAFE : arret au feu rouge
21.75,81.0,0.0,SAFE,9,SAFE : arret au feu rouge
21.80,81.0,0.0,SAFE,9,SAFE : arret au feu rouge
21.85,81.0,0.0,SAFE,9,SAFE : arret au feu rouge
21.90,81.0,0.0,SAFE,9,SAFE : arret au feu rouge
21.95,81.0,0.0,SAFE,9,SAFE : arret au feu rouge
22.00,81.0,0.0,SAFE,9,SAFE : arret au feu rouge
22.05,81.0,0.0,SAFE,9,SAFE : arret au feu rouge
22.10,81.0,0.0,SAFE,9,SAFE : arret au feu rouge
22.15,81.0,0.0,SAFE,9,SAFE : arret au feu rouge
22.20,81.0,0.0,SAFE,9,SAFE : arret au feu rouge
22.25,81.0,0.0,SAFE,9,SAFE : arret au feu rouge
22.30,81.0,0.0,SAFE,9,SAFE : arret au feu rouge
22.35,81.0,0.0,SAFE,9,SAFE : arret au feu rouge
22.40,81.0,0.0,SAFE,9,SAFE : arret au feu rouge
22.45,81.0,0.0,SAFE,9,SAFE : arret au feu rouge
22.50,81.0,0.0,SAFE,9,SAFE : arret au feu rouge
22.55,81.0,0.0,SAFE,9,SAFE : arret au feu rouge
22.60,81.0,0.0,SAFE,9,SAFE : arret au feu rouge
22.65,81.0,0.0,SAFE,9,SAFE : arret au feu rouge
22.70,81.0,0.0,SAFE,9,SAFE : arret au feu rouge
22.75,81.0,0.0,SAFE,9,SAFE : arret au feu rouge
22.80,81.0,0.0,SAFE,9,SAFE : arret au feu rouge
22.85,81.0,0.0,SAFE,9,SAFE : arret au feu rouge
22.90,81.0,0.0,SAFE,9,SAFE : arret au feu rouge
22.95,81.0,0.0,SAFE,9,SAFE : arret au feu rouge
23.00,81.0,0.0,SAFE,9,SAFE : arret au feu rouge
23.05,81.0,0.0,SAFE,9,SAFE : arret au feu rouge
23.10,81.0,0.0,SAFE,9,SAFE : arret au feu rouge
23.15,81.0,0.0,SAFE,9,SAFE : arret au feu rouge
23.20,81.0,0.0,SAFE,9,SAFE : arret au feu rouge
23.25,81.0,0.0,SAFE,9,SAFE : arret au feu rouge
23.30,81.0,0.0,SAFE,9,SAFE : arret au feu rouge
23.35,81.0,0.0,SAFE,9,SAFE : arret au feu rouge
23.40,81.0,0.0,SAFE,9,SAFE : arret au feu rouge
23.45,81.0,0.0,SAFE,9,SAFE : arret au feu rouge
23.50,81.0,0.0,SAFE,10,SAFE : arret au feu rouge
23.55,81.0,0.0,SAFE,10,SAFE : arret au feu rouge
23.60,81.0,0.0,SAFE,10,SAFE : arret au feu rouge
23.65,81.0,0.0,SAFE,10,SAFE : arret au feu rouge
23.70,81.0,0.0,SAFE,10,SAFE : arret au feu rouge
23.75,81.0,0.0,SAFE,10,SAFE : arret au feu rouge
23.80,81.0,0.0,SAFE,10,SAFE : arret au feu rouge
23.85,81.0,0.0,SAFE,10,SAFE : arret au feu rouge
23.90,81.0,0.0,SAFE,10,SAFE : arret au feu rouge
23.95,81.0,0.0,SAFE,10,SAFE : arret au feu rouge
24.00,81.0,0.0,SAFE,10,SAFE : arret au feu rouge
24.05,81.0,0.0,SAFE,10,SAFE : arret au feu rouge
24.10,81.0,0.0,SAFE,10,SAFE : arret au feu rouge
24.15,81.0,0.0,SAFE,10,SAFE : arret au feu rouge
24.20,81.0,0.0,SAFE,10,SAFE : arret au feu rouge
24.25,81.0,0.0,SAFE,10,SAFE : arret au feu rouge
24.30,81.0,0.0,SAFE,10,SAFE : arret au feu rouge
24.35,81.0,0.0,SAFE,10,SAFE : arret au feu rouge
24.40,81.0,0.0,SAFE,10,SAFE : arret au feu rouge
24.45,81.0,0.0,SAFE,10,SAFE : arret au feu rouge
24.50,81.0,0.0,SAFE,10,SAFE : arret au feu rouge
24.55,81.0,0.0,SAFE,10,SAFE : arret au feu rouge
24.60,81.0,0.0,SAFE,10,SAFE : arret au feu rouge
24.65,81.0,0.0,SAFE,10,SAFE : arret au feu rouge
24.70,81.0,0.0,SAFE,10,SAFE : arret au feu rouge
24.75,81.0,0.0,SAFE,10,SAFE : arret au feu rouge
24.80,81.0,0.0,SAFE,10,SAFE : arret au feu rouge
24.85,81.0,0.0,SAFE,10,SAFE : arret au feu rouge
24.90,81.0,0.0,SAFE,10,SAFE : arret au feu rouge
24.95,81.0,0.0,SAFE,10,SAFE : arret au feu rouge
25.00,81.0,0.0,SAFE,10,SAFE : arret au feu rouge
25.05,81.0,0.0,SAFE,10,SAFE : arret au feu rouge
25.10,81.0,0.0,SAFE,10,SAFE : arret au feu rouge
25.15,81.0,0.0,SAFE,10,SAFE : arret au feu rouge
25.20,81.0,0.0,SAFE,10,SAFE : arret au feu rouge
25.25,81.0,0.0,SAFE,10,SAFE : arret au feu rouge
25.30,81.0,0.0,SAFE,10,SAFE : arret au feu rouge
25.35,81.0,0.0,SAFE,10,SAFE : arret au feu rouge
25.40,81.0,0.0,SAFE,10,SAFE : arret au feu rouge
25.45,81.0,0.0,SAFE,10,SAFE : arret au feu rouge
25.50,81.0,0.0,SAFE,10,SAFE : arret au feu rouge
25.55,81.0,0.0,SAFE,10,SAFE : arret au feu rouge
25.60,81.0,0.0,SAFE,10,SAFE : arret au feu rouge
25.65,81.0,0.0,SAFE,10,SAFE : arret au feu rouge
25.70,81.0,0.0,SAFE,10,SAFE : arret au feu rouge
25.75,81.0,0.0,SAFE,10,SAFE : arret au feu rouge
25.80,81.0,0.0,SAFE,10,SAFE : arret au feu rouge
25.85,81.0,0.0,SAFE,10,SAFE : arret au feu rouge
25.90,81.0,0.0,SAFE,10,SAFE : arret au feu rouge
25.95,81.0,0.0,SAFE,10,SAFE : arret au feu rouge
26.00,81.0,0.0,SAFE,10,SAFE : arret au feu rouge
26.05,81.0,0.0,SAFE,10,SAFE : arret au feu rouge
26.10,81.0,0.0,SAFE,10,SAFE : arret au feu rouge
26.15,81.0,0.0,SAFE,10,SAFE : arret au feu rouge
26.20,81.0,0.0,SAFE,10,SAFE : arret au feu rouge
26.25,81.0,0.0,SAFE,10,SAFE : arret au feu rouge
26.30,81.0,0.0,SAFE,10,SAFE : arret au feu rouge
26.35,81.0,0.0,SAFE,10,SAFE : arret au feu rouge
26.40,81.0,0.0,SAFE,10,SAFE : arret au feu rouge
26.45,81.0,0.0,SAFE,10,SAFE : arret au feu rouge
26.50,81.0,0.0,SAFE,10,SAFE : arret au feu rouge
26.55,81.0,0.0,SAFE,10,SAFE : arret au feu rouge
26.60,81.0,0.0,SAFE,10,SAFE : arret au feu rouge
26.65,81.0,0.0,SAFE,10,SAFE : arret au feu rouge
26.70,81.0,0.0,SAFE,10,SAFE : arret au feu rouge
26.75,81.0,0.0,SAFE,10,SAFE : arret au feu rouge
26.80,81.0,0.0,SAFE,10,SAFE : arret au feu rouge
26.85,81.0,0.0,SAFE,10,SAFE : arret au feu rouge
26.90,81.0,0.0,SAFE,10,SAFE : arret au feu rouge
26.95,81.0,0.0,SAFE,10,SAFE : arret au feu rouge
27.00,81.0,0.0,SAFE,10,SAFE : arret au feu rouge
27.05,81.0,0.0,SAFE,10,SAFE : arret au feu rouge
27.10,81.0,0.0,SAFE,10,SAFE : arret au feu rouge
27.15,81.0,0.0,SAFE,10,SAFE : arret au feu rouge
27.20,81.0,0.0,SAFE,10,SAFE : arret au feu rouge
27.25,81.0,0.0,SAFE,10,SAFE : arret au feu rouge
27.30,81.0,0.0,SAFE,10,SAFE : arret au feu rouge
27.35,81.0,0.0,SAFE,10,SAFE : arret au feu rouge
27.40,81.0,0.0,SAFE,10,SAFE : arret au feu rouge
27.45,81.0,0.0,SAFE,10,SAFE : arret au feu rouge
27.50,81.0,0.0,SAFE,10,SAFE : arret au feu rouge
27.55,81.0,0.0,SAFE,10,SAFE : arret au feu rouge
27.60,81.0,0.0,SAFE,10,SAFE : arret au feu rouge
27.65,81.0,0.0,SAFE,10,SAFE : arret au feu rouge
27.70,81.0,0.0,SAFE,10,SAFE : arret au feu rouge
27.75,81.0,0.0,SAFE,9,SAFE : arret au feu rouge
27.80,81.0,0.0,SAFE,9,SAFE : arret au feu rouge
27.85,81.0,0.0,SAFE,9,SAFE : arret au feu rouge
27.90,81.0,0.0,SAFE,9,SAFE : arret au feu rouge
27.95,81.0,0.0,SAFE,9,SAFE : arret au feu rouge
28.00,81.0,0.0,SAFE,9,SAFE : arret au feu rouge
28.05,81.0,0.0,SAFE,9,SAFE : arret au feu rouge
28.10,81.0,0.0,SAFE,9,SAFE : arret au feu rouge
28.15,81.0,0.0,SAFE,9,SAFE : arret au feu rouge
28.20,81.0,0.0,SAFE,9,SAFE : arret au feu rouge
28.25,81.0,0.0,SAFE,9,SAFE : arret au feu rouge
28.30,81.0,0.0,SAFE,9,SAFE : arret au feu rouge
28.35,81.0,0.0,SAFE,9,SAFE : arret au feu rouge
28.40,81.0,0.0,SAFE,9,SAFE : arret au feu rouge
28.45,81.0,0.0,SAFE,9,SAFE : arret au feu rouge
28.50,81.0,0.0,SAFE,9,SAFE : arret au feu rouge
28.55,81.0,0.0,SAFE,9,SAFE : arret au feu rouge
28.60,81.0,0.0,SAFE,9,SAFE : arret au feu rouge
28.65,81.0,0.0,SAFE,9,SAFE : arret au feu rouge
28.70,81.0,0.0,SAFE,9,SAFE : arret au feu rouge
28.75,81.0,0.0,SAFE,9,SAFE : arret au feu rouge
28.80,81.0,0.0,SAFE,9,SAFE : arret au feu rouge
28.85,81.0,0.0,SAFE,9,SAFE : arret au feu rouge
28.90,81.0,0.0,SAFE,9,SAFE : arret au feu rouge
28.95,81.0,0.0,SAFE,9,SAFE : arret au feu rouge
29.00,81.0,0.0,SAFE,9,SAFE : arret au feu rouge
29.05,81.0,0.0,SAFE,9,SAFE : arret au feu rouge
29.10,81.0,0.0,SAFE,9,SAFE : arret au feu rouge
29.15,81.0,0.0,SAFE,9,SAFE : arret au feu rouge
29.20,81.0,0.0,SAFE,9,SAFE : arret au feu rouge
29.25,81.0,0.0,SAFE,9,SAFE : arret au feu rouge
29.30,81.0,0.0,SAFE,9,SAFE : arret au feu rouge
29.35,81.0,0.0,SAFE,9,SAFE : arret au feu rouge
29.40,81.0,0.0,SAFE,9,SAFE : arret au feu rouge
29.45,81.0,0.0,SAFE,8,SAFE : arret au feu rouge
29.50,81.0,0.0,SAFE,8,SAFE : arret au feu rouge
29.55,81.0,0.0,SAFE,8,SAFE : arret au feu rouge
29.60,81.0,0.0,SAFE,8,SAFE : arret au feu rouge
29.65,81.0,0.0,SAFE,8,SAFE : arret au feu rouge
29.70,81.0,0.0,SAFE,8,SAFE : arret au feu rouge
29.75,81.0,0.0,SAFE,8,SAFE : arret au feu rouge
29.80,81.0,0.0,SAFE,8,SAFE : arret au feu rouge
29.85,81.0,0.0,SAFE,8,SAFE : arret au feu rouge
29.90,81.0,0.0,SAFE,8,SAFE : arret au feu rouge
29.95,81.0,0.0,SAFE,8,SAFE : arret au feu rouge
30.00,81.0,0.0,SAFE,8,SAFE : arret au feu rouge
30.05,81.0,0.0,SAFE,8,SAFE : arret au feu rouge
30.10,81.0,0.0,SAFE,8,SAFE : arret au feu rouge
30.15,81.0,0.0,SAFE,8,SAFE : arret au feu rouge
30.20,81.0,0.0,SAFE,8,SAFE : arret au feu rouge
30.25,81.0,0.0,SAFE,8,SAFE : arret au feu rouge
30.30,81.0,0.0,SAFE,8,SAFE : arret au feu rouge
30.35,81.0,0.0,SAFE,8,SAFE : arret au feu rouge
30.40,81.0,0.0,SAFE,8,SAFE : arret au feu rouge
30.45,81.0,0.0,SAFE,8,SAFE : arret au feu rouge
30.50,81.0,0.0,SAFE,8,SAFE : arret au feu rouge
30.55,81.0,0.0,SAFE,8,SAFE : arret au feu rouge
30.60,81.0,0.0,SAFE,8,SAFE : arret au feu rouge
30.65,81.0,0.0,SAFE,8,SAFE : arret au feu rouge
30.70,81.0,0.0,SAFE,8,SAFE : arret au feu rouge
30.75,81.0,0.0,SAFE,8,SAFE : arret au feu rouge
30.80,81.0,0.0,SAFE,8,SAFE : arret au feu rouge
30.85,81.0,0.0,SAFE,8,SAFE : arret au feu rouge
30.90,81.0,0.0,SAFE,8,SAFE : arret au feu rouge
30.95,81.0,0.0,SAFE,8,SAFE : arret au feu rouge
31.00,81.0,0.0,SAFE,8,SAFE : arret au feu rouge
31.05,81.0,0.0,SAFE,8,SAFE : arret au feu rouge
31.10,81.0,0.0,SAFE,8,SAFE : arret au feu rouge
31.15,81.0,0.0,SAFE,8,SAFE : arret au feu rouge
31.20,81.0,0.0,SAFE,8,SAFE : arret au feu rouge
31.25,81.0,0.0,SAFE,8,SAFE : arret au feu rouge
31.30,81.0,0.0,SAFE,8,SAFE : arret au feu rouge
31.35,81.0,0.0,SAFE,8,SAFE : arret au feu rouge
31.40,81.0,0.0,SAFE,8,SAFE : arret au feu rouge
31.45,81.0,0.0,SAFE,8,SAFE : arret au feu rouge
31.50,81.0,0.0,SAFE,8,SAFE : arret au feu rouge
31.55,81.0,0.0,SAFE,8,SAFE : arret au feu rouge
31.60,81.0,0.0,SAFE,8,SAFE : arret au feu rouge
31.65,81.0,0.0,SAFE,8,SAFE : arret au feu rouge
31.70,81.0,0.0,SAFE,8,SAFE : arret au feu rouge
31.75,81.0,0.0,SAFE,8,SAFE : arret au feu rouge
31.80,81.0,0.0,SAFE,8,SAFE : arret au feu rouge
31.85,81.0,0.0,SAFE,8,SAFE : arret au feu rouge
31.90,81.0,0.0,SAFE,8,SAFE : arret au feu rouge
31.95,81.0,0.0,SAFE,8,SAFE : arret au feu rouge
32.00,81.0,0.0,SAFE,8,SAFE : arret au feu rouge
32.05,81.0,0.0,SAFE,8,SAFE : arret au feu rouge
32.10,81.0,0.0,SAFE,8,SAFE : arret au feu rouge
32.15,81.0,0.0,SAFE,8,SAFE : arret au feu rouge
32.20,81.0,0.0,SAFE,8,SAFE : arret au feu rouge
32.25,81.0,0.0,SAFE,8,SAFE : arret au feu rouge
32.30,81.0,0.0,SAFE,8,SAFE : arret au feu rouge
32.35,81.0,0.0,SAFE,8,SAFE : arret au feu rouge
32.40,81.0,0.0,SAFE,8,SAFE : arret au feu rouge
32.45,81.0,0.0,SAFE,8,SAFE : arret au feu rouge
32.50,81.0,0.0,SAFE,8,SAFE : arret au feu rouge
32.55,81.0,0.0,SAFE,8,SAFE : arret au feu rouge
32.60,81.0,0.0,SAFE,8,SAFE : arret au feu rouge
32.65,81.0,0.0,SAFE,8,SAFE : arret au feu rouge
32.70,81.0,0.0,SAFE,8,SAFE : arret au feu rouge
32.75,81.0,0.0,SAFE,8,SAFE : arret au feu rouge
32.80,81.0,0.0,SAFE,8,SAFE : arret au feu rouge
32.85,81.0,0.0,SAFE,8,SAFE : arret au feu rouge
32.90,81.0,0.0,SAFE,8,SAFE : arret au feu rouge
32.95,81.0,0.0,SAFE,8,SAFE : arret au feu rouge
33.00,81.0,0.0,SAFE,8,SAFE : arret au feu rouge
33.05,81.0,0.0,SAFE,8,SAFE : arret au feu rouge
33.10,81.0,0.0,SAFE,8,SAFE : arret au feu rouge
33.15,81.0,0.0,SAFE,8,SAFE : arret au feu rouge
33.20,81.0,0.0,SAFE,8,SAFE : arret au feu rouge
33.25,81.0,0.0,SAFE,8,SAFE : arret au feu rouge
33.30,81.0,0.0,SAFE,8,SAFE : arret au feu rouge
33.35,81.0,0.0,SAFE,8,SAFE : arret au feu rouge
33.40,81.0,0.0,SAFE,8,SAFE : arret au feu rouge
33.45,81.0,0.0,SAFE,8,SAFE : arret au feu rouge
33.50,81.0,0.0,SAFE,8,SAFE : arret au feu rouge
33.55,81.0,0.0,SAFE,8,SAFE : arret au feu rouge
33.60,81.0,0.0,SAFE,8,SAFE : arret au feu rouge
33.65,81.0,0.0,SAFE,8,SAFE : arret au feu rouge
33.70,81.0,0.0,SAFE,8,SAFE : arret au feu rouge
33.75,81.0,0.0,SAFE,8,SAFE : arret au feu rouge
33.80,81.0,0.0,SAFE,8,SAFE : arret au feu rouge
33.85,81.0,0.0,SAFE,8,SAFE : arret au feu rouge
33.90,81.0,0.0,SAFE,8,SAFE : arret au feu rouge
33.95,81.0,0.0,SAFE,8,SAFE : arret au feu rouge
34.00,81.0,0.0,SAFE,8,SAFE : arret au feu rouge
34.05,81.0,0.0,SAFE,8,SAFE : arret au feu rouge
34.10,81.0,0.0,SAFE,8,SAFE : arret au feu rouge
34.15,81.0,0.0,SAFE,8,SAFE : arret au feu rouge
34.20,81.0,0.0,SAFE,8,SAFE : arret au feu rouge
34.25,81.0,0.0,SAFE,7,SAFE : arret au feu rouge
34.30,81.0,0.0,SAFE,7,SAFE : arret au feu rouge
34.35,81.0,0.0,SAFE,7,SAFE : arret au feu rouge
34.40,81.0,0.0,SAFE,7,SAFE : arret au feu rouge
34.45,81.0,0.0,SAFE,7,SAFE : arret au feu rouge
34.50,81.0,0.0,SAFE,7,SAFE : arret au feu rouge
34.55,81.0,0.0,SAFE,7,SAFE : arret au feu rouge
34.60,81.0,0.0,SAFE,7,SAFE : arret au feu rouge
34.65,81.0,0.0,SAFE,7,SAFE : arret au feu rouge
34.70,81.0,0.0,SAFE,7,SAFE : arret au feu rouge
34.75,81.0,0.0,SAFE,7,SAFE : arret au feu rouge
34.80,81.0,0.0,SAFE,7,SAFE : arret au feu rouge
34.85,81.0,0.0,SAFE,7,SAFE : arret au feu rouge
34.90,81.0,0.0,SAFE,7,SAFE : arret au feu rouge
34.95,81.0,0.0,SAFE,7,SAFE : arret au feu rouge
35.00,81.0,0.0,SAFE,7,SAFE : arret au feu rouge
35.05,81.0,0.0,SAFE,7,SAFE : arret au feu rouge
35.10,81.0,0.0,SAFE,7,SAFE : arret au feu rouge
35.15,81.0,0.0,SAFE,7,SAFE : arret au feu rouge
35.20,81.0,0.0,SAFE,7,SAFE : arret au feu rouge
35.25,81.0,0.0,SAFE,7,SAFE : arret au feu rouge
35.30,81.0,0.0,SAFE,7,SAFE : arret au feu rouge
35.35,81.0,0.0,SAFE,7,SAFE : arret au feu rouge
35.40,81.0,0.0,SAFE,7,SAFE : arret au feu rouge
35.45,81.0,0.0,SAFE,7,SAFE : arret au feu rouge
35.50,81.0,0.0,SAFE,7,SAFE : arret au feu rouge
35.55,81.0,0.0,SAFE,7,SAFE : arret au feu rouge
35.60,81.0,0.0,SAFE,7,SAFE : arret au feu rouge
35.65,81.0,0.0,SAFE,7,SAFE : arret au feu rouge
35.70,81.0,0.0,SAFE,7,SAFE : arret au feu rouge
35.75,81.0,0.0,SAFE,7,SAFE : arret au feu rouge
35.80,81.0,0.0,SAFE,7,SAFE : arret au feu rouge
35.85,81.0,0.0,SAFE,7,SAFE : arret au feu rouge
35.90,81.0,0.0,SAFE,7,SAFE : arret au feu rouge
35.95,81.0,0.0,SAFE,7,SAFE : arret au feu rouge
36.00,81.0,0.0,SAFE,7,SAFE : arret au feu rouge
36.05,81.0,0.0,SAFE,7,SAFE : arret au feu rouge
36.10,81.0,0.0,SAFE,7,SAFE : arret au feu rouge
36.15,81.0,0.0,SAFE,7,SAFE : arret au feu rouge
36.20,81.0,0.0,SAFE,7,SAFE : arret au feu rouge
36.25,81.0,0.0,SAFE,7,SAFE : arret au feu rouge
36.30,81.0,0.0,SAFE,7,SAFE : arret au feu rouge
36.35,81.0,0.0,SAFE,7,SAFE : arret au feu rouge
36.40,81.0,0.0,SAFE,7,SAFE : arret au feu rouge
36.45,81.0,0.0,SAFE,7,SAFE : arret au feu rouge
36.50,81.0,0.0,SAFE,7,SAFE : arret au feu rouge
36.55,81.0,0.0,SAFE,7,SAFE : arret au feu rouge
36.60,81.0,0.0,SAFE,7,SAFE : arret au feu rouge
36.65,81.0,0.0,SAFE,7,SAFE : arret au feu rouge
36.70,81.0,0.0,SAFE,7,SAFE : arret au feu rouge
36.75,81.0,0.0,SAFE,7,SAFE : arret au feu rouge
36.80,81.0,0.0,SAFE,7,SAFE : arret au feu rouge
36.85,81.0,0.0,SAFE,7,SAFE : arret au feu rouge
36.90,81.0,0.0,SAFE,7,SAFE : arret au feu rouge
36.95,81.0,0.0,SAFE,7,SAFE : arret au feu rouge
37.00,81.0,0.0,SAFE,7,SAFE : arret au feu rouge
37.05,81.0,0.0,SAFE,7,SAFE : arret au feu rouge
37.10,81.0,0.0,SAFE,7,SAFE : arret au feu rouge
37.15,81.0,0.0,SAFE,7,SAFE : arret au feu rouge
37.20,81.0,0.0,SAFE,7,SAFE : arret au feu rouge
37.25,81.0,0.0,SAFE,7,SAFE : arret au feu rouge
37.30,81.0,0.0,SAFE,7,SAFE : arret au feu rouge
37.35,81.0,0.0,SAFE,7,SAFE : arret au feu rouge
37.40,81.0,0.0,SAFE,7,SAFE : arret au feu rouge
37.45,81.0,0.0,SAFE,7,SAFE : arret au feu rouge
37.50,81.0,0.0,SAFE,7,SAFE : arret au feu rouge
37.55,81.0,0.0,SAFE,7,SAFE : arret au feu rouge
37.60,81.0,0.0,SAFE,7,SAFE : arret au feu rouge
37.65,81.0,0.0,SAFE,7,SAFE : arret au feu rouge
37.70,81.0,0.0,SAFE,7,SAFE : arret au feu rouge
37.75,81.0,0.0,SAFE,7,SAFE : arret au feu rouge
37.80,81.0,0.0,SAFE,7,SAFE : arret au feu rouge
37.85,81.0,0.0,SAFE,7,SAFE : arret au feu rouge
37.90,81.0,0.0,SAFE,7,SAFE : arret au feu rouge
37.95,81.0,0.0,SAFE,7,SAFE : arret au feu rouge
38.00,81.0,0.0,SAFE,7,SAFE : arret au feu rouge
38.05,81.0,0.0,SAFE,7,SAFE : arret au feu rouge
38.10,81.0,0.0,SAFE,7,SAFE : arret au feu rouge
38.15,81.0,0.0,SAFE,8,SAFE : arret au feu rouge
38.20,81.0,0.0,SAFE,8,SAFE : arret au feu rouge
38.25,81.0,0.0,SAFE,8,SAFE : arret au feu rouge
38.30,81.0,0.0,SAFE,8,SAFE : arret au feu rouge
38.35,81.0,0.0,SAFE,8,SAFE : arret au feu rouge
38.40,81.0,0.0,SAFE,8,SAFE : arret au feu rouge
38.45,81.0,0.0,SAFE,8,SAFE : arret au feu rouge
38.50,81.0,0.0,SAFE,8,SAFE : arret au feu rouge
38.55,81.0,0.0,SAFE,8,SAFE : arret au feu rouge
38.60,81.0,0.0,SAFE,8,SAFE : arret au feu rouge
38.65,81.0,0.0,SAFE,8,SAFE : arret au feu rouge
38.70,81.0,0.0,SAFE,8,SAFE : arret au feu rouge
38.75,81.0,0.0,SAFE,8,SAFE : arret au feu rouge
38.80,81.0,0.0,SAFE,8,SAFE : arret au feu rouge
38.85,81.0,0.0,SAFE,8,SAFE : arret au feu rouge
38.90,81.0,0.0,SAFE,8,SAFE : arret au feu rouge
38.95,81.0,0.0,SAFE,8,SAFE : arret au feu rouge
39.00,81.0,0.0,SAFE,8,SAFE : arret au feu rouge
39.05,81.0,0.0,SAFE,8,SAFE : arret au feu rouge
39.10,81.0,0.0,SAFE,8,SAFE : arret au feu rouge
39.15,81.0,0.0,SAFE,8,SAFE : arret au feu rouge
39.20,81.0,0.0,SAFE,8,SAFE : arret au feu rouge
39.25,81.0,0.0,SAFE,8,SAFE : arret au feu rouge
39.30,81.0,0.0,SAFE,8,SAFE : arret au feu rouge
39.35,81.0,0.0,SAFE,8,SAFE : arret au feu rouge
39.40,81.0,0.0,SAFE,8,SAFE : arret au feu rouge
39.45,81.0,0.0,SAFE,8,SAFE : arret au feu rouge
39.50,81.0,0.0,SAFE,8,SAFE : arret au feu rouge
39.55,81.0,0.0,SAFE,8,SAFE : arret au feu rouge
39.60,81.0,0.0,SAFE,8,SAFE : arret au feu rouge
39.65,81.0,0.0,SAFE,8,SAFE : arret au feu rouge
39.70,81.0,0.0,SAFE,8,SAFE : arret au feu rouge
39.75,81.0,0.0,SAFE,8,SAFE : arret au feu rouge
39.80,81.0,0.0,SAFE,8,SAFE : arret au feu rouge
39.85,81.0,0.0,SAFE,8,SAFE : arret au feu rouge
39.90,81.0,0.0,SAFE,8,SAFE : arret au feu rouge
39.95,81.0,0.0,SAFE,8,SAFE : arret au feu rouge
40.00,81.0,0.0,SAFE,8,SAFE : arret au feu rouge
40.05,81.0,0.0,SAFE,8,SAFE : arret au feu rouge
40.10,81.0,0.0,SAFE,8,SAFE : arret au feu rouge
40.15,81.0,0.0,SAFE,8,SAFE : arret au feu rouge
40.20,81.0,0.0,SAFE,8,SAFE : arret au feu rouge
40.25,81.0,0.0,SAFE,8,SAFE : arret au feu rouge
40.30,81.0,0.0,SAFE,8,SAFE : arret au feu rouge
40.35,81.0,0.0,SAFE,8,SAFE : arret au feu rouge
40.40,81.0,0.0,SAFE,8,SAFE : arret au feu rouge
40.45,81.0,0.0,SAFE,8,SAFE : arret au feu rouge
40.50,81.0,0.0,SAFE,8,SAFE : arret au feu rouge
40.55,81.0,0.0,SAFE,8,SAFE : arret au feu rouge
40.60,81.0,0.0,SAFE,8,SAFE : arret au feu rouge
40.65,81.0,0.0,SAFE,8,SAFE : arret au feu rouge
40.70,81.0,0.0,SAFE,8,SAFE : arret au feu rouge
40.75,81.0,0.0,SAFE,8,SAFE : arret au feu rouge
40.80,81.0,0.0,SAFE,8,SAFE : arret au feu rouge
40.85,81.0,0.0,SAFE,8,SAFE : arret au feu rouge
40.90,81.0,0.0,SAFE,8,SAFE : arret au feu rouge
40.95,81.0,0.0,SAFE,8,SAFE : arret au feu rouge
41.00,81.0,0.0,SAFE,8,SAFE : arret au feu rouge
41.05,81.0,0.0,SAFE,8,SAFE : arret au feu rouge
41.10,81.0,0.0,SAFE,8,SAFE : arret au feu rouge
41.15,81.0,0.0,SAFE,8,SAFE : arret au feu rouge
41.20,81.0,0.0,SAFE,8,SAFE : arret au feu rouge
41.25,81.0,0.0,SAFE,8,SAFE : arret au feu rouge
41.30,81.0,0.0,SAFE,8,SAFE : arret au feu rouge
41.35,81.0,0.0,SAFE,8,SAFE : arret au feu rouge
41.40,81.0,0.0,SAFE,8,SAFE : arret au feu rouge
41.45,81.0,0.0,SAFE,8,SAFE : arret au feu rouge
41.50,81.0,0.0,SAFE,8,SAFE : arret au feu rouge
41.55,81.0,0.0,SAFE,8,SAFE : arret au feu rouge
41.60,81.0,0.0,SAFE,7,SAFE : arret au feu rouge
41.65,81.0,0.0,SAFE,7,SAFE : arret au feu rouge
41.70,81.0,0.0,SAFE,7,SAFE : arret au feu rouge
41.75,81.0,0.0,SAFE,7,SAFE : arret au feu rouge
41.80,81.0,0.0,SAFE,7,SAFE : arret au feu rouge
41.85,81.0,0.0,SAFE,7,SAFE : arret au feu rouge
41.90,81.0,0.0,SAFE,7,SAFE : arret au feu rouge
41.95,81.0,0.0,SAFE,7,SAFE : arret au feu rouge
42.00,81.0,0.0,SAFE,7,SAFE : arret au feu rouge
42.05,81.0,0.0,SAFE,7,SAFE : arret au feu rouge
42.10,81.0,0.0,SAFE,7,SAFE : arret au feu rouge
42.15,81.0,0.0,SAFE,7,SAFE : arret au feu rouge
42.20,81.0,0.0,SAFE,7,SAFE : arret au feu rouge
42.25,81.0,0.0,SAFE,7,SAFE : arret au feu rouge
42.30,81.0,0.0,SAFE,7,SAFE : arret au feu rouge
42.35,81.0,0.0,SAFE,7,SAFE : arret au feu rouge
42.40,81.0,0.0,SAFE,7,SAFE : arret au feu rouge
42.45,81.0,0.0,SAFE,7,SAFE : arret au feu rouge
42.50,81.0,0.0,SAFE,7,SAFE : arret au feu rouge
42.55,81.0,0.0,SAFE,7,SAFE : arret au feu rouge
42.60,81.0,0.0,SAFE,7,SAFE : arret au feu rouge
42.65,81.0,0.0,SAFE,7,SAFE : arret au feu rouge
42.70,81.0,0.0,SAFE,7,SAFE : arret au feu rouge
42.75,81.0,0.0,SAFE,7,SAFE : arret au feu rouge
42.80,81.0,0.0,SAFE,7,SAFE : arret au feu rouge
42.85,81.0,0.0,SAFE,7,SAFE : arret au feu rouge
42.90,81.0,0.0,SAFE,7,SAFE : arret au feu rouge
42.95,81.0,0.0,SAFE,7,SAFE : arret au feu rouge
43.00,81.0,0.0,SAFE,7,SAFE : arret au feu rouge
43.05,81.0,0.0,SAFE,7,SAFE : arret au feu rouge
43.10,81.0,0.0,SAFE,7,SAFE : arret au feu rouge
43.15,81.0,0.0,SAFE,7,SAFE : arret au feu rouge
43.20,81.0,0.0,SAFE,7,SAFE : arret au feu rouge
43.25,81.0,0.0,SAFE,7,SAFE : arret au feu rouge
43.30,81.0,0.0,SAFE,7,SAFE : arret au feu rouge
43.35,81.0,0.0,SAFE,7,SAFE : arret au feu rouge
43.40,81.0,0.0,SAFE,7,SAFE : arret au feu rouge
43.45,81.0,0.0,SAFE,7,SAFE : arret au feu rouge
43.50,81.0,0.0,SAFE,6,SAFE : arret au feu rouge
43.55,81.0,0.0,SAFE,6,SAFE : arret au feu rouge
43.60,81.0,0.0,SAFE,6,SAFE : arret au feu rouge
43.65,81.0,0.0,SAFE,6,SAFE : arret au feu rouge
43.70,81.0,0.0,SAFE,6,SAFE : arret au feu rouge
43.75,81.0,0.0,SAFE,6,SAFE : arret au feu rouge
43.80,81.0,0.0,SAFE,6,SAFE : arret au feu rouge
43.85,81.0,0.0,SAFE,6,SAFE : arret au feu rouge
43.90,81.0,0.0,SAFE,6,SAFE : arret au feu rouge
43.95,81.0,0.0,SAFE,6,SAFE : arret au feu rouge
44.00,81.0,0.0,SAFE,6,SAFE : arret au feu rouge
44.05,81.0,0.0,SAFE,6,SAFE : arret au feu rouge
44.10,81.0,0.0,SAFE,6,SAFE : arret au feu rouge
44.15,81.0,0.0,SAFE,6,SAFE : arret au feu rouge
44.20,81.0,0.0,SAFE,6,SAFE : arret au feu rouge
44.25,81.0,0.0,SAFE,6,SAFE : arret au feu rouge
44.30,81.0,0.0,SAFE,6,SAFE : arret au feu rouge
44.35,81.0,0.0,SAFE,6,SAFE : arret au feu rouge
44.40,81.0,0.0,SAFE,6,SAFE : arret au feu rouge
44.45,81.0,0.0,SAFE,6,SAFE : arret au feu rouge
44.50,81.0,0.0,SAFE,6,SAFE : arret au feu rouge
44.55,81.0,0.0,SAFE,6,SAFE : arret au feu rouge
44.60,81.0,0.0,SAFE,6,SAFE : arret au feu rouge
44.65,81.0,0.0,SAFE,6,SAFE : arret au feu rouge
44.70,81.0,0.0,SAFE,6,SAFE : arret au feu rouge
44.75,81.0,0.0,SAFE,6,SAFE : arret au feu rouge
44.80,81.0,0.0,SAFE,6,SAFE : arret au feu rouge
44.85,81.0,0.0,SAFE,6,SAFE : arret au feu rouge
44.90,81.0,0.0,SAFE,6,SAFE : arret au feu rouge
44.95,81.0,0.0,SAFE,6,SAFE : arret au feu rouge
45.00,81.0,0.0,SAFE,6,SAFE : arret au feu rouge
45.05,81.0,0.0,SAFE,6,SAFE : arret au feu rouge
45.10,81.0,0.0,SAFE,6,SAFE : arret au feu rouge
45.15,81.0,0.0,SAFE,6,SAFE : arret au feu rouge
45.20,81.0,0.0,SAFE,6,SAFE : arret au feu rouge
45.25,81.0,0.0,SAFE,6,SAFE : arret au feu rouge
45.30,81.0,0.0,SAFE,6,SAFE : arret au feu rouge
45.35,81.0,0.0,SAFE,6,SAFE : arret au feu rouge
45.40,81.0,0.0,SAFE,6,SAFE : arret au feu rouge
45.45,81.0,0.0,SAFE,6,SAFE : arret au feu rouge
45.50,81.0,0.0,SAFE,6,SAFE : arret au feu rouge
45.55,81.0,0.0,SAFE,6,SAFE : arret au feu rouge
45.60,81.0,0.0,SAFE,6,SAFE : arret au feu rouge
45.65,81.0,0.0,SAFE,6,SAFE : arret au feu rouge
45.70,81.0,0.0,SAFE,6,SAFE : arret au feu rouge
45.75,81.0,0.0,SAFE,6,SAFE : arret au feu rouge
45.80,81.0,0.0,SAFE,6,SAFE : arret au feu rouge
45.85,81.0,0.0,SAFE,6,SAFE : arret au feu rouge
45.90,81.0,0.0,SAFE,6,SAFE : arret au feu rouge
45.95,81.0,0.0,SAFE,6,SAFE : arret au feu rouge
46.00,81.0,0.0,SAFE,6,SAFE : arret au feu rouge
46.05,81.0,0.0,SAFE,6,SAFE : arret au feu rouge
46.10,81.0,0.0,SAFE,6,SAFE : arret au feu rouge
46.15,81.0,0.0,SAFE,6,SAFE : arret au feu rouge
46.20,81.0,0.0,SAFE,6,SAFE : arret au feu rouge
46.25,81.0,0.0,SAFE,5,SAFE : arret au feu rouge
46.30,81.0,0.0,SAFE,5,SAFE : arret au feu rouge
46.35,81.0,0.0,SAFE,5,SAFE : arret au feu rouge
46.40,81.0,0.0,SAFE,5,SAFE : arret au feu rouge
46.45,81.0,0.0,SAFE,5,SAFE : arret au feu rouge
46.50,81.0,0.0,SAFE,5,SAFE : arret au feu rouge
46.55,81.0,0.0,SAFE,5,SAFE : arret au feu rouge
46.60,81.0,0.0,SAFE,5,SAFE : arret au feu rouge
46.65,81.0,0.0,SAFE,5,SAFE : arret au feu rouge
46.70,81.0,0.0,SAFE,5,SAFE : arret au feu rouge
46.75,81.0,0.0,SAFE,5,SAFE : arret au feu rouge
46.80,81.0,0.0,SAFE,5,SAFE : arret au feu rouge
46.85,81.0,0.0,SAFE,5,SAFE : arret au feu rouge
46.90,81.0,0.0,SAFE,5,SAFE : arret au feu rouge
46.95,81.0,0.0,SAFE,5,SAFE : arret au feu rouge
47.00,81.0,0.0,SAFE,5,SAFE : arret au feu rouge
47.05,81.0,0.0,SAFE,5,SAFE : arret au feu rouge
47.10,81.0,0.0,SAFE,5,SAFE : arret au feu rouge
47.15,81.0,0.0,SAFE,5,SAFE : arret au feu rouge
47.20,81.0,0.0,SAFE,5,SAFE : arret au feu rouge
47.25,81.0,0.0,SAFE,5,SAFE : arret au feu rouge
47.30,81.0,0.0,SAFE,5,SAFE : arret au feu rouge
47.35,81.0,0.0,SAFE,5,SAFE : arret au feu rouge
47.40,81.0,0.0,SAFE,5,SAFE : arret au feu rouge
47.45,81.0,0.0,SAFE,5,SAFE : arret au feu rouge
47.50,81.0,0.0,SAFE,6,SAFE : arret au feu rouge
47.55,81.0,0.0,SAFE,6,SAFE : arret au feu rouge
47.60,81.0,0.0,SAFE,6,SAFE : arret au feu rouge
47.65,81.0,0.0,SAFE,6,SAFE : arret au feu rouge
47.70,81.0,0.0,SAFE,6,SAFE : arret au feu rouge
47.75,81.0,0.0,SAFE,6,SAFE : arret au feu rouge
47.80,81.0,0.0,SAFE,6,SAFE : arret au feu rouge
47.85,81.0,0.0,SAFE,6,SAFE : arret au feu rouge
47.90,81.0,0.0,SAFE,6,SAFE : arret au feu rouge
47.95,81.0,0.0,SAFE,6,SAFE : arret au feu rouge
48.00,81.0,0.0,SAFE,6,SAFE : arret au feu rouge
48.05,81.0,0.0,SAFE,6,SAFE : arret au feu rouge
48.10,81.0,0.0,SAFE,5,SAFE : arret au feu rouge
48.15,81.0,0.0,SAFE,5,SAFE : arret au feu rouge
48.20,81.0,0.0,SAFE,5,SAFE : arret au feu rouge
48.25,81.0,0.0,SAFE,5,SAFE : arret au feu rouge
48.30,81.0,0.0,SAFE,5,SAFE : arret au feu rouge
48.35,81.0,0.0,SAFE,5,SAFE : arret au feu rouge
48.40,81.0,0.0,SAFE,5,SAFE : arret au feu rouge
48.45,81.0,0.0,SAFE,5,SAFE : arret au feu rouge
48.50,81.0,0.0,SAFE,5,SAFE : arret au feu rouge
48.55,81.0,0.0,SAFE,5,SAFE : arret au feu rouge
48.60,81.0,0.0,SAFE,5,SAFE : arret au feu rouge
48.65,81.0,0.0,SAFE,5,SAFE : arret au feu rouge
48.70,81.0,0.0,SAFE,5,SAFE : arret au feu rouge
48.75,81.0,0.0,SAFE,5,SAFE : arret au feu rouge
48.80,81.0,0.0,SAFE,5,SAFE : arret au feu rouge
48.85,81.0,0.0,SAFE,5,SAFE : arret au feu rouge
48.90,81.0,0.0,SAFE,5,SAFE : arret au feu rouge
48.95,81.0,0.0,SAFE,5,SAFE : arret au feu rouge
49.00,81.0,0.0,SAFE,5,SAFE : arret au feu rouge
49.05,81.0,0.0,SAFE,5,SAFE : arret au feu rouge
49.10,81.0,0.0,SAFE,5,SAFE : arret au feu rouge
49.15,81.0,0.0,SAFE,5,SAFE : arret au feu rouge
49.20,81.0,0.0,SAFE,5,SAFE : arret au feu rouge
49.25,81.0,0.0,SAFE,5,SAFE : arret au feu rouge
49.30,81.0,0.0,SAFE,5,SAFE : arret au feu rouge
49.35,81.0,0.0,SAFE,5,SAFE : arret au feu rouge
49.40,81.0,0.0,SAFE,5,SAFE : arret au feu rouge
49.45,81.0,0.0,SAFE,5,SAFE : arret au feu rouge
49.50,81.0,0.0,SAFE,5,SAFE : arret au feu rouge
49.55,81.0,0.0,SAFE,5,SAFE : arret au feu rouge
49.60,81.0,0.0,SAFE,5,SAFE : arret au feu rouge
49.65,81.0,0.0,SAFE,5,SAFE : arret au feu rouge
49.70,81.0,0.0,SAFE,5,SAFE : arret au feu rouge
49.75,81.0,0.0,SAFE,5,SAFE : arret au feu rouge
49.80,81.0,0.0,SAFE,5,SAFE : arret au feu rouge
49.85,81.0,0.0,SAFE,5,SAFE : arret au feu rouge
49.90,81.0,0.0,SAFE,5,SAFE : arret au feu rouge
49.95,81.0,0.0,SAFE,5,SAFE : arret au feu rouge
50.00,81.0,0.0,SAFE,5,SAFE : arret au feu rouge
50.05,81.0,0.0,SAFE,5,SAFE : arret au feu rouge
50.10,81.0,0.0,SAFE,5,SAFE : arret au feu rouge
50.15,81.0,0.0,SAFE,5,SAFE : arret au feu rouge
50.20,81.0,0.0,SAFE,5,SAFE : arret au feu rouge
50.25,81.0,0.0,SAFE,5,SAFE : arret au feu rouge
50.30,81.0,0.0,SAFE,4,SAFE : arret au feu rouge
50.35,81.0,0.0,SAFE,4,SAFE : arret au feu rouge
50.40,81.0,0.0,SAFE,4,SAFE : arret au feu rouge
50.45,81.0,0.0,SAFE,4,SAFE : arret au feu rouge
50.50,81.0,0.0,SAFE,4,SAFE : arret au feu rouge
50.55,81.0,0.0,SAFE,4,SAFE : arret au feu rouge
50.60,81.0,0.0,SAFE,4,SAFE : arret au feu rouge
50.65,81.0,0.0,SAFE,4,SAFE : arret au feu rouge
50.70,81.0,0.0,SAFE,4,SAFE : arret au feu rouge
50.75,81.0,0.0,SAFE,4,SAFE : arret au feu rouge
50.80,81.0,0.0,SAFE,4,SAFE : arret au feu rouge
50.85,81.0,0.0,SAFE,4,SAFE : arret au feu rouge
50.90,81.0,0.0,SAFE,4,SAFE : arret au feu rouge
50.95,81.0,0.0,SAFE,4,SAFE : arret au feu rouge
51.00,81.0,0.0,SAFE,4,SAFE : arret au feu rouge
51.05,81.0,0.0,SAFE,4,SAFE : arret au feu rouge
51.10,81.0,0.0,SAFE,4,SAFE : arret au feu rouge
51.15,81.0,0.0,SAFE,4,SAFE : arret au feu rouge
51.20,81.0,0.0,SAFE,4,SAFE : arret au feu rouge
51.25,81.0,0.0,SAFE,4,SAFE : arret au feu rouge
51.30,81.0,0.0,SAFE,4,SAFE : arret au feu rouge
51.35,81.0,0.0,SAFE,4,SAFE : arret au feu rouge
51.40,81.0,0.0,SAFE,4,SAFE : arret au feu rouge
51.45,81.0,0.0,SAFE,4,SAFE : arret au feu rouge
51.50,81.0,0.0,SAFE,4,SAFE : arret au feu rouge
51.55,81.0,0.0,SAFE,4,SAFE : arret au feu rouge
51.60,81.0,0.0,SAFE,4,SAFE : arret au feu rouge
51.65,81.0,0.0,SAFE,4,SAFE : arret au feu rouge
51.70,81.0,0.0,SAFE,4,SAFE : arret au feu rouge
51.75,81.0,0.0,SAFE,4,SAFE : arret au feu rouge
51.80,81.0,0.0,SAFE,4,SAFE : arret au feu rouge
51.85,81.0,0.0,SAFE,4,SAFE : arret au feu rouge
51.90,81.0,0.0,SAFE,4,SAFE : arret au feu rouge
51.95,81.0,0.0,SAFE,4,SAFE : arret au feu rouge
52.00,81.0,0.0,SAFE,4,SAFE : arret au feu rouge
52.05,81.0,0.0,SAFE,4,SAFE : arret au feu rouge
52.10,81.0,0.0,SAFE,4,SAFE : arret au feu rouge
52.15,81.0,0.0,SAFE,4,SAFE : arret au feu rouge
52.20,81.0,0.0,SAFE,4,SAFE : arret au feu rouge
52.25,81.0,0.0,SAFE,4,SAFE : arret au feu rouge
52.30,81.0,0.0,SAFE,4,SAFE : arret au feu rouge
52.35,81.0,0.0,SAFE,4,SAFE : arret au feu rouge
52.40,81.0,0.0,SAFE,4,SAFE : arret au feu rouge
52.45,81.0,0.0,SAFE,4,SAFE : arret au feu rouge
52.50,81.0,0.0,SAFE,4,SAFE : arret au feu rouge
52.55,81.0,0.0,SAFE,4,SAFE : arret au feu rouge
52.60,81.0,0.0,SAFE,4,SAFE : arret au feu rouge
52.65,81.0,0.0,SAFE,4,SAFE : arret au feu rouge
52.70,81.0,0.0,SAFE,4,SAFE : arret au feu rouge
52.75,81.0,0.0,SAFE,3,SAFE : arret au feu rouge
52.80,81.0,0.0,SAFE,3,SAFE : arret au feu rouge
52.85,81.0,0.0,SAFE,3,SAFE : arret au feu rouge
52.90,81.0,0.0,SAFE,3,SAFE : arret au feu rouge
52.95,81.0,0.0,SAFE,3,SAFE : arret au feu rouge
53.00,81.0,0.0,SAFE,3,SAFE : arret au feu rouge
53.05,81.0,0.0,SAFE,3,SAFE : arret au feu rouge
53.10,81.0,0.0,SAFE,3,SAFE : arret au feu rouge
53.15,81.0,0.0,SAFE,3,SAFE : arret au feu rouge
53.20,81.0,0.0,SAFE,3,SAFE : arret au feu rouge
53.25,81.0,0.0,SAFE,4,SAFE : arret au feu rouge
53.30,81.0,0.0,SAFE,4,SAFE : arret au feu rouge
53.35,81.0,0.0,SAFE,4,SAFE : arret au feu rouge
53.40,81.0,0.0,SAFE,4,SAFE : arret au feu rouge
53.45,81.0,0.0,SAFE,4,SAFE : arret au feu rouge
53.50,81.0,0.0,SAFE,4,SAFE : arret au feu rouge
53.55,81.0,0.0,SAFE,4,SAFE : arret au feu rouge
53.60,81.0,0.0,SAFE,4,SAFE : arret au feu rouge
53.65,81.0,0.0,SAFE,4,SAFE : arret au feu rouge
53.70,81.0,0.0,SAFE,4,SAFE : arret au feu rouge
53.75,81.0,0.0,SAFE,4,SAFE : arret au feu rouge
53.80,81.0,0.0,SAFE,4,SAFE : arret au feu rouge
53.85,81.0,0.0,SAFE,4,SAFE : arret au feu rouge
53.90,81.0,0.0,SAFE,4,SAFE : arret au feu rouge
53.95,81.0,0.0,SAFE,4,SAFE : arret au feu rouge
54.00,81.0,0.0,SAFE,4,SAFE : arret au feu rouge
54.05,81.0,0.0,SAFE,4,SAFE : arret au feu rouge
54.10,81.0,0.0,SAFE,4,SAFE : arret au feu rouge
54.15,81.0,0.0,SAFE,4,SAFE : arret au feu rouge
54.20,81.0,0.0,SAFE,4,SAFE : arret au feu rouge
54.25,81.0,0.0,SAFE,4,SAFE : arret au feu rouge
54.30,81.0,0.0,SAFE,4,SAFE : arret au feu rouge
54.35,81.0,0.0,SAFE,4,SAFE : arret au feu rouge
54.40,81.0,0.0,SAFE,4,SAFE : arret au feu rouge
54.45,81.0,0.0,SAFE,4,SAFE : arret au feu rouge
54.50,81.0,0.0,SAFE,4,SAFE : arret au feu rouge
54.55,81.0,0.0,SAFE,4,SAFE : arret au feu rouge
54.60,81.0,0.0,SAFE,4,SAFE : arret au feu rouge
54.65,81.0,0.0,SAFE,4,SAFE : arret au feu rouge
54.70,81.0,0.0,SAFE,4,SAFE : arret au feu rouge
54.75,81.0,0.0,SAFE,4,SAFE : arret au feu rouge
54.80,81.0,0.0,SAFE,4,SAFE : arret au feu rouge
54.85,81.0,0.0,SAFE,4,SAFE : arret au feu rouge
54.90,81.0,0.0,SAFE,4,SAFE : arret au feu rouge
54.95,81.0,0.0,SAFE,4,SAFE : arret au feu rouge
55.00,81.0,0.0,SAFE,4,SAFE : arret au feu rouge
55.05,81.0,0.0,SAFE,4,SAFE : arret au feu rouge
55.10,81.0,0.0,SAFE,4,SAFE : arret au feu rouge
55.15,81.0,0.0,SAFE,4,SAFE : arret au feu rouge
55.20,81.0,0.0,SAFE,4,SAFE : arret au feu rouge
55.25,81.0,0.0,SAFE,4,SAFE : arret au feu rouge
55.30,81.0,0.0,SAFE,4,SAFE : arret au feu rouge
55.35,81.0,0.0,SAFE,4,SAFE : arret au feu rouge
55.40,81.0,0.0,SAFE,4,SAFE : arret au feu rouge
55.45,81.0,0.0,SAFE,4,SAFE : arret au feu rouge
55.50,81.0,0.0,SAFE,4,SAFE : arret au feu rouge
55.55,81.0,0.0,SAFE,4,SAFE : arret au feu rouge
55.60,81.0,0.0,SAFE,4,SAFE : arret au feu rouge
55.65,81.0,0.0,SAFE,4,SAFE : arret au feu rouge
55.70,81.0,0.0,SAFE,4,SAFE : arret au feu rouge
55.75,81.0,0.0,SAFE,4,SAFE : arret au feu rouge
55.80,81.0,0.0,SAFE,4,SAFE : arret au feu rouge
55.85,81.0,0.0,SAFE,3,SAFE : arret au feu rouge
55.90,81.0,0.0,SAFE,3,SAFE : arret au feu rouge
55.95,81.0,0.0,SAFE,3,SAFE : arret au feu rouge
56.00,81.0,0.0,SAFE,3,SAFE : arret au feu rouge
56.05,81.0,0.0,SAFE,3,SAFE : arret au feu rouge
56.10,81.0,0.0,SAFE,3,SAFE : arret au feu rouge
56.15,81.0,0.0,SAFE,3,SAFE : arret au feu rouge
56.20,81.0,0.0,SAFE,3,SAFE : arret au feu rouge
56.25,81.0,0.0,SAFE,3,SAFE : arret au feu rouge
56.30,81.0,0.0,SAFE,3,SAFE : arret au feu rouge
56.35,81.0,0.0,SAFE,3,SAFE : arret au feu rouge
56.40,81.0,0.0,SAFE,3,SAFE : arret au feu rouge
56.45,81.0,0.0,SAFE,3,SAFE : arret au feu rouge
56.50,81.0,0.0,SAFE,3,SAFE : arret au feu rouge
56.55,81.0,0.0,SAFE,3,SAFE : arret au feu rouge
56.60,81.0,0.0,SAFE,3,SAFE : arret au feu rouge
56.65,81.0,0.0,SAFE,3,SAFE : arret au feu rouge
56.70,81.0,0.0,SAFE,3,SAFE : arret au feu rouge
56.75,81.0,0.0,SAFE,3,SAFE : arret au feu rouge
56.80,81.0,0.0,SAFE,4,SAFE : arret au feu rouge
56.85,81.0,0.0,SAFE,4,SAFE : arret au feu rouge
56.90,81.0,0.0,SAFE,4,SAFE : arret au feu rouge
56.95,81.0,0.0,SAFE,4,SAFE : arret au feu rouge
57.00,81.0,0.0,SAFE,4,SAFE : arret au feu rouge
57.05,81.0,0.0,SAFE,4,SAFE : arret au feu rouge
57.10,81.0,0.0,SAFE,4,SAFE : arret au feu rouge
57.15,81.0,0.0,SAFE,4,SAFE : arret au feu rouge
57.20,81.0,0.0,SAFE,4,SAFE : arret au feu rouge
57.25,81.0,0.0,SAFE,4,SAFE : arret au feu rouge
57.30,81.0,0.0,SAFE,4,SAFE : arret au feu rouge
57.35,81.0,0.0,SAFE,4,SAFE : arret au feu rouge
57.40,81.0,0.0,SAFE,4,SAFE : arret au feu rouge
57.45,81.0,0.0,SAFE,4,SAFE : arret au feu rouge
57.50,81.0,0.0,SAFE,4,SAFE : arret au feu rouge
57.55,81.0,0.0,SAFE,4,SAFE : arret au feu rouge
57.60,81.0,0.0,SAFE,4,SAFE : arret au feu rouge
57.65,81.0,0.0,SAFE,4,SAFE : arret au feu rouge
57.70,81.0,0.0,SAFE,4,SAFE : arret au feu rouge
57.75,81.0,0.0,SAFE,4,SAFE : arret au feu rouge
57.80,81.0,0.0,SAFE,4,SAFE : arret au feu rouge
57.85,81.0,0.0,SAFE,4,SAFE : arret au feu rouge
57.90,81.0,0.0,SAFE,4,SAFE : arret au feu rouge
57.95,81.0,0.0,SAFE,4,SAFE : arret au feu rouge
58.00,81.0,0.0,SAFE,4,SAFE : arret au feu rouge
58.05,81.0,0.0,SAFE,4,SAFE : arret au feu rouge
58.10,81.0,0.0,SAFE,4,SAFE : arret au feu rouge
58.15,81.0,0.0,SAFE,4,SAFE : arret au feu rouge
58.20,81.0,0.0,SAFE,4,SAFE : arret au feu rouge
58.25,81.0,0.0,SAFE,4,SAFE : arret au feu rouge
58.30,81.0,0.0,SAFE,4,SAFE : arret au feu rouge
58.35,81.0,0.0,SAFE,4,SAFE : arret au feu rouge
58.40,81.0,0.0,SAFE,4,SAFE : arret au feu rouge
58.45,81.0,0.0,SAFE,4,SAFE : arret au feu rouge
58.50,81.0,0.0,SAFE,4,SAFE : arret au feu rouge
58.55,81.0,0.0,SAFE,4,SAFE : arret au feu rouge
58.60,81.0,0.0,SAFE,4,SAFE : arret au feu rouge
58.65,81.0,0.0,SAFE,4,SAFE : arret au feu rouge
58.70,81.0,0.0,SAFE,4,SAFE : arret au feu rouge
58.75,81.0,0.0,SAFE,4,SAFE : arret au feu rouge
58.80,81.0,0.0,SAFE,4,SAFE : arret au feu rouge
58.85,81.0,0.0,SAFE,4,SAFE : arret au feu rouge
58.90,81.0,0.0,SAFE,4,SAFE : arret au feu rouge
58.95,81.0,0.0,SAFE,4,SAFE : arret au feu rouge
59.00,81.0,0.0,SAFE,4,SAFE : arret au feu rouge
59.05,81.0,0.0,SAFE,4,SAFE : arret au feu rouge
59.10,81.0,0.0,SAFE,4,SAFE : arret au feu rouge
59.15,81.0,0.0,SAFE,4,SAFE : arret au feu rouge
59.20,81.0,0.0,SAFE,4,SAFE : arret au feu rouge
59.25,81.0,0.0,SAFE,4,SAFE : arret au feu rouge
59.30,81.0,0.0,SAFE,4,SAFE : arret au feu rouge
59.35,81.0,0.0,SAFE,4,SAFE : arret au feu rouge
59.40,81.0,0.0,SAFE,4,SAFE : arret au feu rouge
59.45,81.0,0.0,SAFE,4,SAFE : arret au feu rouge
59.50,81.0,0.0,SAFE,4,SAFE : arret au feu rouge
59.55,81.0,0.0,SAFE,4,SAFE : arret au feu rouge
59.60,81.0,0.0,SAFE,5,SAFE : arret au feu rouge
59.65,81.0,0.0,SAFE,5,SAFE : arret au feu rouge
59.70,81.0,0.0,SAFE,5,SAFE : arret au feu rouge
59.75,81.0,0.0,SAFE,5,SAFE : arret au feu rouge
59.80,81.0,0.0,SAFE,5,SAFE : arret au feu rouge
59.85,81.0,0.0,SAFE,5,SAFE : arret au feu rouge
59.90,81.0,0.0,SAFE,5,SAFE : arret au feu rouge
59.95,81.0,0.0,SAFE,5,SAFE : arret au feu rouge
60.00,81.0,0.0,SAFE,5,SAFE : arret au feu rouge
60.05,81.0,0.0,SAFE,5,SAFE : arret au feu rouge
60.10,81.0,0.0,SAFE,5,SAFE : arret au feu rouge
60.15,81.0,0.0,SAFE,5,SAFE : arret au feu rouge
60.20,81.0,0.0,SAFE,5,SAFE : arret au feu rouge
60.25,81.0,0.0,SAFE,5,SAFE : arret au feu rouge
60.30,81.0,0.0,SAFE,5,SAFE : arret au feu rouge
60.35,81.0,0.0,SAFE,5,SAFE : arret au feu rouge
60.40,81.0,0.0,SAFE,5,SAFE : arret au feu rouge
60.45,81.0,0.0,SAFE,5,SAFE : arret au feu rouge
60.50,81.0,0.0,SAFE,5,SAFE : arret au feu rouge
60.55,81.0,0.0,SAFE,5,SAFE : arret au feu rouge
60.60,81.0,0.0,SAFE,5,SAFE : arret au feu rouge
60.65,81.0,0.0,SAFE,5,SAFE : arret au feu rouge
60.70,81.0,0.0,SAFE,5,SAFE : arret au feu rouge
60.75,81.0,0.0,SAFE,5,SAFE : arret au feu rouge
60.80,81.0,0.0,SAFE,5,SAFE : arret au feu rouge
60.85,81.0,0.0,SAFE,5,SAFE : arret au feu rouge
60.90,81.0,0.0,SAFE,5,SAFE : arret au feu rouge
60.95,81.0,0.0,SAFE,5,SAFE : arret au feu rouge
61.00,81.0,0.0,SAFE,5,SAFE : arret au feu rouge
61.05,81.0,0.0,SAFE,5,SAFE : arret au feu rouge
61.10,81.0,0.0,SAFE,5,SAFE : arret au feu rouge
61.15,81.0,0.0,SAFE,5,SAFE : arret au feu rouge
61.20,81.0,0.0,SAFE,5,SAFE : arret au feu rouge
61.25,81.0,0.0,SAFE,5,SAFE : arret au feu rouge
61.30,81.0,0.0,SAFE,5,SAFE : arret au feu rouge
61.35,81.0,0.0,SAFE,5,SAFE : arret au feu rouge
61.40,81.0,0.0,SAFE,5,SAFE : arret au feu rouge
61.45,81.0,0.0,SAFE,5,SAFE : arret au feu rouge
61.50,81.0,0.0,SAFE,5,SAFE : arret au feu rouge
61.55,81.0,0.0,SAFE,5,SAFE : arret au feu rouge
61.60,81.0,0.0,SAFE,5,SAFE : arret au feu rouge
61.65,81.0,0.0,SAFE,5,SAFE : arret au feu rouge
61.70,81.0,0.0,SAFE,5,SAFE : arret au feu rouge
61.75,81.0,0.0,SAFE,5,SAFE : arret au feu rouge
61.80,81.0,0.0,SAFE,5,SAFE : arret au feu rouge
61.85,81.0,0.0,SAFE,5,SAFE : arret au feu rouge
61.90,81.0,0.0,SAFE,5,SAFE : arret au feu rouge
61.95,81.0,0.0,SAFE,5,SAFE : arret au feu rouge
62.00,81.0,0.0,SAFE,5,SAFE : arret au feu rouge
62.05,81.0,0.0,SAFE,5,SAFE : arret au feu rouge
62.10,81.0,0.0,SAFE,5,SAFE : arret au feu rouge
62.15,81.0,0.0,SAFE,5,SAFE : arret au feu rouge
62.20,81.0,0.0,SAFE,5,SAFE : arret au feu rouge
62.25,81.0,0.0,SAFE,5,SAFE : arret au feu rouge
62.30,81.0,0.0,SAFE,5,SAFE : arret au feu rouge
62.35,81.0,0.0,SAFE,5,SAFE : arret au feu rouge
62.40,81.0,0.0,SAFE,5,SAFE : arret au feu rouge
62.45,81.0,0.0,SAFE,5,SAFE : arret au feu rouge
62.50,81.0,0.0,SAFE,5,SAFE : arret au feu rouge
62.55,81.0,0.0,SAFE,5,SAFE : arret au feu rouge
62.60,81.0,0.0,SAFE,5,SAFE : arret au feu rouge
62.65,81.0,0.0,SAFE,5,SAFE : arret au feu rouge
62.70,81.0,0.0,SAFE,5,SAFE : arret au feu rouge
62.75,81.0,0.0,SAFE,5,SAFE : arret au feu rouge
62.80,81.0,0.0,SAFE,5,SAFE : arret au feu rouge
62.85,81.0,0.0,SAFE,5,SAFE : arret au feu rouge
62.90,81.0,0.0,SAFE,5,SAFE : arret au feu rouge
62.95,81.0,0.0,SAFE,5,SAFE : arret au feu rouge
63.00,81.0,0.0,SAFE,5,SAFE : arret au feu rouge
63.05,81.0,0.0,SAFE,6,SAFE : arret au feu rouge
63.10,81.0,0.0,SAFE,6,SAFE : arret au feu rouge
63.15,81.0,0.0,SAFE,6,SAFE : arret au feu rouge
63.20,81.0,0.0,SAFE,6,SAFE : arret au feu rouge
63.25,81.0,0.0,SAFE,6,SAFE : arret au feu rouge
63.30,81.0,0.0,SAFE,6,SAFE : arret au feu rouge
63.35,81.0,0.0,SAFE,6,SAFE : arret au feu rouge
63.40,81.0,0.0,SAFE,6,SAFE : arret au feu rouge
63.45,81.0,0.0,SAFE,6,SAFE : arret au feu rouge
63.50,81.0,0.0,SAFE,6,SAFE : arret au feu rouge
63.55,81.0,0.0,SAFE,6,SAFE : arret au feu rouge
63.60,81.0,0.0,SAFE,6,SAFE : arret au feu rouge
63.65,81.0,0.0,SAFE,6,SAFE : arret au feu rouge
63.70,81.0,0.0,SAFE,6,SAFE : arret au feu rouge
63.75,81.0,0.0,SAFE,6,SAFE : arret au feu rouge
63.80,81.0,0.0,SAFE,6,SAFE : arret au feu rouge
63.85,81.0,0.0,SAFE,6,SAFE : arret au feu rouge
63.90,81.0,0.0,SAFE,6,SAFE : arret au feu rouge
63.95,81.0,0.0,SAFE,6,SAFE : arret au feu rouge
64.00,81.0,0.0,SAFE,6,SAFE : arret au feu rouge
64.05,81.0,0.0,SAFE,6,SAFE : arret au feu rouge
64.10,81.0,0.0,SAFE,6,SAFE : arret au feu rouge
64.15,81.0,0.0,SAFE,6,SAFE : arret au feu rouge
64.20,81.0,0.0,SAFE,6,SAFE : arret au feu rouge
64.25,81.0,0.0,SAFE,6,SAFE : arret au feu rouge
64.30,81.0,0.0,SAFE,6,SAFE : arret au feu rouge
64.35,81.0,0.0,SAFE,5,Situation maîtrisée
64.40,81.0,0.0,SAFE,5,Situation maîtrisée
64.45,81.0,0.0,SAFE,5,Situation maîtrisée
64.50,81.0,0.3,SAFE,5,Situation maîtrisée
64.55,81.0,0.8,SAFE,5,Situation maîtrisée
64.60,81.0,1.5,SAFE,5,Situation maîtrisée
64.65,81.0,2.1,SAFE,5,Situation maîtrisée
64.70,81.1,2.9,SAFE,5,Situation maîtrisée
64.75,81.1,3.7,SAFE,5,Situation maîtrisée
64.80,81.2,4.5,SAFE,5,Situation maîtrisée
64.85,81.3,5.4,SAFE,5,Situation maîtrisée
64.90,81.3,6.2,SAFE,5,Situation maîtrisée
64.95,81.4,7.1,SAFE,5,Situation maîtrisée
65.00,81.5,7.9,SAFE,5,Situation maîtrisée
65.05,81.7,8.8,SAFE,5,Situation maîtrisée
65.10,81.8,9.6,SAFE,5,Situation maîtrisée
65.15,81.9,10.5,CRITICAL,5,FREINEZ de 10 km/h  (10 -> 0 km/h)
65.20,82.1,11.1,CRITICAL,5,FREINEZ de 11 km/h  (11 -> 0 km/h)
65.25,82.2,11.3,CRITICAL,5,FREINEZ de 11 km/h  (11 -> 0 km/h)
65.30,82.4,10.9,CRITICAL,5,FREINEZ de 11 km/h  (11 -> 0 km/h)
65.35,82.5,10.4,CRITICAL,5,FREINEZ de 10 km/h  (10 -> 0 km/h)
65.40,82.7,9.7,CRITICAL,5,FREINEZ de 10 km/h  (10 -> 0 km/h)
65.45,82.8,9.2,CRITICAL,5,FREINEZ de 9 km/h  (9 -> 0 km/h)
65.50,82.9,8.4,CRITICAL,5,FREINEZ de 8 km/h  (8 -> 0 km/h)
65.55,83.0,7.8,CRITICAL,5,FREINEZ de 8 km/h  (8 -> 0 km/h)
65.60,83.1,6.2,CRITICAL,5,FREINEZ de 6 km/h  (6 -> 0 km/h)
65.65,83.2,1.4,CRITICAL,5,FREINEZ de 1 km/h  (1 -> 0 km/h)
65.70,83.2,0.0,CRITICAL,5,Vigilance — situation à la limite
65.75,83.2,0.0,CRITICAL,5,Vigilance — situation à la limite
65.80,83.2,0.0,CRITICAL,5,Vigilance — situation à la limite
65.85,83.2,0.0,CRITICAL,5,Vigilance — situation à la limite
65.90,83.2,0.0,CRITICAL,5,Vigilance — situation à la limite
65.95,83.2,0.0,CRITICAL,5,Vigilance — situation à la limite
66.00,83.2,0.0,CRITICAL,5,Vigilance — situation à la limite
66.05,83.2,0.0,CRITICAL,5,Vigilance — situation à la limite
66.10,83.2,0.0,CRITICAL,5,Vigilance — situation à la limite
66.15,83.2,0.0,CRITICAL,5,Vigilance — situation à la limite
66.20,83.2,0.0,SAFE,5,Situation maîtrisée
66.25,83.2,0.0,SAFE,5,Situation maîtrisée
66.30,83.2,0.0,SAFE,5,Situation maîtrisée
66.35,83.2,0.0,SAFE,5,Situation maîtrisée
66.40,83.2,0.0,SAFE,5,Situation maîtrisée
66.45,83.2,0.0,SAFE,5,Situation maîtrisée
66.50,83.2,0.0,SAFE,5,Situation maîtrisée
66.55,83.2,0.0,SAFE,5,Situation maîtrisée
66.60,83.2,0.0,SAFE,5,Situation maîtrisée
66.65,83.2,0.0,SAFE,5,Situation maîtrisée
66.70,83.2,0.0,SAFE,5,Situation maîtrisée
66.75,83.2,0.0,SAFE,5,Situation maîtrisée
66.80,83.2,0.0,SAFE,5,Situation maîtrisée
66.85,83.2,0.0,SAFE,5,Situation maîtrisée
66.90,83.2,0.0,SAFE,5,Situation maîtrisée
66.95,83.2,0.0,SAFE,5,Situation maîtrisée
67.00,83.2,0.0,SAFE,5,Situation maîtrisée
67.05,83.2,0.0,SAFE,5,Situation maîtrisée
67.10,83.2,0.3,SAFE,5,Situation maîtrisée
67.15,83.2,0.7,SAFE,5,Situation maîtrisée
67.20,83.2,1.5,SAFE,5,Situation maîtrisée
67.25,83.2,2.2,SAFE,5,Situation maîtrisée
67.30,83.3,2.9,SAFE,5,Situation maîtrisée
67.35,83.3,3.8,SAFE,5,Situation maîtrisée
67.40,83.4,4.4,SAFE,5,Situation maîtrisée
67.45,83.4,5.4,SAFE,5,Situation maîtrisée
67.50,83.5,6.2,SAFE,5,Situation maîtrisée
67.55,83.6,7.2,SAFE,5,Situation maîtrisée
67.60,83.7,7.9,SAFE,5,Situation maîtrisée
67.65,83.8,8.8,SAFE,5,Situation maîtrisée
67.70,84.0,9.6,WATCH,5,Vigilance — situation à la limite
67.75,84.1,10.3,WATCH,5,Ralentissez de 1 km/h  (10 -> 9 km/h)
67.80,84.3,10.5,WATCH,5,Ralentissez de 1 km/h  (11 -> 9 km/h)
67.85,84.4,10.6,WATCH,5,Ralentissez de 1 km/h  (11 -> 9 km/h)
67.90,84.5,10.4,WATCH,5,Vigilance — situation à la limite
67.95,84.7,10.3,WATCH,5,Vigilance — situation à la limite
68.00,84.8,9.9,WATCH,5,Vigilance — situation à la limite
68.05,85.0,9.7,WATCH,5,Vigilance — situation à la limite
68.10,85.1,9.3,WATCH,5,Vigilance — situation à la limite
68.15,85.2,9.1,WATCH,5,Vigilance — situation à la limite
68.20,85.3,8.6,SAFE,5,Situation maîtrisée
68.25,85.5,8.5,SAFE,5,Situation maîtrisée
68.30,85.6,8.4,SAFE,5,Situation maîtrisée
68.35,85.7,8.8,SAFE,5,Situation maîtrisée
68.40,85.8,9.2,SAFE,5,Situation maîtrisée
68.45,86.0,9.9,SAFE,5,Situation maîtrisée
68.50,86.1,10.6,SAFE,5,Situation maîtrisée
68.55,86.3,11.4,SAFE,5,Situation maîtrisée
68.60,86.4,12.0,SAFE,5,Situation maîtrisée
68.65,86.6,12.8,SAFE,5,Situation maîtrisée
68.70,86.8,13.4,DANGER,5,Ralentissez de 8 km/h  (13 -> 6 km/h)
68.75,87.0,13.8,CRITICAL,5,FREINEZ de 8 km/h  (14 -> 6 km/h)
68.80,87.2,13.7,CRITICAL,5,FREINEZ de 8 km/h  (14 -> 6 km/h)
68.85,87.3,13.3,CRITICAL,5,FREINEZ de 8 km/h  (13 -> 5 km/h)
68.90,87.5,12.6,SAFE,5,Situation maîtrisée
68.95,87.7,12.2,SAFE,5,Situation maîtrisée
69.00,87.9,12.1,SAFE,5,Situation maîtrisée
69.05,88.0,12.3,SAFE,5,Situation maîtrisée
69.10,88.2,12.7,SAFE,5,Situation maîtrisée
69.15,88.4,13.1,SAFE,5,Situation maîtrisée
69.20,88.6,13.6,SAFE,5,Situation maîtrisée
69.25,88.8,14.0,WATCH,5,Ralentissez de 9 km/h  (14 -> 5 km/h)
69.30,89.0,14.3,WATCH,5,Ralentissez de 9 km/h  (14 -> 5 km/h)
69.35,89.2,14.3,WATCH,5,Ralentissez de 9 km/h  (14 -> 5 km/h)
69.40,89.4,14.1,WATCH,5,Ralentissez de 9 km/h  (14 -> 5 km/h)
69.45,89.6,13.8,WATCH,5,Ralentissez de 9 km/h  (14 -> 5 km/h)
69.50,89.7,13.4,WATCH,5,Ralentissez de 8 km/h  (13 -> 5 km/h)
69.55,89.9,13.0,DANGER,5,Ralentissez de 8 km/h  (13 -> 5 km/h)
69.60,90.1,12.5,DANGER,5,Ralentissez de 8 km/h  (12 -> 5 km/h)
69.65,90.3,11.9,DANGER,5,Ralentissez de 7 km/h  (12 -> 4 km/h)
69.70,90.4,11.3,DANGER,5,Ralentissez de 7 km/h  (11 -> 5 km/h)
69.75,90.6,10.8,DANGER,5,Ralentissez de 6 km/h  (11 -> 4 km/h)
69.80,90.7,10.2,DANGER,5,Ralentissez de 6 km/h  (10 -> 4 km/h)
69.85,90.9,9.6,DANGER,5,Ralentissez de 5 km/h  (10 -> 4 km/h)
69.90,91.0,9.1,DANGER,5,Ralentissez de 5 km/h  (9 -> 4 km/h)
69.95,91.1,8.6,DANGER,5,Ralentissez de 5 km/h  (9 -> 4 km/h)
70.00,91.2,8.0,WATCH,5,Ralentissez de 4 km/h  (8 -> 4 km/h)
70.05,91.3,7.6,WATCH,5,Ralentissez de 4 km/h  (8 -> 4 km/h)
70.10,91.4,7.3,WATCH,5,Ralentissez de 4 km/h  (7 -> 4 km/h)
70.15,91.5,7.0,WATCH,5,Ralentissez de 3 km/h  (7 -> 3 km/h)
70.20,91.6,6.6,WATCH,5,Ralentissez de 3 km/h  (7 -> 4 km/h)
70.25,91.7,3.3,SAFE,5,Situation maîtrisée
70.30,91.7,0.0,SAFE,5,Situation maîtrisée
70.35,91.7,0.0,SAFE,5,Situation maîtrisée
70.40,91.7,0.0,SAFE,5,Situation maîtrisée
70.45,91.7,0.0,SAFE,5,Situation maîtrisée
70.50,91.7,0.0,SAFE,5,Situation maîtrisée
70.55,91.7,0.0,SAFE,6,Situation maîtrisée
70.60,91.7,0.0,SAFE,6,Situation maîtrisée
70.65,91.7,0.0,SAFE,6,Situation maîtrisée
70.70,91.7,0.0,SAFE,6,Situation maîtrisée
70.75,91.7,0.0,SAFE,6,Situation maîtrisée
70.80,91.7,0.0,SAFE,5,Situation maîtrisée
70.85,91.7,0.0,SAFE,5,Situation maîtrisée
70.90,91.7,0.0,SAFE,5,Situation maîtrisée
70.95,91.7,0.0,SAFE,5,Situation maîtrisée
71.00,91.7,0.0,SAFE,5,Situation maîtrisée
71.05,91.7,0.0,SAFE,5,Situation maîtrisée
71.10,91.7,0.0,SAFE,5,Situation maîtrisée
71.15,91.7,0.0,SAFE,5,Situation maîtrisée
71.20,91.7,0.0,SAFE,5,Situation maîtrisée
71.25,91.7,0.0,SAFE,5,Situation maîtrisée
71.30,91.7,0.0,SAFE,5,Situation maîtrisée
71.35,91.7,0.0,SAFE,5,Situation maîtrisée
71.40,91.7,0.3,SAFE,5,Situation maîtrisée
71.45,91.7,0.6,SAFE,6,Situation maîtrisée
71.50,91.7,1.3,SAFE,6,Situation maîtrisée
71.55,91.8,2.1,SAFE,6,Situation maîtrisée
71.60,91.8,2.9,SAFE,6,Situation maîtrisée
71.65,91.8,3.6,SAFE,6,Situation maîtrisée
71.70,91.9,4.3,SAFE,6,Situation maîtrisée
71.75,92.0,5.3,SAFE,6,Situation maîtrisée
71.80,92.0,5.9,SAFE,6,Situation maîtrisée
71.85,92.1,6.7,WATCH,6,Ralentissez de 1 km/h  (7 -> 5 km/h)
71.90,92.2,6.9,WATCH,6,Ralentissez de 2 km/h  (7 -> 5 km/h)
71.95,92.3,7.0,SAFE,5,Situation maîtrisée
72.00,92.4,6.9,SAFE,5,Situation maîtrisée
72.05,92.5,7.2,SAFE,5,Situation maîtrisée
72.10,92.6,7.5,SAFE,5,Situation maîtrisée
72.15,92.7,8.1,SAFE,5,Situation maîtrisée
72.20,92.8,8.7,SAFE,5,Situation maîtrisée
72.25,93.0,9.5,SAFE,5,Situation maîtrisée
72.30,93.1,10.3,SAFE,5,Situation maîtrisée
72.35,93.3,11.0,SAFE,5,Situation maîtrisée
72.40,93.4,11.6,SAFE,5,Situation maîtrisée
72.45,93.6,12.1,SAFE,5,Situation maîtrisée
72.50,93.8,12.6,SAFE,6,Situation maîtrisée
72.55,93.9,13.1,SAFE,6,Situation maîtrisée
72.60,94.1,13.5,SAFE,6,Situation maîtrisée
72.65,94.3,13.8,SAFE,6,Situation maîtrisée
72.70,94.5,13.9,SAFE,6,Situation maîtrisée
72.75,94.7,14.2,SAFE,6,Situation maîtrisée
72.80,94.9,14.4,SAFE,6,Situation maîtrisée
72.85,95.1,14.4,SAFE,6,Situation maîtrisée
72.90,95.3,14.3,SAFE,5,Situation maîtrisée
72.95,95.5,14.4,SAFE,5,Situation maîtrisée
73.00,95.7,14.5,SAFE,5,Situation maîtrisée
73.05,95.9,14.6,SAFE,5,Situation maîtrisée
73.10,96.1,14.8,SAFE,5,Situation maîtrisée
73.15,96.3,14.7,SAFE,5,Situation maîtrisée
73.20,96.5,14.8,SAFE,5,Situation maîtrisée
73.25,96.7,14.9,SAFE,5,Situation maîtrisée
73.30,96.9,15.0,SAFE,5,Situation maîtrisée
73.35,97.1,15.2,SAFE,5,Situation maîtrisée
73.40,97.3,15.4,SAFE,5,Situation maîtrisée
73.45,97.5,15.6,SAFE,5,Situation maîtrisée
73.50,97.7,15.6,SAFE,5,Situation maîtrisée
73.55,98.0,15.8,SAFE,5,Situation maîtrisée
73.60,98.2,15.9,SAFE,5,Situation maîtrisée
73.65,98.4,16.1,SAFE,5,Situation maîtrisée
73.70,98.6,16.3,SAFE,5,Situation maîtrisée
73.75,98.8,16.5,SAFE,5,Situation maîtrisée
73.80,99.1,16.7,SAFE,5,Situation maîtrisée
73.85,99.3,16.8,SAFE,5,Situation maîtrisée
73.90,99.5,16.9,SAFE,5,Situation maîtrisée
73.95,99.8,17.1,SAFE,5,Situation maîtrisée
74.00,100.0,17.3,SAFE,5,Situation maîtrisée
74.05,100.3,17.4,SAFE,5,Situation maîtrisée
74.10,100.5,17.6,SAFE,5,Situation maîtrisée
74.15,100.7,17.8,SAFE,5,Situation maîtrisée
74.20,101.0,17.9,SAFE,5,Situation maîtrisée
74.25,101.2,18.0,SAFE,5,Situation maîtrisée
74.30,101.5,18.2,SAFE,5,Situation maîtrisée
74.35,101.7,18.1,SAFE,5,Situation maîtrisée
74.40,102.0,18.1,SAFE,5,Situation maîtrisée
74.45,102.2,18.3,SAFE,5,Situation maîtrisée
74.50,102.5,18.1,SAFE,5,Situation maîtrisée
74.55,102.7,18.0,SAFE,5,Situation maîtrisée
74.60,103.0,18.2,SAFE,5,Situation maîtrisée
74.65,103.3,18.1,SAFE,5,Situation maîtrisée
74.70,103.5,18.1,SAFE,5,Situation maîtrisée
74.75,103.8,18.2,SAFE,5,Situation maîtrisée
74.80,104.0,18.3,SAFE,5,Situation maîtrisée
74.85,104.3,18.1,SAFE,5,Situation maîtrisée
74.90,104.5,18.3,SAFE,5,Situation maîtrisée
74.95,104.8,18.5,SAFE,5,Situation maîtrisée
75.00,105.0,18.1,SAFE,5,Situation maîtrisée
75.05,105.3,18.4,SAFE,4,Situation maîtrisée
75.10,105.5,18.1,SAFE,4,Situation maîtrisée
75.15,105.8,18.5,SAFE,4,Situation maîtrisée
75.20,106.0,18.2,SAFE,4,Situation maîtrisée
75.25,106.3,18.5,SAFE,4,Situation maîtrisée
75.30,106.6,18.3,SAFE,4,Situation maîtrisée
75.35,106.8,18.7,SAFE,4,Situation maîtrisée
75.40,107.1,18.4,SAFE,4,Situation maîtrisée
75.45,107.3,18.8,SAFE,4,Situation maîtrisée
75.50,107.6,18.4,SAFE,4,Situation maîtrisée
75.55,107.8,18.9,SAFE,4,Situation maîtrisée
75.60,108.1,18.6,SAFE,4,Situation maîtrisée
75.65,108.4,19.0,SAFE,4,Situation maîtrisée
75.70,108.6,18.6,SAFE,4,Situation maîtrisée
75.75,108.9,19.0,SAFE,4,Situation maîtrisée
75.80,109.1,18.8,SAFE,4,Situation maîtrisée
75.85,109.4,19.1,SAFE,4,Situation maîtrisée
75.90,109.7,18.7,SAFE,4,Situation maîtrisée
75.95,109.9,19.1,SAFE,4,Situation maîtrisée
76.00,110.2,18.9,SAFE,4,Situation maîtrisée
76.05,110.5,19.2,SAFE,4,Situation maîtrisée
76.10,110.7,18.9,SAFE,4,Situation maîtrisée
76.15,111.0,19.3,SAFE,4,Situation maîtrisée
76.20,111.3,19.0,SAFE,4,Situation maîtrisée
76.25,111.5,19.3,SAFE,4,Situation maîtrisée
76.30,111.8,19.0,SAFE,4,Situation maîtrisée
76.35,112.1,19.4,SAFE,4,Situation maîtrisée
76.40,112.3,19.1,SAFE,4,Situation maîtrisée
76.45,112.6,19.4,SAFE,4,Situation maîtrisée
76.50,112.9,19.2,SAFE,4,Situation maîtrisée
76.55,113.1,19.5,SAFE,3,Situation maîtrisée
76.60,113.4,19.2,SAFE,3,Situation maîtrisée
76.65,113.7,19.5,SAFE,3,Situation maîtrisée
76.70,113.9,19.2,SAFE,3,Situation maîtrisée
76.75,114.2,19.7,SAFE,3,Situation maîtrisée
76.80,114.5,19.3,SAFE,3,Situation maîtrisée
76.85,114.7,19.6,SAFE,3,Situation maîtrisée
76.90,115.0,19.3,SAFE,3,Situation maîtrisée
76.95,115.3,19.7,SAFE,3,Situation maîtrisée
77.00,115.6,19.5,SAFE,3,Situation maîtrisée
77.05,115.8,19.8,SAFE,3,Situation maîtrisée
77.10,116.1,19.4,SAFE,3,Situation maîtrisée
77.15,116.4,19.9,SAFE,3,Situation maîtrisée
77.20,116.7,19.7,SAFE,3,Situation maîtrisée
77.25,116.9,19.9,SAFE,3,Situation maîtrisée
77.30,117.2,19.6,SAFE,3,Situation maîtrisée
77.35,117.5,20.0,SAFE,3,Situation maîtrisée
77.40,117.8,19.7,SAFE,3,Situation maîtrisée
77.45,118.0,20.0,SAFE,2,Situation maîtrisée
77.50,118.3,19.6,SAFE,2,Situation maîtrisée
77.55,118.6,20.1,SAFE,2,Situation maîtrisée
77.60,118.9,19.8,SAFE,2,Situation maîtrisée
77.65,119.1,20.0,SAFE,2,Situation maîtrisée
77.70,119.4,19.7,SAFE,2,Situation maîtrisée
77.75,119.7,20.1,SAFE,2,Situation maîtrisée
77.80,120.0,19.8,SAFE,2,Situation maîtrisée
77.85,120.2,20.1,SAFE,2,Situation maîtrisée
77.90,120.5,19.7,SAFE,2,Situation maîtrisée
77.95,120.8,20.1,SAFE,2,Situation maîtrisée
78.00,121.1,19.8,SAFE,2,Situation maîtrisée
78.05,121.3,20.1,SAFE,2,Situation maîtrisée
78.10,121.6,19.7,SAFE,2,Situation maîtrisée
78.15,121.9,20.1,SAFE,2,Situation maîtrisée
78.20,122.2,19.8,SAFE,2,Situation maîtrisée
78.25,122.5,20.0,SAFE,1,Situation maîtrisée
78.30,122.7,19.6,SAFE,1,Situation maîtrisée
78.35,123.0,20.0,SAFE,1,Situation maîtrisée
78.40,123.3,19.7,SAFE,1,Situation maîtrisée
78.45,123.6,19.9,SAFE,1,Situation maîtrisée
78.50,123.8,19.5,SAFE,1,Situation maîtrisée
78.55,124.1,19.9,SAFE,1,Situation maîtrisée
78.60,124.4,19.6,SAFE,1,Situation maîtrisée
78.65,124.7,19.8,SAFE,1,Situation maîtrisée
78.70,124.9,19.4,SAFE,1,Situation maîtrisée
78.75,125.2,19.8,SAFE,1,Situation maîtrisée
78.80,125.5,19.5,SAFE,1,Situation maîtrisée
78.85,125.7,19.7,SAFE,1,Situation maîtrisée
78.90,126.0,19.3,SAFE,1,Situation maîtrisée
78.95,126.3,19.6,SAFE,1,Situation maîtrisée
79.00,126.6,19.3,SAFE,1,Situation maîtrisée
79.05,126.8,19.5,SAFE,1,Situation maîtrisée
79.10,127.1,19.1,SAFE,1,Situation maîtrisée
79.15,127.4,19.4,SAFE,1,Situation maîtrisée
79.20,127.6,19.0,SAFE,1,Situation maîtrisée
79.25,127.9,19.2,SAFE,1,Situation maîtrisée
79.30,128.2,18.8,SAFE,1,Situation maîtrisée
79.35,128.4,19.2,SAFE,1,Situation maîtrisée
79.40,128.7,18.8,SAFE,1,Situation maîtrisée
79.45,128.9,19.0,SAFE,1,Situation maîtrisée
79.50,129.2,18.6,SAFE,1,Situation maîtrisée
79.55,129.5,19.0,SAFE,1,Situation maîtrisée
79.60,129.7,18.6,SAFE,1,Situation maîtrisée
79.65,130.0,18.8,SAFE,1,Situation maîtrisée
79.70,130.2,18.4,SAFE,1,Situation maîtrisée
79.75,130.5,18.8,SAFE,1,Situation maîtrisée
79.80,130.8,18.4,SAFE,1,Situation maîtrisée
79.85,131.0,18.7,SAFE,1,Situation maîtrisée
79.90,131.3,18.3,SAFE,1,Situation maîtrisée
79.95,131.5,18.7,SAFE,1,Situation maîtrisée
80.00,131.8,18.3,SAFE,1,Situation maîtrisée
80.05,132.0,18.5,SAFE,1,Situation maîtrisée
80.10,132.3,18.1,SAFE,1,Situation maîtrisée
80.15,132.6,18.5,SAFE,1,Situation maîtrisée
80.20,132.8,18.1,SAFE,1,Situation maîtrisée
80.25,133.1,18.4,SAFE,1,Situation maîtrisée
80.30,133.3,18.0,SAFE,1,Situation maîtrisée
80.35,133.6,18.3,SAFE,1,Situation maîtrisée
80.40,133.8,18.5,SAFE,1,Situation maîtrisée
80.45,134.1,18.1,SAFE,1,Situation maîtrisée
80.50,134.3,18.5,SAFE,1,Situation maîtrisée
80.55,134.6,18.1,SAFE,1,Situation maîtrisée
80.60,134.8,18.4,SAFE,1,Situation maîtrisée
80.65,135.1,18.5,SAFE,1,Situation maîtrisée
80.70,135.4,18.2,SAFE,1,Situation maîtrisée
80.75,135.6,18.3,SAFE,1,Situation maîtrisée
80.80,135.9,18.3,SAFE,1,Situation maîtrisée
80.85,136.1,18.1,SAFE,1,Situation maîtrisée
80.90,136.4,18.4,SAFE,1,Situation maîtrisée
80.95,136.6,18.1,SAFE,1,Situation maîtrisée
81.00,136.9,18.2,SAFE,1,Situation maîtrisée
81.05,137.1,18.1,SAFE,1,Situation maîtrisée
81.10,137.4,18.2,SAFE,1,Situation maîtrisée
81.15,137.6,18.1,SAFE,1,Situation maîtrisée
81.20,137.9,18.3,SAFE,1,Situation maîtrisée
81.25,138.1,18.0,SAFE,1,Situation maîtrisée
81.30,138.4,18.2,SAFE,1,Situation maîtrisée
81.35,138.6,18.1,SAFE,1,Situation maîtrisée
81.40,138.9,18.1,SAFE,1,Situation maîtrisée
81.45,139.1,18.3,SAFE,1,Situation maîtrisée
81.50,139.4,18.2,SAFE,1,Situation maîtrisée
81.55,139.6,18.1,SAFE,1,Situation maîtrisée
81.60,139.9,18.3,SAFE,1,Situation maîtrisée
81.65,140.1,18.0,SAFE,1,Situation maîtrisée
81.70,140.4,18.1,SAFE,1,Situation maîtrisée
81.75,140.6,18.1,SAFE,1,Situation maîtrisée
81.80,140.9,18.3,SAFE,1,Situation maîtrisée
81.85,141.1,18.1,SAFE,1,Situation maîtrisée
81.90,141.4,18.0,SAFE,1,Situation maîtrisée
81.95,141.7,18.1,SAFE,1,Situation maîtrisée
82.00,141.9,18.3,SAFE,1,Situation maîtrisée
82.05,142.2,18.0,SAFE,1,Situation maîtrisée
82.10,142.4,18.1,SAFE,1,Situation maîtrisée
82.15,142.7,18.1,SAFE,1,Situation maîtrisée
82.20,142.9,18.3,SAFE,1,Situation maîtrisée
82.25,143.2,18.2,SAFE,1,Situation maîtrisée
82.30,143.4,18.0,SAFE,1,Situation maîtrisée
82.35,143.7,18.2,SAFE,1,Situation maîtrisée
82.40,143.9,18.2,SAFE,1,Situation maîtrisée
82.45,144.2,18.0,SAFE,1,Situation maîtrisée
82.50,144.4,18.2,SAFE,1,Situation maîtrisée
82.55,144.7,18.1,SAFE,1,Situation maîtrisée
82.60,144.9,18.1,SAFE,1,Situation maîtrisée
82.65,145.2,18.3,SAFE,1,Situation maîtrisée
82.70,145.4,18.0,SAFE,1,Situation maîtrisée
82.75,145.7,18.2,SAFE,1,Situation maîtrisée
82.80,145.9,18.1,SAFE,1,Situation maîtrisée
82.85,146.2,18.1,SAFE,1,Situation maîtrisée
82.90,146.4,18.3,SAFE,1,Situation maîtrisée
82.95,146.7,18.0,SAFE,1,Situation maîtrisée
83.00,146.9,18.2,SAFE,1,Situation maîtrisée
83.05,147.2,18.0,SAFE,1,Situation maîtrisée
83.10,147.4,18.2,SAFE,1,Situation maîtrisée
83.15,147.7,18.2,SAFE,1,Situation maîtrisée
83.20,147.9,18.1,SAFE,1,Situation maîtrisée
83.25,148.2,18.3,SAFE,1,Situation maîtrisée
83.30,148.5,18.1,SAFE,1,Situation maîtrisée
83.35,148.7,18.3,SAFE,1,Situation maîtrisée
83.40,149.0,18.0,SAFE,1,Situation maîtrisée
83.45,149.2,18.3,SAFE,1,Situation maîtrisée
83.50,149.5,18.0,SAFE,1,Situation maîtrisée
83.55,149.7,18.3,SAFE,1,Situation maîtrisée
83.60,150.0,18.0,SAFE,1,Situation maîtrisée
83.65,150.2,18.3,SAFE,1,Situation maîtrisée
83.70,150.5,18.0,SAFE,1,Situation maîtrisée
83.75,150.7,18.3,SAFE,1,Situation maîtrisée
83.80,151.0,18.1,SAFE,1,Situation maîtrisée
83.85,151.2,18.3,SAFE,1,Situation maîtrisée
83.90,151.5,18.2,SAFE,1,Situation maîtrisée
83.95,151.7,18.0,SAFE,1,Situation maîtrisée
84.00,152.0,18.2,SAFE,1,Situation maîtrisée
84.05,152.2,18.2,SAFE,1,Situation maîtrisée
84.10,152.5,18.3,SAFE,1,Situation maîtrisée
84.15,152.7,18.1,SAFE,1,Situation maîtrisée
84.20,153.0,18.4,SAFE,1,Situation maîtrisée
84.25,153.2,18.2,SAFE,1,Situation maîtrisée
84.30,153.5,18.2,SAFE,1,Situation maîtrisée
84.35,153.7,18.3,SAFE,1,Situation maîtrisée
84.40,154.0,18.1,SAFE,1,Situation maîtrisée
84.45,154.3,18.3,SAFE,1,Situation maîtrisée
84.50,154.5,18.2,SAFE,1,Situation maîtrisée
84.55,154.8,18.0,SAFE,1,Situation maîtrisée
84.60,155.0,18.4,SAFE,1,Situation maîtrisée
84.65,155.3,18.4,SAFE,1,Situation maîtrisée
84.70,155.5,18.0,SAFE,1,Situation maîtrisée
84.75,155.8,18.3,SAFE,1,Situation maîtrisée
84.80,156.0,18.2,SAFE,1,Situation maîtrisée
84.85,156.3,18.2,SAFE,1,Situation maîtrisée
84.90,156.5,18.2,SAFE,1,Situation maîtrisée
84.95,156.8,18.4,SAFE,1,Situation maîtrisée
85.00,157.0,18.4,SAFE,1,Situation maîtrisée
85.05,157.3,18.3,SAFE,1,Situation maîtrisée
85.10,157.5,18.2,SAFE,1,Situation maîtrisée
85.15,157.8,18.0,SAFE,2,Situation maîtrisée
85.20,158.1,18.4,SAFE,2,Situation maîtrisée
85.25,158.3,18.1,SAFE,2,Situation maîtrisée
85.30,158.6,18.0,SAFE,2,Situation maîtrisée
85.35,158.8,18.5,SAFE,2,Situation maîtrisée
85.40,159.1,18.1,SAFE,2,Situation maîtrisée
85.45,159.3,18.4,SAFE,2,Situation maîtrisée
85.50,159.6,18.4,SAFE,2,Situation maîtrisée
85.55,159.8,18.4,SAFE,2,Situation maîtrisée
85.60,160.1,18.3,SAFE,2,Situation maîtrisée
85.65,160.3,18.1,SAFE,3,Situation maîtrisée
85.70,160.6,18.2,SAFE,3,Situation maîtrisée
85.75,160.8,18.4,SAFE,3,Situation maîtrisée
85.80,161.1,18.3,SAFE,3,Situation maîtrisée
85.85,161.3,18.1,SAFE,3,Situation maîtrisée
85.90,161.6,18.0,SAFE,3,Situation maîtrisée
85.95,161.9,18.5,SAFE,3,Situation maîtrisée
86.00,162.1,18.4,SAFE,3,Situation maîtrisée
86.05,162.4,18.3,SAFE,3,Situation maîtrisée
86.10,162.6,18.2,SAFE,3,Situation maîtrisée
86.15,162.9,18.1,SAFE,3,Situation maîtrisée
86.20,163.1,18.0,SAFE,3,Situation maîtrisée
86.25,163.4,18.2,SAFE,3,Situation maîtrisée
86.30,163.6,18.5,SAFE,3,Situation maîtrisée
86.35,163.9,18.7,SAFE,3,Situation maîtrisée
86.40,164.1,18.5,SAFE,3,Situation maîtrisée
86.45,164.4,18.4,SAFE,3,Situation maîtrisée
86.50,164.7,18.4,SAFE,3,Situation maîtrisée
86.55,164.9,18.3,SAFE,3,Situation maîtrisée
86.60,165.2,18.3,SAFE,3,Situation maîtrisée
86.65,165.4,18.2,SAFE,4,Situation maîtrisée
86.70,165.7,18.2,SAFE,4,Situation maîtrisée
86.75,165.9,18.2,SAFE,4,Situation maîtrisée
86.80,166.2,18.2,SAFE,4,Situation maîtrisée
86.85,166.4,18.3,SAFE,4,Situation maîtrisée
86.90,166.7,18.3,SAFE,4,Situation maîtrisée
86.95,166.9,18.3,SAFE,4,Situation maîtrisée
87.00,167.2,18.3,SAFE,4,Situation maîtrisée
87.05,167.5,18.4,SAFE,4,Situation maîtrisée
87.10,167.7,18.4,SAFE,4,Situation maîtrisée
87.15,168.0,18.5,SAFE,4,Situation maîtrisée
87.20,168.2,18.5,SAFE,4,Situation maîtrisée
87.25,168.5,18.5,SAFE,4,Situation maîtrisée
87.30,168.7,18.6,SAFE,4,Situation maîtrisée
87.35,169.0,18.6,SAFE,4,Situation maîtrisée
87.40,169.3,18.6,SAFE,4,Situation maîtrisée
87.45,169.5,18.7,SAFE,4,Situation maîtrisée
87.50,169.8,18.7,SAFE,4,Situation maîtrisée
87.55,170.0,18.8,SAFE,4,Situation maîtrisée
87.60,170.3,18.8,SAFE,4,Situation maîtrisée
87.65,170.6,18.8,SAFE,4,Situation maîtrisée
87.70,170.8,18.9,SAFE,4,Situation maîtrisée
87.75,171.1,18.9,SAFE,4,Situation maîtrisée
87.80,171.3,18.9,SAFE,4,Situation maîtrisée
87.85,171.6,19.0,SAFE,4,Situation maîtrisée
87.90,171.9,19.0,SAFE,4,Situation maîtrisée
87.95,172.1,19.0,SAFE,4,Situation maîtrisée
88.00,172.4,19.1,SAFE,4,Situation maîtrisée
88.05,172.7,19.1,SAFE,5,Situation maîtrisée
88.10,172.9,19.1,SAFE,5,Situation maîtrisée
88.15,173.2,19.1,SAFE,5,Situation maîtrisée
88.20,173.5,19.2,SAFE,5,Situation maîtrisée
88.25,173.7,19.2,SAFE,5,Situation maîtrisée
88.30,174.0,19.2,SAFE,5,Situation maîtrisée
88.35,174.3,19.2,SAFE,5,Situation maîtrisée
88.40,174.5,19.3,SAFE,5,Situation maîtrisée
88.45,174.8,19.3,SAFE,5,Situation maîtrisée
88.50,175.1,19.3,SAFE,5,Situation maîtrisée
88.55,175.3,19.3,SAFE,5,Situation maîtrisée
88.60,175.6,19.3,SAFE,5,Situation maîtrisée
88.65,175.9,19.4,SAFE,5,Situation maîtrisée
88.70,176.1,19.4,SAFE,5,Situation maîtrisée
88.75,176.4,19.4,SAFE,5,Situation maîtrisée
88.80,176.7,19.4,SAFE,5,Situation maîtrisée
88.85,176.9,19.4,SAFE,5,Situation maîtrisée
88.90,177.2,19.4,SAFE,5,Situation maîtrisée
88.95,177.5,19.5,SAFE,5,Situation maîtrisée
89.00,177.8,19.5,SAFE,5,Situation maîtrisée
89.05,178.0,19.5,SAFE,5,Situation maîtrisée
89.10,178.3,19.5,SAFE,5,Situation maîtrisée
89.15,178.6,19.5,SAFE,5,Situation maîtrisée
89.20,178.8,19.5,SAFE,5,Situation maîtrisée
89.25,179.1,19.5,SAFE,5,Situation maîtrisée
89.30,179.4,19.5,SAFE,5,Situation maîtrisée
89.35,179.7,19.6,SAFE,5,Situation maîtrisée
89.40,179.9,19.6,SAFE,5,Situation maîtrisée
89.45,180.2,19.6,SAFE,5,Situation maîtrisée
89.50,180.5,19.6,SAFE,4,Situation maîtrisée
89.55,180.7,19.6,SAFE,4,Situation maîtrisée
89.60,181.0,19.6,SAFE,4,Situation maîtrisée
89.65,181.3,19.6,SAFE,4,Situation maîtrisée
89.70,181.6,19.6,SAFE,4,Situation maîtrisée
89.75,181.8,19.6,SAFE,4,Situation maîtrisée
89.80,182.1,19.6,SAFE,4,Situation maîtrisée
89.85,182.4,19.6,SAFE,4,Situation maîtrisée
89.90,182.6,19.6,SAFE,4,Situation maîtrisée
89.95,182.9,19.7,SAFE,4,Situation maîtrisée
90.00,183.2,19.7,SAFE,4,Situation maîtrisée
90.05,183.5,19.7,SAFE,4,Situation maîtrisée
90.10,183.7,19.7,SAFE,4,Situation maîtrisée
90.15,184.0,19.7,SAFE,4,Situation maîtrisée
90.20,184.3,19.7,SAFE,4,Situation maîtrisée
90.25,184.6,19.7,SAFE,4,Situation maîtrisée
90.30,184.8,19.7,SAFE,4,Situation maîtrisée
90.35,185.1,19.7,SAFE,4,Situation maîtrisée
90.40,185.4,19.7,SAFE,4,Situation maîtrisée
90.45,185.7,19.7,SAFE,4,Situation maîtrisée
90.50,185.9,19.7,SAFE,4,Situation maîtrisée
90.55,186.2,19.7,SAFE,4,Situation maîtrisée
90.60,186.5,19.7,SAFE,4,Situation maîtrisée
90.65,186.7,19.7,SAFE,4,Situation maîtrisée
90.70,187.0,19.7,SAFE,4,Situation maîtrisée
90.75,187.3,19.7,SAFE,4,Situation maîtrisée
90.80,187.6,19.7,SAFE,4,Situation maîtrisée
90.85,187.8,19.7,SAFE,4,Situation maîtrisée
90.90,188.1,19.7,SAFE,4,Situation maîtrisée
90.95,188.4,19.7,SAFE,4,Situation maîtrisée
91.00,188.7,19.7,SAFE,4,Situation maîtrisée
91.05,188.9,19.7,SAFE,4,Situation maîtrisée
91.10,189.2,19.7,SAFE,4,Situation maîtrisée
91.15,189.5,19.7,SAFE,4,Situation maîtrisée
91.20,189.8,19.7,SAFE,4,Situation maîtrisée
91.25,190.0,19.7,SAFE,4,Situation maîtrisée
91.30,190.3,19.7,SAFE,4,Situation maîtrisée
91.35,190.6,19.7,SAFE,4,Situation maîtrisée
91.40,190.9,19.7,SAFE,4,Situation maîtrisée
91.45,191.1,19.7,SAFE,4,Situation maîtrisée
91.50,191.4,19.7,SAFE,4,Situation maîtrisée
91.55,191.7,19.7,SAFE,4,Situation maîtrisée
91.60,192.0,19.7,SAFE,4,Situation maîtrisée
91.65,192.2,19.7,SAFE,4,Situation maîtrisée
91.70,192.5,19.7,SAFE,4,Situation maîtrisée
91.75,192.8,19.7,SAFE,4,Situation maîtrisée
91.80,193.1,19.7,SAFE,4,Situation maîtrisée
91.85,193.3,19.7,SAFE,4,Situation maîtrisée
91.90,193.6,19.7,SAFE,4,Situation maîtrisée
91.95,193.9,19.7,SAFE,4,Situation maîtrisée
92.00,194.1,19.7,SAFE,4,Situation maîtrisée
92.05,194.4,19.7,SAFE,4,Situation maîtrisée
92.10,194.7,19.7,SAFE,4,Situation maîtrisée
92.15,195.0,19.7,SAFE,4,Situation maîtrisée
92.20,195.2,19.7,SAFE,4,Situation maîtrisée
92.25,195.5,19.7,SAFE,4,Situation maîtrisée
92.30,195.8,19.7,SAFE,4,Situation maîtrisée
92.35,196.1,19.7,SAFE,5,Situation maîtrisée
92.40,196.3,19.7,SAFE,5,Situation maîtrisée
92.45,196.6,19.7,SAFE,5,Situation maîtrisée
92.50,196.9,19.7,SAFE,5,Situation maîtrisée
92.55,197.2,19.7,SAFE,5,Situation maîtrisée
92.60,197.4,19.7,SAFE,5,Situation maîtrisée
92.65,197.7,19.7,SAFE,5,Situation maîtrisée
92.70,198.0,19.7,SAFE,5,Situation maîtrisée
92.75,198.3,19.7,SAFE,5,Situation maîtrisée
92.80,198.5,19.7,SAFE,5,Situation maîtrisée
92.85,198.8,19.7,SAFE,5,Situation maîtrisée
92.90,199.1,19.7,SAFE,5,Situation maîtrisée
92.95,199.4,19.7,SAFE,5,Situation maîtrisée
93.00,199.6,19.7,SAFE,5,Situation maîtrisée
93.05,199.9,19.7,SAFE,5,Situation maîtrisée
93.10,200.2,19.7,SAFE,5,Situation maîtrisée
93.15,200.5,19.7,SAFE,5,Situation maîtrisée
93.20,200.7,19.7,SAFE,5,Situation maîtrisée
93.25,201.0,19.7,SAFE,6,Situation maîtrisée
93.30,201.3,19.7,SAFE,6,Situation maîtrisée
93.35,201.6,19.7,SAFE,6,Situation maîtrisée
93.40,201.8,19.7,SAFE,6,Situation maîtrisée
93.45,202.1,19.7,SAFE,6,Situation maîtrisée
93.50,202.4,19.7,SAFE,6,Situation maîtrisée
93.55,202.6,19.7,SAFE,6,Situation maîtrisée
93.60,202.9,19.7,SAFE,6,Situation maîtrisée
93.65,203.2,19.7,SAFE,6,Situation maîtrisée
93.70,203.5,19.7,SAFE,6,Situation maîtrisée
93.75,203.7,19.7,SAFE,6,Situation maîtrisée
93.80,204.0,19.7,SAFE,6,Situation maîtrisée
93.85,204.3,19.7,SAFE,6,Situation maîtrisée
93.90,204.6,19.7,SAFE,6,Situation maîtrisée
93.95,204.8,19.7,SAFE,6,Situation maîtrisée
94.00,205.1,19.7,SAFE,6,Situation maîtrisée
94.05,205.4,19.7,SAFE,6,Situation maîtrisée
94.10,205.7,19.7,SAFE,6,Situation maîtrisée
94.15,205.9,19.7,SAFE,6,Situation maîtrisée
94.20,206.2,19.7,SAFE,6,Situation maîtrisée
94.25,206.5,19.7,SAFE,6,Situation maîtrisée
94.30,206.8,19.7,SAFE,6,Situation maîtrisée
94.35,207.0,19.7,SAFE,6,Situation maîtrisée
94.40,207.3,19.7,SAFE,6,Situation maîtrisée
94.45,207.6,19.7,SAFE,6,Situation maîtrisée
94.50,207.9,19.7,SAFE,6,Situation maîtrisée
94.55,208.1,19.7,SAFE,6,Situation maîtrisée
94.60,208.4,19.7,SAFE,6,Situation maîtrisée
94.65,208.7,19.7,SAFE,6,Situation maîtrisée
94.70,209.0,19.4,SAFE,6,Situation maîtrisée
94.75,209.2,18.6,SAFE,6,Situation maîtrisée
94.80,209.4,14.2,SAFE,5,Situation maîtrisée
94.85,209.6,9.4,SAFE,5,Situation maîtrisée
94.90,209.7,4.6,SAFE,5,Situation maîtrisée
94.95,209.8,5.6,SAFE,5,Situation maîtrisée
95.00,209.8,6.8,SAFE,5,Situation maîtrisée
95.05,209.9,7.7,SAFE,5,Situation maîtrisée
95.10,210.1,8.7,SAFE,5,Situation maîtrisée
95.15,210.2,9.6,SAFE,5,Situation maîtrisée
95.20,210.3,10.5,SAFE,5,Situation maîtrisée
95.25,210.5,11.3,SAFE,5,Situation maîtrisée
95.30,210.7,12.1,SAFE,5,Situation maîtrisée
95.35,210.8,12.8,SAFE,5,Situation maîtrisée
95.40,211.0,13.5,SAFE,5,Situation maîtrisée
95.45,211.2,14.1,SAFE,5,Situation maîtrisée
95.50,211.4,14.7,SAFE,5,Situation maîtrisée
95.55,211.6,15.2,SAFE,5,Situation maîtrisée
95.60,211.8,15.6,SAFE,5,Situation maîtrisée
95.65,212.0,16.1,SAFE,5,Situation maîtrisée
95.70,212.3,16.5,SAFE,4,Situation maîtrisée
95.75,212.5,16.8,SAFE,4,Situation maîtrisée
95.80,212.7,17.2,SAFE,4,Situation maîtrisée
95.85,213.0,17.5,SAFE,4,Situation maîtrisée
95.90,213.2,17.8,SAFE,4,Situation maîtrisée
95.95,213.5,18.1,SAFE,4,Situation maîtrisée
96.00,213.7,18.3,SAFE,4,Situation maîtrisée
96.05,214.0,18.1,SAFE,4,Situation maîtrisée
96.10,214.2,18.1,SAFE,3,Situation maîtrisée
96.15,214.5,18.1,SAFE,3,Situation maîtrisée
96.20,214.7,18.1,SAFE,3,Situation maîtrisée
96.25,215.0,18.4,SAFE,3,Situation maîtrisée
96.30,215.2,18.3,SAFE,3,Situation maîtrisée
96.35,215.5,18.1,SAFE,3,Situation maîtrisée
96.40,215.8,18.2,SAFE,3,Situation maîtrisée
96.45,216.0,18.0,SAFE,3,Situation maîtrisée
96.50,216.3,18.1,SAFE,3,Situation maîtrisée
96.55,216.5,18.1,SAFE,3,Situation maîtrisée
96.60,216.8,18.2,SAFE,3,Situation maîtrisée
96.65,217.0,18.2,SAFE,3,Situation maîtrisée
96.70,217.3,18.4,SAFE,3,Situation maîtrisée
96.75,217.5,18.4,SAFE,3,Situation maîtrisée
96.80,217.8,18.5,SAFE,3,Situation maîtrisée
96.85,218.0,18.5,SAFE,4,Situation maîtrisée
96.90,218.3,18.7,SAFE,4,Situation maîtrisée
96.95,218.6,18.7,SAFE,4,Situation maîtrisée
97.00,218.8,18.8,SAFE,4,Situation maîtrisée
97.05,219.1,18.8,SAFE,4,Situation maîtrisée
97.10,219.3,19.0,SAFE,4,Situation maîtrisée
97.15,219.6,19.0,SAFE,5,Situation maîtrisée
97.20,219.9,19.1,SAFE,5,Situation maîtrisée
97.25,220.1,19.1,SAFE,5,Situation maîtrisée
97.30,220.4,19.2,SAFE,5,Situation maîtrisée
97.35,220.7,19.2,SAFE,5,Situation maîtrisée
97.40,220.9,19.3,SAFE,5,Situation maîtrisée
97.45,221.2,19.3,SAFE,5,Situation maîtrisée
97.50,221.5,19.4,SAFE,5,Situation maîtrisée
97.55,221.7,19.4,SAFE,5,Situation maîtrisée
97.60,222.0,19.5,SAFE,5,Situation maîtrisée
97.65,222.3,19.4,SAFE,5,Situation maîtrisée
97.70,222.5,19.5,SAFE,5,Situation maîtrisée
97.75,222.8,19.5,SAFE,5,Situation maîtrisée
97.80,223.1,19.6,SAFE,6,Situation maîtrisée
97.85,223.4,19.5,SAFE,6,Situation maîtrisée
97.90,223.6,19.6,SAFE,6,Situation maîtrisée
97.95,223.9,19.6,SAFE,7,Situation maîtrisée
98.00,224.2,19.7,SAFE,7,Situation maîtrisée
98.05,224.4,19.6,SAFE,7,Situation maîtrisée
98.10,224.7,19.7,SAFE,7,Situation maîtrisée
98.15,225.0,19.6,SAFE,7,Situation maîtrisée
98.20,225.3,19.7,SAFE,7,Situation maîtrisée
98.25,225.5,19.6,SAFE,7,Situation maîtrisée
98.30,225.8,19.7,SAFE,7,Situation maîtrisée
98.35,226.1,19.7,SAFE,7,Situation maîtrisée
98.40,226.4,19.7,SAFE,7,Situation maîtrisée
98.45,226.6,19.7,SAFE,7,Situation maîtrisée
98.50,226.9,19.8,SAFE,7,Situation maîtrisée
98.55,227.2,19.7,SAFE,7,Situation maîtrisée
98.60,227.5,19.8,SAFE,7,Situation maîtrisée
98.65,227.7,19.7,SAFE,7,Situation maîtrisée
98.70,228.0,19.8,SAFE,7,Situation maîtrisée
98.75,228.3,19.7,SAFE,7,Situation maîtrisée
98.80,228.6,19.8,SAFE,8,Situation maîtrisée
98.85,228.8,19.7,SAFE,8,Situation maîtrisée
98.90,229.1,19.8,SAFE,8,Situation maîtrisée
98.95,229.4,19.7,SAFE,9,Situation maîtrisée
99.00,229.6,19.8,SAFE,9,Situation maîtrisée
99.05,229.9,19.7,SAFE,9,Situation maîtrisée
99.10,230.2,19.8,SAFE,9,Situation maîtrisée
99.15,230.5,19.7,SAFE,9,Situation maîtrisée
99.20,230.7,19.8,SAFE,9,Situation maîtrisée
99.25,231.0,19.7,SAFE,9,Situation maîtrisée
99.30,231.3,19.8,SAFE,10,Situation maîtrisée
99.35,231.6,19.7,SAFE,10,Situation maîtrisée
99.40,231.8,19.8,WATCH,10,Vigilance — situation à la limite
99.45,232.1,19.6,WATCH,10,Ralentissez de 20 km/h  (20 -> 0 km/h)
99.50,232.4,19.5,WATCH,10,Ralentissez de 19 km/h  (19 -> 0 km/h)
99.55,232.7,19.1,WATCH,10,Ralentissez de 19 km/h  (19 -> 0 km/h)
99.60,232.9,18.8,WATCH,10,Ralentissez de 19 km/h  (19 -> 0 km/h)
99.65,233.2,18.3,SAFE,10,Situation maîtrisée
99.70,233.4,18.1,SAFE,10,Situation maîtrisée
99.75,233.7,18.0,SAFE,9,Situation maîtrisée
99.80,233.9,18.1,WATCH,9,Vigilance — situation à la limite
99.85,234.2,18.0,WATCH,9,Vigilance — situation à la limite
99.90,234.4,15.0,SAFE,9,Situation maîtrisée
99.95,234.6,13.0,SAFE,9,Situation maîtrisée
100.00,234.8,13.3,SAFE,9,Situation maîtrisée
100.05,235.0,13.7,SAFE,9,Situation maîtrisée
100.10,235.2,14.2,SAFE,9,Situation maîtrisée
100.15,235.4,14.6,SAFE,9,Situation maîtrisée
100.20,235.6,15.1,SAFE,9,Situation maîtrisée
100.25,235.8,15.6,SAFE,9,Situation maîtrisée
100.30,236.0,15.8,SAFE,9,Situation maîtrisée
100.35,236.2,15.6,SAFE,9,Situation maîtrisée
100.40,236.4,15.1,SAFE,9,Situation maîtrisée
100.45,236.6,14.4,SAFE,9,Situation maîtrisée
100.50,236.8,13.8,SAFE,9,Situation maîtrisée
100.55,237.0,13.0,SAFE,9,Situation maîtrisée
100.60,237.2,12.4,SAFE,9,Situation maîtrisée
100.65,237.4,11.6,SAFE,9,Situation maîtrisée
100.70,237.5,10.9,SAFE,9,Situation maîtrisée
100.75,237.7,10.2,SAFE,9,Situation maîtrisée
100.80,237.8,9.6,SAFE,9,Situation maîtrisée
100.85,237.9,8.9,SAFE,9,Situation maîtrisée
100.90,238.0,8.2,SAFE,9,Situation maîtrisée
100.95,238.2,7.5,SAFE,9,Situation maîtrisée
101.00,238.2,3.9,SAFE,9,Situation maîtrisée
101.05,238.3,0.0,SAFE,9,Situation maîtrisée
101.10,238.3,0.0,SAFE,9,Situation maîtrisée
101.15,238.3,0.0,SAFE,9,Situation maîtrisée
101.20,238.3,0.0,SAFE,9,Situation maîtrisée
101.25,238.3,0.0,SAFE,9,Situation maîtrisée
101.30,238.3,0.0,SAFE,9,Situation maîtrisée
101.35,238.3,0.0,SAFE,9,Situation maîtrisée
101.40,238.3,0.0,SAFE,9,Situation maîtrisée
101.45,238.3,0.0,SAFE,9,Situation maîtrisée
101.50,238.3,0.0,SAFE,9,Situation maîtrisée
101.55,238.3,0.0,SAFE,9,Situation maîtrisée
101.60,238.3,0.0,SAFE,9,Situation maîtrisée
101.65,238.3,0.0,SAFE,9,Situation maîtrisée
101.70,238.3,0.0,SAFE,9,Situation maîtrisée
101.75,238.3,0.0,SAFE,9,Situation maîtrisée
101.80,238.3,0.0,SAFE,9,Situation maîtrisée
101.85,238.3,0.0,SAFE,9,Situation maîtrisée
101.90,238.3,0.0,SAFE,9,Situation maîtrisée
101.95,238.3,0.0,SAFE,9,Situation maîtrisée
102.00,238.3,0.0,SAFE,9,Situation maîtrisée
102.05,238.3,0.0,SAFE,9,Situation maîtrisée
102.10,238.3,0.0,SAFE,9,Situation maîtrisée
102.15,238.3,0.0,SAFE,9,Situation maîtrisée
102.20,238.3,0.0,SAFE,9,Situation maîtrisée
102.25,238.3,0.0,SAFE,9,Situation maîtrisée
102.30,238.3,0.0,SAFE,9,Situation maîtrisée
102.35,238.3,0.0,SAFE,9,Situation maîtrisée
102.40,238.3,0.0,SAFE,9,Situation maîtrisée
102.45,238.3,0.0,SAFE,9,Situation maîtrisée
102.50,238.3,0.0,SAFE,9,Situation maîtrisée
102.55,238.3,0.0,SAFE,9,Situation maîtrisée
102.60,238.3,0.0,SAFE,9,Situation maîtrisée
102.65,238.3,0.0,SAFE,9,Situation maîtrisée
102.70,238.3,0.0,SAFE,9,Situation maîtrisée
102.75,238.3,0.0,SAFE,9,Situation maîtrisée
102.80,238.3,0.0,SAFE,9,Situation maîtrisée
102.85,238.3,0.0,SAFE,9,Situation maîtrisée
102.90,238.3,0.0,SAFE,9,Situation maîtrisée
102.95,238.3,0.0,SAFE,9,Situation maîtrisée
103.00,238.3,0.0,SAFE,9,Situation maîtrisée
103.05,238.3,0.0,SAFE,9,Situation maîtrisée
103.10,238.3,0.0,SAFE,9,Situation maîtrisée
103.15,238.3,0.0,SAFE,9,Situation maîtrisée
103.20,238.3,0.0,SAFE,9,Situation maîtrisée
103.25,238.3,0.0,SAFE,9,Situation maîtrisée
103.30,238.3,0.0,SAFE,9,Situation maîtrisée
103.35,238.3,0.0,SAFE,9,Situation maîtrisée
103.40,238.3,0.0,SAFE,9,Situation maîtrisée
103.45,238.3,0.0,SAFE,9,Situation maîtrisée
103.50,238.3,0.0,SAFE,9,Situation maîtrisée
103.55,238.3,0.0,SAFE,9,Situation maîtrisée
103.60,238.3,0.0,SAFE,9,Situation maîtrisée
103.65,238.3,0.0,SAFE,9,Situation maîtrisée
103.70,238.3,0.0,SAFE,9,Situation maîtrisée
103.75,238.3,0.0,SAFE,9,Situation maîtrisée
103.80,238.3,0.0,SAFE,9,Situation maîtrisée
103.85,238.3,0.0,SAFE,9,Situation maîtrisée
103.90,238.3,0.0,SAFE,9,Situation maîtrisée
103.95,238.3,0.0,SAFE,9,Situation maîtrisée
104.00,238.3,0.0,SAFE,9,Situation maîtrisée
104.05,238.3,0.0,SAFE,9,Situation maîtrisée
104.10,238.3,0.0,SAFE,9,Situation maîtrisée
104.15,238.3,0.0,SAFE,9,Situation maîtrisée
104.20,238.3,0.0,SAFE,9,Situation maîtrisée
104.25,238.3,0.0,SAFE,9,Situation maîtrisée
104.30,238.3,0.0,SAFE,9,Situation maîtrisée
104.35,238.3,0.0,SAFE,9,Situation maîtrisée
104.40,238.3,0.0,SAFE,9,Situation maîtrisée
104.45,238.3,0.0,SAFE,9,Situation maîtrisée
104.50,238.3,0.0,SAFE,9,Situation maîtrisée
104.55,238.3,0.0,SAFE,9,Situation maîtrisée
104.60,238.3,0.0,SAFE,9,Situation maîtrisée
104.65,238.3,0.0,SAFE,9,Situation maîtrisée
104.70,238.3,0.0,SAFE,9,Situation maîtrisée
104.75,238.3,0.0,SAFE,9,Situation maîtrisée
104.80,238.3,0.0,SAFE,9,Situation maîtrisée
104.85,238.3,0.0,SAFE,9,Situation maîtrisée
104.90,238.3,0.0,SAFE,9,Situation maîtrisée
104.95,238.3,0.0,SAFE,9,Situation maîtrisée
105.00,238.3,0.0,SAFE,9,Situation maîtrisée
105.05,238.3,0.0,SAFE,9,Situation maîtrisée
105.10,238.3,0.0,SAFE,9,Situation maîtrisée
105.15,238.3,0.0,SAFE,9,Situation maîtrisée
105.20,238.3,0.0,SAFE,9,Situation maîtrisée
105.25,238.3,0.0,SAFE,9,Situation maîtrisée
105.30,238.3,0.0,SAFE,9,Situation maîtrisée
105.35,238.3,0.0,SAFE,9,Situation maîtrisée
105.40,238.3,0.0,SAFE,9,Situation maîtrisée
105.45,238.3,0.0,SAFE,9,Situation maîtrisée
105.50,238.3,0.0,SAFE,9,Situation maîtrisée
105.55,238.3,0.0,SAFE,8,Situation maîtrisée
105.60,238.3,0.0,SAFE,8,Situation maîtrisée
105.65,238.3,0.0,SAFE,8,Situation maîtrisée
105.70,238.3,0.0,SAFE,8,Situation maîtrisée
105.75,238.3,0.0,SAFE,8,Situation maîtrisée
105.80,238.3,0.0,SAFE,8,Situation maîtrisée
105.85,238.3,0.0,SAFE,8,Situation maîtrisée
105.90,238.3,0.0,SAFE,8,Situation maîtrisée
105.95,238.3,0.0,SAFE,8,Situation maîtrisée
106.00,238.3,0.0,SAFE,8,Situation maîtrisée
106.05,238.3,0.0,SAFE,8,Situation maîtrisée
106.10,238.3,0.0,SAFE,8,Situation maîtrisée
106.15,238.3,0.0,SAFE,8,Situation maîtrisée
106.20,238.3,0.0,SAFE,8,Situation maîtrisée
106.25,238.3,0.0,SAFE,8,Situation maîtrisée
106.30,238.3,0.0,SAFE,8,Situation maîtrisée
106.35,238.3,0.0,SAFE,8,Situation maîtrisée
106.40,238.3,0.0,SAFE,8,Situation maîtrisée
106.45,238.3,0.0,SAFE,8,Situation maîtrisée
106.50,238.3,0.0,SAFE,8,Situation maîtrisée
106.55,238.3,0.0,SAFE,8,Situation maîtrisée
106.60,238.3,0.0,SAFE,8,Situation maîtrisée
106.65,238.3,0.0,SAFE,8,Situation maîtrisée
106.70,238.3,0.0,SAFE,8,Situation maîtrisée
106.75,238.3,0.0,SAFE,8,Situation maîtrisée
106.80,238.3,0.0,SAFE,8,Situation maîtrisée
106.85,238.3,0.0,SAFE,8,Situation maîtrisée
106.90,238.3,0.0,SAFE,8,Situation maîtrisée
106.95,238.3,0.0,SAFE,8,Situation maîtrisée
107.00,238.3,0.0,SAFE,8,Situation maîtrisée
107.05,238.3,0.0,SAFE,8,Situation maîtrisée
107.10,238.3,0.0,SAFE,8,Situation maîtrisée
107.15,238.3,0.0,SAFE,8,Situation maîtrisée
107.20,238.3,0.0,SAFE,8,Situation maîtrisée
107.25,238.3,0.0,SAFE,8,Situation maîtrisée
107.30,238.3,0.0,SAFE,8,Situation maîtrisée
107.35,238.3,0.0,SAFE,8,Situation maîtrisée
107.40,238.3,0.0,SAFE,8,Situation maîtrisée
107.45,238.3,0.0,SAFE,7,Situation maîtrisée
107.50,238.3,0.0,SAFE,7,Situation maîtrisée
107.55,238.3,0.0,SAFE,7,Situation maîtrisée
107.60,238.3,0.0,SAFE,7,Situation maîtrisée
107.65,238.3,0.0,SAFE,7,Situation maîtrisée
107.70,238.3,0.0,SAFE,7,Situation maîtrisée
107.75,238.3,0.0,SAFE,7,Situation maîtrisée
107.80,238.3,0.0,SAFE,7,Situation maîtrisée
107.85,238.3,0.0,SAFE,7,Situation maîtrisée
107.90,238.3,0.0,SAFE,7,Situation maîtrisée
107.95,238.3,0.0,SAFE,7,Situation maîtrisée
108.00,238.3,0.0,SAFE,7,Situation maîtrisée
108.05,238.3,0.0,SAFE,7,Situation maîtrisée
108.10,238.3,0.0,SAFE,7,Situation maîtrisée
108.15,238.3,0.0,SAFE,7,Situation maîtrisée
108.20,238.3,0.0,SAFE,7,Situation maîtrisée
108.25,238.3,0.0,SAFE,7,Situation maîtrisée
108.30,238.3,0.0,SAFE,7,Situation maîtrisée
108.35,238.3,0.0,SAFE,7,Situation maîtrisée
108.40,238.3,0.0,SAFE,7,Situation maîtrisée
108.45,238.3,0.0,SAFE,7,Situation maîtrisée
108.50,238.3,0.0,SAFE,7,Situation maîtrisée
108.55,238.3,0.0,SAFE,7,Situation maîtrisée
108.60,238.3,0.0,SAFE,7,Situation maîtrisée
108.65,238.3,0.0,SAFE,7,Situation maîtrisée
108.70,238.3,0.0,SAFE,7,Situation maîtrisée
108.75,238.3,0.0,SAFE,7,Situation maîtrisée
108.80,238.3,0.0,SAFE,7,Situation maîtrisée
108.85,238.3,0.0,SAFE,7,Situation maîtrisée
108.90,238.3,0.0,SAFE,7,Situation maîtrisée
108.95,238.3,0.0,SAFE,7,Situation maîtrisée
109.00,238.3,0.0,SAFE,7,Situation maîtrisée
109.05,238.3,0.0,SAFE,7,Situation maîtrisée
109.10,238.3,0.0,SAFE,7,Situation maîtrisée
109.15,238.3,0.0,SAFE,7,Situation maîtrisée
109.20,238.3,0.0,SAFE,7,Situation maîtrisée
109.25,238.3,0.0,SAFE,7,Situation maîtrisée
109.30,238.3,0.0,SAFE,7,Situation maîtrisée
109.35,238.3,0.0,SAFE,7,Situation maîtrisée
109.40,238.3,0.0,SAFE,7,Situation maîtrisée
109.45,238.3,0.0,SAFE,7,Situation maîtrisée
109.50,238.3,0.0,SAFE,7,Situation maîtrisée
109.55,238.3,0.0,SAFE,7,Situation maîtrisée
109.60,238.3,0.0,SAFE,7,Situation maîtrisée
109.65,238.3,0.0,SAFE,6,Situation maîtrisée
109.70,238.3,0.0,SAFE,6,Situation maîtrisée
109.75,238.3,0.0,SAFE,6,Situation maîtrisée
109.80,238.3,0.0,SAFE,6,Situation maîtrisée
109.85,238.3,0.0,SAFE,6,Situation maîtrisée
109.90,238.3,0.0,SAFE,6,Situation maîtrisée
109.95,238.3,0.0,SAFE,6,Situation maîtrisée
110.00,238.3,0.0,SAFE,6,Situation maîtrisée
110.05,238.3,0.0,SAFE,6,Situation maîtrisée
110.10,238.3,0.0,SAFE,6,Situation maîtrisée
110.15,238.3,0.0,SAFE,6,Situation maîtrisée
110.20,238.3,0.0,SAFE,6,Situation maîtrisée
110.25,238.3,0.0,SAFE,6,Situation maîtrisée
110.30,238.3,0.0,SAFE,6,Situation maîtrisée
110.35,238.3,0.0,SAFE,6,Situation maîtrisée
110.40,238.3,0.0,SAFE,6,Situation maîtrisée
110.45,238.3,0.0,SAFE,6,Situation maîtrisée
110.50,238.3,0.0,SAFE,6,Situation maîtrisée
110.55,238.3,0.0,SAFE,6,Situation maîtrisée
110.60,238.3,0.0,SAFE,6,Situation maîtrisée
110.65,238.3,0.0,SAFE,6,Situation maîtrisée
110.70,238.3,0.0,SAFE,6,Situation maîtrisée
110.75,238.3,0.0,SAFE,6,Situation maîtrisée
110.80,238.3,0.0,SAFE,6,Situation maîtrisée
110.85,238.3,0.0,SAFE,6,Situation maîtrisée
110.90,238.3,0.0,SAFE,6,Situation maîtrisée
110.95,238.3,0.0,SAFE,6,Situation maîtrisée
111.00,238.3,0.0,SAFE,6,Situation maîtrisée
111.05,238.3,0.0,SAFE,6,Situation maîtrisée
111.10,238.3,0.0,SAFE,6,Situation maîtrisée
111.15,238.3,0.0,SAFE,6,Situation maîtrisée
111.20,238.3,0.0,SAFE,6,Situation maîtrisée
111.25,238.3,0.0,SAFE,6,Situation maîtrisée
111.30,238.3,0.0,SAFE,6,Situation maîtrisée
111.35,238.3,0.0,SAFE,6,Situation maîtrisée
111.40,238.3,0.0,SAFE,6,Situation maîtrisée
111.45,238.3,0.0,SAFE,6,Situation maîtrisée
111.50,238.3,0.0,SAFE,6,Situation maîtrisée
111.55,238.3,0.0,SAFE,6,Situation maîtrisée
111.60,238.3,0.0,SAFE,6,Situation maîtrisée
111.65,238.3,0.0,SAFE,6,Situation maîtrisée
111.70,238.3,0.0,SAFE,6,Situation maîtrisée
111.75,238.3,0.0,SAFE,6,Situation maîtrisée
111.80,238.3,0.0,SAFE,6,Situation maîtrisée
111.85,238.3,0.0,SAFE,6,Situation maîtrisée
111.90,238.3,0.0,SAFE,6,Situation maîtrisée
111.95,238.3,0.0,SAFE,6,Situation maîtrisée
112.00,238.3,0.0,SAFE,6,Situation maîtrisée
112.05,238.3,0.0,SAFE,6,Situation maîtrisée
112.10,238.3,0.0,SAFE,6,Situation maîtrisée
112.15,238.3,0.0,SAFE,6,Situation maîtrisée
112.20,238.3,0.0,SAFE,6,Situation maîtrisée
112.25,238.3,0.0,SAFE,6,Situation maîtrisée
112.30,238.3,0.0,SAFE,6,Situation maîtrisée
112.35,238.3,0.0,SAFE,6,Situation maîtrisée
112.40,238.3,0.0,SAFE,6,Situation maîtrisée
112.45,238.3,0.0,SAFE,6,Situation maîtrisée
112.50,238.3,0.0,SAFE,6,Situation maîtrisée
112.55,238.3,0.0,SAFE,6,Situation maîtrisée
112.60,238.3,0.0,SAFE,6,Situation maîtrisée
112.65,238.3,0.0,SAFE,6,Situation maîtrisée
112.70,238.3,0.0,SAFE,6,Situation maîtrisée
112.75,238.3,0.0,SAFE,6,Situation maîtrisée
112.80,238.3,0.0,SAFE,6,Situation maîtrisée
112.85,238.3,0.0,SAFE,6,Situation maîtrisée
112.90,238.3,0.0,SAFE,6,Situation maîtrisée
112.95,238.3,0.0,SAFE,6,Situation maîtrisée
113.00,238.3,0.0,SAFE,6,Situation maîtrisée
113.05,238.3,0.0,SAFE,6,Situation maîtrisée
113.10,238.3,0.0,SAFE,6,Situation maîtrisée
113.15,238.3,0.0,SAFE,6,Situation maîtrisée
113.20,238.3,0.0,SAFE,6,Situation maîtrisée
113.25,238.3,0.0,SAFE,6,Situation maîtrisée
113.30,238.3,0.0,SAFE,6,Situation maîtrisée
113.35,238.3,0.0,SAFE,6,Situation maîtrisée
113.40,238.3,0.0,SAFE,6,Situation maîtrisée
113.45,238.3,0.0,SAFE,6,Situation maîtrisée
113.50,238.3,0.0,SAFE,6,Situation maîtrisée
113.55,238.3,0.0,SAFE,6,Situation maîtrisée
113.60,238.3,0.0,SAFE,6,Situation maîtrisée
113.65,238.3,0.0,SAFE,6,Situation maîtrisée
113.70,238.3,0.0,SAFE,6,Situation maîtrisée
113.75,238.3,0.0,SAFE,6,Situation maîtrisée
113.80,238.3,0.0,SAFE,6,Situation maîtrisée
113.85,238.3,0.0,SAFE,6,Situation maîtrisée
113.90,238.3,0.0,SAFE,6,Situation maîtrisée
113.95,238.3,0.0,SAFE,6,Situation maîtrisée
114.00,238.3,0.0,SAFE,6,Situation maîtrisée
114.05,238.3,0.0,SAFE,6,Situation maîtrisée
114.10,238.3,0.0,SAFE,6,Situation maîtrisée
114.15,238.3,0.0,SAFE,6,Situation maîtrisée
114.20,238.3,0.0,SAFE,6,Situation maîtrisée
114.25,238.3,0.0,SAFE,6,Situation maîtrisée
114.30,238.3,0.0,SAFE,6,Situation maîtrisée
114.35,238.3,0.0,SAFE,6,Situation maîtrisée
114.40,238.3,0.0,SAFE,6,Situation maîtrisée
114.45,238.3,0.2,SAFE,6,Situation maîtrisée
114.50,238.3,0.1,SAFE,6,Situation maîtrisée
114.55,238.3,0.4,SAFE,6,Situation maîtrisée
114.60,238.3,0.9,SAFE,6,Situation maîtrisée
114.65,238.3,1.6,SAFE,6,Situation maîtrisée
114.70,238.3,2.3,SAFE,6,Situation maîtrisée
114.75,238.3,3.1,SAFE,6,Situation maîtrisée
114.80,238.4,3.7,SAFE,6,Situation maîtrisée
114.85,238.5,4.7,SAFE,6,Situation maîtrisée
114.90,238.5,5.3,SAFE,6,Situation maîtrisée
114.95,238.6,6.1,SAFE,6,Situation maîtrisée
115.00,238.7,6.6,SAFE,5,Situation maîtrisée
115.05,238.8,7.4,SAFE,5,Situation maîtrisée
115.10,238.9,7.8,SAFE,5,Situation maîtrisée
115.15,239.0,8.3,SAFE,5,Situation maîtrisée
115.20,239.1,8.6,SAFE,5,Situation maîtrisée
115.25,239.2,9.0,SAFE,5,Situation maîtrisée
115.30,239.4,9.1,SAFE,5,Situation maîtrisée
115.35,239.5,9.5,SAFE,5,Situation maîtrisée
115.40,239.6,9.5,SAFE,5,Situation maîtrisée
115.45,239.8,9.6,SAFE,5,Situation maîtrisée
115.50,239.9,9.5,SAFE,5,Situation maîtrisée
115.55,240.0,9.4,SAFE,5,Situation maîtrisée
115.60,240.2,9.4,SAFE,5,Situation maîtrisée
115.65,240.3,9.4,SAFE,5,Situation maîtrisée
115.70,240.4,9.5,SAFE,5,Situation maîtrisée
115.75,240.6,9.3,SAFE,5,Situation maîtrisée
115.80,240.7,9.2,SAFE,5,Situation maîtrisée
115.85,240.8,9.3,SAFE,5,Situation maîtrisée
115.90,240.9,9.3,SAFE,5,Situation maîtrisée
115.95,241.1,9.3,SAFE,5,Situation maîtrisée
116.00,241.2,9.1,SAFE,5,Situation maîtrisée
116.05,241.3,9.0,SAFE,5,Situation maîtrisée
116.10,241.4,9.0,SAFE,5,Situation maîtrisée
116.15,241.6,9.0,SAFE,5,Situation maîtrisée
116.20,241.7,9.1,SAFE,5,Situation maîtrisée
116.25,241.8,9.2,SAFE,5,Situation maîtrisée
116.30,242.0,9.2,SAFE,5,Situation maîtrisée
116.35,242.1,9.2,SAFE,5,Situation maîtrisée
116.40,242.2,9.3,SAFE,5,Situation maîtrisée
116.45,242.3,9.4,SAFE,5,Situation maîtrisée
116.50,242.5,9.5,SAFE,5,Situation maîtrisée
116.55,242.6,9.5,SAFE,5,Situation maîtrisée
116.60,242.7,9.4,SAFE,5,Situation maîtrisée
116.65,242.9,9.2,SAFE,5,Situation maîtrisée
116.70,243.0,9.1,SAFE,5,Situation maîtrisée
116.75,243.1,9.1,SAFE,5,Situation maîtrisée
116.80,243.2,9.2,SAFE,5,Situation maîtrisée
116.85,243.4,9.4,SAFE,5,Situation maîtrisée
116.90,243.5,9.6,SAFE,5,Situation maîtrisée
116.95,243.6,9.9,SAFE,5,Situation maîtrisée
117.00,243.8,10.3,SAFE,6,Situation maîtrisée
117.05,243.9,10.6,SAFE,6,Situation maîtrisée
117.10,244.1,11.0,SAFE,6,Situation maîtrisée
117.15,244.2,11.6,SAFE,6,Situation maîtrisée
117.20,244.4,12.2,SAFE,6,Situation maîtrisée
117.25,244.6,12.8,SAFE,5,Situation maîtrisée
117.30,244.8,13.4,SAFE,5,Situation maîtrisée
117.35,244.9,14.0,SAFE,5,Situation maîtrisée
117.40,245.1,14.5,SAFE,5,Situation maîtrisée
117.45,245.4,15.1,SAFE,5,Situation maîtrisée
117.50,245.6,15.5,SAFE,5,Situation maîtrisée
117.55,245.8,16.0,SAFE,5,Situation maîtrisée
117.60,246.0,16.4,SAFE,5,Situation maîtrisée
117.65,246.2,16.8,SAFE,5,Situation maîtrisée
117.70,246.5,17.1,SAFE,5,Situation maîtrisée
117.75,246.7,17.4,SAFE,5,Situation maîtrisée
117.80,247.0,17.7,SAFE,5,Situation maîtrisée
117.85,247.2,18.0,SAFE,5,Situation maîtrisée
117.90,247.5,18.3,SAFE,5,Situation maîtrisée
117.95,247.7,18.3,SAFE,5,Situation maîtrisée
118.00,248.0,18.2,SAFE,5,Situation maîtrisée
118.05,248.2,18.2,SAFE,5,Situation maîtrisée
118.10,248.5,18.0,SAFE,5,Situation maîtrisée
118.15,248.7,18.5,SAFE,5,Situation maîtrisée
118.20,249.0,18.2,SAFE,5,Situation maîtrisée
118.25,249.2,18.2,SAFE,4,Situation maîtrisée
118.30,249.5,18.0,SAFE,4,Situation maîtrisée
118.35,249.7,18.3,DANGER,4,Ralentissez de 18 km/h  (18 -> 0 km/h)
118.40,250.0,18.7,CRITICAL,4,FREINEZ de 19 km/h  (19 -> 0 km/h)
118.45,250.3,18.4,CRITICAL,4,FREINEZ de 18 km/h  (18 -> 0 km/h)
118.50,250.5,15.3,SAFE,4,Situation maîtrisée
118.55,250.7,10.5,SAFE,4,Situation maîtrisée
118.60,250.8,6.6,SAFE,4,Situation maîtrisée
118.65,250.9,7.1,SAFE,4,Situation maîtrisée
118.70,251.0,7.4,SAFE,4,Situation maîtrisée
118.75,251.1,7.8,SAFE,4,Situation maîtrisée
118.80,251.2,8.1,SAFE,4,Situation maîtrisée
118.85,251.3,8.5,SAFE,4,Situation maîtrisée
118.90,251.4,8.7,SAFE,4,Situation maîtrisée
118.95,251.5,8.8,SAFE,4,Situation maîtrisée
119.00,251.7,8.9,SAFE,3,Situation maîtrisée
119.05,251.8,9.1,SAFE,3,Situation maîtrisée
119.10,251.9,9.2,SAFE,3,Situation maîtrisée
119.15,252.0,9.3,SAFE,3,Situation maîtrisée
119.20,252.2,9.3,SAFE,3,Situation maîtrisée
119.25,252.3,9.4,SAFE,3,Situation maîtrisée
119.30,252.4,9.4,SAFE,3,Situation maîtrisée
119.35,252.6,9.5,SAFE,3,Situation maîtrisée
119.40,252.7,9.5,SAFE,3,Situation maîtrisée
119.45,252.8,9.4,SAFE,3,Situation maîtrisée
119.50,253.0,9.3,SAFE,3,Situation maîtrisée
119.55,253.1,9.4,SAFE,3,Situation maîtrisée
119.60,253.2,9.6,SAFE,3,Situation maîtrisée
119.65,253.4,10.0,SAFE,3,Situation maîtrisée
119.70,253.5,10.6,SAFE,3,Situation maîtrisée
119.75,253.7,11.3,SAFE,3,Situation maîtrisée
119.80,253.8,11.9,SAFE,3,Situation maîtrisée
119.85,254.0,12.6,SAFE,3,Situation maîtrisée
119.90,254.2,13.3,SAFE,3,Situation maîtrisée
119.95,254.4,13.9,SAFE,3,Situation maîtrisée
120.00,254.6,14.5,SAFE,3,Situation maîtrisée
120.05,254.8,15.0,SAFE,3,Situation maîtrisée
120.10,255.0,15.5,CRITICAL,3,FREINEZ de 16 km/h  (16 -> 0 km/h)
120.15,255.2,15.8,CRITICAL,3,FREINEZ de 16 km/h  (16 -> 0 km/h)
120.20,255.4,15.6,SAFE,3,Situation maîtrisée
120.25,255.6,15.4,SAFE,3,Situation maîtrisée
120.30,255.8,15.4,SAFE,3,Situation maîtrisée
120.35,256.1,15.6,SAFE,3,Situation maîtrisée
120.40,256.3,15.9,DANGER,3,Ralentissez de 16 km/h  (16 -> 0 km/h)
120.45,256.5,16.0,CRITICAL,3,FREINEZ de 16 km/h  (16 -> 0 km/h)
120.50,256.7,15.8,CRITICAL,3,FREINEZ de 16 km/h  (16 -> 0 km/h)
120.55,256.9,15.2,DANGER,3,Ralentissez de 15 km/h  (15 -> 0 km/h)
120.60,257.1,14.6,CRITICAL,3,FREINEZ de 15 km/h  (15 -> 0 km/h)
120.65,257.3,14.0,CRITICAL,3,FREINEZ de 14 km/h  (14 -> 0 km/h)
120.70,257.5,13.2,SAFE,3,Situation maîtrisée
120.75,257.7,12.6,SAFE,3,Situation maîtrisée
120.80,257.9,12.5,SAFE,3,Situation maîtrisée
120.85,258.1,12.7,SAFE,3,Situation maîtrisée
120.90,258.2,13.0,SAFE,3,Situation maîtrisée
120.95,258.4,13.5,CRITICAL,3,FREINEZ de 13 km/h  (13 -> 0 km/h)
121.00,258.6,13.8,CRITICAL,3,FREINEZ de 14 km/h  (14 -> 0 km/h)
121.05,258.8,13.7,CRITICAL,3,FREINEZ de 14 km/h  (14 -> 0 km/h)
121.10,259.0,13.2,CRITICAL,3,FREINEZ de 13 km/h  (13 -> 0 km/h)
121.15,259.2,12.6,CRITICAL,3,FREINEZ de 13 km/h  (13 -> 0 km/h)
121.20,259.3,11.8,SAFE,3,Situation maîtrisée
121.25,259.5,11.3,SAFE,3,Situation maîtrisée
121.30,259.6,11.2,SAFE,3,Situation maîtrisée
121.35,259.8,11.4,SAFE,2,Situation maîtrisée
121.40,260.0,11.8,SAFE,2,Situation maîtrisée
121.45,260.1,12.3,CRITICAL,2,FREINEZ de 12 km/h  (12 -> 0 km/h)
121.50,260.3,12.7,CRITICAL,2,FREINEZ de 13 km/h  (13 -> 0 km/h)
121.55,260.5,12.7,CRITICAL,2,FREINEZ de 13 km/h  (13 -> 0 km/h)
121.60,260.7,12.2,CRITICAL,2,FREINEZ de 12 km/h  (12 -> 0 km/h)
121.65,260.8,11.6,SAFE,2,Situation maîtrisée
121.70,261.0,11.1,SAFE,2,Situation maîtrisée
121.75,261.1,11.1,SAFE,2,Situation maîtrisée
121.80,261.3,11.3,SAFE,2,Situation maîtrisée
121.85,261.4,11.7,CRITICAL,2,FREINEZ de 12 km/h  (12 -> 0 km/h)
121.90,261.6,12.1,CRITICAL,3,FREINEZ de 12 km/h  (12 -> 0 km/h)
121.95,261.8,12.0,CRITICAL,3,FREINEZ de 12 km/h  (12 -> 0 km/h)
122.00,261.9,11.6,SAFE,3,Situation maîtrisée
122.05,262.1,11.2,SAFE,3,Situation maîtrisée
122.10,262.3,11.1,SAFE,3,Situation maîtrisée
122.15,262.4,11.4,SAFE,3,Situation maîtrisée
122.20,262.6,11.8,SAFE,3,Situation maîtrisée
122.25,262.7,12.4,CRITICAL,3,FREINEZ de 12 km/h  (12 -> 1 km/h)
122.30,262.9,12.8,CRITICAL,3,FREINEZ de 11 km/h  (13 -> 2 km/h)
122.35,263.1,12.7,CRITICAL,3,FREINEZ de 10 km/h  (13 -> 3 km/h)
122.40,263.3,12.3,SAFE,3,Situation maîtrisée
122.45,263.4,11.9,SAFE,3,Situation maîtrisée
122.50,263.6,11.8,SAFE,3,Situation maîtrisée
122.55,263.8,12.1,SAFE,3,Situation maîtrisée
122.60,263.9,12.5,SAFE,3,Situation maîtrisée
122.65,264.1,13.0,SAFE,2,Situation maîtrisée
122.70,264.3,13.4,SAFE,2,Situation maîtrisée
122.75,264.5,13.8,SAFE,2,Situation maîtrisée
122.80,264.7,14.3,SAFE,2,Situation maîtrisée
122.85,264.9,14.5,SAFE,2,Situation maîtrisée
122.90,265.1,14.7,SAFE,3,Situation maîtrisée
122.95,265.3,15.0,SAFE,3,Situation maîtrisée
123.00,265.5,15.0,SAFE,3,Situation maîtrisée
123.05,265.7,14.9,SAFE,3,Situation maîtrisée
123.10,265.9,14.9,SAFE,3,Situation maîtrisée
123.15,266.1,15.0,SAFE,4,Situation maîtrisée
123.20,266.3,15.1,SAFE,4,Situation maîtrisée
123.25,266.5,15.3,SAFE,5,Situation maîtrisée
123.30,266.7,15.2,SAFE,5,Situation maîtrisée
123.35,266.9,15.1,SAFE,5,Situation maîtrisée
123.40,267.1,15.1,SAFE,5,Situation maîtrisée
123.45,267.4,15.2,SAFE,5,Situation maîtrisée
123.50,267.6,15.3,SAFE,5,Situation maîtrisée
123.55,267.8,15.5,SAFE,5,Situation maîtrisée
123.60,268.0,15.4,SAFE,5,Situation maîtrisée
123.65,268.2,15.3,SAFE,6,Situation maîtrisée
123.70,268.4,15.4,SAFE,6,Situation maîtrisée
123.75,268.6,15.5,SAFE,6,Situation maîtrisée
123.80,268.8,15.6,SAFE,6,Situation maîtrisée
123.85,269.1,15.8,SAFE,6,Situation maîtrisée
123.90,269.3,15.7,SAFE,6,Situation maîtrisée
123.95,269.5,15.7,SAFE,6,Situation maîtrisée
124.00,269.7,15.7,SAFE,6,Situation maîtrisée
124.05,269.9,15.8,SAFE,6,Situation maîtrisée
124.10,270.1,16.0,SAFE,6,Situation maîtrisée
124.15,270.4,16.1,SAFE,6,Situation maîtrisée
124.20,270.6,16.3,SAFE,6,Situation maîtrisée
124.25,270.8,16.3,SAFE,7,Situation maîtrisée
124.30,271.0,16.3,SAFE,7,Situation maîtrisée
124.35,271.3,16.4,SAFE,6,Situation maîtrisée
124.40,271.5,16.5,SAFE,6,Situation maîtrisée
124.45,271.7,16.7,SAFE,6,Situation maîtrisée
124.50,272.0,16.8,SAFE,6,Situation maîtrisée
124.55,272.2,16.8,SAFE,6,Situation maîtrisée
124.60,272.4,16.7,SAFE,6,Situation maîtrisée
124.65,272.6,16.5,SAFE,6,Situation maîtrisée
124.70,272.9,16.2,SAFE,6,Situation maîtrisée
124.75,273.1,15.9,SAFE,5,Situation maîtrisée
124.80,273.3,15.6,SAFE,5,Situation maîtrisée
124.85,273.5,15.3,SAFE,5,Situation maîtrisée
124.90,273.7,15.0,SAFE,5,Situation maîtrisée
124.95,273.9,14.7,SAFE,5,Situation maîtrisée
125.00,274.1,14.4,SAFE,5,Situation maîtrisée
125.05,274.3,14.1,SAFE,5,Situation maîtrisée
125.10,274.5,13.8,SAFE,5,Situation maîtrisée
125.15,274.7,13.5,SAFE,5,Situation maîtrisée
125.20,274.9,13.2,SAFE,5,Situation maîtrisée
125.25,275.1,13.0,SAFE,5,Situation maîtrisée
125.30,275.3,12.9,SAFE,5,Situation maîtrisée
125.35,275.5,13.1,SAFE,5,Situation maîtrisée
125.40,275.6,13.3,SAFE,5,Situation maîtrisée
125.45,275.8,13.4,SAFE,5,Situation maîtrisée
125.50,276.0,13.3,SAFE,5,Situation maîtrisée
125.55,276.2,13.4,SAFE,5,Situation maîtrisée
125.60,276.4,13.6,SAFE,4,Situation maîtrisée
125.65,276.6,14.0,SAFE,4,Situation maîtrisée
125.70,276.8,14.3,SAFE,4,Situation maîtrisée
125.75,277.0,14.3,SAFE,4,Situation maîtrisée
125.80,277.2,14.2,SAFE,4,Situation maîtrisée
125.85,277.4,14.0,SAFE,4,Situation maîtrisée
125.90,277.6,13.8,SAFE,4,Situation maîtrisée
125.95,277.7,13.6,SAFE,5,Situation maîtrisée
126.00,277.9,13.3,SAFE,5,Situation maîtrisée
126.05,278.1,13.3,SAFE,5,Situation maîtrisée
126.10,278.3,13.4,SAFE,5,Situation maîtrisée
126.15,278.5,13.3,SAFE,6,Situation maîtrisée
126.20,278.7,13.2,SAFE,6,Situation maîtrisée
126.25,278.9,13.0,SAFE,6,Situation maîtrisée
126.30,279.0,12.7,SAFE,7,Situation maîtrisée
126.35,279.2,12.5,SAFE,7,Situation maîtrisée
126.40,279.4,12.2,SAFE,7,Situation maîtrisée
126.45,279.5,12.0,SAFE,7,Situation maîtrisée
126.50,279.7,11.7,SAFE,7,Situation maîtrisée
126.55,279.9,11.4,SAFE,7,Situation maîtrisée
126.60,280.0,11.2,SAFE,7,Situation maîtrisée
126.65,280.2,10.9,SAFE,7,Situation maîtrisée
126.70,280.3,10.6,SAFE,7,Situation maîtrisée
126.75,280.5,10.4,SAFE,7,Situation maîtrisée
126.80,280.6,10.1,SAFE,7,Situation maîtrisée
126.85,280.8,9.9,SAFE,7,Situation maîtrisée
126.90,280.9,9.6,SAFE,7,Situation maîtrisée
126.95,281.0,9.4,SAFE,7,Situation maîtrisée
127.00,281.1,9.2,SAFE,7,Situation maîtrisée
127.05,281.3,9.0,SAFE,7,Situation maîtrisée
127.10,281.4,8.7,SAFE,7,Situation maîtrisée
127.15,281.5,8.5,SAFE,7,Situation maîtrisée
127.20,281.6,8.3,SAFE,7,Situation maîtrisée
127.25,281.7,8.1,SAFE,7,Situation maîtrisée
127.30,281.9,7.8,SAFE,8,Situation maîtrisée
127.35,282.0,7.6,SAFE,8,Situation maîtrisée
127.40,282.1,7.4,SAFE,8,Situation maîtrisée
127.45,282.2,7.2,SAFE,8,Situation maîtrisée
127.50,282.3,7.0,SAFE,8,Situation maîtrisée
127.55,282.4,6.8,SAFE,8,Situation maîtrisée
127.60,282.5,6.6,SAFE,8,Situation maîtrisée
127.65,282.5,6.4,SAFE,8,Situation maîtrisée
127.70,282.6,6.2,SAFE,8,Situation maîtrisée
127.75,282.7,2.9,SAFE,8,Situation maîtrisée
127.80,282.7,0.0,SAFE,8,Situation maîtrisée
127.85,282.7,0.0,SAFE,8,Situation maîtrisée
127.90,282.7,0.0,SAFE,8,Situation maîtrisée
127.95,282.7,0.0,SAFE,8,Situation maîtrisée
128.00,282.7,0.0,SAFE,8,Situation maîtrisée
128.05,282.7,0.0,SAFE,8,Situation maîtrisée
128.10,282.7,0.0,SAFE,8,Situation maîtrisée
128.15,282.7,0.0,SAFE,8,Situation maîtrisée
128.20,282.7,0.0,SAFE,8,Situation maîtrisée
128.25,282.7,0.0,SAFE,8,Situation maîtrisée
128.30,282.7,0.0,SAFE,7,Situation maîtrisée
128.35,282.7,0.0,SAFE,7,Situation maîtrisée
128.40,282.7,0.0,SAFE,7,Situation maîtrisée
128.45,282.7,0.0,SAFE,7,Situation maîtrisée
128.50,282.7,0.0,SAFE,7,Situation maîtrisée
128.55,282.7,0.0,SAFE,7,Situation maîtrisée
128.60,282.7,0.0,SAFE,7,Situation maîtrisée
128.65,282.7,0.0,SAFE,7,Situation maîtrisée
128.70,282.7,0.0,SAFE,7,Situation maîtrisée
128.75,282.7,0.0,SAFE,7,Situation maîtrisée
128.80,282.7,0.0,SAFE,7,Situation maîtrisée
128.85,282.7,0.0,SAFE,7,Situation maîtrisée
128.90,282.7,0.0,SAFE,7,Situation maîtrisée
128.95,282.7,0.0,SAFE,7,Situation maîtrisée
129.00,282.7,0.0,SAFE,7,Situation maîtrisée
129.05,282.7,0.0,SAFE,7,Situation maîtrisée
129.10,282.7,0.0,SAFE,7,Situation maîtrisée
129.15,282.7,0.0,SAFE,7,Situation maîtrisée
129.20,282.7,0.0,SAFE,7,Situation maîtrisée
129.25,282.7,0.0,SAFE,7,Situation maîtrisée
129.30,282.7,0.0,SAFE,7,Situation maîtrisée
129.35,282.7,0.0,SAFE,7,Situation maîtrisée
129.40,282.7,0.0,SAFE,7,Situation maîtrisée
129.45,282.7,0.0,SAFE,7,Situation maîtrisée
129.50,282.7,0.0,SAFE,7,Situation maîtrisée
129.55,282.7,0.0,SAFE,7,Situation maîtrisée
129.60,282.7,0.0,SAFE,7,Situation maîtrisée
129.65,282.7,0.0,SAFE,7,Situation maîtrisée
129.70,282.7,0.0,SAFE,7,Situation maîtrisée
129.75,282.7,0.0,SAFE,7,Situation maîtrisée
129.80,282.7,0.0,SAFE,7,Situation maîtrisée
129.85,282.7,0.0,SAFE,7,Situation maîtrisée
129.90,282.7,0.0,SAFE,7,Situation maîtrisée
129.95,282.7,0.0,SAFE,7,Situation maîtrisée
130.00,282.7,0.0,SAFE,7,Situation maîtrisée
130.05,282.7,0.0,SAFE,7,Situation maîtrisée
130.10,282.7,0.0,SAFE,7,Situation maîtrisée
130.15,282.7,0.0,SAFE,7,Situation maîtrisée
130.20,282.7,0.0,SAFE,7,Situation maîtrisée
130.25,282.7,0.0,SAFE,7,Situation maîtrisée
130.30,282.7,0.0,SAFE,7,Situation maîtrisée
130.35,282.7,0.0,SAFE,7,Situation maîtrisée
130.40,282.7,0.0,SAFE,7,Situation maîtrisée
130.45,282.7,0.0,SAFE,7,Situation maîtrisée
130.50,282.7,0.0,SAFE,7,Situation maîtrisée
130.55,282.7,0.0,SAFE,7,Situation maîtrisée
130.60,282.7,0.0,SAFE,7,Situation maîtrisée
130.65,282.7,0.0,SAFE,7,Situation maîtrisée
130.70,282.7,0.0,SAFE,7,Situation maîtrisée
130.75,282.7,0.0,SAFE,7,Situation maîtrisée
130.80,282.7,0.0,SAFE,7,Situation maîtrisée
130.85,282.7,0.0,SAFE,7,Situation maîtrisée
130.90,282.7,0.0,SAFE,7,Situation maîtrisée
130.95,282.7,0.0,SAFE,7,Situation maîtrisée
131.00,282.7,0.0,SAFE,7,Situation maîtrisée
131.05,282.7,0.0,SAFE,7,Situation maîtrisée
131.10,282.7,0.0,SAFE,7,Situation maîtrisée
131.15,282.7,0.0,SAFE,7,Situation maîtrisée
131.20,282.7,0.0,SAFE,7,Situation maîtrisée
131.25,282.7,0.0,SAFE,7,Situation maîtrisée
131.30,282.7,0.0,SAFE,7,Situation maîtrisée
131.35,282.7,0.0,SAFE,7,Situation maîtrisée
131.40,282.7,0.0,SAFE,7,Situation maîtrisée
131.45,282.7,0.0,SAFE,7,Situation maîtrisée
131.50,282.7,0.0,SAFE,7,Situation maîtrisée
131.55,282.7,0.0,SAFE,7,Situation maîtrisée
131.60,282.7,0.0,SAFE,7,Situation maîtrisée
131.65,282.7,0.0,SAFE,7,Situation maîtrisée
131.70,282.7,0.0,SAFE,7,Situation maîtrisée
131.75,282.7,0.0,SAFE,7,Situation maîtrisée
131.80,282.7,0.0,SAFE,7,Situation maîtrisée
131.85,282.7,0.0,SAFE,7,Situation maîtrisée
131.90,282.7,0.0,SAFE,7,Situation maîtrisée
131.95,282.7,0.0,SAFE,7,Situation maîtrisée
132.00,282.7,0.0,SAFE,7,Situation maîtrisée
132.05,282.7,0.0,SAFE,7,Situation maîtrisée
132.10,282.7,0.0,SAFE,7,Situation maîtrisée
132.15,282.7,0.0,SAFE,7,Situation maîtrisée
132.20,282.7,0.0,SAFE,7,Situation maîtrisée
132.25,282.7,0.0,SAFE,7,Situation maîtrisée
132.30,282.7,0.0,SAFE,7,Situation maîtrisée
132.35,282.7,0.0,SAFE,7,Situation maîtrisée
132.40,282.7,0.0,SAFE,7,Situation maîtrisée
132.45,282.7,0.0,SAFE,7,Situation maîtrisée
132.50,282.7,0.0,SAFE,7,Situation maîtrisée
132.55,282.7,0.0,SAFE,7,Situation maîtrisée
132.60,282.7,0.0,SAFE,7,Situation maîtrisée
132.65,282.7,0.0,SAFE,7,Situation maîtrisée
132.70,282.7,0.0,SAFE,7,Situation maîtrisée
132.75,282.7,0.0,SAFE,7,Situation maîtrisée
132.80,282.7,0.0,SAFE,7,Situation maîtrisée
132.85,282.7,0.0,SAFE,7,Situation maîtrisée
132.90,282.7,0.0,SAFE,7,Situation maîtrisée
132.95,282.7,0.0,SAFE,7,Situation maîtrisée
133.00,282.7,0.0,SAFE,7,Situation maîtrisée
133.05,282.7,0.0,SAFE,7,Situation maîtrisée
133.10,282.7,0.0,SAFE,7,Situation maîtrisée
133.15,282.7,0.0,SAFE,7,Situation maîtrisée
133.20,282.7,0.0,SAFE,7,Situation maîtrisée
133.25,282.7,0.0,SAFE,7,Situation maîtrisée
133.30,282.7,0.0,SAFE,7,Situation maîtrisée
133.35,282.7,0.0,SAFE,7,Situation maîtrisée
133.40,282.7,0.0,SAFE,7,Situation maîtrisée
133.45,282.7,0.0,SAFE,7,Situation maîtrisée
133.50,282.7,0.0,SAFE,7,Situation maîtrisée
133.55,282.7,0.0,SAFE,8,Situation maîtrisée
133.60,282.7,0.0,SAFE,8,Situation maîtrisée
133.65,282.7,0.0,SAFE,8,Situation maîtrisée
133.70,282.7,0.0,SAFE,8,Situation maîtrisée
133.75,282.7,0.0,SAFE,8,Situation maîtrisée
133.80,282.7,0.0,SAFE,8,Situation maîtrisée
133.85,282.7,0.0,SAFE,8,Situation maîtrisée
133.90,282.7,0.0,SAFE,8,Situation maîtrisée
133.95,282.7,0.0,SAFE,8,Situation maîtrisée
134.00,282.7,0.0,SAFE,8,Situation maîtrisée
134.05,282.7,0.0,SAFE,8,Situation maîtrisée
134.10,282.7,0.0,SAFE,8,Situation maîtrisée
134.15,282.7,0.0,SAFE,8,Situation maîtrisée
134.20,282.7,0.0,SAFE,8,Situation maîtrisée
134.25,282.7,0.0,SAFE,8,Situation maîtrisée
134.30,282.7,0.0,SAFE,8,Situation maîtrisée
134.35,282.7,0.0,SAFE,8,Situation maîtrisée
134.40,282.7,0.0,SAFE,8,Situation maîtrisée
134.45,282.7,0.0,SAFE,8,Situation maîtrisée
134.50,282.7,0.0,SAFE,8,Situation maîtrisée
134.55,282.7,0.0,SAFE,8,Situation maîtrisée
134.60,282.7,0.0,SAFE,8,Situation maîtrisée
134.65,282.7,0.0,SAFE,8,Situation maîtrisée
134.70,282.7,0.0,SAFE,8,Situation maîtrisée
134.75,282.7,0.0,SAFE,8,Situation maîtrisée
134.80,282.7,0.0,SAFE,8,Situation maîtrisée
134.85,282.7,0.0,SAFE,8,Situation maîtrisée
134.90,282.7,0.0,SAFE,8,Situation maîtrisée
134.95,282.7,0.0,SAFE,8,Situation maîtrisée
135.00,282.7,0.0,SAFE,8,Situation maîtrisée
135.05,282.7,0.0,SAFE,8,Situation maîtrisée
135.10,282.7,0.0,SAFE,8,Situation maîtrisée
135.15,282.7,0.0,SAFE,8,Situation maîtrisée
135.20,282.7,0.0,SAFE,8,Situation maîtrisée
135.25,282.7,0.0,SAFE,8,Situation maîtrisée
135.30,282.7,0.0,SAFE,8,Situation maîtrisée
135.35,282.7,0.0,SAFE,8,Situation maîtrisée
135.40,282.7,0.0,SAFE,8,Situation maîtrisée
135.45,282.7,0.0,SAFE,8,Situation maîtrisée
135.50,282.7,0.0,SAFE,8,Situation maîtrisée
135.55,282.7,0.0,SAFE,8,Situation maîtrisée
135.60,282.7,0.0,SAFE,8,Situation maîtrisée
135.65,282.7,0.0,SAFE,8,Situation maîtrisée
135.70,282.7,0.0,SAFE,8,Situation maîtrisée
135.75,282.7,0.0,SAFE,8,Situation maîtrisée
135.80,282.7,0.0,SAFE,8,Situation maîtrisée
135.85,282.7,0.0,SAFE,8,Situation maîtrisée
135.90,282.7,0.0,SAFE,8,Situation maîtrisée
135.95,282.7,0.0,SAFE,8,Situation maîtrisée
136.00,282.7,0.0,SAFE,8,Situation maîtrisée
136.05,282.7,0.0,SAFE,8,Situation maîtrisée
136.10,282.7,0.0,SAFE,8,Situation maîtrisée
136.15,282.7,0.0,SAFE,8,Situation maîtrisée
136.20,282.7,0.0,SAFE,8,Situation maîtrisée
136.25,282.7,0.0,SAFE,8,Situation maîtrisée
136.30,282.7,0.0,SAFE,8,Situation maîtrisée
136.35,282.7,0.0,SAFE,8,Situation maîtrisée
136.40,282.7,0.0,SAFE,8,Situation maîtrisée
136.45,282.7,0.0,SAFE,8,Situation maîtrisée
136.50,282.7,0.0,SAFE,8,Situation maîtrisée
136.55,282.7,0.0,SAFE,8,Situation maîtrisée
136.60,282.7,0.0,SAFE,8,Situation maîtrisée
136.65,282.7,0.0,SAFE,8,Situation maîtrisée
136.70,282.7,0.0,SAFE,8,Situation maîtrisée
136.75,282.7,0.0,SAFE,8,Situation maîtrisée
136.80,282.7,0.0,SAFE,8,Situation maîtrisée
136.85,282.7,0.0,SAFE,8,Situation maîtrisée
136.90,282.7,0.0,SAFE,8,Situation maîtrisée
136.95,282.7,0.0,SAFE,8,Situation maîtrisée
137.00,282.7,0.0,SAFE,8,Situation maîtrisée
137.05,282.7,0.0,SAFE,8,Situation maîtrisée
137.10,282.7,0.0,SAFE,8,Situation maîtrisée
137.15,282.7,0.0,SAFE,8,Situation maîtrisée
137.20,282.7,0.0,SAFE,8,Situation maîtrisée
137.25,282.7,0.0,SAFE,8,Situation maîtrisée
137.30,282.7,0.0,SAFE,8,Situation maîtrisée
137.35,282.7,0.0,SAFE,8,Situation maîtrisée
137.40,282.7,0.0,SAFE,8,Situation maîtrisée
137.45,282.7,0.0,SAFE,8,Situation maîtrisée
137.50,282.7,0.0,SAFE,8,Situation maîtrisée
137.55,282.7,0.0,SAFE,8,Situation maîtrisée
137.60,282.7,0.0,SAFE,8,Situation maîtrisée
137.65,282.7,0.0,SAFE,8,Situation maîtrisée
137.70,282.7,0.0,SAFE,8,Situation maîtrisée
137.75,282.7,0.0,SAFE,8,Situation maîtrisée
137.80,282.7,0.0,SAFE,8,Situation maîtrisée
137.85,282.7,0.0,SAFE,8,Situation maîtrisée
137.90,282.7,0.0,SAFE,8,Situation maîtrisée
137.95,282.7,0.0,SAFE,8,Situation maîtrisée
138.00,282.7,0.0,SAFE,8,Situation maîtrisée
138.05,282.7,0.0,SAFE,8,Situation maîtrisée
138.10,282.7,0.0,SAFE,8,Situation maîtrisée
138.15,282.7,0.0,SAFE,8,Situation maîtrisée
138.20,282.7,0.0,SAFE,8,Situation maîtrisée
138.25,282.7,0.0,SAFE,8,Situation maîtrisée
138.30,282.7,0.0,SAFE,8,Situation maîtrisée
138.35,282.7,0.0,SAFE,8,Situation maîtrisée
138.40,282.7,0.0,SAFE,8,Situation maîtrisée
138.45,282.7,0.0,SAFE,8,Situation maîtrisée
138.50,282.7,0.0,SAFE,8,Situation maîtrisée
138.55,282.7,0.0,SAFE,8,Situation maîtrisée
138.60,282.7,0.0,SAFE,8,Situation maîtrisée
138.65,282.7,0.0,SAFE,8,Situation maîtrisée
138.70,282.7,0.0,SAFE,8,Situation maîtrisée
138.75,282.7,0.0,SAFE,8,Situation maîtrisée
138.80,282.7,0.0,SAFE,8,Situation maîtrisée
138.85,282.7,0.0,SAFE,8,Situation maîtrisée
138.90,282.7,0.0,SAFE,8,Situation maîtrisée
138.95,282.7,0.0,SAFE,8,Situation maîtrisée
139.00,282.7,0.0,SAFE,8,Situation maîtrisée
139.05,282.7,0.0,SAFE,8,Situation maîtrisée
139.10,282.7,0.0,SAFE,8,Situation maîtrisée
139.15,282.7,0.0,SAFE,8,Situation maîtrisée
139.20,282.7,0.0,SAFE,8,Situation maîtrisée
139.25,282.7,0.0,SAFE,9,Situation maîtrisée
139.30,282.7,0.0,SAFE,9,Situation maîtrisée
139.35,282.7,0.0,SAFE,9,Situation maîtrisée
139.40,282.7,0.0,SAFE,9,Situation maîtrisée
139.45,282.7,0.0,SAFE,9,Situation maîtrisée
139.50,282.7,0.0,SAFE,9,Situation maîtrisée
139.55,282.7,0.0,SAFE,9,Situation maîtrisée
139.60,282.7,0.0,SAFE,9,Situation maîtrisée
139.65,282.7,0.0,SAFE,9,Situation maîtrisée
139.70,282.7,0.0,SAFE,9,Situation maîtrisée
139.75,282.7,0.0,SAFE,9,Situation maîtrisée
139.80,282.7,0.0,SAFE,9,Situation maîtrisée
139.85,282.7,0.0,SAFE,9,Situation maîtrisée
139.90,282.7,0.0,SAFE,9,Situation maîtrisée
139.95,282.7,0.0,SAFE,9,Situation maîtrisée
140.00,282.7,0.0,SAFE,9,Situation maîtrisée
140.05,282.7,0.0,SAFE,9,Situation maîtrisée
140.10,282.7,0.0,SAFE,9,Situation maîtrisée
140.15,282.7,0.0,SAFE,9,Situation maîtrisée
140.20,282.7,0.0,SAFE,9,Situation maîtrisée
140.25,282.7,0.0,SAFE,9,Situation maîtrisée
140.30,282.7,0.0,SAFE,9,Situation maîtrisée
140.35,282.7,0.0,SAFE,9,Situation maîtrisée
140.40,282.7,0.0,SAFE,9,Situation maîtrisée
140.45,282.7,0.0,SAFE,9,Situation maîtrisée
140.50,282.7,0.0,SAFE,9,Situation maîtrisée
140.55,282.7,0.0,SAFE,9,Situation maîtrisée
140.60,282.7,0.0,SAFE,9,Situation maîtrisée
140.65,282.7,0.0,SAFE,9,Situation maîtrisée
140.70,282.7,0.0,SAFE,9,Situation maîtrisée
140.75,282.7,0.0,SAFE,9,Situation maîtrisée
140.80,282.7,0.0,SAFE,9,Situation maîtrisée
140.85,282.7,0.0,SAFE,9,Situation maîtrisée
140.90,282.7,0.0,SAFE,9,Situation maîtrisée
140.95,282.7,0.0,SAFE,9,Situation maîtrisée
141.00,282.7,0.0,SAFE,9,Situation maîtrisée
141.05,282.7,0.0,SAFE,9,Situation maîtrisée
141.10,282.7,0.0,SAFE,9,Situation maîtrisée
141.15,282.7,0.0,SAFE,9,Situation maîtrisée
141.20,282.7,0.0,SAFE,9,Situation maîtrisée
141.25,282.7,0.0,SAFE,9,Situation maîtrisée
141.30,282.7,0.0,SAFE,9,Situation maîtrisée
141.35,282.7,0.0,SAFE,9,Situation maîtrisée
141.40,282.7,0.0,SAFE,9,Situation maîtrisée
141.45,282.7,0.0,SAFE,9,Situation maîtrisée
141.50,282.7,0.0,SAFE,9,Situation maîtrisée
141.55,282.7,0.0,SAFE,9,Situation maîtrisée
141.60,282.7,0.0,SAFE,9,Situation maîtrisée
141.65,282.7,0.0,SAFE,9,Situation maîtrisée
141.70,282.7,0.0,SAFE,9,Situation maîtrisée
141.75,282.7,0.0,SAFE,9,Situation maîtrisée
141.80,282.7,0.0,SAFE,9,Situation maîtrisée
141.85,282.7,0.0,SAFE,9,Situation maîtrisée
141.90,282.7,0.0,SAFE,9,Situation maîtrisée
141.95,282.7,0.0,SAFE,9,Situation maîtrisée
142.00,282.7,0.0,SAFE,9,Situation maîtrisée
142.05,282.7,0.0,SAFE,9,Situation maîtrisée
142.10,282.7,0.0,SAFE,9,Situation maîtrisée
142.15,282.7,0.0,SAFE,9,Situation maîtrisée
142.20,282.7,0.0,SAFE,9,Situation maîtrisée
142.25,282.7,0.0,SAFE,9,Situation maîtrisée
142.30,282.7,0.0,SAFE,9,Situation maîtrisée
142.35,282.7,0.0,SAFE,9,Situation maîtrisée
142.40,282.7,0.0,SAFE,9,Situation maîtrisée
142.45,282.7,0.0,SAFE,9,Situation maîtrisée
142.50,282.7,0.0,SAFE,9,Situation maîtrisée
142.55,282.7,0.0,SAFE,9,Situation maîtrisée
142.60,282.7,0.0,SAFE,9,Situation maîtrisée
142.65,282.7,0.0,SAFE,9,Situation maîtrisée
142.70,282.7,0.0,SAFE,9,Situation maîtrisée
142.75,282.7,0.0,SAFE,9,Situation maîtrisée
142.80,282.7,0.0,SAFE,9,Situation maîtrisée
142.85,282.7,0.0,SAFE,9,Situation maîtrisée
142.90,282.7,0.0,SAFE,9,Situation maîtrisée
142.95,282.7,0.0,SAFE,9,Situation maîtrisée
143.00,282.7,0.0,SAFE,9,Situation maîtrisée
143.05,282.7,0.0,SAFE,9,Situation maîtrisée
143.10,282.7,0.0,SAFE,9,Situation maîtrisée
143.15,282.7,0.0,SAFE,9,Situation maîtrisée
143.20,282.7,0.0,SAFE,9,Situation maîtrisée
143.25,282.7,0.0,SAFE,9,Situation maîtrisée
143.30,282.7,0.0,SAFE,9,Situation maîtrisée
143.35,282.7,0.0,SAFE,9,Situation maîtrisée
143.40,282.7,0.0,SAFE,9,Situation maîtrisée
143.45,282.7,0.0,SAFE,9,Situation maîtrisée
143.50,282.7,0.0,SAFE,9,Situation maîtrisée
143.55,282.7,0.0,SAFE,9,Situation maîtrisée
143.60,282.7,0.0,SAFE,9,Situation maîtrisée
143.65,282.7,0.0,SAFE,9,Situation maîtrisée
143.70,282.7,0.0,SAFE,9,Situation maîtrisée
143.75,282.7,0.0,SAFE,9,Situation maîtrisée
143.80,282.7,0.0,SAFE,9,Situation maîtrisée
143.85,282.7,0.0,SAFE,9,Situation maîtrisée
143.90,282.7,0.0,SAFE,9,Situation maîtrisée
143.95,282.7,0.0,SAFE,9,Situation maîtrisée
144.00,282.7,0.0,SAFE,9,Situation maîtrisée
144.05,282.7,0.0,SAFE,9,Situation maîtrisée
144.10,282.7,0.0,SAFE,9,Situation maîtrisée
144.15,282.7,0.0,SAFE,9,Situation maîtrisée
144.20,282.7,0.0,SAFE,9,Situation maîtrisée
144.25,282.7,0.0,SAFE,9,Situation maîtrisée
144.30,282.7,0.0,SAFE,9,Situation maîtrisée
144.35,282.7,0.0,SAFE,10,Situation maîtrisée
144.40,282.7,0.0,SAFE,10,Situation maîtrisée
144.45,282.7,0.0,SAFE,10,Situation maîtrisée
144.50,282.7,0.0,SAFE,10,Situation maîtrisée
144.55,282.7,0.0,SAFE,10,Situation maîtrisée
144.60,282.7,0.0,SAFE,10,Situation maîtrisée
144.65,282.7,0.0,SAFE,10,Situation maîtrisée
144.70,282.7,0.0,SAFE,10,Situation maîtrisée
144.75,282.7,0.0,SAFE,10,Situation maîtrisée
144.80,282.7,0.0,SAFE,10,Situation maîtrisée
144.85,282.7,0.0,SAFE,10,Situation maîtrisée
144.90,282.7,0.0,SAFE,10,Situation maîtrisée
144.95,282.7,0.0,SAFE,10,Situation maîtrisée
145.00,282.7,0.0,SAFE,10,Situation maîtrisée
145.05,282.7,0.0,SAFE,10,Situation maîtrisée
145.10,282.7,0.0,SAFE,10,Situation maîtrisée
145.15,282.7,0.0,SAFE,10,Situation maîtrisée
145.20,282.7,0.0,SAFE,10,Situation maîtrisée
145.25,282.7,0.0,SAFE,10,Situation maîtrisée
145.30,282.7,0.0,SAFE,10,Situation maîtrisée
145.35,282.7,0.0,SAFE,10,Situation maîtrisée
145.40,282.7,0.0,SAFE,10,Situation maîtrisée
145.45,282.7,0.0,SAFE,10,Situation maîtrisée
145.50,282.7,0.0,SAFE,10,Situation maîtrisée
145.55,282.7,0.0,SAFE,10,Situation maîtrisée
145.60,282.7,0.0,SAFE,10,Situation maîtrisée
145.65,282.7,0.0,SAFE,10,Situation maîtrisée
145.70,282.7,0.0,SAFE,10,Situation maîtrisée
145.75,282.7,0.0,SAFE,10,Situation maîtrisée
145.80,282.7,0.0,SAFE,10,Situation maîtrisée
145.85,282.7,0.0,SAFE,10,Situation maîtrisée
145.90,282.7,0.0,SAFE,10,Situation maîtrisée
145.95,282.7,0.0,SAFE,10,Situation maîtrisée
146.00,282.7,0.0,SAFE,10,Situation maîtrisée
146.05,282.7,0.0,SAFE,10,Situation maîtrisée
146.10,282.7,0.0,SAFE,10,Situation maîtrisée
146.15,282.7,0.0,SAFE,10,Situation maîtrisée
146.20,282.7,0.0,SAFE,10,Situation maîtrisée
146.25,282.7,0.0,SAFE,10,Situation maîtrisée
146.30,282.7,0.0,SAFE,10,Situation maîtrisée
146.35,282.7,0.0,SAFE,10,Situation maîtrisée
146.40,282.7,0.0,SAFE,10,Situation maîtrisée
146.45,282.7,0.0,SAFE,10,Situation maîtrisée
146.50,282.7,0.0,SAFE,10,Situation maîtrisée
146.55,282.7,0.0,SAFE,10,Situation maîtrisée
146.60,282.7,0.0,SAFE,10,Situation maîtrisée
146.65,282.7,0.0,SAFE,10,Situation maîtrisée
146.70,282.7,0.0,SAFE,10,Situation maîtrisée
146.75,282.7,0.0,SAFE,10,Situation maîtrisée
146.80,282.7,0.0,SAFE,10,Situation maîtrisée
146.85,282.7,0.0,SAFE,10,Situation maîtrisée
146.90,282.7,0.0,SAFE,10,Situation maîtrisée
146.95,282.7,0.0,SAFE,10,Situation maîtrisée
147.00,282.7,0.0,SAFE,10,Situation maîtrisée
147.05,282.7,0.0,SAFE,10,Situation maîtrisée
147.10,282.7,0.0,SAFE,10,Situation maîtrisée
147.15,282.7,0.0,SAFE,10,Situation maîtrisée
147.20,282.7,0.0,SAFE,10,Situation maîtrisée
147.25,282.7,0.0,SAFE,10,Situation maîtrisée
147.30,282.7,0.0,SAFE,10,Situation maîtrisée
147.35,282.7,0.0,SAFE,10,Situation maîtrisée
147.40,282.7,0.0,SAFE,10,Situation maîtrisée
147.45,282.7,0.0,SAFE,10,Situation maîtrisée
147.50,282.7,0.0,SAFE,10,Situation maîtrisée
147.55,282.7,0.0,SAFE,10,Situation maîtrisée
147.60,282.7,0.0,SAFE,10,Situation maîtrisée
147.65,282.7,0.0,SAFE,10,Situation maîtrisée
147.70,282.7,0.0,SAFE,10,Situation maîtrisée
147.75,282.7,0.0,SAFE,10,Situation maîtrisée
147.80,282.7,0.0,SAFE,10,Situation maîtrisée
147.85,282.7,0.0,SAFE,10,Situation maîtrisée
147.90,282.7,0.0,SAFE,10,Situation maîtrisée
147.95,282.7,0.0,SAFE,11,Situation maîtrisée
148.00,282.7,0.0,SAFE,11,Situation maîtrisée
148.05,282.7,0.0,SAFE,11,Situation maîtrisée
148.10,282.7,0.0,SAFE,11,Situation maîtrisée
148.15,282.7,0.0,SAFE,11,Situation maîtrisée
148.20,282.7,0.0,SAFE,11,Situation maîtrisée
148.25,282.7,0.0,SAFE,11,Situation maîtrisée
148.30,282.7,0.0,SAFE,11,Situation maîtrisée
148.35,282.7,0.0,SAFE,11,Situation maîtrisée
148.40,282.7,0.0,SAFE,11,Situation maîtrisée
148.45,282.7,0.0,SAFE,11,Situation maîtrisée
148.50,282.7,0.0,SAFE,11,Situation maîtrisée
148.55,282.7,0.0,SAFE,11,Situation maîtrisée
148.60,282.7,0.0,SAFE,11,Situation maîtrisée
148.65,282.7,0.0,SAFE,11,Situation maîtrisée
148.70,282.7,0.0,SAFE,11,Situation maîtrisée
148.75,282.7,0.0,SAFE,11,Situation maîtrisée
148.80,282.7,0.0,SAFE,11,Situation maîtrisée
148.85,282.7,0.0,SAFE,11,Situation maîtrisée
148.90,282.7,0.0,SAFE,11,Situation maîtrisée
148.95,282.7,0.0,SAFE,11,Situation maîtrisée
149.00,282.7,0.0,SAFE,11,Situation maîtrisée
149.05,282.7,0.0,SAFE,11,Situation maîtrisée
149.10,282.7,0.0,SAFE,11,Situation maîtrisée
149.15,282.7,0.0,SAFE,11,Situation maîtrisée
149.20,282.7,0.0,SAFE,11,Situation maîtrisée
149.25,282.7,0.0,SAFE,11,Situation maîtrisée
149.30,282.7,0.0,SAFE,11,Situation maîtrisée
149.35,282.7,0.0,SAFE,11,Situation maîtrisée
149.40,282.7,0.0,SAFE,11,Situation maîtrisée
149.45,282.7,0.0,SAFE,11,Situation maîtrisée
149.50,282.7,0.0,SAFE,11,Situation maîtrisée
149.55,282.7,0.0,SAFE,11,Situation maîtrisée
149.60,282.7,0.0,SAFE,11,Situation maîtrisée
149.65,282.7,0.0,SAFE,11,Situation maîtrisée
149.70,282.7,0.0,SAFE,11,Situation maîtrisée
149.75,282.7,0.0,SAFE,11,Situation maîtrisée
149.80,282.7,0.0,SAFE,11,Situation maîtrisée
149.85,282.7,0.0,SAFE,11,Situation maîtrisée
149.90,282.7,0.0,SAFE,11,Situation maîtrisée
149.95,282.7,0.0,SAFE,11,Situation maîtrisée
150.00,282.7,0.0,SAFE,11,Situation maîtrisée
150.05,282.7,0.0,SAFE,11,Situation maîtrisée
150.10,282.7,0.0,SAFE,11,Situation maîtrisée
150.15,282.7,0.0,SAFE,11,Situation maîtrisée
150.20,282.7,0.0,SAFE,11,Situation maîtrisée
150.25,282.7,0.0,SAFE,11,Situation maîtrisée
150.30,282.7,0.0,SAFE,11,Situation maîtrisée
150.35,282.7,0.0,SAFE,11,Situation maîtrisée
150.40,282.7,0.0,SAFE,11,Situation maîtrisée
150.45,282.7,0.0,SAFE,12,Situation maîtrisée
150.50,282.7,0.0,SAFE,12,Situation maîtrisée
150.55,282.7,0.0,SAFE,12,Situation maîtrisée
150.60,282.7,0.0,SAFE,12,Situation maîtrisée
150.65,282.7,0.0,SAFE,12,Situation maîtrisée
150.70,282.7,0.0,SAFE,12,Situation maîtrisée
150.75,282.7,0.0,SAFE,12,Situation maîtrisée
150.80,282.7,0.0,SAFE,12,Situation maîtrisée
150.85,282.7,0.0,SAFE,12,Situation maîtrisée
150.90,282.7,0.0,SAFE,12,Situation maîtrisée
150.95,282.7,0.0,SAFE,12,Situation maîtrisée
151.00,282.7,0.0,SAFE,12,Situation maîtrisée
151.05,282.7,0.0,SAFE,12,Situation maîtrisée
151.10,282.7,0.0,SAFE,12,Situation maîtrisée
151.15,282.7,0.0,SAFE,12,Situation maîtrisée
151.20,282.7,0.0,SAFE,12,Situation maîtrisée
151.25,282.7,0.0,SAFE,12,Situation maîtrisée
151.30,282.7,0.0,SAFE,12,Situation maîtrisée
151.35,282.7,0.0,SAFE,12,Situation maîtrisée
151.40,282.7,0.0,SAFE,12,Situation maîtrisée
151.45,282.7,0.0,SAFE,12,Situation maîtrisée
151.50,282.7,0.0,SAFE,12,Situation maîtrisée
151.55,282.7,0.0,SAFE,12,Situation maîtrisée
151.60,282.7,0.0,SAFE,12,Situation maîtrisée
151.65,282.7,0.0,SAFE,12,Situation maîtrisée
151.70,282.7,0.0,SAFE,12,Situation maîtrisée
151.75,282.7,0.0,SAFE,12,Situation maîtrisée
151.80,282.7,0.0,SAFE,12,Situation maîtrisée
151.85,282.7,0.0,SAFE,12,Situation maîtrisée
151.90,282.7,0.0,SAFE,12,Situation maîtrisée
151.95,282.7,0.0,SAFE,12,Situation maîtrisée
152.00,282.7,0.0,SAFE,12,Situation maîtrisée
152.05,282.7,0.0,SAFE,12,Situation maîtrisée
152.10,282.7,0.0,SAFE,12,Situation maîtrisée
152.15,282.7,0.0,SAFE,12,Situation maîtrisée
152.20,282.7,0.0,SAFE,12,Situation maîtrisée
152.25,282.7,0.0,SAFE,12,Situation maîtrisée
152.30,282.7,0.0,SAFE,11,Situation maîtrisée
152.35,282.7,0.0,SAFE,11,Situation maîtrisée
152.40,282.7,0.0,SAFE,11,Situation maîtrisée
152.45,282.7,0.0,SAFE,11,Situation maîtrisée
152.50,282.7,0.0,SAFE,11,Situation maîtrisée
152.55,282.7,0.0,SAFE,11,Situation maîtrisée
152.60,282.7,0.0,SAFE,11,Situation maîtrisée
152.65,282.7,0.0,SAFE,11,Situation maîtrisée
152.70,282.7,0.0,SAFE,11,Situation maîtrisée
152.75,282.7,0.0,SAFE,11,Situation maîtrisée
152.80,282.7,0.0,SAFE,11,Situation maîtrisée
152.85,282.7,0.0,SAFE,11,Situation maîtrisée
152.90,282.7,0.0,SAFE,11,Situation maîtrisée
152.95,282.7,0.0,SAFE,11,Situation maîtrisée
153.00,282.7,0.0,SAFE,11,Situation maîtrisée
153.05,282.7,0.0,SAFE,11,Situation maîtrisée
153.10,282.7,0.0,SAFE,11,Situation maîtrisée
153.15,282.7,0.0,SAFE,11,Situation maîtrisée
153.20,282.7,0.0,SAFE,11,Situation maîtrisée
153.25,282.7,0.0,SAFE,11,Situation maîtrisée
153.30,282.7,0.0,SAFE,11,Situation maîtrisée
153.35,282.7,0.0,SAFE,11,Situation maîtrisée
153.40,282.7,0.0,SAFE,11,Situation maîtrisée
153.45,282.7,0.0,SAFE,11,Situation maîtrisée
153.50,282.7,0.0,SAFE,11,Situation maîtrisée
153.55,282.7,0.0,SAFE,11,Situation maîtrisée
153.60,282.7,0.0,SAFE,11,Situation maîtrisée
153.65,282.7,0.0,SAFE,11,Situation maîtrisée
153.70,282.7,0.0,SAFE,11,Situation maîtrisée
153.75,282.7,0.0,SAFE,11,Situation maîtrisée
153.80,282.7,0.0,SAFE,11,Situation maîtrisée
153.85,282.7,0.0,SAFE,11,Situation maîtrisée
153.90,282.7,0.0,SAFE,11,Situation maîtrisée
153.95,282.7,0.0,SAFE,11,Situation maîtrisée
154.00,282.7,0.0,SAFE,11,Situation maîtrisée
154.05,282.7,0.0,SAFE,11,Situation maîtrisée
154.10,282.7,0.0,SAFE,11,Situation maîtrisée
154.15,282.7,0.0,SAFE,11,Situation maîtrisée
154.20,282.7,0.0,SAFE,11,Situation maîtrisée
154.25,282.7,0.0,SAFE,11,Situation maîtrisée
154.30,282.7,0.0,SAFE,11,Situation maîtrisée
154.35,282.7,0.0,SAFE,11,Situation maîtrisée
154.40,282.7,0.0,SAFE,11,Situation maîtrisée
154.45,282.7,0.0,SAFE,11,Situation maîtrisée
154.50,282.7,0.0,SAFE,11,Situation maîtrisée
154.55,282.7,0.0,SAFE,11,Situation maîtrisée
154.60,282.7,0.0,SAFE,11,Situation maîtrisée
154.65,282.7,0.0,SAFE,11,Situation maîtrisée
154.70,282.7,0.0,SAFE,11,Situation maîtrisée
154.75,282.7,0.0,SAFE,11,Situation maîtrisée
154.80,282.7,0.0,SAFE,11,Situation maîtrisée
154.85,282.7,0.0,SAFE,11,Situation maîtrisée
154.90,282.7,0.0,SAFE,11,Situation maîtrisée
154.95,282.7,0.0,SAFE,11,Situation maîtrisée
155.00,282.7,0.0,SAFE,11,Situation maîtrisée
155.05,282.7,0.0,SAFE,11,Situation maîtrisée
155.10,282.7,0.0,SAFE,11,Situation maîtrisée
155.15,282.7,0.0,SAFE,11,Situation maîtrisée
155.20,282.7,0.0,SAFE,11,Situation maîtrisée
155.25,282.7,0.0,SAFE,11,Situation maîtrisée
155.30,282.7,0.0,SAFE,11,Situation maîtrisée
155.35,282.7,0.0,SAFE,11,Situation maîtrisée
155.40,282.7,0.0,SAFE,11,Situation maîtrisée
155.45,282.7,0.0,SAFE,11,Situation maîtrisée
155.50,282.7,0.0,SAFE,11,Situation maîtrisée
155.55,282.7,0.0,SAFE,11,Situation maîtrisée
155.60,282.7,0.0,SAFE,11,Situation maîtrisée
155.65,282.7,0.0,SAFE,11,Situation maîtrisée
155.70,282.7,0.0,SAFE,11,Situation maîtrisée
155.75,282.7,0.0,SAFE,11,Situation maîtrisée
155.80,282.7,0.0,SAFE,11,Situation maîtrisée
155.85,282.7,0.0,SAFE,11,Situation maîtrisée
155.90,282.7,0.0,SAFE,11,Situation maîtrisée
155.95,282.7,0.0,SAFE,11,Situation maîtrisée
156.00,282.7,0.0,SAFE,11,Situation maîtrisée
156.05,282.7,0.0,SAFE,11,Situation maîtrisée
156.10,282.7,0.0,SAFE,11,Situation maîtrisée
156.15,282.7,0.0,SAFE,11,Situation maîtrisée
156.20,282.7,0.0,SAFE,11,Situation maîtrisée
156.25,282.7,0.0,SAFE,11,Situation maîtrisée
156.30,282.7,0.0,SAFE,11,Situation maîtrisée
156.35,282.7,0.0,SAFE,11,Situation maîtrisée
156.40,282.7,0.0,SAFE,11,Situation maîtrisée
156.45,282.7,0.0,SAFE,10,Situation maîtrisée
156.50,282.7,0.0,SAFE,10,Situation maîtrisée
156.55,282.7,0.0,SAFE,10,Situation maîtrisée
156.60,282.7,0.0,SAFE,10,Situation maîtrisée
156.65,282.7,0.0,SAFE,10,Situation maîtrisée
156.70,282.7,0.0,SAFE,10,Situation maîtrisée
156.75,282.7,0.0,SAFE,10,Situation maîtrisée
156.80,282.7,0.0,SAFE,10,Situation maîtrisée
156.85,282.7,0.0,SAFE,10,Situation maîtrisée
156.90,282.7,0.0,SAFE,10,Situation maîtrisée
156.95,282.7,0.0,SAFE,10,Situation maîtrisée
157.00,282.7,0.0,SAFE,10,Situation maîtrisée
157.05,282.7,0.0,SAFE,10,Situation maîtrisée
157.10,282.7,0.0,SAFE,10,Situation maîtrisée
157.15,282.7,0.0,SAFE,10,Situation maîtrisée
157.20,282.7,0.0,SAFE,10,Situation maîtrisée
157.25,282.7,0.0,SAFE,10,Situation maîtrisée
157.30,282.7,0.0,SAFE,10,Situation maîtrisée
157.35,282.7,0.0,SAFE,10,Situation maîtrisée
157.40,282.7,0.0,SAFE,9,Situation maîtrisée
157.45,282.7,0.0,SAFE,9,Situation maîtrisée
157.50,282.7,0.0,SAFE,9,Situation maîtrisée
157.55,282.7,0.0,SAFE,9,Situation maîtrisée
157.60,282.7,0.0,SAFE,9,Situation maîtrisée
157.65,282.7,0.0,SAFE,9,Situation maîtrisée
157.70,282.7,0.0,SAFE,9,Situation maîtrisée
157.75,282.7,0.0,SAFE,9,Situation maîtrisée
157.80,282.7,0.0,SAFE,9,Situation maîtrisée
157.85,282.7,0.0,SAFE,9,Situation maîtrisée
157.90,282.7,0.0,SAFE,9,Situation maîtrisée
157.95,282.7,0.0,SAFE,9,Situation maîtrisée
158.00,282.7,0.0,SAFE,9,Situation maîtrisée
158.05,282.7,0.0,SAFE,9,Situation maîtrisée
158.10,282.7,0.0,SAFE,9,Situation maîtrisée
158.15,282.7,0.0,SAFE,9,Situation maîtrisée
158.20,282.7,0.0,SAFE,9,Situation maîtrisée
158.25,282.7,0.0,SAFE,9,Situation maîtrisée
158.30,282.7,0.0,SAFE,9,Situation maîtrisée
158.35,282.7,0.0,SAFE,9,Situation maîtrisée
158.40,282.7,0.0,SAFE,9,Situation maîtrisée
158.45,282.7,0.0,SAFE,9,Situation maîtrisée
158.50,282.7,0.0,SAFE,9,Situation maîtrisée
158.55,282.7,0.0,SAFE,9,Situation maîtrisée
158.60,282.7,0.0,SAFE,9,Situation maîtrisée
158.65,282.7,0.0,SAFE,9,Situation maîtrisée
158.70,282.7,0.0,SAFE,9,Situation maîtrisée
158.75,282.7,0.0,SAFE,9,Situation maîtrisée
158.80,282.7,0.0,SAFE,9,Situation maîtrisée
158.85,282.7,0.0,SAFE,9,Situation maîtrisée
158.90,282.7,0.0,SAFE,9,Situation maîtrisée
158.95,282.7,0.0,SAFE,9,Situation maîtrisée
159.00,282.7,0.0,SAFE,9,Situation maîtrisée
159.05,282.7,0.0,SAFE,9,Situation maîtrisée
159.10,282.7,0.0,SAFE,9,Situation maîtrisée
159.15,282.7,0.0,SAFE,10,Situation maîtrisée
159.20,282.7,0.0,SAFE,10,Situation maîtrisée
159.25,282.7,0.0,SAFE,10,Situation maîtrisée
159.30,282.7,0.0,SAFE,10,Situation maîtrisée
159.35,282.7,0.0,SAFE,10,Situation maîtrisée
159.40,282.7,0.0,SAFE,10,Situation maîtrisée
159.45,282.7,0.0,SAFE,10,Situation maîtrisée
159.50,282.7,0.0,SAFE,10,Situation maîtrisée
159.55,282.7,0.0,SAFE,10,Situation maîtrisée
159.60,282.7,0.0,SAFE,10,Situation maîtrisée
159.65,282.7,0.0,SAFE,10,Situation maîtrisée
159.70,282.7,0.0,SAFE,10,Situation maîtrisée
159.75,282.7,0.0,SAFE,10,Situation maîtrisée
159.80,282.7,0.0,SAFE,10,Situation maîtrisée
159.85,282.7,0.0,SAFE,10,Situation maîtrisée
159.90,282.7,0.0,SAFE,10,Situation maîtrisée
159.95,282.7,0.0,SAFE,10,Situation maîtrisée
160.00,282.7,0.0,SAFE,10,Situation maîtrisée
160.05,282.7,0.0,SAFE,10,Situation maîtrisée
160.10,282.7,0.0,SAFE,10,Situation maîtrisée
160.15,282.7,0.0,SAFE,10,Situation maîtrisée
160.20,282.7,0.0,SAFE,10,Situation maîtrisée
160.25,282.7,0.0,SAFE,10,Situation maîtrisée
160.30,282.7,0.0,SAFE,10,Situation maîtrisée
160.35,282.7,0.0,SAFE,10,Situation maîtrisée
160.40,282.7,0.0,SAFE,10,Situation maîtrisée
160.45,282.7,0.0,SAFE,10,Situation maîtrisée
160.50,282.7,0.0,SAFE,10,Situation maîtrisée
160.55,282.7,0.0,SAFE,10,Situation maîtrisée
160.60,282.7,0.0,SAFE,10,Situation maîtrisée
160.65,282.7,0.0,SAFE,10,Situation maîtrisée
160.70,282.7,0.0,SAFE,10,Situation maîtrisée
160.75,282.7,0.0,SAFE,10,Situation maîtrisée
160.80,282.7,0.0,SAFE,10,Situation maîtrisée
160.85,282.7,0.0,SAFE,10,Situation maîtrisée
160.90,282.7,0.0,SAFE,10,Situation maîtrisée
160.95,282.7,0.0,SAFE,10,Situation maîtrisée
161.00,282.7,0.0,SAFE,10,Situation maîtrisée
161.05,282.7,0.0,SAFE,10,Situation maîtrisée
161.10,282.7,0.0,SAFE,10,Situation maîtrisée
161.15,282.7,0.0,SAFE,10,Situation maîtrisée
161.20,282.7,0.0,SAFE,10,Situation maîtrisée
161.25,282.7,0.0,SAFE,10,Situation maîtrisée
161.30,282.7,0.0,SAFE,10,Situation maîtrisée
161.35,282.7,0.0,SAFE,10,Situation maîtrisée
161.40,282.7,0.0,SAFE,10,Situation maîtrisée
161.45,282.7,0.0,SAFE,10,Situation maîtrisée
161.50,282.7,0.0,SAFE,10,Situation maîtrisée
161.55,282.7,0.0,SAFE,10,Situation maîtrisée
161.60,282.7,0.0,SAFE,10,Situation maîtrisée
161.65,282.7,0.0,SAFE,10,Situation maîtrisée
161.70,282.7,0.0,SAFE,10,Situation maîtrisée
161.75,282.7,0.0,SAFE,10,Situation maîtrisée
161.80,282.7,0.0,SAFE,10,Situation maîtrisée
161.85,282.7,0.0,SAFE,10,Situation maîtrisée
161.90,282.7,0.0,SAFE,10,Situation maîtrisée
161.95,282.7,0.0,SAFE,10,Situation maîtrisée
162.00,282.7,0.0,SAFE,10,Situation maîtrisée
162.05,282.7,0.0,SAFE,10,Situation maîtrisée
162.10,282.7,0.0,SAFE,10,Situation maîtrisée
162.15,282.7,0.0,SAFE,10,Situation maîtrisée
162.20,282.7,0.0,SAFE,10,Situation maîtrisée
162.25,282.7,0.0,SAFE,10,Situation maîtrisée
162.30,282.7,0.0,SAFE,10,Situation maîtrisée
162.35,282.7,0.0,SAFE,10,Situation maîtrisée
162.40,282.7,0.0,SAFE,10,Situation maîtrisée
162.45,282.7,0.0,SAFE,10,Situation maîtrisée
162.50,282.7,0.0,SAFE,10,Situation maîtrisée
162.55,282.7,0.0,SAFE,10,Situation maîtrisée
162.60,282.7,0.0,SAFE,10,Situation maîtrisée
162.65,282.7,0.0,SAFE,10,Situation maîtrisée
162.70,282.7,0.0,SAFE,10,Situation maîtrisée
162.75,282.7,0.0,SAFE,10,Situation maîtrisée
162.80,282.7,0.0,SAFE,10,Situation maîtrisée
162.85,282.7,0.0,SAFE,10,Situation maîtrisée
162.90,282.7,0.0,SAFE,10,Situation maîtrisée
162.95,282.7,0.0,SAFE,10,Situation maîtrisée
163.00,282.7,0.0,SAFE,10,Situation maîtrisée
163.05,282.7,0.0,SAFE,10,Situation maîtrisée
163.10,282.7,0.0,SAFE,10,Situation maîtrisée
163.15,282.7,0.0,SAFE,10,Situation maîtrisée
163.20,282.7,0.0,SAFE,10,Situation maîtrisée
163.25,282.7,0.0,SAFE,10,Situation maîtrisée
163.30,282.7,0.0,SAFE,10,Situation maîtrisée
163.35,282.7,0.0,SAFE,10,Situation maîtrisée
163.40,282.7,0.0,SAFE,10,Situation maîtrisée
163.45,282.7,0.0,SAFE,10,Situation maîtrisée
163.50,282.7,0.0,SAFE,10,Situation maîtrisée
163.55,282.7,0.0,SAFE,10,Situation maîtrisée
163.60,282.7,0.0,SAFE,10,Situation maîtrisée
163.65,282.7,0.0,SAFE,10,Situation maîtrisée
163.70,282.7,0.0,SAFE,10,Situation maîtrisée
163.75,282.7,0.0,SAFE,10,Situation maîtrisée
163.80,282.7,0.0,SAFE,10,Situation maîtrisée
163.85,282.7,0.0,SAFE,10,Situation maîtrisée
163.90,282.7,0.0,SAFE,10,Situation maîtrisée
163.95,282.7,0.0,SAFE,10,Situation maîtrisée
164.00,282.7,0.0,SAFE,10,Situation maîtrisée
164.05,282.7,0.0,SAFE,10,Situation maîtrisée
164.10,282.7,0.0,SAFE,10,Situation maîtrisée
164.15,282.7,0.0,SAFE,10,Situation maîtrisée
164.20,282.7,0.0,SAFE,10,Situation maîtrisée
164.25,282.7,0.0,SAFE,10,Situation maîtrisée
164.30,282.7,0.0,SAFE,10,Situation maîtrisée
164.35,282.7,0.0,SAFE,10,Situation maîtrisée
164.40,282.7,0.0,SAFE,10,Situation maîtrisée
164.45,282.7,0.0,SAFE,10,Situation maîtrisée
164.50,282.7,0.0,SAFE,10,Situation maîtrisée
164.55,282.7,0.0,SAFE,10,Situation maîtrisée
164.60,282.7,0.0,SAFE,10,Situation maîtrisée
164.65,282.7,0.0,SAFE,10,Situation maîtrisée
164.70,282.7,0.0,SAFE,10,Situation maîtrisée
164.75,282.7,0.0,SAFE,10,Situation maîtrisée
164.80,282.7,0.0,SAFE,10,Situation maîtrisée
164.85,282.7,0.0,SAFE,10,Situation maîtrisée
164.90,282.7,0.0,SAFE,10,Situation maîtrisée
164.95,282.7,0.0,SAFE,10,Situation maîtrisée
165.00,282.7,0.0,SAFE,10,Situation maîtrisée
165.05,282.7,0.0,SAFE,10,Situation maîtrisée
165.10,282.7,0.0,SAFE,10,Situation maîtrisée
165.15,282.7,0.0,SAFE,10,Situation maîtrisée
165.20,282.7,0.0,SAFE,10,Situation maîtrisée
165.25,282.7,0.0,SAFE,10,Situation maîtrisée
165.30,282.7,0.0,SAFE,10,Situation maîtrisée
165.35,282.7,0.0,SAFE,10,Situation maîtrisée
165.40,282.7,0.0,SAFE,10,Situation maîtrisée
165.45,282.7,0.0,SAFE,10,Situation maîtrisée
165.50,282.7,0.0,SAFE,10,Situation maîtrisée
165.55,282.7,0.0,SAFE,10,Situation maîtrisée
165.60,282.7,0.0,SAFE,10,Situation maîtrisée
165.65,282.7,0.0,SAFE,10,Situation maîtrisée
165.70,282.7,0.0,SAFE,10,Situation maîtrisée
165.75,282.7,0.0,SAFE,10,Situation maîtrisée
165.80,282.7,0.0,SAFE,10,Situation maîtrisée
165.85,282.7,0.0,SAFE,10,Situation maîtrisée
165.90,282.7,0.0,SAFE,10,Situation maîtrisée
165.95,282.7,0.0,SAFE,10,Situation maîtrisée
166.00,282.7,0.0,SAFE,10,Situation maîtrisée
166.05,282.7,0.0,SAFE,10,Situation maîtrisée
166.10,282.7,0.0,SAFE,10,Situation maîtrisée
166.15,282.7,0.0,SAFE,10,Situation maîtrisée
166.20,282.7,0.0,SAFE,10,Situation maîtrisée
166.25,282.7,0.0,SAFE,10,Situation maîtrisée
166.30,282.7,0.0,SAFE,10,Situation maîtrisée
166.35,282.7,0.0,SAFE,10,Situation maîtrisée
166.40,282.7,0.0,SAFE,10,Situation maîtrisée
166.45,282.7,0.0,SAFE,10,Situation maîtrisée
166.50,282.7,0.0,SAFE,10,Situation maîtrisée
166.55,282.7,0.0,SAFE,10,Situation maîtrisée
166.60,282.7,0.0,SAFE,10,Situation maîtrisée
166.65,282.7,0.0,SAFE,10,Situation maîtrisée
166.70,282.7,0.0,SAFE,10,Situation maîtrisée
166.75,282.7,0.0,SAFE,10,Situation maîtrisée
166.80,282.7,0.0,SAFE,10,Situation maîtrisée
166.85,282.7,0.0,SAFE,10,Situation maîtrisée
166.90,282.7,0.0,SAFE,10,Situation maîtrisée
166.95,282.7,0.0,SAFE,10,Situation maîtrisée
167.00,282.7,0.0,SAFE,10,Situation maîtrisée
167.05,282.7,0.0,SAFE,10,Situation maîtrisée
167.10,282.7,0.0,SAFE,10,Situation maîtrisée
167.15,282.7,0.0,SAFE,10,Situation maîtrisée
167.20,282.7,0.0,SAFE,10,Situation maîtrisée
167.25,282.7,0.0,SAFE,10,Situation maîtrisée
167.30,282.7,0.0,SAFE,10,Situation maîtrisée
167.35,282.7,0.0,SAFE,10,Situation maîtrisée
167.40,282.7,0.0,SAFE,10,Situation maîtrisée
167.45,282.7,0.0,SAFE,10,Situation maîtrisée
167.50,282.7,0.0,SAFE,10,Situation maîtrisée
167.55,282.7,0.0,SAFE,10,Situation maîtrisée
167.60,282.7,0.0,SAFE,10,Situation maîtrisée
167.65,282.7,0.0,SAFE,10,Situation maîtrisée
167.70,282.7,0.0,SAFE,10,Situation maîtrisée
167.75,282.7,0.0,SAFE,10,Situation maîtrisée
167.80,282.7,0.0,SAFE,10,Situation maîtrisée
167.85,282.7,0.0,SAFE,10,Situation maîtrisée
167.90,282.7,0.0,SAFE,10,Situation maîtrisée
167.95,282.7,0.0,SAFE,10,Situation maîtrisée
168.00,282.7,0.0,SAFE,10,Situation maîtrisée
168.05,282.7,0.0,SAFE,10,Situation maîtrisée
168.10,282.7,0.0,SAFE,10,Situation maîtrisée
168.15,282.7,0.0,SAFE,10,Situation maîtrisée
168.20,282.7,0.0,SAFE,10,Situation maîtrisée
168.25,282.7,0.0,SAFE,10,Situation maîtrisée
168.30,282.7,0.0,SAFE,10,Situation maîtrisée
168.35,282.7,0.0,SAFE,10,Situation maîtrisée
168.40,282.7,0.0,SAFE,10,Situation maîtrisée
168.45,282.7,0.0,SAFE,10,Situation maîtrisée
168.50,282.7,0.0,SAFE,10,Situation maîtrisée
168.55,282.7,0.0,SAFE,10,Situation maîtrisée
168.60,282.7,0.0,SAFE,10,Situation maîtrisée
168.65,282.7,0.0,SAFE,10,Situation maîtrisée
168.70,282.7,0.0,SAFE,10,Situation maîtrisée
168.75,282.7,0.0,SAFE,10,Situation maîtrisée
168.80,282.7,0.0,SAFE,10,Situation maîtrisée
168.85,282.7,0.0,SAFE,10,Situation maîtrisée
168.90,282.7,0.0,SAFE,10,Situation maîtrisée
168.95,282.7,0.0,SAFE,10,Situation maîtrisée
169.00,282.7,0.0,SAFE,9,Situation maîtrisée
169.05,282.7,0.0,SAFE,9,Situation maîtrisée
169.10,282.7,0.0,SAFE,9,Situation maîtrisée
169.15,282.7,0.0,SAFE,9,Situation maîtrisée
169.20,282.7,0.0,SAFE,9,Situation maîtrisée
169.25,282.7,0.0,SAFE,9,Situation maîtrisée
169.30,282.7,0.0,SAFE,9,Situation maîtrisée
169.35,282.7,0.0,SAFE,9,Situation maîtrisée
169.40,282.7,0.0,SAFE,9,Situation maîtrisée
169.45,282.7,0.0,SAFE,9,Situation maîtrisée
169.50,282.7,0.0,SAFE,9,Situation maîtrisée
169.55,282.7,0.0,SAFE,9,Situation maîtrisée
169.60,282.7,0.0,SAFE,9,Situation maîtrisée
169.65,282.7,0.0,SAFE,9,Situation maîtrisée
169.70,282.7,0.0,SAFE,9,Situation maîtrisée
169.75,282.7,0.0,SAFE,9,Situation maîtrisée
169.80,282.7,0.0,SAFE,9,Situation maîtrisée
169.85,282.7,0.0,SAFE,9,Situation maîtrisée
169.90,282.7,0.0,SAFE,10,Situation maîtrisée
169.95,282.7,0.0,SAFE,10,Situation maîtrisée
170.00,282.7,0.0,SAFE,10,Situation maîtrisée
170.05,282.7,0.0,SAFE,10,Situation maîtrisée
170.10,282.7,0.0,SAFE,10,Situation maîtrisée
170.15,282.7,0.0,SAFE,10,Situation maîtrisée
170.20,282.7,0.0,SAFE,10,Situation maîtrisée
170.25,282.7,0.0,SAFE,10,Situation maîtrisée
170.30,282.7,0.0,SAFE,10,Situation maîtrisée
170.35,282.7,0.0,SAFE,10,Situation maîtrisée
170.40,282.7,0.0,SAFE,10,Situation maîtrisée
170.45,282.7,0.0,SAFE,10,Situation maîtrisée
170.50,282.7,0.0,SAFE,10,Situation maîtrisée
170.55,282.7,0.0,SAFE,10,Situation maîtrisée
170.60,282.7,0.0,SAFE,10,Situation maîtrisée
170.65,282.7,0.0,SAFE,10,Situation maîtrisée
170.70,282.7,0.0,SAFE,10,Situation maîtrisée
170.75,282.7,0.0,SAFE,10,Situation maîtrisée
170.80,282.7,0.0,SAFE,10,Situation maîtrisée
170.85,282.7,0.0,SAFE,10,Situation maîtrisée
170.90,282.7,0.0,SAFE,10,Situation maîtrisée
170.95,282.7,0.0,SAFE,10,Situation maîtrisée
171.00,282.7,0.0,SAFE,10,Situation maîtrisée
171.05,282.7,0.0,SAFE,10,Situation maîtrisée
171.10,282.7,0.0,SAFE,10,Situation maîtrisée
171.15,282.7,0.0,SAFE,10,Situation maîtrisée
171.20,282.7,0.0,SAFE,10,Situation maîtrisée
171.25,282.7,0.0,SAFE,10,Situation maîtrisée
171.30,282.7,0.0,SAFE,10,Situation maîtrisée
171.35,282.7,0.0,SAFE,10,Situation maîtrisée
171.40,282.7,0.0,SAFE,10,Situation maîtrisée
171.45,282.7,0.0,SAFE,10,Situation maîtrisée
171.50,282.7,0.0,SAFE,10,Situation maîtrisée
171.55,282.7,0.0,SAFE,10,Situation maîtrisée
171.60,282.7,0.0,SAFE,10,Situation maîtrisée
171.65,282.7,0.0,SAFE,10,Situation maîtrisée
171.70,282.7,0.0,SAFE,10,Situation maîtrisée
171.75,282.7,0.0,SAFE,10,Situation maîtrisée
171.80,282.7,0.0,SAFE,10,Situation maîtrisée
171.85,282.7,0.0,SAFE,10,Situation maîtrisée
171.90,282.7,0.0,SAFE,10,Situation maîtrisée
171.95,282.7,0.0,SAFE,10,Situation maîtrisée
172.00,282.7,0.0,SAFE,10,Situation maîtrisée
172.05,282.7,0.0,SAFE,10,Situation maîtrisée
172.10,282.7,0.0,SAFE,10,Situation maîtrisée
172.15,282.7,0.0,SAFE,10,Situation maîtrisée
172.20,282.7,0.0,SAFE,10,Situation maîtrisée
172.25,282.7,0.0,SAFE,10,Situation maîtrisée
172.30,282.7,0.0,SAFE,10,Situation maîtrisée
172.35,282.7,0.0,SAFE,9,Situation maîtrisée
172.40,282.7,0.0,SAFE,9,Situation maîtrisée
172.45,282.7,0.0,SAFE,9,Situation maîtrisée
172.50,282.7,0.0,SAFE,9,Situation maîtrisée
172.55,282.7,0.0,SAFE,9,Situation maîtrisée
172.60,282.7,0.0,SAFE,9,Situation maîtrisée
172.65,282.7,0.0,SAFE,9,Situation maîtrisée
172.70,282.7,0.0,SAFE,9,Situation maîtrisée
172.75,282.7,0.0,SAFE,9,Situation maîtrisée
172.80,282.7,0.0,SAFE,9,Situation maîtrisée
172.85,282.7,0.0,SAFE,9,Situation maîtrisée
172.90,282.7,0.0,SAFE,9,Situation maîtrisée
172.95,282.7,0.0,SAFE,9,Situation maîtrisée
173.00,282.7,0.0,SAFE,9,Situation maîtrisée
173.05,282.7,0.0,SAFE,9,Situation maîtrisée
173.10,282.7,0.0,SAFE,9,Situation maîtrisée
173.15,282.7,0.0,SAFE,9,Situation maîtrisée
173.20,282.7,0.0,SAFE,9,Situation maîtrisée
173.25,282.7,0.0,SAFE,9,Situation maîtrisée
173.30,282.7,0.0,SAFE,9,Situation maîtrisée
173.35,282.7,0.0,SAFE,9,Situation maîtrisée
173.40,282.7,0.0,SAFE,9,Situation maîtrisée
173.45,282.7,0.0,SAFE,9,Situation maîtrisée
173.50,282.7,0.0,SAFE,9,Situation maîtrisée
173.55,282.7,0.0,SAFE,9,Situation maîtrisée
173.60,282.7,0.0,SAFE,9,Situation maîtrisée
173.65,282.7,0.0,SAFE,9,Situation maîtrisée
173.70,282.7,0.0,SAFE,9,Situation maîtrisée
173.75,282.7,0.0,SAFE,9,Situation maîtrisée
173.80,282.7,0.0,SAFE,9,Situation maîtrisée
173.85,282.7,0.0,SAFE,9,Situation maîtrisée
173.90,282.7,0.0,SAFE,9,Situation maîtrisée
173.95,282.7,0.0,SAFE,9,Situation maîtrisée
174.00,282.7,0.0,SAFE,9,Situation maîtrisée
174.05,282.7,0.0,SAFE,9,Situation maîtrisée
174.10,282.7,0.0,SAFE,9,Situation maîtrisée
174.15,282.7,0.0,SAFE,9,Situation maîtrisée
174.20,282.7,0.0,SAFE,9,Situation maîtrisée
174.25,282.7,0.0,SAFE,9,Situation maîtrisée
174.30,282.7,0.0,SAFE,9,Situation maîtrisée
174.35,282.7,0.0,SAFE,9,Situation maîtrisée
174.40,282.7,0.0,SAFE,9,Situation maîtrisée
174.45,282.7,0.0,SAFE,9,Situation maîtrisée
174.50,282.7,0.0,SAFE,9,Situation maîtrisée
174.55,282.7,0.0,SAFE,9,Situation maîtrisée
174.60,282.7,0.0,SAFE,9,Situation maîtrisée
174.65,282.7,0.0,SAFE,9,Situation maîtrisée
174.70,282.7,0.0,SAFE,9,Situation maîtrisée
174.75,282.7,0.0,SAFE,9,Situation maîtrisée
174.80,282.7,0.0,SAFE,9,Situation maîtrisée
174.85,282.7,0.0,SAFE,9,Situation maîtrisée
174.90,282.7,0.0,SAFE,9,Situation maîtrisée
174.95,282.7,0.0,SAFE,9,Situation maîtrisée
175.00,282.7,0.0,SAFE,9,Situation maîtrisée
175.05,282.7,0.0,SAFE,9,Situation maîtrisée
175.10,282.7,0.0,SAFE,9,Situation maîtrisée
175.15,282.7,0.0,SAFE,9,Situation maîtrisée
175.20,282.7,0.0,SAFE,9,Situation maîtrisée
175.25,282.7,0.0,SAFE,9,Situation maîtrisée
175.30,282.7,0.0,SAFE,9,Situation maîtrisée
175.35,282.7,0.0,SAFE,9,Situation maîtrisée
175.40,282.7,0.0,SAFE,9,Situation maîtrisée
175.45,282.7,0.0,SAFE,9,Situation maîtrisée
175.50,282.7,0.0,SAFE,9,Situation maîtrisée
175.55,282.7,0.0,SAFE,9,Situation maîtrisée
175.60,282.7,0.0,SAFE,9,Situation maîtrisée
175.65,282.7,0.0,SAFE,9,Situation maîtrisée
175.70,282.7,0.0,SAFE,9,Situation maîtrisée
175.75,282.7,0.0,SAFE,9,Situation maîtrisée
175.80,282.7,0.0,SAFE,9,Situation maîtrisée
175.85,282.7,0.0,SAFE,9,Situation maîtrisée
175.90,282.7,0.0,SAFE,9,Situation maîtrisée
175.95,282.7,0.0,SAFE,9,Situation maîtrisée
176.00,282.7,0.0,SAFE,9,Situation maîtrisée
176.05,282.7,0.0,SAFE,9,Situation maîtrisée
176.10,282.7,0.0,SAFE,9,Situation maîtrisée
176.15,282.7,0.0,SAFE,9,Situation maîtrisée
176.20,282.7,0.0,SAFE,9,Situation maîtrisée
176.25,282.7,0.0,SAFE,9,Situation maîtrisée
176.30,282.7,0.0,SAFE,9,Situation maîtrisée
176.35,282.7,0.0,SAFE,9,Situation maîtrisée
176.40,282.7,0.0,SAFE,9,Situation maîtrisée
176.45,282.7,0.0,SAFE,9,Situation maîtrisée
176.50,282.7,0.0,SAFE,9,Situation maîtrisée
176.55,282.7,0.0,SAFE,9,Situation maîtrisée
176.60,282.7,0.0,SAFE,9,Situation maîtrisée
176.65,282.7,0.0,SAFE,9,Situation maîtrisée
176.70,282.7,0.0,SAFE,9,Situation maîtrisée
176.75,282.7,0.0,SAFE,9,Situation maîtrisée
176.80,282.7,0.0,SAFE,9,Situation maîtrisée
176.85,282.7,0.0,SAFE,9,Situation maîtrisée
176.90,282.7,0.0,SAFE,9,Situation maîtrisée
176.95,282.7,0.0,SAFE,9,Situation maîtrisée
177.00,282.7,0.0,SAFE,9,Situation maîtrisée
177.05,282.7,0.0,SAFE,9,Situation maîtrisée
177.10,282.7,0.0,SAFE,9,Situation maîtrisée
177.15,282.7,0.0,SAFE,9,Situation maîtrisée
177.20,282.7,0.0,SAFE,9,Situation maîtrisée
177.25,282.7,0.0,SAFE,9,Situation maîtrisée
177.30,282.7,0.0,SAFE,9,Situation maîtrisée
177.35,282.7,0.0,SAFE,9,Situation maîtrisée
177.40,282.7,0.0,SAFE,9,Situation maîtrisée
177.45,282.7,0.0,SAFE,9,Situation maîtrisée
177.50,282.7,0.0,SAFE,9,Situation maîtrisée
177.55,282.7,0.0,SAFE,9,Situation maîtrisée
177.60,282.7,0.0,SAFE,9,Situation maîtrisée
177.65,282.7,0.0,SAFE,9,Situation maîtrisée
177.70,282.7,0.0,SAFE,9,Situation maîtrisée
177.75,282.7,0.0,SAFE,9,Situation maîtrisée
177.80,282.7,0.0,SAFE,9,Situation maîtrisée
177.85,282.7,0.0,SAFE,9,Situation maîtrisée
177.90,282.7,0.0,SAFE,9,Situation maîtrisée
177.95,282.7,0.0,SAFE,9,Situation maîtrisée
178.00,282.7,0.0,SAFE,9,Situation maîtrisée
178.05,282.7,0.0,SAFE,9,Situation maîtrisée
178.10,282.7,0.0,SAFE,9,Situation maîtrisée
178.15,282.7,0.0,SAFE,9,Situation maîtrisée
178.20,282.7,0.0,SAFE,9,Situation maîtrisée
178.25,282.7,0.0,SAFE,9,Situation maîtrisée
178.30,282.7,0.0,SAFE,9,Situation maîtrisée
178.35,282.7,0.0,SAFE,9,Situation maîtrisée
178.40,282.7,0.0,SAFE,9,Situation maîtrisée
178.45,282.7,0.0,SAFE,9,Situation maîtrisée
178.50,282.7,0.0,SAFE,9,Situation maîtrisée
178.55,282.7,0.0,SAFE,9,Situation maîtrisée
178.60,282.7,0.0,SAFE,9,Situation maîtrisée
178.65,282.7,0.0,SAFE,9,Situation maîtrisée
178.70,282.7,0.0,SAFE,9,Situation maîtrisée
178.75,282.7,0.0,SAFE,9,Situation maîtrisée
178.80,282.7,0.0,SAFE,9,Situation maîtrisée
178.85,282.7,0.0,SAFE,9,Situation maîtrisée
178.90,282.7,0.0,SAFE,9,Situation maîtrisée
178.95,282.7,0.0,SAFE,9,Situation maîtrisée
179.00,282.7,0.0,SAFE,9,Situation maîtrisée
179.05,282.7,0.0,SAFE,9,Situation maîtrisée
179.10,282.7,0.0,SAFE,9,Situation maîtrisée
179.15,282.7,0.0,SAFE,9,Situation maîtrisée
179.20,282.7,0.0,SAFE,9,Situation maîtrisée
179.25,282.7,0.0,SAFE,9,Situation maîtrisée
179.30,282.7,0.0,SAFE,9,Situation maîtrisée
179.35,282.7,0.0,SAFE,9,Situation maîtrisée
179.40,282.7,0.0,SAFE,9,Situation maîtrisée
179.45,282.7,0.0,SAFE,9,Situation maîtrisée
179.50,282.7,0.0,SAFE,9,Situation maîtrisée
179.55,282.7,0.0,SAFE,9,Situation maîtrisée
179.60,282.7,0.0,SAFE,9,Situation maîtrisée
179.65,282.7,0.0,SAFE,9,Situation maîtrisée
179.70,282.7,0.0,SAFE,9,Situation maîtrisée
179.75,282.7,0.0,SAFE,9,Situation maîtrisée
179.80,282.7,0.0,SAFE,9,Situation maîtrisée
179.85,282.7,0.0,SAFE,9,Situation maîtrisée
179.90,282.7,0.0,SAFE,9,Situation maîtrisée
179.95,282.7,0.0,SAFE,9,Situation maîtrisée
180.00,282.7,0.0,SAFE,9,Situation maîtrisée
180.05,282.7,0.0,SAFE,9,Situation maîtrisée
180.10,282.7,0.0,SAFE,9,Situation maîtrisée
180.15,282.7,0.0,SAFE,9,Situation maîtrisée
180.20,282.7,0.0,SAFE,9,Situation maîtrisée
180.25,282.7,0.0,SAFE,9,Situation maîtrisée
180.30,282.7,0.0,SAFE,9,Situation maîtrisée
180.35,282.7,0.0,SAFE,9,Situation maîtrisée
180.40,282.7,0.0,SAFE,9,Situation maîtrisée
180.45,282.7,0.0,SAFE,9,Situation maîtrisée
180.50,282.7,0.0,SAFE,9,Situation maîtrisée
180.55,282.7,0.0,SAFE,9,Situation maîtrisée
180.60,282.7,0.0,SAFE,9,Situation maîtrisée
180.65,282.7,0.0,SAFE,9,Situation maîtrisée
180.70,282.7,0.0,SAFE,9,Situation maîtrisée
180.75,282.7,0.0,SAFE,9,Situation maîtrisée
180.80,282.7,0.0,SAFE,9,Situation maîtrisée
180.85,282.7,0.0,SAFE,9,Situation maîtrisée
180.90,282.7,0.0,SAFE,9,Situation maîtrisée
180.95,282.7,0.0,SAFE,9,Situation maîtrisée
181.00,282.7,0.0,SAFE,9,Situation maîtrisée
181.05,282.7,0.0,SAFE,9,Situation maîtrisée
181.10,282.7,0.0,SAFE,9,Situation maîtrisée
181.15,282.7,0.0,SAFE,9,Situation maîtrisée
181.20,282.7,0.0,SAFE,9,Situation maîtrisée
181.25,282.7,0.0,SAFE,9,Situation maîtrisée
181.30,282.7,0.0,SAFE,9,Situation maîtrisée
181.35,282.7,0.0,SAFE,9,Situation maîtrisée
181.40,282.7,0.0,SAFE,9,Situation maîtrisée
181.45,282.7,0.0,SAFE,9,Situation maîtrisée
181.50,282.7,0.0,SAFE,9,Situation maîtrisée
181.55,282.7,0.0,SAFE,9,Situation maîtrisée
181.60,282.7,0.0,SAFE,9,Situation maîtrisée
181.65,282.7,0.0,SAFE,9,Situation maîtrisée
181.70,282.7,0.0,SAFE,9,Situation maîtrisée
181.75,282.7,0.0,SAFE,9,Situation maîtrisée
181.80,282.7,0.0,SAFE,9,Situation maîtrisée
181.85,282.7,0.0,SAFE,9,Situation maîtrisée
181.90,282.7,0.0,SAFE,9,Situation maîtrisée
181.95,282.7,0.0,SAFE,9,Situation maîtrisée
182.00,282.7,0.0,SAFE,9,Situation maîtrisée
182.05,282.7,0.0,SAFE,9,Situation maîtrisée
182.10,282.7,0.0,SAFE,9,Situation maîtrisée
182.15,282.7,0.0,SAFE,9,Situation maîtrisée
182.20,282.7,0.0,SAFE,9,Situation maîtrisée
182.25,282.7,0.0,SAFE,9,Situation maîtrisée
182.30,282.7,0.0,SAFE,9,Situation maîtrisée
182.35,282.7,0.0,SAFE,9,Situation maîtrisée
182.40,282.7,0.0,SAFE,9,Situation maîtrisée
182.45,282.7,0.0,SAFE,9,Situation maîtrisée
182.50,282.7,0.0,SAFE,9,Situation maîtrisée
182.55,282.7,0.0,SAFE,9,Situation maîtrisée
182.60,282.7,0.0,SAFE,9,Situation maîtrisée
182.65,282.7,0.0,SAFE,9,Situation maîtrisée
182.70,282.7,0.0,SAFE,10,Situation maîtrisée
182.75,282.7,0.0,SAFE,10,Situation maîtrisée
182.80,282.7,0.0,SAFE,10,Situation maîtrisée
182.85,282.7,0.0,SAFE,10,Situation maîtrisée
182.90,282.7,0.0,SAFE,10,Situation maîtrisée
182.95,282.7,0.0,SAFE,10,Situation maîtrisée
183.00,282.7,0.0,SAFE,10,Situation maîtrisée
183.05,282.7,0.0,SAFE,10,Situation maîtrisée
183.10,282.7,0.0,SAFE,10,Situation maîtrisée
183.15,282.7,0.0,SAFE,10,Situation maîtrisée
183.20,282.7,0.0,SAFE,10,Situation maîtrisée
183.25,282.7,0.0,SAFE,10,Situation maîtrisée
183.30,282.7,0.0,SAFE,10,Situation maîtrisée
183.35,282.7,0.0,SAFE,10,Situation maîtrisée
183.40,282.7,0.0,SAFE,10,Situation maîtrisée
183.45,282.7,0.0,SAFE,10,Situation maîtrisée
183.50,282.7,0.0,SAFE,10,Situation maîtrisée
183.55,282.7,0.0,SAFE,10,Situation maîtrisée
183.60,282.7,0.0,SAFE,10,Situation maîtrisée
183.65,282.7,0.0,SAFE,10,Situation maîtrisée
183.70,282.7,0.0,SAFE,10,Situation maîtrisée
183.75,282.7,0.0,SAFE,10,Situation maîtrisée
183.80,282.7,0.0,SAFE,10,Situation maîtrisée
183.85,282.7,0.0,SAFE,10,Situation maîtrisée
183.90,282.7,0.0,SAFE,10,Situation maîtrisée
183.95,282.7,0.0,SAFE,10,Situation maîtrisée
184.00,282.7,0.0,SAFE,10,Situation maîtrisée
184.05,282.7,0.0,SAFE,10,Situation maîtrisée
184.10,282.7,0.0,SAFE,10,Situation maîtrisée
184.15,282.7,0.0,SAFE,10,Situation maîtrisée
184.20,282.7,0.0,SAFE,10,Situation maîtrisée
184.25,282.7,0.0,SAFE,10,Situation maîtrisée
184.30,282.7,0.0,SAFE,10,Situation maîtrisée
184.35,282.7,0.0,SAFE,10,Situation maîtrisée
184.40,282.7,0.0,SAFE,10,Situation maîtrisée
184.45,282.7,0.0,SAFE,10,Situation maîtrisée
184.50,282.7,0.0,SAFE,10,Situation maîtrisée
184.55,282.7,0.0,SAFE,10,Situation maîtrisée
184.60,282.7,0.0,SAFE,10,Situation maîtrisée
184.65,282.7,0.0,SAFE,10,Situation maîtrisée
184.70,282.7,0.0,SAFE,10,Situation maîtrisée
184.75,282.7,0.0,SAFE,10,Situation maîtrisée
184.80,282.7,0.0,SAFE,10,Situation maîtrisée
184.85,282.7,0.0,SAFE,10,Situation maîtrisée
184.90,282.7,0.3,SAFE,10,Situation maîtrisée
184.95,282.7,0.0,SAFE,10,Situation maîtrisée
185.00,282.7,0.4,SAFE,10,Situation maîtrisée
185.05,282.7,0.0,SAFE,10,Situation maîtrisée
185.10,282.7,0.3,SAFE,10,Situation maîtrisée
185.15,282.7,0.0,SAFE,10,Situation maîtrisée
185.20,282.7,0.3,SAFE,10,Situation maîtrisée
185.25,282.7,0.0,SAFE,10,Situation maîtrisée
185.30,282.7,0.3,SAFE,10,Situation maîtrisée
185.35,282.7,0.0,SAFE,10,Situation maîtrisée
185.40,282.7,0.3,SAFE,10,Situation maîtrisée
185.45,282.7,0.0,SAFE,10,Situation maîtrisée
185.50,282.7,0.3,SAFE,10,Situation maîtrisée
185.55,282.7,0.0,SAFE,10,Situation maîtrisée
185.60,282.7,0.3,SAFE,10,Situation maîtrisée
185.65,282.7,0.0,SAFE,10,Situation maîtrisée
185.70,282.7,0.3,SAFE,10,Situation maîtrisée
185.75,282.7,0.1,SAFE,10,Situation maîtrisée
185.80,282.7,0.6,SAFE,10,Situation maîtrisée
185.85,282.7,0.9,SAFE,10,Situation maîtrisée
185.90,282.8,1.7,SAFE,10,Situation maîtrisée
185.95,282.8,0.0,SAFE,10,Situation maîtrisée
186.00,282.8,0.4,SAFE,10,Situation maîtrisée
186.05,282.8,1.1,SAFE,10,Situation maîtrisée
186.10,282.8,1.8,SAFE,10,Situation maîtrisée
186.15,282.8,2.6,SAFE,10,Situation maîtrisée
186.20,282.9,3.4,SAFE,10,Situation maîtrisée
186.25,282.9,4.1,SAFE,10,Situation maîtrisée
186.30,283.0,5.0,SAFE,10,Situation maîtrisée
186.35,283.1,5.8,SAFE,10,Situation maîtrisée
186.40,283.1,6.5,SAFE,10,Situation maîtrisée
186.45,283.2,7.3,SAFE,10,Situation maîtrisée
186.50,283.4,8.1,SAFE,10,Situation maîtrisée
186.55,283.5,8.5,SAFE,10,Situation maîtrisée
186.60,283.6,8.7,SAFE,10,Situation maîtrisée
186.65,283.7,8.7,SAFE,10,Situation maîtrisée
186.70,283.8,8.6,SAFE,10,Situation maîtrisée
186.75,283.9,8.5,SAFE,10,Situation maîtrisée
186.80,284.1,8.3,SAFE,10,Situation maîtrisée
186.85,284.2,8.1,SAFE,11,Situation maîtrisée
186.90,284.3,7.9,SAFE,11,Situation maîtrisée
186.95,284.4,7.7,SAFE,11,Situation maîtrisée
187.00,284.5,7.5,SAFE,11,Situation maîtrisée
187.05,284.6,7.3,SAFE,11,Situation maîtrisée
187.10,284.7,7.2,SAFE,11,Situation maîtrisée
187.15,284.8,7.2,SAFE,11,Situation maîtrisée
187.20,284.9,7.4,SAFE,12,Situation maîtrisée
187.25,285.0,7.9,SAFE,12,Situation maîtrisée
187.30,285.1,8.6,SAFE,12,Situation maîtrisée
187.35,285.3,9.3,SAFE,12,Situation maîtrisée
187.40,285.4,10.1,SAFE,12,Situation maîtrisée
187.45,285.5,10.8,SAFE,12,Situation maîtrisée
187.50,285.7,11.2,SAFE,12,Situation maîtrisée
187.55,285.8,11.3,SAFE,11,Situation maîtrisée
187.60,286.0,11.2,SAFE,11,Situation maîtrisée
187.65,286.2,11.1,SAFE,11,Situation maîtrisée
187.70,286.3,10.9,SAFE,11,Situation maîtrisée
187.75,286.5,10.7,SAFE,11,Situation maîtrisée
187.80,286.6,10.5,SAFE,11,Situation maîtrisée
187.85,286.7,10.3,SAFE,11,Situation maîtrisée
187.90,286.9,10.1,SAFE,11,Situation maîtrisée
187.95,287.0,10.1,SAFE,11,Situation maîtrisée
188.00,287.2,10.3,SAFE,11,Situation maîtrisée
188.05,287.3,10.7,SAFE,11,Situation maîtrisée
188.10,287.5,11.3,SAFE,11,Situation maîtrisée
188.15,287.6,11.9,SAFE,11,Situation maîtrisée
188.20,287.8,12.6,SAFE,11,Situation maîtrisée
188.25,288.0,13.2,SAFE,12,Situation maîtrisée
188.30,288.2,13.7,SAFE,12,Situation maîtrisée
188.35,288.4,13.9,SAFE,12,Situation maîtrisée
188.40,288.6,13.9,SAFE,13,Situation maîtrisée
188.45,288.8,13.8,SAFE,13,Situation maîtrisée
188.50,288.9,13.6,SAFE,13,Situation maîtrisée
188.55,289.1,13.3,SAFE,13,Situation maîtrisée
188.60,289.3,13.1,SAFE,13,Situation maîtrisée
188.65,289.5,12.8,SAFE,13,Situation maîtrisée
188.70,289.7,12.6,SAFE,13,Situation maîtrisée
188.75,289.8,12.5,SAFE,13,Situation maîtrisée
188.80,290.0,12.7,SAFE,13,Situation maîtrisée
188.85,290.2,13.1,SAFE,13,Situation maîtrisée
188.90,290.4,13.4,SAFE,13,Situation maîtrisée
188.95,290.6,13.6,SAFE,13,Situation maîtrisée
189.00,290.8,13.5,SAFE,13,Situation maîtrisée
189.05,290.9,13.3,SAFE,13,Situation maîtrisée
189.10,291.1,13.1,SAFE,13,Situation maîtrisée
189.15,291.3,12.9,SAFE,13,Situation maîtrisée
189.20,291.5,12.6,SAFE,13,Situation maîtrisée
189.25,291.7,12.3,SAFE,13,Situation maîtrisée
189.30,291.8,12.1,SAFE,13,Situation maîtrisée
189.35,292.0,11.8,SAFE,13,Situation maîtrisée
189.40,292.1,11.5,SAFE,13,Situation maîtrisée
189.45,292.3,11.3,SAFE,13,Situation maîtrisée
189.50,292.5,11.0,SAFE,13,Situation maîtrisée
189.55,292.6,10.8,SAFE,13,Situation maîtrisée
189.60,292.8,10.5,SAFE,13,Situation maîtrisée
189.65,292.9,10.3,SAFE,13,Situation maîtrisée
189.70,293.0,10.0,SAFE,13,Situation maîtrisée
189.75,293.2,9.8,SAFE,13,Situation maîtrisée
189.80,293.3,9.5,SAFE,13,Situation maîtrisée
189.85,293.4,9.3,SAFE,13,Situation maîtrisée
189.90,293.6,9.1,SAFE,13,Situation maîtrisée
189.95,293.7,8.9,SAFE,14,Situation maîtrisée
190.00,293.8,8.6,SAFE,14,Situation maîtrisée
190.05,293.9,8.4,SAFE,14,Situation maîtrisée
190.10,294.1,8.2,SAFE,14,Situation maîtrisée
190.15,294.2,8.0,SAFE,14,Situation maîtrisée
190.20,294.3,7.8,SAFE,14,Situation maîtrisée
190.25,294.4,7.6,SAFE,14,Situation maîtrisée
190.30,294.5,7.4,SAFE,14,Situation maîtrisée
190.35,294.6,7.2,SAFE,14,Situation maîtrisée
190.40,294.7,7.0,SAFE,13,Situation maîtrisée
190.45,294.8,6.8,SAFE,13,Situation maîtrisée
190.50,294.9,6.6,SAFE,13,Situation maîtrisée
190.55,295.0,6.4,SAFE,13,Situation maîtrisée
190.60,295.0,6.2,SAFE,13,Situation maîtrisée
190.65,295.1,5.9,SAFE,13,Situation maîtrisée
190.70,295.2,1.7,SAFE,13,Situation maîtrisée
190.75,295.2,0.0,SAFE,13,Situation maîtrisée
190.80,295.2,0.0,SAFE,13,Situation maîtrisée
190.85,295.2,0.0,SAFE,13,Situation maîtrisée
190.90,295.2,0.0,SAFE,13,Situation maîtrisée
190.95,295.2,0.0,SAFE,13,Situation maîtrisée
191.00,295.2,0.0,SAFE,14,Situation maîtrisée
191.05,295.2,0.0,SAFE,14,Situation maîtrisée
191.10,295.2,0.0,SAFE,14,Situation maîtrisée
191.15,295.2,0.0,SAFE,14,Situation maîtrisée
191.20,295.2,0.0,SAFE,14,Situation maîtrisée
191.25,295.2,0.0,SAFE,14,Situation maîtrisée
191.30,295.2,0.0,SAFE,14,Situation maîtrisée
191.35,295.2,0.0,SAFE,14,Situation maîtrisée
191.40,295.2,0.0,SAFE,14,Situation maîtrisée
191.45,295.2,0.0,SAFE,14,Situation maîtrisée
191.50,295.2,0.0,SAFE,14,Situation maîtrisée
191.55,295.2,0.0,SAFE,14,Situation maîtrisée
191.60,295.2,0.0,SAFE,14,Situation maîtrisée
191.65,295.2,0.0,SAFE,14,Situation maîtrisée
191.70,295.2,0.0,SAFE,14,Situation maîtrisée
191.75,295.2,0.0,SAFE,14,Situation maîtrisée
191.80,295.2,0.0,SAFE,14,Situation maîtrisée
191.85,295.2,0.0,SAFE,14,Situation maîtrisée
191.90,295.2,0.0,SAFE,14,Situation maîtrisée
191.95,295.2,0.0,SAFE,14,Situation maîtrisée
192.00,295.2,0.0,SAFE,14,Situation maîtrisée
192.05,295.2,0.0,SAFE,14,Situation maîtrisée
192.10,295.2,0.0,SAFE,14,Situation maîtrisée
192.15,295.2,0.0,SAFE,14,Situation maîtrisée
192.20,295.2,0.0,SAFE,14,Situation maîtrisée
192.25,295.2,0.0,SAFE,14,Situation maîtrisée
192.30,295.2,0.0,SAFE,14,Situation maîtrisée
192.35,295.2,0.0,SAFE,14,Situation maîtrisée
192.40,295.2,0.0,SAFE,14,Situation maîtrisée
192.45,295.2,0.0,SAFE,14,Situation maîtrisée
192.50,295.2,0.0,SAFE,14,Situation maîtrisée
192.55,295.2,0.0,SAFE,14,Situation maîtrisée
192.60,295.2,0.0,SAFE,14,Situation maîtrisée
192.65,295.2,0.0,SAFE,13,Situation maîtrisée
192.70,295.2,0.0,SAFE,13,Situation maîtrisée
192.75,295.2,0.0,SAFE,13,Situation maîtrisée
192.80,295.2,0.0,SAFE,13,Situation maîtrisée
192.85,295.2,0.0,SAFE,13,Situation maîtrisée
192.90,295.2,0.0,SAFE,13,Situation maîtrisée
192.95,295.2,0.0,SAFE,13,Situation maîtrisée
193.00,295.2,0.0,SAFE,13,Situation maîtrisée
193.05,295.2,0.0,SAFE,13,Situation maîtrisée
193.10,295.2,0.0,SAFE,13,Situation maîtrisée
193.15,295.2,0.0,SAFE,13,Situation maîtrisée
193.20,295.2,0.0,SAFE,13,Situation maîtrisée
193.25,295.2,0.0,SAFE,13,Situation maîtrisée
193.30,295.2,0.0,SAFE,13,Situation maîtrisée
193.35,295.2,0.0,SAFE,13,Situation maîtrisée
193.40,295.2,0.0,SAFE,13,Situation maîtrisée
193.45,295.2,0.0,SAFE,13,Situation maîtrisée
193.50,295.2,0.0,SAFE,13,Situation maîtrisée
193.55,295.2,0.0,SAFE,13,Situation maîtrisée
193.60,295.2,0.0,SAFE,13,Situation maîtrisée
193.65,295.2,0.0,SAFE,13,Situation maîtrisée
193.70,295.2,0.0,SAFE,13,Situation maîtrisée
193.75,295.2,0.0,SAFE,13,Situation maîtrisée
193.80,295.2,0.0,SAFE,13,Situation maîtrisée
193.85,295.2,0.0,SAFE,14,Situation maîtrisée
193.90,295.2,0.0,SAFE,14,Situation maîtrisée
193.95,295.2,0.0,SAFE,14,Situation maîtrisée
194.00,295.2,0.0,SAFE,14,Situation maîtrisée
194.05,295.2,0.0,SAFE,14,Situation maîtrisée
194.10,295.2,0.0,SAFE,14,Situation maîtrisée
194.15,295.2,0.0,SAFE,14,Situation maîtrisée
194.20,295.2,0.0,SAFE,14,Situation maîtrisée
194.25,295.2,0.0,SAFE,14,Situation maîtrisée
194.30,295.2,0.0,SAFE,14,Situation maîtrisée
194.35,295.2,0.0,SAFE,14,Situation maîtrisée
194.40,295.2,0.0,SAFE,14,Situation maîtrisée
194.45,295.2,0.0,SAFE,14,Situation maîtrisée
194.50,295.2,0.0,SAFE,14,Situation maîtrisée
194.55,295.2,0.0,SAFE,14,Situation maîtrisée
194.60,295.2,0.0,SAFE,14,Situation maîtrisée
194.65,295.2,0.0,SAFE,14,Situation maîtrisée
194.70,295.2,0.0,SAFE,14,Situation maîtrisée
194.75,295.2,0.0,SAFE,14,Situation maîtrisée
194.80,295.2,0.0,SAFE,14,Situation maîtrisée
194.85,295.2,0.0,SAFE,14,Situation maîtrisée
194.90,295.2,0.0,SAFE,14,Situation maîtrisée
194.95,295.2,0.0,SAFE,14,Situation maîtrisée
195.00,295.2,0.0,SAFE,14,Situation maîtrisée
195.05,295.2,0.0,SAFE,14,Situation maîtrisée
195.10,295.2,0.0,SAFE,14,Situation maîtrisée
195.15,295.2,0.0,SAFE,14,Situation maîtrisée
195.20,295.2,0.0,SAFE,14,Situation maîtrisée
195.25,295.2,0.0,SAFE,14,Situation maîtrisée
195.30,295.2,0.0,SAFE,14,Situation maîtrisée
195.35,295.2,0.0,SAFE,14,Situation maîtrisée
195.40,295.2,0.0,SAFE,14,Situation maîtrisée
195.45,295.2,0.0,SAFE,14,Situation maîtrisée
195.50,295.2,0.0,SAFE,14,Situation maîtrisée
195.55,295.2,0.0,SAFE,14,Situation maîtrisée
195.60,295.2,0.0,SAFE,14,Situation maîtrisée
195.65,295.2,0.0,SAFE,14,Situation maîtrisée
195.70,295.2,0.0,SAFE,14,Situation maîtrisée
195.75,295.2,0.0,SAFE,14,Situation maîtrisée
195.80,295.2,0.0,SAFE,14,Situation maîtrisée
195.85,295.2,0.0,SAFE,14,Situation maîtrisée
195.90,295.2,0.0,SAFE,14,Situation maîtrisée
195.95,295.2,0.0,SAFE,14,Situation maîtrisée
196.00,295.2,0.0,SAFE,13,Situation maîtrisée
196.05,295.2,0.0,SAFE,13,Situation maîtrisée
196.10,295.2,0.0,SAFE,13,Situation maîtrisée
196.15,295.2,0.0,SAFE,13,Situation maîtrisée
196.20,295.2,0.0,SAFE,13,Situation maîtrisée
196.25,295.2,0.0,SAFE,13,Situation maîtrisée
196.30,295.2,0.0,SAFE,13,Situation maîtrisée
196.35,295.2,0.0,SAFE,13,Situation maîtrisée
196.40,295.2,0.0,SAFE,13,Situation maîtrisée
196.45,295.2,0.0,SAFE,13,Situation maîtrisée
196.50,295.2,0.0,SAFE,13,Situation maîtrisée
196.55,295.2,0.0,SAFE,13,Situation maîtrisée
196.60,295.2,0.0,SAFE,12,Situation maîtrisée
196.65,295.2,0.0,SAFE,12,Situation maîtrisée
196.70,295.2,0.0,SAFE,12,Situation maîtrisée
196.75,295.2,0.0,SAFE,12,Situation maîtrisée
196.80,295.2,0.0,SAFE,12,Situation maîtrisée
196.85,295.2,0.0,SAFE,12,Situation maîtrisée
196.90,295.2,0.0,SAFE,12,Situation maîtrisée
196.95,295.2,0.0,SAFE,12,Situation maîtrisée
197.00,295.2,0.0,SAFE,12,Situation maîtrisée
197.05,295.2,0.0,SAFE,12,Situation maîtrisée
197.10,295.2,0.0,SAFE,12,Situation maîtrisée
197.15,295.2,0.0,SAFE,12,Situation maîtrisée
197.20,295.2,0.0,SAFE,12,Situation maîtrisée
197.25,295.2,0.0,SAFE,12,Situation maîtrisée
197.30,295.2,0.0,SAFE,12,Situation maîtrisée
197.35,295.2,0.0,SAFE,12,Situation maîtrisée
197.40,295.2,0.0,SAFE,12,Situation maîtrisée
197.45,295.2,0.0,SAFE,12,Situation maîtrisée
197.50,295.2,0.0,SAFE,12,Situation maîtrisée
197.55,295.2,0.0,SAFE,12,Situation maîtrisée
197.60,295.2,0.0,SAFE,12,Situation maîtrisée
197.65,295.2,0.0,SAFE,12,Situation maîtrisée
197.70,295.2,0.0,SAFE,12,Situation maîtrisée
197.75,295.2,0.3,SAFE,12,Situation maîtrisée
197.80,295.2,0.6,SAFE,12,Situation maîtrisée
197.85,295.2,1.3,SAFE,12,Situation maîtrisée
197.90,295.2,2.2,SAFE,12,Situation maîtrisée
197.95,295.3,2.8,SAFE,12,Situation maîtrisée
198.00,295.3,3.7,SAFE,11,Situation maîtrisée
198.05,295.4,4.3,SAFE,11,Situation maîtrisée
198.10,295.4,5.2,SAFE,11,Situation maîtrisée
198.15,295.5,6.1,SAFE,11,Situation maîtrisée
198.20,295.6,6.9,SAFE,11,Situation maîtrisée
198.25,295.7,7.7,SAFE,11,Situation maîtrisée
198.30,295.8,8.6,SAFE,11,Situation maîtrisée
198.35,296.0,9.3,SAFE,11,Situation maîtrisée
198.40,296.1,10.3,SAFE,11,Situation maîtrisée
198.45,296.2,11.0,SAFE,11,Situation maîtrisée
198.50,296.4,11.9,SAFE,11,Situation maîtrisée
198.55,296.6,12.6,SAFE,11,Situation maîtrisée
198.60,296.7,13.2,SAFE,11,Situation maîtrisée
198.65,296.9,13.4,SAFE,11,Situation maîtrisée
198.70,297.1,13.4,SAFE,11,Situation maîtrisée
198.75,297.3,13.3,SAFE,11,Situation maîtrisée
198.80,297.5,13.2,SAFE,11,Situation maîtrisée
198.85,297.7,13.1,SAFE,11,Situation maîtrisée
198.90,297.9,13.4,SAFE,11,Situation maîtrisée
198.95,298.0,13.7,SAFE,11,Situation maîtrisée
199.00,298.2,14.2,SAFE,11,Situation maîtrisée
199.05,298.4,14.6,SAFE,11,Situation maîtrisée
199.10,298.6,15.1,SAFE,11,Situation maîtrisée
199.15,298.9,15.5,SAFE,11,Situation maîtrisée
199.20,299.1,16.0,SAFE,11,Situation maîtrisée
199.25,299.3,16.3,SAFE,11,Situation maîtrisée
199.30,299.5,16.7,SAFE,11,Situation maîtrisée
199.35,299.8,17.1,SAFE,11,Situation maîtrisée
199.40,300.0,17.4,SAFE,11,Situation maîtrisée
199.45,300.3,17.7,SAFE,11,Situation maîtrisée
199.50,300.5,18.0,SAFE,11,Situation maîtrisée
199.55,300.8,18.2,SAFE,11,Situation maîtrisée
199.60,301.0,18.3,SAFE,11,Situation maîtrisée
199.65,301.3,18.1,SAFE,11,Situation maîtrisée
199.70,301.5,18.2,SAFE,11,Situation maîtrisée
199.75,301.8,18.2,SAFE,11,Situation maîtrisée
199.80,302.0,18.3,SAFE,11,Situation maîtrisée
199.85,302.3,18.4,SAFE,11,Situation maîtrisée
199.90,302.5,18.2,SAFE,11,Situation maîtrisée
199.95,302.8,18.2,SAFE,11,Situation maîtrisée
200.00,303.0,18.2,SAFE,11,Situation maîtrisée
200.05,303.3,17.1,SAFE,11,Situation maîtrisée
200.10,303.5,14.5,SAFE,11,Situation maîtrisée
200.15,303.7,11.9,SAFE,11,Situation maîtrisée
200.20,303.8,9.1,SAFE,11,Situation maîtrisée
200.25,303.9,6.4,SAFE,11,Situation maîtrisée
200.30,304.0,6.5,SAFE,11,Situation maîtrisée
200.35,304.1,7.0,SAFE,11,Situation maîtrisée
200.40,304.2,7.4,SAFE,11,Situation maîtrisée
200.45,304.3,8.1,SAFE,11,Situation maîtrisée
200.50,304.4,8.8,SAFE,12,Situation maîtrisée
200.55,304.6,9.6,SAFE,12,Situation maîtrisée
200.60,304.7,10.4,SAFE,12,Situation maîtrisée
200.65,304.9,11.2,SAFE,12,Situation maîtrisée
200.70,305.0,11.9,SAFE,12,Situation maîtrisée
200.75,305.2,12.7,SAFE,12,Situation maîtrisée
200.80,305.4,13.2,SAFE,12,Situation maîtrisée
200.85,305.6,13.5,SAFE,12,Situation maîtrisée
200.90,305.7,13.5,SAFE,12,Situation maîtrisée
200.95,305.9,13.4,SAFE,12,Situation maîtrisée
201.00,306.1,13.2,SAFE,12,Situation maîtrisée
201.05,306.3,13.2,SAFE,11,Situation maîtrisée
201.10,306.5,13.4,SAFE,11,Situation maîtrisée
201.15,306.7,13.8,SAFE,11,Situation maîtrisée
201.20,306.9,14.2,SAFE,11,Situation maîtrisée
201.25,307.1,14.7,SAFE,11,Situation maîtrisée
201.30,307.3,15.1,SAFE,10,Situation maîtrisée
201.35,307.5,15.6,SAFE,10,Situation maîtrisée
201.40,307.7,16.0,SAFE,10,Situation maîtrisée
201.45,307.9,16.4,SAFE,10,Situation maîtrisée
201.50,308.2,16.8,SAFE,10,SAFE : arret au feu rouge
201.55,308.4,16.9,SAFE,10,SAFE : arret au feu rouge
201.60,308.6,16.7,SAFE,10,SAFE : arret au feu rouge
201.65,308.9,16.1,SAFE,10,SAFE : arret au feu rouge
201.70,309.1,15.4,SAFE,10,SAFE : arret au feu rouge
201.75,309.3,14.7,SAFE,10,SAFE : arret au feu rouge
201.80,309.5,14.0,SAFE,10,SAFE : arret au feu rouge
201.85,309.7,13.2,SAFE,10,SAFE : arret au feu rouge
201.90,309.8,12.5,SAFE,10,SAFE : arret au feu rouge
201.95,310.0,11.8,SAFE,10,SAFE : arret au feu rouge
202.00,310.2,11.1,SAFE,10,SAFE : arret au feu rouge
202.05,310.3,10.4,SAFE,10,SAFE : arret au feu rouge
202.10,310.5,9.7,SAFE,10,SAFE : arret au feu rouge
202.15,310.6,9.0,SAFE,10,SAFE : arret au feu rouge
202.20,310.7,8.4,SAFE,10,SAFE : arret au feu rouge
202.25,310.8,7.7,SAFE,10,SAFE : arret au feu rouge
202.30,310.9,6.4,SAFE,10,SAFE : arret au feu rouge
202.35,311.0,1.8,SAFE,10,SAFE : arret au feu rouge
202.40,311.0,0.0,SAFE,10,SAFE : arret au feu rouge
202.45,311.0,0.0,SAFE,10,SAFE : arret au feu rouge
202.50,311.0,0.0,SAFE,10,SAFE : arret au feu rouge
202.55,311.0,0.0,SAFE,10,SAFE : arret au feu rouge
202.60,311.0,0.0,SAFE,10,SAFE : arret au feu rouge
202.65,311.0,0.0,SAFE,10,SAFE : arret au feu rouge
202.70,311.0,0.0,SAFE,10,SAFE : arret au feu rouge
202.75,311.0,0.0,SAFE,10,SAFE : arret au feu rouge
202.80,311.0,0.0,SAFE,10,SAFE : arret au feu rouge
202.85,311.0,0.0,SAFE,10,SAFE : arret au feu rouge
202.90,311.0,0.0,SAFE,10,SAFE : arret au feu rouge
202.95,311.0,0.0,SAFE,9,SAFE : arret au feu rouge
203.00,311.0,0.0,SAFE,9,SAFE : arret au feu rouge
203.05,311.0,0.0,SAFE,9,SAFE : arret au feu rouge
203.10,311.0,0.0,SAFE,9,SAFE : arret au feu rouge
203.15,311.0,0.0,SAFE,9,SAFE : arret au feu rouge
203.20,311.0,0.0,SAFE,9,SAFE : arret au feu rouge
203.25,311.0,0.0,SAFE,9,SAFE : arret au feu rouge
203.30,311.0,0.0,SAFE,9,SAFE : arret au feu rouge
203.35,311.0,0.0,SAFE,9,SAFE : arret au feu rouge
203.40,311.0,0.0,SAFE,9,SAFE : arret au feu rouge
203.45,311.0,0.0,SAFE,9,SAFE : arret au feu rouge
203.50,311.0,0.0,SAFE,9,SAFE : arret au feu rouge
203.55,311.0,0.0,SAFE,9,SAFE : arret au feu rouge
203.60,311.0,0.0,SAFE,8,SAFE : arret au feu rouge
203.65,311.0,0.0,SAFE,8,SAFE : arret au feu rouge
203.70,311.0,0.0,SAFE,8,SAFE : arret au feu rouge
203.75,311.0,0.0,SAFE,8,SAFE : arret au feu rouge
203.80,311.0,0.0,SAFE,8,SAFE : arret au feu rouge
203.85,311.0,0.0,SAFE,8,SAFE : arret au feu rouge
203.90,311.0,0.0,SAFE,8,SAFE : arret au feu rouge
203.95,311.0,0.0,SAFE,8,SAFE : arret au feu rouge
204.00,311.0,0.0,SAFE,8,SAFE : arret au feu rouge
