t,distance_parcourue_m,vitesse_kmh,niveau,n_agents_percus,raison_arret,recommandation
0.05,0.1,5.3,SAFE,7,,Situation maîtrisée
0.10,0.2,7.1,SAFE,7,,Situation maîtrisée
0.15,0.3,8.8,SAFE,7,,Situation maîtrisée
0.20,0.4,10.6,SAFE,7,,Situation maîtrisée
0.25,0.6,12.3,SAFE,7,,Situation maîtrisée
0.30,0.7,14.1,SAFE,7,,Situation maîtrisée
0.35,1.0,15.9,SAFE,7,,Situation maîtrisée
0.40,1.2,17.6,SAFE,7,,Situation maîtrisée
0.45,1.5,19.4,SAFE,7,,Situation maîtrisée
0.50,1.7,21.2,SAFE,7,,Situation maîtrisée
0.55,2.0,22.9,SAFE,7,,Situation maîtrisée
0.60,2.3,16.0,SAFE,7,,Situation maîtrisée
0.65,2.4,0.6,SAFE,7,,Situation maîtrisée
0.70,2.4,0.9,SAFE,7,,Situation maîtrisée
0.75,2.4,0.9,SAFE,7,,Situation maîtrisée
0.80,2.4,0.8,SAFE,7,,Situation maîtrisée
0.85,2.4,3.4,SAFE,7,,Situation maîtrisée
0.90,2.5,5.4,SAFE,7,,Situation maîtrisée
0.95,2.6,7.1,SAFE,7,,Situation maîtrisée
1.00,2.7,8.2,SAFE,7,,Situation maîtrisée
1.05,2.8,9.3,SAFE,7,,Situation maîtrisée
1.10,3.0,10.2,SAFE,7,,Situation maîtrisée
1.15,3.1,11.1,SAFE,7,,Situation maîtrisée
1.20,3.3,11.8,SAFE,7,,Situation maîtrisée
1.25,3.4,12.6,SAFE,7,,Situation maîtrisée
1.30,3.6,13.3,SAFE,7,moteur:physique,Situation maîtrisée
1.35,3.8,13.7,SAFE,7,moteur:physique,Situation maîtrisée
1.40,4.0,13.6,SAFE,7,moteur:physique,Situation maîtrisée
1.45,4.2,13.3,SAFE,7,moteur:physique,Situation maîtrisée
1.50,4.4,12.8,SAFE,7,moteur:physique,Situation maîtrisée
1.55,4.5,12.2,SAFE,7,moteur:physique,Situation maîtrisée
1.60,4.7,11.7,SAFE,7,moteur:physique,Situation maîtrisée
1.65,4.9,11.1,SAFE,7,moteur:physique,Situation maîtrisée
1.70,5.0,10.5,SAFE,7,moteur:physique,Situation maîtrisée
1.75,5.1,9.9,SAFE,7,moteur:physique,Situation maîtrisée
1.80,5.3,9.3,SAFE,8,moteur:physique,Situation maîtrisée
1.85,5.4,8.8,SAFE,8,,Situation maîtrisée
1.90,5.5,8.3,SAFE,8,,Situation maîtrisée
1.95,5.6,8.3,SAFE,8,,Situation maîtrisée
2.00,5.7,8.5,SAFE,8,,Situation maîtrisée
2.05,5.9,8.9,SAFE,8,,Situation maîtrisée
2.10,6.0,9.5,SAFE,8,,Situation maîtrisée
2.15,6.1,10.2,SAFE,8,,Situation maîtrisée
2.20,6.3,10.9,SAFE,8,,Situation maîtrisée
2.25,6.4,11.6,SAFE,8,,Situation maîtrisée
2.30,6.6,12.3,SAFE,8,,Situation maîtrisée
2.35,6.8,12.9,SAFE,7,,Situation maîtrisée
2.40,7.0,13.5,SAFE,7,,Situation maîtrisée
2.45,7.2,14.1,SAFE,7,,Situation maîtrisée
2.50,7.4,14.6,SAFE,7,,Situation maîtrisée
2.55,7.6,15.1,SAFE,7,,Situation maîtrisée
2.60,7.8,15.6,SAFE,7,,Situation maîtrisée
2.65,8.0,16.0,SAFE,7,,Situation maîtrisée
2.70,8.2,16.3,SAFE,7,,Situation maîtrisée
2.75,8.5,16.7,SAFE,7,,Situation maîtrisée
2.80,8.7,17.0,SAFE,7,,Situation maîtrisée
2.85,8.9,17.3,SAFE,7,,Situation maîtrisée
2.90,9.2,17.5,SAFE,7,,Situation maîtrisée
2.95,9.4,17.8,SAFE,7,,Situation maîtrisée
3.00,9.7,18.0,SAFE,7,,Situation maîtrisée
3.05,9.9,18.2,SAFE,7,,Situation maîtrisée
3.10,10.2,18.2,SAFE,7,moteur:physique,Situation maîtrisée
3.15,10.4,17.9,SAFE,7,moteur:physique,Situation maîtrisée
3.20,10.7,17.7,SAFE,7,moteur:physique,Situation maîtrisée
3.25,10.9,17.1,SAFE,7,moteur:physique,Situation maîtrisée
3.30,11.1,16.3,SAFE,7,moteur:physique,Situation maîtrisée
3.35,11.4,15.5,SAFE,7,moteur:physique,Situation maîtrisée
3.40,11.6,14.6,SAFE,7,moteur:physique,Situation maîtrisée
3.45,11.8,13.7,SAFE,7,moteur:physique,Situation maîtrisée
3.50,11.9,12.8,SAFE,7,moteur:physique,Situation maîtrisée
3.55,12.1,11.9,SAFE,7,,Situation maîtrisée
3.60,12.3,11.3,SAFE,7,,Situation maîtrisée
3.65,12.4,11.0,SAFE,7,,Situation maîtrisée
3.70,12.6,11.2,SAFE,7,,Situation maîtrisée
3.75,12.7,11.6,SAFE,7,,Situation maîtrisée
3.80,12.9,12.1,SAFE,7,,Situation maîtrisée
3.85,13.1,12.6,SAFE,7,,Situation maîtrisée
3.90,13.3,13.2,SAFE,7,,Situation maîtrisée
3.95,13.4,13.7,SAFE,7,,Situation maîtrisée
4.00,13.6,14.2,SAFE,7,,Situation maîtrisée
4.05,13.8,14.7,SAFE,6,,Situation maîtrisée
4.10,14.0,15.2,SAFE,6,,Situation maîtrisée
4.15,14.3,15.6,SAFE,6,,Situation maîtrisée
4.20,14.5,16.0,SAFE,6,,Situation maîtrisée
4.25,14.7,16.4,SAFE,6,,Situation maîtrisée
4.30,14.9,16.7,SAFE,6,,Situation maîtrisée
4.35,15.2,17.0,SAFE,6,,Situation maîtrisée
4.40,15.4,17.3,SAFE,6,,Situation maîtrisée
4.45,15.7,17.6,SAFE,6,,Situation maîtrisée
4.50,15.9,17.8,SAFE,6,,Situation maîtrisée
4.55,16.1,18.0,SAFE,6,,Situation maîtrisée
4.60,16.4,18.2,SAFE,5,,Situation maîtrisée
4.65,16.7,18.0,SAFE,5,,Situation maîtrisée
4.70,16.9,18.1,SAFE,5,,Situation maîtrisée
4.75,17.2,18.1,SAFE,5,,Situation maîtrisée
4.80,17.4,18.2,SAFE,5,,Situation maîtrisée
4.85,17.7,18.0,SAFE,5,,Situation maîtrisée
4.90,17.9,18.4,SAFE,5,,Situation maîtrisée
4.95,18.2,18.4,SAFE,5,,Situation maîtrisée
5.00,18.4,18.2,SAFE,5,,Situation maîtrisée
5.05,18.7,18.1,SAFE,5,,Situation maîtrisée
5.10,18.9,18.0,SAFE,5,,Situation maîtrisée
5.15,19.2,18.7,SAFE,5,,Situation maîtrisée
5.20,19.4,18.6,SAFE,5,,Situation maîtrisée
5.25,19.7,18.5,SAFE,5,,Situation maîtrisée
5.30,20.0,18.4,SAFE,5,,Situation maîtrisée
5.35,20.2,18.4,SAFE,5,,Situation maîtrisée
5.40,20.5,18.3,SAFE,5,,Situation maîtrisée
5.45,20.7,18.3,SAFE,5,,Situation maîtrisée
5.50,21.0,18.4,SAFE,5,,Situation maîtrisée
5.55,21.2,18.4,SAFE,5,,Situation maîtrisée
5.60,21.5,18.4,SAFE,5,,Situation maîtrisée
5.65,21.7,18.4,SAFE,5,,Situation maîtrisée
5.70,22.0,18.5,SAFE,5,,Situation maîtrisée
5.75,22.3,18.5,SAFE,5,,Situation maîtrisée
5.80,22.5,18.6,SAFE,5,,Situation maîtrisée
5.85,22.8,18.6,SAFE,5,,Situation maîtrisée
5.90,23.0,18.7,SAFE,5,,Situation maîtrisée
5.95,23.3,18.7,SAFE,5,,Situation maîtrisée
6.00,23.5,18.8,SAFE,5,,Situation maîtrisée
6.05,23.8,18.8,SAFE,5,,Situation maîtrisée
6.10,24.1,18.9,SAFE,5,,Situation maîtrisée
6.15,24.3,18.9,SAFE,5,,Situation maîtrisée
6.20,24.6,19.0,SAFE,5,,Situation maîtrisée
6.25,24.9,19.0,SAFE,5,,Situation maîtrisée
6.30,25.1,19.0,SAFE,5,,Situation maîtrisée
6.35,25.4,19.1,SAFE,5,,Situation maîtrisée
6.40,25.7,19.1,SAFE,5,,Situation maîtrisée
6.45,25.9,19.1,SAFE,5,,Situation maîtrisée
6.50,26.2,19.2,SAFE,5,,Situation maîtrisée
6.55,26.4,19.2,SAFE,5,,Situation maîtrisée
6.60,26.7,19.2,SAFE,5,,Situation maîtrisée
6.65,27.0,19.2,SAFE,5,,Situation maîtrisée
6.70,27.2,19.3,SAFE,5,moteur:physique,Situation maîtrisée
6.75,27.5,19.2,SAFE,5,moteur:physique,Situation maîtrisée
6.80,27.8,18.9,SAFE,5,moteur:physique,Situation maîtrisée
6.85,28.0,18.1,SAFE,5,moteur:physique,Situation maîtrisée
6.90,28.3,13.8,SAFE,5,moteur:physique,Situation maîtrisée
6.95,28.4,9.0,SAFE,5,moteur:physique,Situation maîtrisée
7.00,28.5,4.2,SAFE,4,moteur:physique,Situation maîtrisée
7.05,28.5,0.0,SAFE,4,moteur:physique,Situation maîtrisée
7.10,28.5,0.0,SAFE,4,moteur:physique,Situation maîtrisée
7.15,28.5,0.0,SAFE,4,,Situation maîtrisée
7.20,28.5,0.0,SAFE,4,,Situation maîtrisée
7.25,28.5,0.0,SAFE,4,,Situation maîtrisée
7.30,28.5,0.6,SAFE,4,,Situation maîtrisée
7.35,28.5,0.9,SAFE,4,,Situation maîtrisée
7.40,28.6,1.8,SAFE,4,,Situation maîtrisée
7.45,28.6,2.5,SAFE,4,,Situation maîtrisée
7.50,28.6,3.2,SAFE,4,,Situation maîtrisée
7.55,28.7,4.0,SAFE,3,,Situation maîtrisée
7.60,28.7,4.7,SAFE,3,,Situation maîtrisée
7.65,28.8,5.7,SAFE,3,,Situation maîtrisée
7.70,28.9,6.4,SAFE,3,,Situation maîtrisée
7.75,29.0,7.3,SAFE,3,,Situation maîtrisée
7.80,29.1,8.0,SAFE,3,,Situation maîtrisée
7.85,29.2,9.0,SAFE,3,,Situation maîtrisée
7.90,29.3,9.7,SAFE,3,,Situation maîtrisée
7.95,29.5,10.6,SAFE,4,,Situation maîtrisée
8.00,29.6,11.4,SAFE,4,,Situation maîtrisée
8.05,29.8,12.2,SAFE,4,,Situation maîtrisée
8.10,30.0,12.9,SAFE,4,,Situation maîtrisée
8.15,30.2,13.5,SAFE,4,,Situation maîtrisée
8.20,30.4,14.1,SAFE,4,,Situation maîtrisée
8.25,30.6,14.7,SAFE,4,,Situation maîtrisée
8.30,30.8,15.2,SAFE,4,,Situation maîtrisée
8.35,31.0,15.6,SAFE,4,,Situation maîtrisée
8.40,31.2,16.1,SAFE,4,,Situation maîtrisée
8.45,31.4,16.5,SAFE,4,,Situation maîtrisée
8.50,31.7,16.8,SAFE,4,,Situation maîtrisée
8.55,31.9,17.2,SAFE,3,,Situation maîtrisée
8.60,32.1,17.5,SAFE,3,,Situation maîtrisée
8.65,32.4,17.8,SAFE,3,,Situation maîtrisée
8.70,32.6,18.1,SAFE,3,,Situation maîtrisée
8.75,32.9,18.3,SAFE,3,,Situation maîtrisée
8.80,33.1,18.2,SAFE,3,,Situation maîtrisée
8.85,33.4,18.2,SAFE,3,,Situation maîtrisée
8.90,33.6,18.2,SAFE,3,,Situation maîtrisée
8.95,33.9,18.3,SAFE,3,,Situation maîtrisée
9.00,34.2,18.3,SAFE,3,,Situation maîtrisée
9.05,34.4,18.1,SAFE,3,,Situation maîtrisée
9.10,34.7,18.1,SAFE,3,,Situation maîtrisée
9.15,34.9,18.0,SAFE,3,,Situation maîtrisée
9.20,35.2,18.9,SAFE,3,,Situation maîtrisée
9.25,35.4,18.6,SAFE,3,,Situation maîtrisée
9.30,35.7,18.6,SAFE,3,,Situation maîtrisée
9.35,35.9,18.5,SAFE,3,,Situation maîtrisée
9.40,36.2,18.6,SAFE,3,,Situation maîtrisée
9.45,36.5,18.6,SAFE,3,,Situation maîtrisée
9.50,36.7,18.7,SAFE,3,,Situation maîtrisée
9.55,37.0,18.6,SAFE,3,,Situation maîtrisée
9.60,37.2,18.8,SAFE,3,,Situation maîtrisée
9.65,37.5,18.7,SAFE,3,,Situation maîtrisée
9.70,37.8,18.9,SAFE,3,,Situation maîtrisée
9.75,38.0,18.9,SAFE,3,,Situation maîtrisée
9.80,38.3,19.0,SAFE,3,,Situation maîtrisée
9.85,38.5,19.0,SAFE,3,,Situation maîtrisée
9.90,38.8,19.2,SAFE,4,,Situation maîtrisée
9.95,39.1,19.1,SAFE,4,,Situation maîtrisée
10.00,39.3,19.3,SAFE,4,,Situation maîtrisée
10.05,39.6,19.3,SAFE,4,,Situation maîtrisée
10.10,39.9,19.4,SAFE,4,,Situation maîtrisée
10.15,40.1,19.4,SAFE,4,,Situation maîtrisée
10.20,40.4,19.5,SAFE,4,,Situation maîtrisée
10.25,40.7,19.5,SAFE,4,,Situation maîtrisée
10.30,41.0,19.6,SAFE,4,,Situation maîtrisée
10.35,41.2,19.6,SAFE,4,,Situation maîtrisée
10.40,41.5,19.7,SAFE,4,,Situation maîtrisée
10.45,41.8,19.7,SAFE,4,,Situation maîtrisée
10.50,42.1,19.8,SAFE,4,,Situation maîtrisée
10.55,42.3,19.7,SAFE,4,,Situation maîtrisée
10.60,42.6,19.8,SAFE,4,,Situation maîtrisée
10.65,42.9,19.8,SAFE,4,,Situation maîtrisée
10.70,43.2,19.9,SAFE,4,,Situation maîtrisée
10.75,43.4,19.8,SAFE,4,,Situation maîtrisée
10.80,43.7,20.0,SAFE,5,,Situation maîtrisée
10.85,44.0,19.9,SAFE,5,,Situation maîtrisée
10.90,44.3,20.0,SAFE,5,,Situation maîtrisée
10.95,44.5,19.9,SAFE,5,,Situation maîtrisée
11.00,44.8,20.0,SAFE,6,,Situation maîtrisée
11.05,45.1,20.0,SAFE,7,,Situation maîtrisée
11.10,45.4,20.1,SAFE,7,,Situation maîtrisée
11.15,45.6,20.0,SAFE,7,,Situation maîtrisée
11.20,45.9,20.1,SAFE,7,,Situation maîtrisée
11.25,46.2,20.0,SAFE,7,,Situation maîtrisée
11.30,46.5,20.1,SAFE,7,,Situation maîtrisée
11.35,46.8,20.0,SAFE,8,,Situation maîtrisée
11.40,47.0,20.1,SAFE,8,,Situation maîtrisée
11.45,47.3,20.1,SAFE,8,,Situation maîtrisée
11.50,47.6,20.2,SAFE,8,,Situation maîtrisée
11.55,47.9,20.1,SAFE,8,,Situation maîtrisée
11.60,48.2,20.2,SAFE,8,,Situation maîtrisée
11.65,48.4,20.1,SAFE,8,,Situation maîtrisée
11.70,48.7,20.2,SAFE,8,,Situation maîtrisée
11.75,49.0,20.1,SAFE,8,,Situation maîtrisée
11.80,49.3,20.2,SAFE,9,,Situation maîtrisée
11.85,49.6,20.1,SAFE,9,,Situation maîtrisée
11.90,49.8,20.2,SAFE,9,,Situation maîtrisée
11.95,50.1,20.1,SAFE,9,,Situation maîtrisée
12.00,50.4,20.2,SAFE,9,,Situation maîtrisée
12.05,50.7,20.1,SAFE,9,,Situation maîtrisée
12.10,51.0,20.2,SAFE,9,,Situation maîtrisée
12.15,51.2,20.1,SAFE,9,,Situation maîtrisée
12.20,51.5,20.2,SAFE,9,,Situation maîtrisée
12.25,51.8,20.1,SAFE,9,,Situation maîtrisée
12.30,52.1,20.2,SAFE,9,,Situation maîtrisée
12.35,52.4,20.1,SAFE,9,,Situation maîtrisée
12.40,52.6,20.2,SAFE,9,,Situation maîtrisée
12.45,52.9,20.1,SAFE,9,,Situation maîtrisée
12.50,53.2,20.2,SAFE,9,,Situation maîtrisée
12.55,53.5,20.2,SAFE,9,,Situation maîtrisée
12.60,53.8,20.2,SAFE,9,,Situation maîtrisée
12.65,54.0,20.2,SAFE,9,,Situation maîtrisée
12.70,54.3,20.2,SAFE,9,,Situation maîtrisée
12.75,54.6,20.2,SAFE,9,,Situation maîtrisée
12.80,54.9,20.2,SAFE,9,,Situation maîtrisée
12.85,55.2,20.2,SAFE,9,,Situation maîtrisée
12.90,55.4,20.2,SAFE,9,,Situation maîtrisée
12.95,55.7,20.2,SAFE,9,,Situation maîtrisée
13.00,56.0,20.2,SAFE,10,,Situation maîtrisée
13.05,56.3,20.2,SAFE,10,,Situation maîtrisée
13.10,56.6,20.2,SAFE,10,,Situation maîtrisée
13.15,56.8,20.2,SAFE,10,,Situation maîtrisée
13.20,57.1,20.2,SAFE,10,,Situation maîtrisée
13.25,57.4,20.2,SAFE,10,,Situation maîtrisée
13.30,57.7,20.2,SAFE,10,,Situation maîtrisée
13.35,58.0,20.2,SAFE,11,,Situation maîtrisée
13.40,58.2,20.2,SAFE,11,,Situation maîtrisée
13.45,58.5,20.2,SAFE,11,,Situation maîtrisée
13.50,58.8,20.2,SAFE,11,,Situation maîtrisée
13.55,59.1,20.2,SAFE,11,,Situation maîtrisée
13.60,59.4,20.2,SAFE,12,,Situation maîtrisée
13.65,59.7,20.2,SAFE,12,,Situation maîtrisée
13.70,59.9,20.2,SAFE,12,,Situation maîtrisée
13.75,60.2,20.2,SAFE,12,,Situation maîtrisée
13.80,60.5,20.2,SAFE,12,,Situation maîtrisée
13.85,60.8,20.2,SAFE,12,,Situation maîtrisée
13.90,61.1,20.2,SAFE,12,,Situation maîtrisée
13.95,61.3,20.2,SAFE,12,,Situation maîtrisée
14.00,61.6,20.2,SAFE,12,,Situation maîtrisée
14.05,61.9,20.2,SAFE,12,,Situation maîtrisée
14.10,62.2,20.2,SAFE,12,,Situation maîtrisée
14.15,62.5,20.2,SAFE,12,,Situation maîtrisée
14.20,62.7,20.2,SAFE,12,,Situation maîtrisée
14.25,63.0,20.2,SAFE,12,,Situation maîtrisée
14.30,63.3,20.2,SAFE,12,,Situation maîtrisée
14.35,63.6,20.5,SAFE,12,,Situation maîtrisée
14.40,63.9,20.2,SAFE,12,,Situation maîtrisée
14.45,64.1,20.8,SAFE,12,,Situation maîtrisée
14.50,64.4,20.6,SAFE,12,,Situation maîtrisée
14.55,64.7,20.7,SAFE,12,,Situation maîtrisée
14.60,65.0,20.5,SAFE,12,,Situation maîtrisée
14.65,65.3,20.5,SAFE,12,,Situation maîtrisée
14.70,65.6,20.4,SAFE,12,,Situation maîtrisée
14.75,65.9,20.4,SAFE,12,,Situation maîtrisée
14.80,66.1,20.3,SAFE,12,,Situation maîtrisée
14.85,66.4,20.4,SAFE,12,,Situation maîtrisée
14.90,66.7,20.4,SAFE,13,,Situation maîtrisée
14.95,67.0,20.4,SAFE,13,,Situation maîtrisée
15.00,67.3,20.3,SAFE,13,,Situation maîtrisée
15.05,67.6,20.7,SAFE,13,,Situation maîtrisée
15.10,67.8,20.3,SAFE,13,,Situation maîtrisée
15.15,68.1,20.9,SAFE,13,,Situation maîtrisée
15.20,68.4,20.6,SAFE,13,,Situation maîtrisée
15.25,68.7,21.0,SAFE,13,,Situation maîtrisée
15.30,69.0,20.6,SAFE,13,,Situation maîtrisée
15.35,69.3,21.1,SAFE,13,,Situation maîtrisée
15.40,69.6,20.7,SAFE,13,,Situation maîtrisée
15.45,69.9,21.1,SAFE,13,,Situation maîtrisée
15.50,70.2,20.6,SAFE,13,,Situation maîtrisée
15.55,70.4,21.1,SAFE,12,,Situation maîtrisée
15.60,70.7,20.7,SAFE,12,,Situation maîtrisée
15.65,71.0,21.0,SAFE,12,,Situation maîtrisée
15.70,71.3,20.5,WATCH,12,moteur:proportionnel,Ralentissez de 4 km/h  (21 -> 16 km/h)
15.75,71.6,20.9,WATCH,12,moteur:proportionnel,Ralentissez de 5 km/h  (21 -> 16 km/h)
15.80,71.9,20.2,WATCH,12,moteur:proportionnel,Ralentissez de 5 km/h  (20 -> 15 km/h)
15.85,72.2,20.2,CRITICAL,12,moteur:proportionnel,FREINEZ de 14 km/h  (20 -> 6 km/h)
15.90,72.4,19.2,CRITICAL,12,moteur:proportionnel,FREINEZ de 13 km/h  (19 -> 6 km/h)
15.95,72.7,18.8,CRITICAL,13,moteur:proportionnel,FREINEZ de 13 km/h  (19 -> 6 km/h)
16.00,72.9,14.8,CRITICAL,13,moteur:proportionnel,FREINEZ de 10 km/h  (15 -> 5 km/h)
16.05,73.1,10.0,CRITICAL,13,moteur:proportionnel,FREINEZ de 5 km/h  (10 -> 5 km/h)
16.10,73.2,5.2,SAFE,12,,Situation maîtrisée
16.15,73.2,0.5,SAFE,12,,Situation maîtrisée
16.20,73.2,0.1,SAFE,12,,Situation maîtrisée
16.25,73.2,1.4,SAFE,12,,Situation maîtrisée
16.30,73.3,2.3,SAFE,12,,Situation maîtrisée
16.35,73.3,3.2,SAFE,12,,Situation maîtrisée
16.40,73.4,4.2,SAFE,12,,Situation maîtrisée
16.45,73.4,4.9,SAFE,12,,Situation maîtrisée
16.50,73.5,5.8,SAFE,12,,Situation maîtrisée
16.55,73.6,6.7,SAFE,12,,Situation maîtrisée
16.60,73.7,7.5,SAFE,12,,Situation maîtrisée
16.65,73.8,8.4,SAFE,12,,Situation maîtrisée
16.70,73.9,9.3,SAFE,12,,Situation maîtrisée
16.75,74.1,10.2,SAFE,12,,Situation maîtrisée
16.80,74.2,11.0,SAFE,12,,Situation maîtrisée
16.85,74.4,11.8,SAFE,12,,Situation maîtrisée
16.90,74.5,12.5,SAFE,12,,Situation maîtrisée
16.95,74.7,13.2,SAFE,12,,Situation maîtrisée
17.00,74.9,13.8,SAFE,12,,Situation maîtrisée
17.05,75.1,14.5,SAFE,12,,Situation maîtrisée
17.10,75.3,15.0,SAFE,12,,Situation maîtrisée
17.15,75.5,15.5,SAFE,12,,Situation maîtrisée
17.20,75.7,16.0,CRITICAL,12,moteur:proportionnel,FREINEZ de 6 km/h  (16 -> 10 km/h)
17.25,76.0,16.2,CRITICAL,12,moteur:proportionnel,FREINEZ de 6 km/h  (16 -> 10 km/h)
17.30,76.2,16.0,CRITICAL,12,moteur:proportionnel,FREINEZ de 6 km/h  (16 -> 10 km/h)
17.35,76.4,15.5,CRITICAL,12,moteur:proportionnel,FREINEZ de 6 km/h  (16 -> 10 km/h)
17.40,76.6,14.8,SAFE,12,,Situation maîtrisée
17.45,76.8,14.3,SAFE,12,,Situation maîtrisée
17.50,77.0,14.2,SAFE,12,,Situation maîtrisée
17.55,77.2,14.4,SAFE,12,,Situation maîtrisée
17.60,77.4,14.7,CRITICAL,12,moteur:proportionnel,FREINEZ de 6 km/h  (15 -> 8 km/h)
17.65,77.6,14.9,CRITICAL,12,moteur:proportionnel,FREINEZ de 7 km/h  (15 -> 8 km/h)
17.70,77.8,14.7,CRITICAL,12,moteur:proportionnel,FREINEZ de 7 km/h  (15 -> 8 km/h)
17.75,78.0,14.2,CRITICAL,12,moteur:proportionnel,FREINEZ de 7 km/h  (14 -> 8 km/h)
17.80,78.2,13.5,SAFE,12,,Situation maîtrisée
17.85,78.4,13.0,SAFE,12,,Situation maîtrisée
17.90,78.6,12.9,SAFE,12,,Situation maîtrisée
17.95,78.8,13.1,SAFE,12,,Situation maîtrisée
18.00,79.0,13.5,CRITICAL,12,moteur:proportionnel,FREINEZ de 6 km/h  (14 -> 7 km/h)
18.05,79.2,13.8,CRITICAL,12,moteur:proportionnel,FREINEZ de 7 km/h  (14 -> 7 km/h)
18.10,79.3,13.7,CRITICAL,12,feu_rouge,FREINEZ de 6 km/h  (14 -> 7 km/h)
18.15,79.5,13.2,CRITICAL,12,feu_rouge,FREINEZ de 6 km/h  (13 -> 7 km/h)
18.20,79.7,12.5,SAFE,12,feu_rouge,SAFE : arret au feu rouge
18.25,79.9,11.8,SAFE,12,feu_rouge,SAFE : arret au feu rouge
18.30,80.0,11.0,SAFE,12,proximite:collision_imminente,SAFE : arret au feu rouge
18.35,80.2,10.2,SAFE,12,proximite:collision_imminente,SAFE : arret au feu rouge
18.40,80.3,9.5,DANGER,12,proximite:collision_imminente,Ralentissez de 3 km/h  (9 -> 7 km/h)
18.45,80.4,8.7,WATCH,12,proximite:collision_imminente,Ralentissez de 2 km/h  (9 -> 7 km/h)
18.50,80.6,8.0,WATCH,12,proximite:collision_imminente,Ralentissez de 1 km/h  (8 -> 6 km/h)
18.55,80.6,5.1,SAFE,12,proximite:collision_imminente,SAFE : arret au feu rouge
18.60,80.7,0.7,SAFE,12,proximite:collision_imminente,SAFE : arret au feu rouge
18.65,80.7,0.0,SAFE,12,proximite:collision_imminente,SAFE : arret au feu rouge
18.70,80.7,0.0,SAFE,12,proximite:collision_imminente,SAFE : arret au feu rouge
18.75,80.7,0.0,SAFE,12,proximite:collision_imminente,SAFE : arret au feu rouge
18.80,80.7,0.0,SAFE,12,proximite:collision_imminente,SAFE : arret au feu rouge
18.85,80.7,0.0,SAFE,12,proximite:collision_imminente,SAFE : arret au feu rouge
18.90,80.7,0.0,SAFE,12,proximite:collision_imminente,SAFE : arret au feu rouge
18.95,80.7,0.0,SAFE,12,proximite:collision_imminente,SAFE : arret au feu rouge
19.00,80.7,0.0,SAFE,12,proximite:collision_imminente,SAFE : arret au feu rouge
19.05,80.7,0.0,SAFE,12,proximite:collision_imminente,SAFE : arret au feu rouge
19.10,80.7,0.0,SAFE,12,proximite:collision_imminente,SAFE : arret au feu rouge
19.15,80.7,0.0,SAFE,12,proximite:collision_imminente,SAFE : arret au feu rouge
19.20,80.7,0.0,SAFE,12,proximite:collision_imminente,SAFE : arret au feu rouge
19.25,80.7,0.0,SAFE,12,proximite:collision_imminente,SAFE : arret au feu rouge
19.30,80.7,0.0,SAFE,12,proximite:collision_imminente,SAFE : arret au feu rouge
19.35,80.7,0.0,SAFE,12,proximite:collision_imminente,SAFE : arret au feu rouge
19.40,80.7,0.0,SAFE,12,proximite:collision_imminente,SAFE : arret au feu rouge
19.45,80.7,0.0,SAFE,12,proximite:collision_imminente,SAFE : arret au feu rouge
19.50,80.7,0.0,SAFE,12,proximite:collision_imminente,SAFE : arret au feu rouge
19.55,80.7,0.0,SAFE,12,proximite:collision_imminente,SAFE : arret au feu rouge
19.60,80.7,0.0,SAFE,12,proximite:collision_imminente,SAFE : arret au feu rouge
19.65,80.7,0.0,SAFE,12,proximite:collision_imminente,SAFE : arret au feu rouge
19.70,80.7,0.0,SAFE,12,proximite:collision_imminente,SAFE : arret au feu rouge
19.75,80.7,0.0,SAFE,12,proximite:collision_imminente,SAFE : arret au feu rouge
19.80,80.7,0.0,SAFE,12,proximite:collision_imminente,SAFE : arret au feu rouge
19.85,80.7,0.0,SAFE,12,proximite:collision_imminente,SAFE : arret au feu rouge
19.90,80.7,0.0,SAFE,12,proximite:collision_imminente,SAFE : arret au feu rouge
19.95,80.7,0.0,SAFE,12,proximite:collision_imminente,SAFE : arret au feu rouge
20.00,80.7,0.0,SAFE,12,proximite:collision_imminente,SAFE : arret au feu rouge
20.05,80.7,0.0,SAFE,12,proximite:collision_imminente,SAFE : arret au feu rouge
20.10,80.7,0.0,SAFE,12,proximite:collision_imminente,SAFE : arret au feu rouge
20.15,80.7,0.0,SAFE,12,proximite:collision_imminente,SAFE : arret au feu rouge
20.20,80.7,0.0,SAFE,12,proximite:collision_imminente,SAFE : arret au feu rouge
20.25,80.7,0.0,SAFE,12,proximite:collision_imminente,SAFE : arret au feu rouge
20.30,80.7,0.0,SAFE,12,proximite:collision_imminente,SAFE : arret au feu rouge
20.35,80.7,0.0,SAFE,12,proximite:collision_imminente,SAFE : arret au feu rouge
20.40,80.7,0.0,SAFE,12,proximite:collision_imminente,SAFE : arret au feu rouge
20.45,80.7,0.0,SAFE,12,proximite:collision_imminente,SAFE : arret au feu rouge
20.50,80.7,0.0,SAFE,12,proximite:collision_imminente,SAFE : arret au feu rouge
20.55,80.7,0.0,SAFE,12,proximite:collision_imminente,SAFE : arret au feu rouge
20.60,80.7,0.0,SAFE,12,proximite:collision_imminente,SAFE : arret au feu rouge
20.65,80.7,0.0,SAFE,12,proximite:collision_imminente,SAFE : arret au feu rouge
20.70,80.7,0.0,SAFE,12,proximite:collision_imminente,SAFE : arret au feu rouge
20.75,80.7,0.0,SAFE,12,proximite:collision_imminente,SAFE : arret au feu rouge
20.80,80.7,0.0,SAFE,12,proximite:collision_imminente,SAFE : arret au feu rouge
20.85,80.7,0.0,SAFE,12,proximite:collision_imminente,SAFE : arret au feu rouge
20.90,80.7,0.0,SAFE,12,proximite:collision_imminente,SAFE : arret au feu rouge
20.95,80.7,0.0,SAFE,12,proximite:collision_imminente,SAFE : arret au feu rouge
21.00,80.7,0.0,SAFE,12,proximite:collision_imminente,SAFE : arret au feu rouge
21.05,80.7,0.0,SAFE,12,proximite:collision_imminente,SAFE : arret au feu rouge
21.10,80.7,0.0,SAFE,12,proximite:collision_imminente,SAFE : arret au feu rouge
21.15,80.7,0.0,SAFE,12,proximite:collision_imminente,SAFE : arret au feu rouge
21.20,80.7,0.0,SAFE,12,proximite:collision_imminente,SAFE : arret au feu rouge
21.25,80.7,0.0,SAFE,12,proximite:collision_imminente,SAFE : arret au feu rouge
21.30,80.7,0.0,SAFE,12,proximite:collision_imminente,SAFE : arret au feu rouge
21.35,80.7,0.0,SAFE,12,proximite:collision_imminente,SAFE : arret au feu rouge
21.40,80.7,0.0,SAFE,12,proximite:collision_imminente,SAFE : arret au feu rouge
21.45,80.7,0.0,SAFE,12,proximite:collision_imminente,SAFE : arret au feu rouge
21.50,80.7,0.0,SAFE,12,proximite:collision_imminente,SAFE : arret au feu rouge
21.55,80.7,0.0,SAFE,12,proximite:collision_imminente,SAFE : arret au feu rouge
21.60,80.7,0.0,SAFE,12,proximite:collision_imminente,SAFE : arret au feu rouge
21.65,80.7,0.0,SAFE,12,proximite:collision_imminente,SAFE : arret au feu rouge
21.70,80.7,0.0,SAFE,12,proximite:collision_imminente,SAFE : arret au feu rouge
21.75,80.7,0.0,SAFE,12,proximite:collision_imminente,SAFE : arret au feu rouge
21.80,80.7,0.0,SAFE,12,proximite:collision_imminente,SAFE : arret au feu rouge
21.85,80.7,0.0,SAFE,12,proximite:collision_imminente,SAFE : arret au feu rouge
21.90,80.7,0.0,SAFE,12,proximite:collision_imminente,SAFE : arret au feu rouge
21.95,80.7,0.0,SAFE,12,proximite:collision_imminente,SAFE : arret au feu rouge
22.00,80.7,0.0,SAFE,12,proximite:collision_imminente,SAFE : arret au feu rouge
22.05,80.7,0.0,SAFE,12,proximite:collision_imminente,SAFE : arret au feu rouge
22.10,80.7,0.0,SAFE,12,proximite:collision_imminente,SAFE : arret au feu rouge
22.15,80.7,0.0,SAFE,12,proximite:collision_imminente,SAFE : arret au feu rouge
22.20,80.7,0.0,SAFE,12,proximite:collision_imminente,SAFE : arret au feu rouge
22.25,80.7,0.0,SAFE,12,proximite:collision_imminente,SAFE : arret au feu rouge
22.30,80.7,0.0,SAFE,12,proximite:collision_imminente,SAFE : arret au feu rouge
22.35,80.7,0.0,SAFE,12,proximite:collision_imminente,SAFE : arret au feu rouge
22.40,80.7,0.0,SAFE,12,proximite:collision_imminente,SAFE : arret au feu rouge
22.45,80.7,0.0,SAFE,12,proximite:collision_imminente,SAFE : arret au feu rouge
22.50,80.7,0.0,SAFE,12,proximite:collision_imminente,SAFE : arret au feu rouge
22.55,80.7,0.0,SAFE,12,proximite:collision_imminente,SAFE : arret au feu rouge
22.60,80.7,0.0,SAFE,12,proximite:collision_imminente,SAFE : arret au feu rouge
22.65,80.7,0.0,SAFE,12,proximite:collision_imminente,SAFE : arret au feu rouge
22.70,80.7,0.0,SAFE,12,proximite:collision_imminente,SAFE : arret au feu rouge
22.75,80.7,0.0,SAFE,12,proximite:collision_imminente,SAFE : arret au feu rouge
22.80,80.7,0.0,SAFE,12,proximite:collision_imminente,SAFE : arret au feu rouge
22.85,80.7,0.0,SAFE,12,proximite:collision_imminente,SAFE : arret au feu rouge
22.90,80.7,0.0,SAFE,12,proximite:collision_imminente,SAFE : arret au feu rouge
22.95,80.7,0.0,SAFE,12,proximite:collision_imminente,SAFE : arret au feu rouge
23.00,80.7,0.0,SAFE,12,proximite:collision_imminente,SAFE : arret au feu rouge
23.05,80.7,0.0,SAFE,12,proximite:collision_imminente,SAFE : arret au feu rouge
23.10,80.7,0.0,SAFE,12,proximite:collision_imminente,SAFE : arret au feu rouge
23.15,80.7,0.0,SAFE,12,proximite:collision_imminente,SAFE : arret au feu rouge
23.20,80.7,0.0,SAFE,12,proximite:collision_imminente,SAFE : arret au feu rouge
23.25,80.7,0.0,SAFE,12,proximite:collision_imminente,SAFE : arret au feu rouge
23.30,80.7,0.0,SAFE,12,proximite:collision_imminente,SAFE : arret au feu rouge
23.35,80.7,0.0,SAFE,12,proximite:collision_imminente,SAFE : arret au feu rouge
23.40,80.7,0.0,SAFE,12,proximite:collision_imminente,SAFE : arret au feu rouge
23.45,80.7,0.0,SAFE,12,proximite:collision_imminente,SAFE : arret au feu rouge
23.50,80.7,0.0,SAFE,12,proximite:collision_imminente,SAFE : arret au feu rouge
23.55,80.7,0.0,SAFE,13,proximite:collision_imminente,SAFE : arret au feu rouge
23.60,80.7,0.0,SAFE,13,proximite:collision_imminente,SAFE : arret au feu rouge
23.65,80.7,0.0,SAFE,13,proximite:collision_imminente,SAFE : arret au feu rouge
23.70,80.7,0.0,SAFE,13,proximite:collision_imminente,SAFE : arret au feu rouge
23.75,80.7,0.0,SAFE,13,proximite:collision_imminente,SAFE : arret au feu rouge
23.80,80.7,0.0,SAFE,13,proximite:collision_imminente,SAFE : arret au feu rouge
23.85,80.7,0.0,SAFE,13,proximite:collision_imminente,SAFE : arret au feu rouge
23.90,80.7,0.0,SAFE,13,proximite:collision_imminente,SAFE : arret au feu rouge
23.95,80.7,0.0,SAFE,13,proximite:collision_imminente,SAFE : arret au feu rouge
24.00,80.7,0.0,SAFE,13,proximite:collision_imminente,SAFE : arret au feu rouge
24.05,80.7,0.0,SAFE,13,proximite:collision_imminente,SAFE : arret au feu rouge
24.10,80.7,0.0,SAFE,13,proximite:collision_imminente,SAFE : arret au feu rouge
24.15,80.7,0.0,SAFE,13,proximite:collision_imminente,SAFE : arret au feu rouge
24.20,80.7,0.0,SAFE,13,proximite:collision_imminente,SAFE : arret au feu rouge
24.25,80.7,0.0,SAFE,13,proximite:collision_imminente,SAFE : arret au feu rouge
24.30,80.7,0.0,SAFE,13,proximite:collision_imminente,SAFE : arret au feu rouge
24.35,80.7,0.0,SAFE,13,proximite:collision_imminente,SAFE : arret au feu rouge
24.40,80.7,0.0,SAFE,13,proximite:collision_imminente,SAFE : arret au feu rouge
24.45,80.7,0.0,SAFE,13,proximite:collision_imminente,SAFE : arret au feu rouge
24.50,80.7,0.0,SAFE,13,proximite:collision_imminente,SAFE : arret au feu rouge
24.55,80.7,0.0,SAFE,13,proximite:collision_imminente,SAFE : arret au feu rouge
24.60,80.7,0.0,SAFE,13,proximite:collision_imminente,SAFE : arret au feu rouge
24.65,80.7,0.0,SAFE,13,proximite:collision_imminente,SAFE : arret au feu rouge
24.70,80.7,0.0,SAFE,13,proximite:collision_imminente,SAFE : arret au feu rouge
24.75,80.7,0.0,SAFE,13,proximite:collision_imminente,SAFE : arret au feu rouge
24.80,80.7,0.0,SAFE,13,proximite:collision_imminente,SAFE : arret au feu rouge
24.85,80.7,0.0,SAFE,13,proximite:collision_imminente,SAFE : arret au feu rouge
24.90,80.7,0.0,SAFE,13,proximite:collision_imminente,SAFE : arret au feu rouge
24.95,80.7,0.0,SAFE,13,proximite:collision_imminente,SAFE : arret au feu rouge
25.00,80.7,0.0,SAFE,12,proximite:collision_imminente,SAFE : arret au feu rouge
25.05,80.7,0.0,SAFE,12,proximite:collision_imminente,SAFE : arret au feu rouge
25.10,80.7,0.0,SAFE,12,proximite:collision_imminente,SAFE : arret au feu rouge
25.15,80.7,0.0,SAFE,12,proximite:collision_imminente,SAFE : arret au feu rouge
25.20,80.7,0.0,SAFE,12,proximite:collision_imminente,SAFE : arret au feu rouge
25.25,80.7,0.0,SAFE,12,proximite:collision_imminente,SAFE : arret au feu rouge
25.30,80.7,0.0,SAFE,12,proximite:collision_imminente,SAFE : arret au feu rouge
25.35,80.7,0.0,SAFE,11,proximite:collision_imminente,SAFE : arret au feu rouge
25.40,80.7,0.0,SAFE,11,proximite:collision_imminente,SAFE : arret au feu rouge
25.45,80.7,0.0,SAFE,11,proximite:collision_imminente,SAFE : arret au feu rouge
25.50,80.7,0.0,SAFE,11,proximite:collision_imminente,SAFE : arret au feu rouge
25.55,80.7,0.0,SAFE,11,proximite:collision_imminente,SAFE : arret au feu rouge
25.60,80.7,0.0,SAFE,11,proximite:collision_imminente,SAFE : arret au feu rouge
25.65,80.7,0.0,SAFE,11,proximite:collision_imminente,SAFE : arret au feu rouge
25.70,80.7,0.0,SAFE,11,proximite:collision_imminente,SAFE : arret au feu rouge
25.75,80.7,0.0,SAFE,11,proximite:collision_imminente,SAFE : arret au feu rouge
25.80,80.7,0.0,SAFE,11,proximite:collision_imminente,SAFE : arret au feu rouge
25.85,80.7,0.0,SAFE,11,proximite:collision_imminente,SAFE : arret au feu rouge
25.90,80.7,0.0,SAFE,11,proximite:collision_imminente,SAFE : arret au feu rouge
25.95,80.7,0.0,SAFE,11,proximite:collision_imminente,SAFE : arret au feu rouge
26.00,80.7,0.0,SAFE,11,proximite:collision_imminente,SAFE : arret au feu rouge
26.05,80.7,0.0,SAFE,11,proximite:collision_imminente,SAFE : arret au feu rouge
26.10,80.7,0.0,SAFE,11,proximite:collision_imminente,SAFE : arret au feu rouge
26.15,80.7,0.0,SAFE,11,proximite:collision_imminente,SAFE : arret au feu rouge
26.20,80.7,0.0,SAFE,11,proximite:collision_imminente,SAFE : arret au feu rouge
26.25,80.7,0.0,SAFE,11,proximite:collision_imminente,SAFE : arret au feu rouge
26.30,80.7,0.0,SAFE,11,proximite:collision_imminente,SAFE : arret au feu rouge
26.35,80.7,0.0,SAFE,11,proximite:collision_imminente,SAFE : arret au feu rouge
26.40,80.7,0.0,SAFE,11,proximite:collision_imminente,SAFE : arret au feu rouge
26.45,80.7,0.0,SAFE,11,proximite:collision_imminente,SAFE : arret au feu rouge
26.50,80.7,0.0,SAFE,11,proximite:collision_imminente,SAFE : arret au feu rouge
26.55,80.7,0.0,SAFE,11,proximite:collision_imminente,SAFE : arret au feu rouge
26.60,80.7,0.0,SAFE,11,proximite:collision_imminente,SAFE : arret au feu rouge
26.65,80.7,0.0,SAFE,11,proximite:collision_imminente,SAFE : arret au feu rouge
26.70,80.7,0.0,SAFE,10,proximite:collision_imminente,SAFE : arret au feu rouge
26.75,80.7,0.0,SAFE,10,proximite:collision_imminente,SAFE : arret au feu rouge
26.80,80.7,0.0,SAFE,10,proximite:collision_imminente,SAFE : arret au feu rouge
26.85,80.7,0.0,SAFE,10,proximite:collision_imminente,SAFE : arret au feu rouge
26.90,80.7,0.0,SAFE,10,proximite:collision_imminente,SAFE : arret au feu rouge
26.95,80.7,0.0,SAFE,10,proximite:collision_imminente,SAFE : arret au feu rouge
27.00,80.7,0.0,SAFE,10,proximite:collision_imminente,SAFE : arret au feu rouge
27.05,80.7,0.0,SAFE,10,proximite:collision_imminente,SAFE : arret au feu rouge
27.10,80.7,0.0,SAFE,10,proximite:collision_imminente,SAFE : arret au feu rouge
27.15,80.7,0.0,SAFE,10,proximite:collision_imminente,SAFE : arret au feu rouge
27.20,80.7,0.0,SAFE,10,proximite:collision_imminente,SAFE : arret au feu rouge
27.25,80.7,0.0,SAFE,10,proximite:collision_imminente,SAFE : arret au feu rouge
27.30,80.7,0.0,SAFE,10,proximite:collision_imminente,SAFE : arret au feu rouge
27.35,80.7,0.0,SAFE,10,proximite:collision_imminente,SAFE : arret au feu rouge
27.40,80.7,0.0,SAFE,10,proximite:collision_imminente,SAFE : arret au feu rouge
27.45,80.7,0.0,SAFE,10,proximite:collision_imminente,SAFE : arret au feu rouge
27.50,80.7,0.0,SAFE,10,proximite:collision_imminente,SAFE : arret au feu rouge
27.55,80.7,0.0,SAFE,10,proximite:collision_imminente,SAFE : arret au feu rouge
27.60,80.7,0.0,SAFE,10,proximite:collision_imminente,SAFE : arret au feu rouge
27.65,80.7,0.0,SAFE,10,proximite:collision_imminente,SAFE : arret au feu rouge
27.70,80.7,0.0,SAFE,10,proximite:collision_imminente,SAFE : arret au feu rouge
27.75,80.7,0.0,SAFE,10,proximite:collision_imminente,SAFE : arret au feu rouge
27.80,80.7,0.0,SAFE,10,proximite:collision_imminente,SAFE : arret au feu rouge
27.85,80.7,0.0,SAFE,10,proximite:collision_imminente,SAFE : arret au feu rouge
27.90,80.7,0.0,SAFE,10,proximite:collision_imminente,SAFE : arret au feu rouge
27.95,80.7,0.0,SAFE,10,proximite:collision_imminente,SAFE : arret au feu rouge
28.00,80.7,0.0,SAFE,10,proximite:collision_imminente,SAFE : arret au feu rouge
28.05,80.7,0.0,SAFE,10,proximite:collision_imminente,SAFE : arret au feu rouge
28.10,80.7,0.0,SAFE,10,proximite:collision_imminente,SAFE : arret au feu rouge
28.15,80.7,0.0,SAFE,10,proximite:collision_imminente,SAFE : arret au feu rouge
28.20,80.7,0.0,SAFE,10,proximite:collision_imminente,SAFE : arret au feu rouge
28.25,80.7,0.0,SAFE,10,proximite:collision_imminente,SAFE : arret au feu rouge
28.30,80.7,0.0,SAFE,10,proximite:collision_imminente,SAFE : arret au feu rouge
28.35,80.7,0.0,SAFE,10,proximite:collision_imminente,SAFE : arret au feu rouge
28.40,80.7,0.0,SAFE,10,proximite:collision_imminente,SAFE : arret au feu rouge
28.45,80.7,0.0,SAFE,10,proximite:collision_imminente,SAFE : arret au feu rouge
28.50,80.7,0.0,SAFE,10,proximite:collision_imminente,SAFE : arret au feu rouge
28.55,80.7,0.0,SAFE,10,proximite:collision_imminente,SAFE : arret au feu rouge
28.60,80.7,0.0,SAFE,10,proximite:collision_imminente,SAFE : arret au feu rouge
28.65,80.7,0.0,SAFE,10,proximite:collision_imminente,SAFE : arret au feu rouge
28.70,80.7,0.0,SAFE,10,proximite:collision_imminente,SAFE : arret au feu rouge
28.75,80.7,0.0,SAFE,10,proximite:collision_imminente,SAFE : arret au feu rouge
28.80,80.7,0.0,SAFE,10,proximite:collision_imminente,SAFE : arret au feu rouge
28.85,80.7,0.0,SAFE,10,proximite:collision_imminente,SAFE : arret au feu rouge
28.90,80.7,0.0,SAFE,10,proximite:collision_imminente,SAFE : arret au feu rouge
28.95,80.7,0.0,SAFE,10,proximite:collision_imminente,SAFE : arret au feu rouge
29.00,80.7,0.0,SAFE,10,proximite:collision_imminente,SAFE : arret au feu rouge
29.05,80.7,0.0,SAFE,10,proximite:collision_imminente,SAFE : arret au feu rouge
29.10,80.7,0.0,SAFE,10,proximite:collision_imminente,SAFE : arret au feu rouge
29.15,80.7,0.0,SAFE,10,proximite:collision_imminente,SAFE : arret au feu rouge
29.20,80.7,0.0,SAFE,10,proximite:collision_imminente,SAFE : arret au feu rouge
29.25,80.7,0.0,SAFE,10,proximite:collision_imminente,SAFE : arret au feu rouge
29.30,80.7,0.0,SAFE,10,proximite:collision_imminente,SAFE : arret au feu rouge
29.35,80.7,0.0,SAFE,10,proximite:collision_imminente,SAFE : arret au feu rouge
29.40,80.7,0.0,SAFE,10,proximite:collision_imminente,SAFE : arret au feu rouge
29.45,80.7,0.0,SAFE,10,proximite:collision_imminente,SAFE : arret au feu rouge
29.50,80.7,0.0,SAFE,10,proximite:collision_imminente,SAFE : arret au feu rouge
29.55,80.7,0.0,SAFE,10,proximite:collision_imminente,SAFE : arret au feu rouge
29.60,80.7,0.0,SAFE,10,proximite:collision_imminente,SAFE : arret au feu rouge
29.65,80.7,0.0,SAFE,10,proximite:collision_imminente,SAFE : arret au feu rouge
29.70,80.7,0.0,SAFE,10,proximite:collision_imminente,SAFE : arret au feu rouge
29.75,80.7,0.0,SAFE,9,proximite:collision_imminente,SAFE : arret au feu rouge
29.80,80.7,0.0,SAFE,9,proximite:collision_imminente,SAFE : arret au feu rouge
29.85,80.7,0.0,SAFE,9,proximite:collision_imminente,SAFE : arret au feu rouge
29.90,80.7,0.0,SAFE,9,proximite:collision_imminente,SAFE : arret au feu rouge
29.95,80.7,0.0,SAFE,9,proximite:collision_imminente,SAFE : arret au feu rouge
30.00,80.7,0.0,SAFE,9,proximite:collision_imminente,SAFE : arret au feu rouge
30.05,80.7,0.0,SAFE,9,proximite:collision_imminente,SAFE : arret au feu rouge
30.10,80.7,0.0,SAFE,9,proximite:collision_imminente,SAFE : arret au feu rouge
30.15,80.7,0.0,SAFE,9,proximite:collision_imminente,SAFE : arret au feu rouge
30.20,80.7,0.0,SAFE,9,proximite:collision_imminente,SAFE : arret au feu rouge
30.25,80.7,0.0,SAFE,9,proximite:collision_imminente,SAFE : arret au feu rouge
30.30,80.7,0.0,SAFE,9,proximite:collision_imminente,SAFE : arret au feu rouge
30.35,80.7,0.0,SAFE,9,proximite:collision_imminente,SAFE : arret au feu rouge
30.40,80.7,0.0,SAFE,9,proximite:collision_imminente,SAFE : arret au feu rouge
30.45,80.7,0.0,SAFE,9,proximite:collision_imminente,SAFE : arret au feu rouge
30.50,80.7,0.0,SAFE,9,proximite:collision_imminente,SAFE : arret au feu rouge
30.55,80.7,0.0,SAFE,9,proximite:collision_imminente,SAFE : arret au feu rouge
30.60,80.7,0.0,SAFE,9,proximite:collision_imminente,SAFE : arret au feu rouge
30.65,80.7,0.0,SAFE,9,proximite:collision_imminente,SAFE : arret au feu rouge
30.70,80.7,0.0,SAFE,9,proximite:collision_imminente,SAFE : arret au feu rouge
30.75,80.7,0.0,SAFE,9,proximite:collision_imminente,SAFE : arret au feu rouge
30.80,80.7,0.0,SAFE,9,proximite:collision_imminente,SAFE : arret au feu rouge
30.85,80.7,0.0,SAFE,9,proximite:collision_imminente,SAFE : arret au feu rouge
30.90,80.7,0.0,SAFE,9,proximite:collision_imminente,SAFE : arret au feu rouge
30.95,80.7,0.0,SAFE,9,proximite:collision_imminente,SAFE : arret au feu rouge
31.00,80.7,0.0,SAFE,9,proximite:collision_imminente,SAFE : arret au feu rouge
31.05,80.7,0.0,SAFE,9,proximite:collision_imminente,SAFE : arret au feu rouge
31.10,80.7,0.0,SAFE,9,proximite:collision_imminente,SAFE : arret au feu rouge
31.15,80.7,0.0,SAFE,9,proximite:collision_imminente,SAFE : arret au feu rouge
31.20,80.7,0.0,SAFE,9,proximite:collision_imminente,SAFE : arret au feu rouge
31.25,80.7,0.0,SAFE,9,proximite:collision_imminente,SAFE : arret au feu rouge
31.30,80.7,0.0,SAFE,9,proximite:collision_imminente,SAFE : arret au feu rouge
31.35,80.7,0.0,SAFE,9,proximite:collision_imminente,SAFE : arret au feu rouge
31.40,80.7,0.0,SAFE,9,proximite:collision_imminente,SAFE : arret au feu rouge
31.45,80.7,0.0,SAFE,9,proximite:collision_imminente,SAFE : arret au feu rouge
31.50,80.7,0.0,SAFE,9,proximite:collision_imminente,SAFE : arret au feu rouge
31.55,80.7,0.0,SAFE,9,proximite:collision_imminente,SAFE : arret au feu rouge
31.60,80.7,0.0,SAFE,9,proximite:collision_imminente,SAFE : arret au feu rouge
31.65,80.7,0.0,SAFE,9,proximite:collision_imminente,SAFE : arret au feu rouge
31.70,80.7,0.0,SAFE,9,proximite:collision_imminente,SAFE : arret au feu rouge
31.75,80.7,0.0,SAFE,9,proximite:collision_imminente,SAFE : arret au feu rouge
31.80,80.7,0.0,SAFE,9,proximite:collision_imminente,SAFE : arret au feu rouge
31.85,80.7,0.0,SAFE,9,proximite:collision_imminente,SAFE : arret au feu rouge
31.90,80.7,0.0,SAFE,10,proximite:collision_imminente,SAFE : arret au feu rouge
31.95,80.7,0.0,SAFE,10,proximite:collision_imminente,SAFE : arret au feu rouge
32.00,80.7,0.0,SAFE,10,proximite:collision_imminente,SAFE : arret au feu rouge
32.05,80.7,0.0,SAFE,10,proximite:collision_imminente,SAFE : arret au feu rouge
32.10,80.7,0.0,SAFE,10,proximite:collision_imminente,SAFE : arret au feu rouge
32.15,80.7,0.0,SAFE,10,proximite:collision_imminente,SAFE : arret au feu rouge
32.20,80.7,0.0,SAFE,10,proximite:collision_imminente,SAFE : arret au feu rouge
32.25,80.7,0.0,SAFE,10,proximite:collision_imminente,SAFE : arret au feu rouge
32.30,80.7,0.0,SAFE,10,proximite:collision_imminente,SAFE : arret au feu rouge
32.35,80.7,0.0,SAFE,10,proximite:collision_imminente,SAFE : arret au feu rouge
32.40,80.7,0.0,SAFE,10,proximite:collision_imminente,SAFE : arret au feu rouge
32.45,80.7,0.0,SAFE,10,proximite:collision_imminente,SAFE : arret au feu rouge
32.50,80.7,0.0,SAFE,10,proximite:collision_imminente,SAFE : arret au feu rouge
32.55,80.7,0.0,SAFE,10,proximite:collision_imminente,SAFE : arret au feu rouge
32.60,80.7,0.0,SAFE,10,proximite:collision_imminente,SAFE : arret au feu rouge
32.65,80.7,0.0,SAFE,10,proximite:collision_imminente,SAFE : arret au feu rouge
32.70,80.7,0.0,SAFE,10,proximite:collision_imminente,SAFE : arret au feu rouge
32.75,80.7,0.0,SAFE,10,proximite:collision_imminente,SAFE : arret au feu rouge
32.80,80.7,0.0,SAFE,10,proximite:collision_imminente,SAFE : arret au feu rouge
32.85,80.7,0.0,SAFE,10,proximite:collision_imminente,SAFE : arret au feu rouge
32.90,80.7,0.0,SAFE,10,proximite:collision_imminente,SAFE : arret au feu rouge
32.95,80.7,0.0,SAFE,10,proximite:collision_imminente,SAFE : arret au feu rouge
33.00,80.7,0.0,SAFE,10,proximite:collision_imminente,SAFE : arret au feu rouge
33.05,80.7,0.0,SAFE,10,proximite:collision_imminente,SAFE : arret au feu rouge
33.10,80.7,0.0,SAFE,10,proximite:collision_imminente,SAFE : arret au feu rouge
33.15,80.7,0.0,SAFE,10,proximite:collision_imminente,SAFE : arret au feu rouge
33.20,80.7,0.0,SAFE,10,proximite:collision_imminente,SAFE : arret au feu rouge
33.25,80.7,0.0,SAFE,10,proximite:collision_imminente,SAFE : arret au feu rouge
33.30,80.7,0.0,SAFE,10,proximite:collision_imminente,SAFE : arret au feu rouge
33.35,80.7,0.0,SAFE,10,proximite:collision_imminente,SAFE : arret au feu rouge
33.40,80.7,0.0,SAFE,10,proximite:collision_imminente,SAFE : arret au feu rouge
33.45,80.7,0.0,SAFE,10,proximite:collision_imminente,SAFE : arret au feu rouge
33.50,80.7,0.0,SAFE,10,proximite:collision_imminente,SAFE : arret au feu rouge
33.55,80.7,0.0,SAFE,10,proximite:collision_imminente,SAFE : arret au feu rouge
33.60,80.7,0.0,SAFE,10,proximite:collision_imminente,SAFE : arret au feu rouge
33.65,80.7,0.0,SAFE,10,proximite:collision_imminente,SAFE : arret au feu rouge
33.70,80.7,0.0,SAFE,10,proximite:collision_imminente,SAFE : arret au feu rouge
33.75,80.7,0.0,SAFE,10,proximite:collision_imminente,SAFE : arret au feu rouge
33.80,80.7,0.0,SAFE,10,proximite:collision_imminente,SAFE : arret au feu rouge
33.85,80.7,0.0,SAFE,10,proximite:collision_imminente,SAFE : arret au feu rouge
33.90,80.7,0.0,SAFE,10,proximite:collision_imminente,SAFE : arret au feu rouge
33.95,80.7,0.0,SAFE,10,proximite:collision_imminente,SAFE : arret au feu rouge
34.00,80.7,0.0,SAFE,10,proximite:collision_imminente,SAFE : arret au feu rouge
34.05,80.7,0.0,SAFE,10,proximite:collision_imminente,SAFE : arret au feu rouge
34.10,80.7,0.0,SAFE,10,proximite:collision_imminente,SAFE : arret au feu rouge
34.15,80.7,0.0,SAFE,10,proximite:collision_imminente,SAFE : arret au feu rouge
34.20,80.7,0.0,SAFE,10,proximite:collision_imminente,SAFE : arret au feu rouge
34.25,80.7,0.0,SAFE,10,proximite:collision_imminente,SAFE : arret au feu rouge
34.30,80.7,0.0,SAFE,10,proximite:collision_imminente,SAFE : arret au feu rouge
34.35,80.7,0.0,SAFE,10,proximite:collision_imminente,SAFE : arret au feu rouge
34.40,80.7,0.0,SAFE,10,proximite:collision_imminente,SAFE : arret au feu rouge
34.45,80.7,0.0,SAFE,10,proximite:collision_imminente,SAFE : arret au feu rouge
34.50,80.7,0.0,SAFE,10,proximite:collision_imminente,SAFE : arret au feu rouge
34.55,80.7,0.0,SAFE,10,proximite:collision_imminente,SAFE : arret au feu rouge
34.60,80.7,0.0,SAFE,10,proximite:collision_imminente,SAFE : arret au feu rouge
34.65,80.7,0.0,SAFE,10,proximite:collision_imminente,SAFE : arret au feu rouge
34.70,80.7,0.0,SAFE,10,proximite:collision_imminente,SAFE : arret au feu rouge
34.75,80.7,0.0,SAFE,10,proximite:collision_imminente,SAFE : arret au feu rouge
34.80,80.7,0.0,SAFE,10,proximite:collision_imminente,SAFE : arret au feu rouge
34.85,80.7,0.0,SAFE,10,proximite:collision_imminente,SAFE : arret au feu rouge
34.90,80.7,0.0,SAFE,10,proximite:collision_imminente,SAFE : arret au feu rouge
34.95,80.7,0.0,SAFE,10,proximite:collision_imminente,SAFE : arret au feu rouge
35.00,80.7,0.0,SAFE,10,proximite:collision_imminente,SAFE : arret au feu rouge
35.05,80.7,0.0,SAFE,10,proximite:collision_imminente,SAFE : arret au feu rouge
35.10,80.7,0.0,SAFE,10,proximite:collision_imminente,SAFE : arret au feu rouge
35.15,80.7,0.0,SAFE,10,proximite:collision_imminente,SAFE : arret au feu rouge
35.20,80.7,0.0,SAFE,10,proximite:collision_imminente,SAFE : arret au feu rouge
35.25,80.7,0.0,SAFE,10,proximite:collision_imminente,SAFE : arret au feu rouge
35.30,80.7,0.0,SAFE,10,proximite:collision_imminente,SAFE : arret au feu rouge
35.35,80.7,0.0,SAFE,10,proximite:collision_imminente,SAFE : arret au feu rouge
35.40,80.7,0.0,SAFE,10,proximite:collision_imminente,SAFE : arret au feu rouge
35.45,80.7,0.0,SAFE,10,proximite:collision_imminente,SAFE : arret au feu rouge
35.50,80.7,0.0,SAFE,10,proximite:collision_imminente,SAFE : arret au feu rouge
35.55,80.7,0.0,SAFE,10,proximite:collision_imminente,SAFE : arret au feu rouge
35.60,80.7,0.0,SAFE,10,proximite:collision_imminente,SAFE : arret au feu rouge
35.65,80.7,0.0,SAFE,10,proximite:collision_imminente,SAFE : arret au feu rouge
35.70,80.7,0.0,SAFE,10,proximite:collision_imminente,SAFE : arret au feu rouge
35.75,80.7,0.0,SAFE,10,proximite:collision_imminente,SAFE : arret au feu rouge
35.80,80.7,0.0,SAFE,10,proximite:collision_imminente,SAFE : arret au feu rouge
35.85,80.7,0.0,SAFE,10,proximite:collision_imminente,SAFE : arret au feu rouge
35.90,80.7,0.0,SAFE,10,proximite:collision_imminente,SAFE : arret au feu rouge
35.95,80.7,0.0,SAFE,10,proximite:collision_imminente,SAFE : arret au feu rouge
36.00,80.7,0.0,SAFE,10,proximite:collision_imminente,SAFE : arret au feu rouge
36.05,80.7,0.0,SAFE,10,proximite:collision_imminente,SAFE : arret au feu rouge
36.10,80.7,0.0,SAFE,10,proximite:collision_imminente,SAFE : arret au feu rouge
36.15,80.7,0.0,SAFE,10,proximite:collision_imminente,SAFE : arret au feu rouge
36.20,80.7,0.0,SAFE,10,proximite:collision_imminente,SAFE : arret au feu rouge
36.25,80.7,0.0,SAFE,10,proximite:collision_imminente,SAFE : arret au feu rouge
36.30,80.7,0.0,SAFE,10,proximite:collision_imminente,SAFE : arret au feu rouge
36.35,80.7,0.0,SAFE,10,proximite:collision_imminente,SAFE : arret au feu rouge
36.40,80.7,0.0,SAFE,10,proximite:collision_imminente,SAFE : arret au feu rouge
36.45,80.7,0.0,SAFE,10,proximite:collision_imminente,SAFE : arret au feu rouge
36.50,80.7,0.0,SAFE,10,proximite:collision_imminente,SAFE : arret au feu rouge
36.55,80.7,0.0,SAFE,10,proximite:collision_imminente,SAFE : arret au feu rouge
36.60,80.7,0.0,SAFE,10,proximite:collision_imminente,SAFE : arret au feu rouge
36.65,80.7,0.0,SAFE,10,proximite:collision_imminente,SAFE : arret au feu rouge
36.70,80.7,0.0,SAFE,10,proximite:collision_imminente,SAFE : arret au feu rouge
36.75,80.7,0.0,SAFE,10,proximite:collision_imminente,SAFE : arret au feu rouge
36.80,80.7,0.0,SAFE,10,proximite:collision_imminente,SAFE : arret au feu rouge
36.85,80.7,0.0,SAFE,10,proximite:collision_imminente,SAFE : arret au feu rouge
36.90,80.7,0.0,SAFE,10,proximite:collision_imminente,SAFE : arret au feu rouge
36.95,80.7,0.0,SAFE,10,proximite:collision_imminente,SAFE : arret au feu rouge
37.00,80.7,0.0,SAFE,10,proximite:collision_imminente,SAFE : arret au feu rouge
37.05,80.7,0.0,SAFE,10,proximite:collision_imminente,SAFE : arret au feu rouge
37.10,80.7,0.0,SAFE,10,proximite:collision_imminente,SAFE : arret au feu rouge
37.15,80.7,0.0,SAFE,10,proximite:collision_imminente,SAFE : arret au feu rouge
37.20,80.7,0.0,SAFE,10,proximite:collision_imminente,SAFE : arret au feu rouge
37.25,80.7,0.0,SAFE,10,proximite:collision_imminente,SAFE : arret au feu rouge
37.30,80.7,0.0,SAFE,10,proximite:collision_imminente,SAFE : arret au feu rouge
37.35,80.7,0.0,SAFE,10,proximite:collision_imminente,SAFE : arret au feu rouge
37.40,80.7,0.0,SAFE,10,proximite:collision_imminente,SAFE : arret au feu rouge
37.45,80.7,0.0,SAFE,10,proximite:collision_imminente,SAFE : arret au feu rouge
37.50,80.7,0.0,SAFE,10,proximite:collision_imminente,SAFE : arret au feu rouge
37.55,80.7,0.0,SAFE,10,proximite:collision_imminente,SAFE : arret au feu rouge
37.60,80.7,0.0,SAFE,10,proximite:collision_imminente,SAFE : arret au feu rouge
37.65,80.7,0.0,SAFE,10,proximite:collision_imminente,SAFE : arret au feu rouge
37.70,80.7,0.0,SAFE,10,proximite:collision_imminente,SAFE : arret au feu rouge
37.75,80.7,0.0,SAFE,10,proximite:collision_imminente,SAFE : arret au feu rouge
37.80,80.7,0.0,SAFE,10,proximite:collision_imminente,SAFE : arret au feu rouge
37.85,80.7,0.0,SAFE,10,proximite:collision_imminente,SAFE : arret au feu rouge
37.90,80.7,0.0,SAFE,10,proximite:collision_imminente,SAFE : arret au feu rouge
37.95,80.7,0.0,SAFE,10,proximite:collision_imminente,SAFE : arret au feu rouge
38.00,80.7,0.0,SAFE,10,proximite:collision_imminente,SAFE : arret au feu rouge
38.05,80.7,0.0,SAFE,10,proximite:collision_imminente,SAFE : arret au feu rouge
38.10,80.7,0.0,SAFE,10,proximite:collision_imminente,SAFE : arret au feu rouge
38.15,80.7,0.0,SAFE,10,proximite:collision_imminente,SAFE : arret au feu rouge
38.20,80.7,0.0,SAFE,10,proximite:collision_imminente,SAFE : arret au feu rouge
38.25,80.7,0.0,SAFE,10,proximite:collision_imminente,SAFE : arret au feu rouge
38.30,80.7,0.0,SAFE,10,proximite:collision_imminente,SAFE : arret au feu rouge
38.35,80.7,0.0,SAFE,10,proximite:collision_imminente,SAFE : arret au feu rouge
38.40,80.7,0.0,SAFE,10,proximite:collision_imminente,SAFE : arret au feu rouge
38.45,80.7,0.0,SAFE,10,proximite:collision_imminente,SAFE : arret au feu rouge
38.50,80.7,0.0,SAFE,10,proximite:collision_imminente,SAFE : arret au feu rouge
38.55,80.7,0.0,SAFE,10,proximite:collision_imminente,SAFE : arret au feu rouge
38.60,80.7,0.0,SAFE,10,proximite:collision_imminente,SAFE : arret au feu rouge
38.65,80.7,0.0,SAFE,10,proximite:collision_imminente,SAFE : arret au feu rouge
38.70,80.7,0.0,SAFE,10,proximite:collision_imminente,SAFE : arret au feu rouge
38.75,80.7,0.0,SAFE,10,proximite:collision_imminente,SAFE : arret au feu rouge
38.80,80.7,0.0,SAFE,10,proximite:collision_imminente,SAFE : arret au feu rouge
38.85,80.7,0.0,SAFE,10,proximite:collision_imminente,SAFE : arret au feu rouge
38.90,80.7,0.0,SAFE,10,proximite:collision_imminente,SAFE : arret au feu rouge
38.95,80.7,0.0,SAFE,10,proximite:collision_imminente,SAFE : arret au feu rouge
39.00,80.7,0.0,SAFE,10,proximite:collision_imminente,SAFE : arret au feu rouge
39.05,80.7,0.0,SAFE,10,proximite:collision_imminente,SAFE : arret au feu rouge
39.10,80.7,0.0,SAFE,10,proximite:collision_imminente,SAFE : arret au feu rouge
39.15,80.7,0.0,SAFE,10,proximite:collision_imminente,SAFE : arret au feu rouge
39.20,80.7,0.0,SAFE,10,proximite:collision_imminente,SAFE : arret au feu rouge
39.25,80.7,0.0,SAFE,10,proximite:collision_imminente,SAFE : arret au feu rouge
39.30,80.7,0.0,SAFE,10,proximite:collision_imminente,SAFE : arret au feu rouge
39.35,80.7,0.0,SAFE,10,proximite:collision_imminente,SAFE : arret au feu rouge
39.40,80.7,0.0,SAFE,10,proximite:collision_imminente,SAFE : arret au feu rouge
39.45,80.7,0.0,SAFE,10,proximite:collision_imminente,SAFE : arret au feu rouge
39.50,80.7,0.0,SAFE,10,proximite:collision_imminente,SAFE : arret au feu rouge
39.55,80.7,0.0,SAFE,10,proximite:collision_imminente,SAFE : arret au feu rouge
39.60,80.7,0.0,SAFE,10,proximite:collision_imminente,SAFE : arret au feu rouge
39.65,80.7,0.0,SAFE,10,proximite:collision_imminente,SAFE : arret au feu rouge
39.70,80.7,0.0,SAFE,10,proximite:collision_imminente,SAFE : arret au feu rouge
39.75,80.7,0.0,SAFE,10,proximite:collision_imminente,SAFE : arret au feu rouge
39.80,80.7,0.0,SAFE,10,proximite:collision_imminente,SAFE : arret au feu rouge
39.85,80.7,0.0,SAFE,10,proximite:collision_imminente,SAFE : arret au feu rouge
39.90,80.7,0.0,SAFE,10,proximite:collision_imminente,SAFE : arret au feu rouge
39.95,80.7,0.0,SAFE,10,proximite:collision_imminente,SAFE : arret au feu rouge
40.00,80.7,0.0,SAFE,10,proximite:collision_imminente,SAFE : arret au feu rouge
40.05,80.7,0.0,SAFE,10,proximite:collision_imminente,SAFE : arret au feu rouge
40.10,80.7,0.0,SAFE,10,proximite:collision_imminente,SAFE : arret au feu rouge
40.15,80.7,0.0,SAFE,10,proximite:collision_imminente,SAFE : arret au feu rouge
40.20,80.7,0.0,SAFE,10,proximite:collision_imminente,SAFE : arret au feu rouge
40.25,80.7,0.0,SAFE,10,proximite:collision_imminente,SAFE : arret au feu rouge
40.30,80.7,0.0,SAFE,10,proximite:collision_imminente,SAFE : arret au feu rouge
40.35,80.7,0.0,SAFE,10,proximite:collision_imminente,SAFE : arret au feu rouge
40.40,80.7,0.0,SAFE,10,proximite:collision_imminente,SAFE : arret au feu rouge
40.45,80.7,0.0,SAFE,10,proximite:collision_imminente,SAFE : arret au feu rouge
40.50,80.7,0.0,SAFE,10,proximite:collision_imminente,SAFE : arret au feu rouge
40.55,80.7,0.0,SAFE,10,proximite:collision_imminente,SAFE : arret au feu rouge
40.60,80.7,0.0,SAFE,10,proximite:collision_imminente,SAFE : arret au feu rouge
40.65,80.7,0.0,SAFE,10,proximite:collision_imminente,SAFE : arret au feu rouge
40.70,80.7,0.0,SAFE,10,proximite:collision_imminente,SAFE : arret au feu rouge
40.75,80.7,0.0,SAFE,10,proximite:collision_imminente,SAFE : arret au feu rouge
40.80,80.7,0.0,SAFE,10,proximite:collision_imminente,SAFE : arret au feu rouge
40.85,80.7,0.0,SAFE,9,proximite:collision_imminente,SAFE : arret au feu rouge
40.90,80.7,0.0,SAFE,9,proximite:collision_imminente,SAFE : arret au feu rouge
40.95,80.7,0.0,SAFE,9,proximite:collision_imminente,SAFE : arret au feu rouge
41.00,80.7,0.0,SAFE,9,proximite:collision_imminente,SAFE : arret au feu rouge
41.05,80.7,0.0,SAFE,9,proximite:collision_imminente,SAFE : arret au feu rouge
41.10,80.7,0.0,SAFE,9,proximite:collision_imminente,SAFE : arret au feu rouge
41.15,80.7,0.0,SAFE,9,proximite:collision_imminente,SAFE : arret au feu rouge
41.20,80.7,0.0,SAFE,9,proximite:collision_imminente,SAFE : arret au feu rouge
41.25,80.7,0.0,SAFE,9,proximite:collision_imminente,SAFE : arret au feu rouge
41.30,80.7,0.0,SAFE,9,proximite:collision_imminente,SAFE : arret au feu rouge
41.35,80.7,0.0,SAFE,9,proximite:collision_imminente,SAFE : arret au feu rouge
41.40,80.7,0.0,SAFE,9,proximite:collision_imminente,SAFE : arret au feu rouge
41.45,80.7,0.0,SAFE,9,proximite:collision_imminente,SAFE : arret au feu rouge
41.50,80.7,0.0,SAFE,9,proximite:collision_imminente,SAFE : arret au feu rouge
41.55,80.7,0.0,SAFE,9,proximite:collision_imminente,SAFE : arret au feu rouge
41.60,80.7,0.0,SAFE,9,proximite:collision_imminente,SAFE : arret au feu rouge
41.65,80.7,0.0,SAFE,9,proximite:collision_imminente,SAFE : arret au feu rouge
41.70,80.7,0.0,SAFE,9,proximite:collision_imminente,SAFE : arret au feu rouge
41.75,80.7,0.0,SAFE,9,proximite:collision_imminente,SAFE : arret au feu rouge
41.80,80.7,0.0,SAFE,9,proximite:collision_imminente,SAFE : arret au feu rouge
41.85,80.7,0.0,SAFE,9,proximite:collision_imminente,SAFE : arret au feu rouge
41.90,80.7,0.0,SAFE,9,proximite:collision_imminente,SAFE : arret au feu rouge
41.95,80.7,0.0,SAFE,9,proximite:collision_imminente,SAFE : arret au feu rouge
42.00,80.7,0.0,SAFE,9,proximite:collision_imminente,SAFE : arret au feu rouge
42.05,80.7,0.0,SAFE,9,proximite:collision_imminente,SAFE : arret au feu rouge
42.10,80.7,0.0,SAFE,9,proximite:collision_imminente,SAFE : arret au feu rouge
42.15,80.7,0.0,SAFE,9,proximite:collision_imminente,SAFE : arret au feu rouge
42.20,80.7,0.0,SAFE,9,proximite:collision_imminente,SAFE : arret au feu rouge
42.25,80.7,0.0,SAFE,9,proximite:collision_imminente,SAFE : arret au feu rouge
42.30,80.7,0.0,SAFE,9,proximite:collision_imminente,SAFE : arret au feu rouge
42.35,80.7,0.0,SAFE,9,proximite:collision_imminente,SAFE : arret au feu rouge
42.40,80.7,0.0,SAFE,9,proximite:collision_imminente,SAFE : arret au feu rouge
42.45,80.7,0.0,SAFE,9,proximite:collision_imminente,SAFE : arret au feu rouge
42.50,80.7,0.0,SAFE,9,proximite:collision_imminente,SAFE : arret au feu rouge
42.55,80.7,0.0,SAFE,9,proximite:collision_imminente,SAFE : arret au feu rouge
42.60,80.7,0.0,SAFE,9,proximite:collision_imminente,SAFE : arret au feu rouge
42.65,80.7,0.0,SAFE,9,proximite:collision_imminente,SAFE : arret au feu rouge
42.70,80.7,0.0,SAFE,9,proximite:collision_imminente,SAFE : arret au feu rouge
42.75,80.7,0.0,SAFE,9,proximite:collision_imminente,SAFE : arret au feu rouge
42.80,80.7,0.0,SAFE,9,proximite:collision_imminente,SAFE : arret au feu rouge
42.85,80.7,0.0,SAFE,9,proximite:collision_imminente,SAFE : arret au feu rouge
42.90,80.7,0.0,SAFE,9,proximite:collision_imminente,SAFE : arret au feu rouge
42.95,80.7,0.0,SAFE,9,proximite:collision_imminente,SAFE : arret au feu rouge
43.00,80.7,0.0,SAFE,9,proximite:collision_imminente,SAFE : arret au feu rouge
43.05,80.7,0.0,SAFE,8,proximite:collision_imminente,SAFE : arret au feu rouge
43.10,80.7,0.0,SAFE,8,proximite:collision_imminente,SAFE : arret au feu rouge
43.15,80.7,0.0,SAFE,8,proximite:collision_imminente,SAFE : arret au feu rouge
43.20,80.7,0.0,SAFE,8,proximite:collision_imminente,SAFE : arret au feu rouge
43.25,80.7,0.0,SAFE,8,proximite:collision_imminente,SAFE : arret au feu rouge
43.30,80.7,0.0,SAFE,8,proximite:collision_imminente,SAFE : arret au feu rouge
43.35,80.7,0.0,SAFE,8,proximite:collision_imminente,SAFE : arret au feu rouge
43.40,80.7,0.0,SAFE,8,proximite:collision_imminente,SAFE : arret au feu rouge
43.45,80.7,0.0,SAFE,8,proximite:collision_imminente,SAFE : arret au feu rouge
43.50,80.7,0.0,SAFE,8,proximite:collision_imminente,SAFE : arret au feu rouge
43.55,80.7,0.0,SAFE,8,proximite:collision_imminente,SAFE : arret au feu rouge
43.60,80.7,0.0,SAFE,8,proximite:collision_imminente,SAFE : arret au feu rouge
43.65,80.7,0.0,SAFE,8,proximite:collision_imminente,SAFE : arret au feu rouge
43.70,80.7,0.0,SAFE,8,proximite:collision_imminente,SAFE : arret au feu rouge
43.75,80.7,0.0,SAFE,8,proximite:collision_imminente,SAFE : arret au feu rouge
43.80,80.7,0.0,SAFE,8,proximite:collision_imminente,SAFE : arret au feu rouge
43.85,80.7,0.0,SAFE,8,proximite:collision_imminente,SAFE : arret au feu rouge
43.90,80.7,0.0,SAFE,8,proximite:collision_imminente,SAFE : arret au feu rouge
43.95,80.7,0.0,SAFE,8,proximite:collision_imminente,SAFE : arret au feu rouge
44.00,80.7,0.0,SAFE,8,proximite:collision_imminente,SAFE : arret au feu rouge
44.05,80.7,0.0,SAFE,8,proximite:collision_imminente,SAFE : arret au feu rouge
44.10,80.7,0.0,SAFE,7,proximite:collision_imminente,SAFE : arret au feu rouge
44.15,80.7,0.0,SAFE,7,proximite:collision_imminente,SAFE : arret au feu rouge
44.20,80.7,0.0,SAFE,7,proximite:collision_imminente,SAFE : arret au feu rouge
44.25,80.7,0.0,SAFE,7,proximite:collision_imminente,SAFE : arret au feu rouge
44.30,80.7,0.0,SAFE,7,proximite:collision_imminente,SAFE : arret au feu rouge
44.35,80.7,0.0,SAFE,7,proximite:collision_imminente,SAFE : arret au feu rouge
44.40,80.7,0.0,SAFE,7,proximite:collision_imminente,SAFE : arret au feu rouge
44.45,80.7,0.0,SAFE,7,proximite:collision_imminente,SAFE : arret au feu rouge
44.50,80.7,0.0,SAFE,7,proximite:collision_imminente,SAFE : arret au feu rouge
44.55,80.7,0.0,SAFE,7,proximite:collision_imminente,SAFE : arret au feu rouge
44.60,80.7,0.0,SAFE,7,proximite:collision_imminente,SAFE : arret au feu rouge
44.65,80.7,0.0,SAFE,7,proximite:collision_imminente,SAFE : arret au feu rouge
44.70,80.7,0.0,SAFE,7,proximite:collision_imminente,SAFE : arret au feu rouge
44.75,80.7,0.0,SAFE,7,proximite:collision_imminente,SAFE : arret au feu rouge
44.80,80.7,0.0,SAFE,7,proximite:collision_imminente,SAFE : arret au feu rouge
44.85,80.7,0.0,SAFE,7,proximite:collision_imminente,SAFE : arret au feu rouge
44.90,80.7,0.0,SAFE,7,proximite:collision_imminente,SAFE : arret au feu rouge
44.95,80.7,0.0,SAFE,7,proximite:collision_imminente,SAFE : arret au feu rouge
45.00,80.7,0.0,SAFE,7,proximite:collision_imminente,SAFE : arret au feu rouge
45.05,80.7,0.0,SAFE,7,proximite:collision_imminente,SAFE : arret au feu rouge
45.10,80.7,0.0,SAFE,7,proximite:collision_imminente,SAFE : arret au feu rouge
45.15,80.7,0.0,SAFE,7,proximite:collision_imminente,SAFE : arret au feu rouge
45.20,80.7,0.0,SAFE,7,proximite:collision_imminente,SAFE : arret au feu rouge
45.25,80.7,0.0,SAFE,7,proximite:collision_imminente,SAFE : arret au feu rouge
45.30,80.7,0.0,SAFE,7,proximite:collision_imminente,SAFE : arret au feu rouge
45.35,80.7,0.0,SAFE,7,proximite:collision_imminente,SAFE : arret au feu rouge
45.40,80.7,0.0,SAFE,7,proximite:collision_imminente,SAFE : arret au feu rouge
45.45,80.7,0.0,SAFE,7,proximite:collision_imminente,SAFE : arret au feu rouge
45.50,80.7,0.0,SAFE,7,proximite:collision_imminente,SAFE : arret au feu rouge
45.55,80.7,0.0,SAFE,7,proximite:collision_imminente,SAFE : arret au feu rouge
45.60,80.7,0.0,SAFE,7,proximite:collision_imminente,SAFE : arret au feu rouge
45.65,80.7,0.0,SAFE,7,proximite:collision_imminente,SAFE : arret au feu rouge
45.70,80.7,0.0,SAFE,7,proximite:collision_imminente,SAFE : arret au feu rouge
45.75,80.7,0.0,SAFE,7,proximite:collision_imminente,SAFE : arret au feu rouge
45.80,80.7,0.0,SAFE,6,proximite:collision_imminente,SAFE : arret au feu rouge
45.85,80.7,0.0,SAFE,6,proximite:collision_imminente,SAFE : arret au feu rouge
45.90,80.7,0.0,SAFE,6,proximite:collision_imminente,SAFE : arret au feu rouge
45.95,80.7,0.0,SAFE,6,proximite:collision_imminente,SAFE : arret au feu rouge
46.00,80.7,0.0,SAFE,6,proximite:collision_imminente,SAFE : arret au feu rouge
46.05,80.7,0.0,SAFE,6,proximite:collision_imminente,SAFE : arret au feu rouge
46.10,80.7,0.0,SAFE,6,proximite:collision_imminente,SAFE : arret au feu rouge
46.15,80.7,0.0,SAFE,6,proximite:collision_imminente,SAFE : arret au feu rouge
46.20,80.7,0.0,SAFE,6,proximite:collision_imminente,SAFE : arret au feu rouge
46.25,80.7,0.0,SAFE,6,proximite:collision_imminente,SAFE : arret au feu rouge
46.30,80.7,0.0,SAFE,6,proximite:collision_imminente,SAFE : arret au feu rouge
46.35,80.7,0.0,SAFE,6,proximite:collision_imminente,SAFE : arret au feu rouge
46.40,80.7,0.0,SAFE,6,proximite:collision_imminente,SAFE : arret au feu rouge
46.45,80.7,0.0,SAFE,6,proximite:collision_imminente,SAFE : arret au feu rouge
46.50,80.7,0.0,SAFE,6,proximite:collision_imminente,SAFE : arret au feu rouge
46.55,80.7,0.0,SAFE,6,proximite:collision_imminente,SAFE : arret au feu rouge
46.60,80.7,0.0,SAFE,6,proximite:collision_imminente,SAFE : arret au feu rouge
46.65,80.7,0.0,SAFE,6,proximite:collision_imminente,SAFE : arret au feu rouge
46.70,80.7,0.0,SAFE,6,proximite:collision_imminente,SAFE : arret au feu rouge
46.75,80.7,0.0,SAFE,6,proximite:collision_imminente,SAFE : arret au feu rouge
46.80,80.7,0.0,SAFE,6,proximite:collision_imminente,SAFE : arret au feu rouge
46.85,80.7,0.0,SAFE,6,proximite:collision_imminente,SAFE : arret au feu rouge
46.90,80.7,0.0,SAFE,6,proximite:collision_imminente,SAFE : arret au feu rouge
46.95,80.7,0.0,SAFE,6,proximite:collision_imminente,SAFE : arret au feu rouge
47.00,80.7,0.0,SAFE,6,proximite:collision_imminente,SAFE : arret au feu rouge
47.05,80.7,0.0,SAFE,6,proximite:collision_imminente,SAFE : arret au feu rouge
47.10,80.7,0.0,SAFE,6,proximite:collision_imminente,SAFE : arret au feu rouge
47.15,80.7,0.0,SAFE,6,proximite:collision_imminente,SAFE : arret au feu rouge
47.20,80.7,0.0,SAFE,6,proximite:collision_imminente,SAFE : arret au feu rouge
47.25,80.7,0.0,SAFE,6,proximite:collision_imminente,SAFE : arret au feu rouge
47.30,80.7,0.0,SAFE,6,proximite:collision_imminente,SAFE : arret au feu rouge
47.35,80.7,0.0,SAFE,6,proximite:collision_imminente,SAFE : arret au feu rouge
47.40,80.7,0.0,SAFE,6,proximite:collision_imminente,SAFE : arret au feu rouge
47.45,80.7,0.0,SAFE,6,proximite:collision_imminente,SAFE : arret au feu rouge
47.50,80.7,0.0,SAFE,6,proximite:collision_imminente,SAFE : arret au feu rouge
47.55,80.7,0.0,SAFE,6,proximite:collision_imminente,SAFE : arret au feu rouge
47.60,80.7,0.0,SAFE,6,proximite:collision_imminente,SAFE : arret au feu rouge
47.65,80.7,0.0,SAFE,6,proximite:collision_imminente,SAFE : arret au feu rouge
47.70,80.7,0.0,SAFE,6,proximite:collision_imminente,SAFE : arret au feu rouge
47.75,80.7,0.0,SAFE,6,proximite:collision_imminente,SAFE : arret au feu rouge
47.80,80.7,0.0,SAFE,6,proximite:collision_imminente,SAFE : arret au feu rouge
47.85,80.7,0.0,SAFE,6,proximite:collision_imminente,SAFE : arret au feu rouge
47.90,80.7,0.0,SAFE,6,proximite:collision_imminente,SAFE : arret au feu rouge
47.95,80.7,0.0,SAFE,6,proximite:collision_imminente,SAFE : arret au feu rouge
48.00,80.7,0.0,SAFE,6,proximite:collision_imminente,SAFE : arret au feu rouge
48.05,80.7,0.0,SAFE,6,proximite:collision_imminente,SAFE : arret au feu rouge
48.10,80.7,0.0,SAFE,6,proximite:collision_imminente,SAFE : arret au feu rouge
48.15,80.7,0.0,SAFE,6,proximite:collision_imminente,SAFE : arret au feu rouge
48.20,80.7,0.0,SAFE,6,proximite:collision_imminente,SAFE : arret au feu rouge
48.25,80.7,0.0,SAFE,6,proximite:collision_imminente,SAFE : arret au feu rouge
48.30,80.7,0.0,SAFE,6,proximite:collision_imminente,SAFE : arret au feu rouge
48.35,80.7,0.0,SAFE,6,proximite:collision_imminente,SAFE : arret au feu rouge
48.40,80.7,0.0,SAFE,6,proximite:collision_imminente,SAFE : arret au feu rouge
48.45,80.7,0.0,SAFE,6,proximite:collision_imminente,SAFE : arret au feu rouge
48.50,80.7,0.0,SAFE,6,proximite:collision_imminente,SAFE : arret au feu rouge
48.55,80.7,0.0,SAFE,5,proximite:collision_imminente,SAFE : arret au feu rouge
48.60,80.7,0.0,SAFE,5,proximite:collision_imminente,SAFE : arret au feu rouge
48.65,80.7,0.0,SAFE,5,proximite:collision_imminente,SAFE : arret au feu rouge
48.70,80.7,0.0,SAFE,5,proximite:collision_imminente,SAFE : arret au feu rouge
48.75,80.7,0.0,SAFE,5,proximite:collision_imminente,SAFE : arret au feu rouge
48.80,80.7,0.0,SAFE,5,proximite:collision_imminente,SAFE : arret au feu rouge
48.85,80.7,0.0,SAFE,5,proximite:collision_imminente,SAFE : arret au feu rouge
48.90,80.7,0.0,SAFE,5,proximite:collision_imminente,SAFE : arret au feu rouge
48.95,80.7,0.0,SAFE,5,proximite:collision_imminente,SAFE : arret au feu rouge
49.00,80.7,0.0,SAFE,5,proximite:collision_imminente,SAFE : arret au feu rouge
49.05,80.7,0.0,SAFE,5,proximite:collision_imminente,SAFE : arret au feu rouge
49.10,80.7,0.0,SAFE,5,proximite:collision_imminente,SAFE : arret au feu rouge
49.15,80.7,0.0,SAFE,5,proximite:collision_imminente,SAFE : arret au feu rouge
49.20,80.7,0.0,SAFE,5,proximite:collision_imminente,SAFE : arret au feu rouge
49.25,80.7,0.0,SAFE,5,proximite:collision_imminente,SAFE : arret au feu rouge
49.30,80.7,0.0,SAFE,5,proximite:collision_imminente,SAFE : arret au feu rouge
49.35,80.7,0.0,CRITICAL,5,proximite:collision_imminente,Vigilance — situation à la limite
49.40,80.7,0.0,CRITICAL,5,proximite:collision_imminente,Vigilance — situation à la limite
49.45,80.7,0.0,CRITICAL,5,proximite:collision_imminente,Vigilance — situation à la limite
49.50,80.7,0.0,CRITICAL,5,proximite:collision_imminente,Vigilance — situation à la limite
49.55,80.7,0.0,CRITICAL,5,proximite:collision_imminente,Vigilance — situation à la limite
49.60,80.7,0.0,CRITICAL,6,proximite:collision_imminente,Vigilance — situation à la limite
49.65,80.7,0.0,CRITICAL,6,proximite:collision_imminente,Vigilance — situation à la limite
49.70,80.7,0.0,CRITICAL,6,proximite:collision_imminente,Vigilance — situation à la limite
49.75,80.7,0.0,CRITICAL,6,proximite:collision_imminente,Vigilance — situation à la limite
49.80,80.7,0.0,CRITICAL,6,proximite:collision_imminente,Vigilance — situation à la limite
49.85,80.7,0.0,CRITICAL,6,proximite:collision_imminente,Vigilance — situation à la limite
49.90,80.7,0.0,CRITICAL,6,proximite:collision_imminente,Vigilance — situation à la limite
49.95,80.7,0.0,CRITICAL,6,proximite:collision_imminente,Vigilance — situation à la limite
50.00,80.7,0.0,CRITICAL,6,proximite:collision_imminente,Vigilance — situation à la limite
50.05,80.7,0.0,CRITICAL,6,proximite:collision_imminente,Vigilance — situation à la limite
50.10,80.7,0.0,SAFE,6,proximite:collision_imminente,SAFE : arret au feu rouge
50.15,80.7,0.0,SAFE,6,proximite:collision_imminente,SAFE : arret au feu rouge
50.20,80.7,0.0,SAFE,6,proximite:collision_imminente,SAFE : arret au feu rouge
50.25,80.7,0.0,SAFE,5,proximite:collision_imminente,SAFE : arret au feu rouge
50.30,80.7,0.0,SAFE,5,proximite:collision_imminente,SAFE : arret au feu rouge
50.35,80.7,0.0,SAFE,5,proximite:collision_imminente,SAFE : arret au feu rouge
50.40,80.7,0.0,SAFE,5,proximite:collision_imminente,SAFE : arret au feu rouge
50.45,80.7,0.0,SAFE,5,proximite:collision_imminente,SAFE : arret au feu rouge
50.50,80.7,0.0,SAFE,5,proximite:collision_imminente,SAFE : arret au feu rouge
50.55,80.7,0.0,SAFE,5,proximite:collision_imminente,SAFE : arret au feu rouge
50.60,80.7,0.0,SAFE,5,proximite:collision_imminente,SAFE : arret au feu rouge
50.65,80.7,0.0,SAFE,5,proximite:collision_imminente,SAFE : arret au feu rouge
50.70,80.7,0.0,SAFE,5,proximite:collision_imminente,SAFE : arret au feu rouge
50.75,80.7,0.0,SAFE,5,proximite:collision_imminente,SAFE : arret au feu rouge
50.80,80.7,0.0,SAFE,5,proximite:collision_imminente,SAFE : arret au feu rouge
50.85,80.7,0.0,SAFE,5,proximite:collision_imminente,SAFE : arret au feu rouge
50.90,80.7,0.0,SAFE,5,proximite:collision_imminente,SAFE : arret au feu rouge
50.95,80.7,0.0,SAFE,5,proximite:collision_imminente,SAFE : arret au feu rouge
51.00,80.7,0.0,SAFE,5,proximite:collision_imminente,SAFE : arret au feu rouge
51.05,80.7,0.0,SAFE,5,proximite:collision_imminente,SAFE : arret au feu rouge
51.10,80.7,0.0,SAFE,5,proximite:collision_imminente,SAFE : arret au feu rouge
51.15,80.7,0.0,SAFE,5,proximite:collision_imminente,SAFE : arret au feu rouge
51.20,80.7,0.0,SAFE,5,proximite:collision_imminente,SAFE : arret au feu rouge
51.25,80.7,0.0,SAFE,5,proximite:collision_imminente,SAFE : arret au feu rouge
51.30,80.7,0.0,SAFE,5,proximite:collision_imminente,SAFE : arret au feu rouge
51.35,80.7,0.0,SAFE,5,proximite:collision_imminente,SAFE : arret au feu rouge
51.40,80.7,0.0,SAFE,5,proximite:collision_imminente,SAFE : arret au feu rouge
51.45,80.7,0.0,SAFE,5,proximite:collision_imminente,SAFE : arret au feu rouge
51.50,80.7,0.0,SAFE,5,proximite:collision_imminente,SAFE : arret au feu rouge
51.55,80.7,0.0,SAFE,5,proximite:collision_imminente,SAFE : arret au feu rouge
51.60,80.7,0.0,SAFE,5,proximite:collision_imminente,SAFE : arret au feu rouge
51.65,80.7,0.0,SAFE,5,proximite:collision_imminente,SAFE : arret au feu rouge
51.70,80.7,0.0,SAFE,5,proximite:collision_imminente,SAFE : arret au feu rouge
51.75,80.7,0.0,SAFE,5,proximite:collision_imminente,SAFE : arret au feu rouge
51.80,80.7,0.0,SAFE,5,proximite:collision_imminente,SAFE : arret au feu rouge
51.85,80.7,0.0,SAFE,5,proximite:collision_imminente,SAFE : arret au feu rouge
51.90,80.7,0.0,SAFE,5,proximite:collision_imminente,SAFE : arret au feu rouge
51.95,80.7,0.0,SAFE,5,proximite:collision_imminente,SAFE : arret au feu rouge
52.00,80.7,0.0,SAFE,5,proximite:collision_imminente,SAFE : arret au feu rouge
52.05,80.7,0.0,SAFE,5,proximite:collision_imminente,SAFE : arret au feu rouge
52.10,80.7,0.0,SAFE,5,proximite:collision_imminente,SAFE : arret au feu rouge
52.15,80.7,0.0,SAFE,5,proximite:collision_imminente,SAFE : arret au feu rouge
52.20,80.7,0.0,SAFE,5,proximite:collision_imminente,SAFE : arret au feu rouge
52.25,80.7,0.0,SAFE,5,proximite:collision_imminente,SAFE : arret au feu rouge
52.30,80.7,0.0,SAFE,5,proximite:collision_imminente,SAFE : arret au feu rouge
52.35,80.7,0.0,SAFE,5,proximite:collision_imminente,SAFE : arret au feu rouge
52.40,80.7,0.0,SAFE,5,proximite:collision_imminente,SAFE : arret au feu rouge
52.45,80.7,0.0,SAFE,5,proximite:collision_imminente,SAFE : arret au feu rouge
52.50,80.7,0.0,SAFE,5,proximite:collision_imminente,SAFE : arret au feu rouge
52.55,80.7,0.0,SAFE,5,proximite:collision_imminente,SAFE : arret au feu rouge
52.60,80.7,0.0,SAFE,5,proximite:collision_imminente,SAFE : arret au feu rouge
52.65,80.7,0.0,SAFE,5,proximite:collision_imminente,SAFE : arret au feu rouge
52.70,80.7,0.0,SAFE,5,proximite:collision_imminente,SAFE : arret au feu rouge
52.75,80.7,0.0,SAFE,5,proximite:collision_imminente,SAFE : arret au feu rouge
52.80,80.7,0.0,SAFE,5,proximite:collision_imminente,SAFE : arret au feu rouge
52.85,80.7,0.0,SAFE,6,proximite:collision_imminente,SAFE : arret au feu rouge
52.90,80.7,0.0,SAFE,6,proximite:collision_imminente,SAFE : arret au feu rouge
52.95,80.7,0.0,SAFE,6,proximite:collision_imminente,SAFE : arret au feu rouge
53.00,80.7,0.0,SAFE,6,proximite:collision_imminente,SAFE : arret au feu rouge
53.05,80.7,0.0,SAFE,6,proximite:collision_imminente,SAFE : arret au feu rouge
53.10,80.7,0.0,SAFE,6,proximite:collision_imminente,SAFE : arret au feu rouge
53.15,80.7,0.0,SAFE,6,proximite:collision_imminente,SAFE : arret au feu rouge
53.20,80.7,0.0,SAFE,6,proximite:collision_imminente,SAFE : arret au feu rouge
53.25,80.7,0.0,SAFE,6,proximite:collision_imminente,SAFE : arret au feu rouge
53.30,80.7,0.0,SAFE,6,proximite:collision_imminente,SAFE : arret au feu rouge
53.35,80.7,0.0,SAFE,6,proximite:collision_imminente,SAFE : arret au feu rouge
53.40,80.7,0.0,SAFE,6,proximite:collision_imminente,SAFE : arret au feu rouge
53.45,80.7,0.0,SAFE,6,proximite:collision_imminente,SAFE : arret au feu rouge
53.50,80.7,0.0,SAFE,6,proximite:collision_imminente,SAFE : arret au feu rouge
53.55,80.7,0.0,SAFE,6,proximite:collision_imminente,SAFE : arret au feu rouge
53.60,80.7,0.0,SAFE,6,proximite:collision_imminente,SAFE : arret au feu rouge
53.65,80.7,0.0,SAFE,6,proximite:collision_imminente,SAFE : arret au feu rouge
53.70,80.7,0.0,SAFE,6,proximite:collision_imminente,SAFE : arret au feu rouge
53.75,80.7,0.0,SAFE,6,proximite:collision_imminente,SAFE : arret au feu rouge
53.80,80.7,0.0,SAFE,6,proximite:collision_imminente,SAFE : arret au feu rouge
53.85,80.7,0.0,SAFE,6,proximite:collision_imminente,SAFE : arret au feu rouge
53.90,80.7,0.0,SAFE,6,proximite:collision_imminente,SAFE : arret au feu rouge
53.95,80.7,0.0,SAFE,6,proximite:collision_imminente,SAFE : arret au feu rouge
54.00,80.7,0.0,SAFE,6,proximite:collision_imminente,SAFE : arret au feu rouge
54.05,80.7,0.0,SAFE,6,proximite:collision_imminente,SAFE : arret au feu rouge
54.10,80.7,0.0,SAFE,6,proximite:collision_imminente,SAFE : arret au feu rouge
54.15,80.7,0.0,SAFE,6,proximite:collision_imminente,SAFE : arret au feu rouge
54.20,80.7,0.0,SAFE,6,proximite:collision_imminente,SAFE : arret au feu rouge
54.25,80.7,0.0,SAFE,6,proximite:collision_imminente,SAFE : arret au feu rouge
54.30,80.7,0.0,SAFE,6,proximite:collision_imminente,SAFE : arret au feu rouge
54.35,80.7,0.0,SAFE,6,proximite:collision_imminente,SAFE : arret au feu rouge
54.40,80.7,0.0,SAFE,5,proximite:collision_imminente,SAFE : arret au feu rouge
54.45,80.7,0.0,SAFE,5,proximite:collision_imminente,SAFE : arret au feu rouge
54.50,80.7,0.0,SAFE,5,proximite:collision_imminente,SAFE : arret au feu rouge
54.55,80.7,0.0,SAFE,5,proximite:collision_imminente,SAFE : arret au feu rouge
54.60,80.7,0.0,SAFE,5,proximite:collision_imminente,SAFE : arret au feu rouge
54.65,80.7,0.0,SAFE,5,proximite:collision_imminente,SAFE : arret au feu rouge
54.70,80.7,0.0,SAFE,5,proximite:collision_imminente,SAFE : arret au feu rouge
54.75,80.7,0.0,SAFE,5,proximite:collision_imminente,SAFE : arret au feu rouge
54.80,80.7,0.0,SAFE,5,proximite:collision_imminente,SAFE : arret au feu rouge
54.85,80.7,0.0,SAFE,5,proximite:collision_imminente,SAFE : arret au feu rouge
54.90,80.7,0.0,SAFE,5,proximite:collision_imminente,SAFE : arret au feu rouge
54.95,80.7,0.0,SAFE,5,proximite:collision_imminente,SAFE : arret au feu rouge
55.00,80.7,0.0,SAFE,5,proximite:collision_imminente,SAFE : arret au feu rouge
55.05,80.7,0.0,SAFE,5,proximite:collision_imminente,SAFE : arret au feu rouge
55.10,80.7,0.0,SAFE,5,proximite:collision_imminente,SAFE : arret au feu rouge
55.15,80.7,0.0,SAFE,5,proximite:collision_imminente,SAFE : arret au feu rouge
55.20,80.7,0.0,SAFE,5,proximite:collision_imminente,SAFE : arret au feu rouge
55.25,80.7,0.0,SAFE,5,proximite:collision_imminente,SAFE : arret au feu rouge
55.30,80.7,0.0,SAFE,5,proximite:collision_imminente,SAFE : arret au feu rouge
55.35,80.7,0.0,SAFE,5,proximite:collision_imminente,SAFE : arret au feu rouge
55.40,80.7,0.0,SAFE,6,proximite:collision_imminente,SAFE : arret au feu rouge
55.45,80.7,0.0,SAFE,6,proximite:collision_imminente,SAFE : arret au feu rouge
55.50,80.7,0.0,SAFE,6,proximite:collision_imminente,SAFE : arret au feu rouge
55.55,80.7,0.0,SAFE,6,proximite:collision_imminente,SAFE : arret au feu rouge
55.60,80.7,0.0,SAFE,6,proximite:collision_imminente,SAFE : arret au feu rouge
55.65,80.7,0.0,SAFE,6,proximite:collision_imminente,SAFE : arret au feu rouge
55.70,80.7,0.0,SAFE,6,proximite:collision_imminente,SAFE : arret au feu rouge
55.75,80.7,0.0,SAFE,6,proximite:collision_imminente,SAFE : arret au feu rouge
55.80,80.7,0.0,SAFE,6,proximite:collision_imminente,SAFE : arret au feu rouge
55.85,80.7,0.0,SAFE,6,proximite:collision_imminente,SAFE : arret au feu rouge
55.90,80.7,0.0,SAFE,6,proximite:collision_imminente,SAFE : arret au feu rouge
55.95,80.7,0.0,SAFE,6,proximite:collision_imminente,SAFE : arret au feu rouge
56.00,80.7,0.0,SAFE,6,proximite:collision_imminente,SAFE : arret au feu rouge
56.05,80.7,0.0,SAFE,6,proximite:collision_imminente,SAFE : arret au feu rouge
56.10,80.7,0.0,SAFE,6,proximite:collision_imminente,SAFE : arret au feu rouge
56.15,80.7,0.0,SAFE,6,proximite:collision_imminente,SAFE : arret au feu rouge
56.20,80.7,0.0,SAFE,6,proximite:collision_imminente,SAFE : arret au feu rouge
56.25,80.7,0.0,SAFE,6,proximite:collision_imminente,SAFE : arret au feu rouge
56.30,80.7,0.0,SAFE,6,proximite:collision_imminente,SAFE : arret au feu rouge
56.35,80.7,0.0,SAFE,6,proximite:collision_imminente,SAFE : arret au feu rouge
56.40,80.7,0.0,SAFE,6,proximite:collision_imminente,SAFE : arret au feu rouge
56.45,80.7,0.0,SAFE,6,proximite:collision_imminente,SAFE : arret au feu rouge
56.50,80.7,0.0,SAFE,6,proximite:collision_imminente,SAFE : arret au feu rouge
56.55,80.7,0.0,SAFE,6,proximite:collision_imminente,SAFE : arret au feu rouge
56.60,80.7,0.0,SAFE,6,proximite:collision_imminente,SAFE : arret au feu rouge
56.65,80.7,0.0,SAFE,6,proximite:collision_imminente,SAFE : arret au feu rouge
56.70,80.7,0.0,SAFE,6,proximite:collision_imminente,SAFE : arret au feu rouge
56.75,80.7,0.0,SAFE,6,proximite:collision_imminente,SAFE : arret au feu rouge
56.80,80.7,0.0,SAFE,6,proximite:collision_imminente,SAFE : arret au feu rouge
56.85,80.7,0.0,SAFE,6,proximite:collision_imminente,SAFE : arret au feu rouge
56.90,80.7,0.0,SAFE,6,proximite:collision_imminente,SAFE : arret au feu rouge
56.95,80.7,0.0,SAFE,6,proximite:collision_imminente,SAFE : arret au feu rouge
57.00,80.7,0.0,SAFE,6,proximite:collision_imminente,SAFE : arret au feu rouge
57.05,80.7,0.0,SAFE,6,proximite:collision_imminente,SAFE : arret au feu rouge
57.10,80.7,0.0,SAFE,6,proximite:collision_imminente,SAFE : arret au feu rouge
57.15,80.7,0.0,SAFE,6,proximite:collision_imminente,SAFE : arret au feu rouge
57.20,80.7,0.0,SAFE,6,proximite:collision_imminente,SAFE : arret au feu rouge
57.25,80.7,0.0,SAFE,6,proximite:collision_imminente,SAFE : arret au feu rouge
57.30,80.7,0.0,SAFE,6,proximite:collision_imminente,SAFE : arret au feu rouge
57.35,80.7,0.0,SAFE,6,proximite:collision_imminente,SAFE : arret au feu rouge
57.40,80.7,0.0,SAFE,6,proximite:collision_imminente,SAFE : arret au feu rouge
57.45,80.7,0.0,SAFE,5,proximite:collision_imminente,SAFE : arret au feu rouge
57.50,80.7,0.0,SAFE,6,proximite:collision_imminente,SAFE : arret au feu rouge
57.55,80.7,0.0,SAFE,6,proximite:collision_imminente,SAFE : arret au feu rouge
57.60,80.7,0.0,SAFE,6,proximite:collision_imminente,SAFE : arret au feu rouge
57.65,80.7,0.0,SAFE,6,proximite:collision_imminente,SAFE : arret au feu rouge
57.70,80.7,0.0,SAFE,6,proximite:collision_imminente,SAFE : arret au feu rouge
57.75,80.7,0.0,SAFE,6,proximite:collision_imminente,SAFE : arret au feu rouge
57.80,80.7,0.0,SAFE,6,proximite:collision_imminente,SAFE : arret au feu rouge
57.85,80.7,0.0,SAFE,6,proximite:collision_imminente,SAFE : arret au feu rouge
57.90,80.7,0.0,SAFE,6,proximite:collision_imminente,SAFE : arret au feu rouge
57.95,80.7,0.0,SAFE,6,proximite:collision_imminente,SAFE : arret au feu rouge
58.00,80.7,0.0,SAFE,6,proximite:collision_imminente,SAFE : arret au feu rouge
58.05,80.7,0.0,SAFE,6,proximite:collision_imminente,SAFE : arret au feu rouge
58.10,80.7,0.0,SAFE,6,proximite:collision_imminente,SAFE : arret au feu rouge
58.15,80.7,0.0,SAFE,6,proximite:collision_imminente,SAFE : arret au feu rouge
58.20,80.7,0.0,SAFE,6,proximite:collision_imminente,SAFE : arret au feu rouge
58.25,80.7,0.0,SAFE,6,proximite:collision_imminente,SAFE : arret au feu rouge
58.30,80.7,0.0,SAFE,6,proximite:collision_imminente,SAFE : arret au feu rouge
58.35,80.7,0.0,SAFE,6,proximite:collision_imminente,SAFE : arret au feu rouge
58.40,80.7,0.0,SAFE,6,proximite:collision_imminente,SAFE : arret au feu rouge
58.45,80.7,0.0,SAFE,6,proximite:collision_imminente,SAFE : arret au feu rouge
58.50,80.7,0.0,SAFE,6,proximite:collision_imminente,SAFE : arret au feu rouge
58.55,80.7,0.0,SAFE,6,proximite:collision_imminente,SAFE : arret au feu rouge
58.60,80.7,0.0,SAFE,6,proximite:collision_imminente,SAFE : arret au feu rouge
58.65,80.7,0.0,SAFE,6,proximite:collision_imminente,SAFE : arret au feu rouge
58.70,80.7,0.0,SAFE,6,proximite:collision_imminente,SAFE : arret au feu rouge
58.75,80.7,0.0,SAFE,6,proximite:collision_imminente,SAFE : arret au feu rouge
58.80,80.7,0.0,SAFE,6,proximite:collision_imminente,SAFE : arret au feu rouge
58.85,80.7,0.0,SAFE,6,proximite:collision_imminente,SAFE : arret au feu rouge
58.90,80.7,0.0,SAFE,6,proximite:collision_imminente,SAFE : arret au feu rouge
58.95,80.7,0.0,SAFE,6,proximite:collision_imminente,SAFE : arret au feu rouge
59.00,80.7,0.0,SAFE,6,proximite:collision_imminente,SAFE : arret au feu rouge
59.05,80.7,0.0,SAFE,6,proximite:collision_imminente,SAFE : arret au feu rouge
59.10,80.7,0.0,SAFE,6,proximite:collision_imminente,SAFE : arret au feu rouge
59.15,80.7,0.0,SAFE,6,proximite:collision_imminente,SAFE : arret au feu rouge
59.20,80.7,0.0,SAFE,6,proximite:collision_imminente,SAFE : arret au feu rouge
59.25,80.7,0.0,SAFE,6,proximite:collision_imminente,SAFE : arret au feu rouge
59.30,80.7,0.0,SAFE,6,proximite:collision_imminente,SAFE : arret au feu rouge
59.35,80.7,0.0,SAFE,6,proximite:collision_imminente,SAFE : arret au feu rouge
59.40,80.7,0.0,SAFE,6,proximite:collision_imminente,SAFE : arret au feu rouge
59.45,80.7,0.0,SAFE,6,proximite:collision_imminente,SAFE : arret au feu rouge
59.50,80.7,0.0,SAFE,6,proximite:collision_imminente,SAFE : arret au feu rouge
59.55,80.7,0.0,SAFE,6,proximite:collision_imminente,SAFE : arret au feu rouge
59.60,80.7,0.0,SAFE,6,proximite:collision_imminente,SAFE : arret au feu rouge
59.65,80.7,0.0,SAFE,6,proximite:collision_imminente,SAFE : arret au feu rouge
59.70,80.7,0.0,SAFE,6,proximite:collision_imminente,SAFE : arret au feu rouge
59.75,80.7,0.0,SAFE,6,proximite:collision_imminente,SAFE : arret au feu rouge
59.80,80.7,0.0,SAFE,6,proximite:collision_imminente,SAFE : arret au feu rouge
59.85,80.7,0.0,SAFE,6,proximite:collision_imminente,SAFE : arret au feu rouge
59.90,80.7,0.0,SAFE,6,proximite:collision_imminente,SAFE : arret au feu rouge
59.95,80.7,0.0,SAFE,6,proximite:collision_imminente,SAFE : arret au feu rouge
60.00,80.7,0.0,SAFE,6,proximite:collision_imminente,SAFE : arret au feu rouge
60.05,80.7,0.0,SAFE,6,proximite:collision_imminente,SAFE : arret au feu rouge
60.10,80.7,0.0,SAFE,6,proximite:collision_imminente,SAFE : arret au feu rouge
60.15,80.7,0.0,SAFE,6,proximite:collision_imminente,SAFE : arret au feu rouge
60.20,80.7,0.0,SAFE,6,proximite:collision_imminente,SAFE : arret au feu rouge
60.25,80.7,0.0,SAFE,6,proximite:collision_imminente,SAFE : arret au feu rouge
60.30,80.7,0.0,SAFE,6,proximite:collision_imminente,SAFE : arret au feu rouge
60.35,80.7,0.0,SAFE,6,proximite:collision_imminente,SAFE : arret au feu rouge
60.40,80.7,0.0,SAFE,6,proximite:collision_imminente,SAFE : arret au feu rouge
60.45,80.7,0.0,SAFE,6,proximite:collision_imminente,SAFE : arret au feu rouge
60.50,80.7,0.0,SAFE,6,proximite:collision_imminente,SAFE : arret au feu rouge
60.55,80.7,0.0,SAFE,6,proximite:collision_imminente,SAFE : arret au feu rouge
60.60,80.7,0.0,SAFE,6,proximite:collision_imminente,SAFE : arret au feu rouge
60.65,80.7,0.0,SAFE,6,proximite:collision_imminente,SAFE : arret au feu rouge
60.70,80.7,0.0,SAFE,6,proximite:collision_imminente,SAFE : arret au feu rouge
60.75,80.7,0.0,SAFE,6,proximite:collision_imminente,SAFE : arret au feu rouge
60.80,80.7,0.0,SAFE,6,proximite:collision_imminente,SAFE : arret au feu rouge
60.85,80.7,0.0,SAFE,6,proximite:collision_imminente,SAFE : arret au feu rouge
60.90,80.7,0.0,SAFE,6,proximite:collision_imminente,SAFE : arret au feu rouge
60.95,80.7,0.0,SAFE,6,proximite:collision_imminente,SAFE : arret au feu rouge
61.00,80.7,0.0,SAFE,6,proximite:collision_imminente,SAFE : arret au feu rouge
61.05,80.7,0.0,SAFE,6,proximite:collision_imminente,SAFE : arret au feu rouge
61.10,80.7,0.0,SAFE,6,proximite:collision_imminente,SAFE : arret au feu rouge
61.15,80.7,0.0,SAFE,6,proximite:collision_imminente,SAFE : arret au feu rouge
61.20,80.7,0.0,SAFE,6,proximite:collision_imminente,SAFE : arret au feu rouge
61.25,80.7,0.0,SAFE,6,proximite:collision_imminente,SAFE : arret au feu rouge
61.30,80.7,0.0,SAFE,6,proximite:collision_imminente,SAFE : arret au feu rouge
61.35,80.7,0.0,SAFE,6,proximite:collision_imminente,SAFE : arret au feu rouge
61.40,80.7,0.0,SAFE,6,proximite:collision_imminente,SAFE : arret au feu rouge
61.45,80.7,0.0,SAFE,6,proximite:collision_imminente,SAFE : arret au feu rouge
61.50,80.7,0.0,SAFE,6,proximite:collision_imminente,SAFE : arret au feu rouge
61.55,80.7,0.0,SAFE,6,proximite:collision_imminente,SAFE : arret au feu rouge
61.60,80.7,0.0,SAFE,6,proximite:collision_imminente,SAFE : arret au feu rouge
61.65,80.7,0.0,SAFE,6,proximite:collision_imminente,SAFE : arret au feu rouge
61.70,80.7,0.0,SAFE,6,proximite:collision_imminente,SAFE : arret au feu rouge
61.75,80.7,0.0,SAFE,6,proximite:collision_imminente,SAFE : arret au feu rouge
61.80,80.7,0.0,SAFE,6,proximite:collision_imminente,SAFE : arret au feu rouge
61.85,80.7,0.0,SAFE,6,proximite:collision_imminente,SAFE : arret au feu rouge
61.90,80.7,0.0,SAFE,7,proximite:collision_imminente,SAFE : arret au feu rouge
61.95,80.7,0.0,SAFE,7,proximite:collision_imminente,SAFE : arret au feu rouge
62.00,80.7,0.0,SAFE,7,proximite:collision_imminente,SAFE : arret au feu rouge
62.05,80.7,0.0,SAFE,7,proximite:collision_imminente,SAFE : arret au feu rouge
62.10,80.7,0.0,SAFE,7,proximite:collision_imminente,SAFE : arret au feu rouge
62.15,80.7,0.0,SAFE,7,proximite:collision_imminente,SAFE : arret au feu rouge
62.20,80.7,0.0,SAFE,7,proximite:collision_imminente,SAFE : arret au feu rouge
62.25,80.7,0.0,SAFE,7,proximite:collision_imminente,SAFE : arret au feu rouge
62.30,80.7,0.0,SAFE,7,proximite:collision_imminente,SAFE : arret au feu rouge
62.35,80.7,0.0,SAFE,7,proximite:collision_imminente,SAFE : arret au feu rouge
62.40,80.7,0.0,SAFE,7,proximite:collision_imminente,SAFE : arret au feu rouge
62.45,80.7,0.0,SAFE,7,proximite:collision_imminente,SAFE : arret au feu rouge
62.50,80.7,0.0,SAFE,7,proximite:collision_imminente,SAFE : arret au feu rouge
62.55,80.7,0.0,SAFE,7,proximite:collision_imminente,SAFE : arret au feu rouge
62.60,80.7,0.0,SAFE,7,proximite:collision_imminente,SAFE : arret au feu rouge
62.65,80.7,0.0,SAFE,7,proximite:collision_imminente,SAFE : arret au feu rouge
62.70,80.7,0.0,SAFE,7,proximite:collision_imminente,SAFE : arret au feu rouge
62.75,80.7,0.0,SAFE,7,proximite:collision_imminente,SAFE : arret au feu rouge
62.80,80.7,0.0,SAFE,7,proximite:collision_imminente,SAFE : arret au feu rouge
62.85,80.7,0.0,SAFE,7,proximite:collision_imminente,SAFE : arret au feu rouge
62.90,80.7,0.0,SAFE,7,proximite:collision_imminente,SAFE : arret au feu rouge
62.95,80.7,0.0,SAFE,7,proximite:collision_imminente,SAFE : arret au feu rouge
63.00,80.7,0.0,SAFE,7,proximite:collision_imminente,SAFE : arret au feu rouge
63.05,80.7,0.0,SAFE,7,proximite:collision_imminente,SAFE : arret au feu rouge
63.10,80.7,0.0,SAFE,7,proximite:collision_imminente,SAFE : arret au feu rouge
63.15,80.7,0.0,SAFE,7,proximite:collision_imminente,SAFE : arret au feu rouge
63.20,80.7,0.0,SAFE,7,proximite:collision_imminente,SAFE : arret au feu rouge
63.25,80.7,0.0,SAFE,7,proximite:collision_imminente,SAFE : arret au feu rouge
63.30,80.7,0.0,SAFE,7,proximite:collision_imminente,SAFE : arret au feu rouge
63.35,80.7,0.0,SAFE,7,proximite:collision_imminente,SAFE : arret au feu rouge
63.40,80.7,0.0,SAFE,8,proximite:collision_imminente,SAFE : arret au feu rouge
63.45,80.7,0.0,SAFE,8,proximite:collision_imminente,SAFE : arret au feu rouge
63.50,80.7,0.0,SAFE,8,proximite:collision_imminente,SAFE : arret au feu rouge
63.55,80.7,0.0,SAFE,8,proximite:collision_imminente,SAFE : arret au feu rouge
63.60,80.7,0.0,SAFE,8,proximite:collision_imminente,SAFE : arret au feu rouge
63.65,80.7,0.0,SAFE,8,proximite:collision_imminente,SAFE : arret au feu rouge
63.70,80.7,0.0,SAFE,8,proximite:collision_imminente,SAFE : arret au feu rouge
63.75,80.7,0.0,SAFE,8,proximite:collision_imminente,SAFE : arret au feu rouge
63.80,80.7,0.0,SAFE,8,proximite:collision_imminente,SAFE : arret au feu rouge
63.85,80.7,0.0,SAFE,8,proximite:collision_imminente,SAFE : arret au feu rouge
63.90,80.7,0.0,SAFE,8,proximite:collision_imminente,SAFE : arret au feu rouge
63.95,80.7,0.0,SAFE,8,proximite:collision_imminente,SAFE : arret au feu rouge
64.00,80.7,0.0,SAFE,8,proximite:collision_imminente,SAFE : arret au feu rouge
64.05,80.7,0.0,SAFE,8,proximite:collision_imminente,SAFE : arret au feu rouge
64.10,80.7,0.0,SAFE,8,proximite:collision_imminente,SAFE : arret au feu rouge
64.15,80.7,0.0,SAFE,8,proximite:collision_imminente,SAFE : arret au feu rouge
64.20,80.7,0.0,SAFE,9,proximite:collision_imminente,SAFE : arret au feu rouge
64.25,80.7,0.0,SAFE,9,proximite:collision_imminente,SAFE : arret au feu rouge
64.30,80.7,0.0,SAFE,9,proximite:collision_imminente,SAFE : arret au feu rouge
64.35,80.7,0.0,SAFE,9,proximite:collision_imminente,Situation maîtrisée
64.40,80.7,0.0,SAFE,9,proximite:collision_imminente,Situation maîtrisée
64.45,80.7,0.0,SAFE,9,proximite:collision_imminente,Situation maîtrisée
64.50,80.7,0.0,SAFE,9,proximite:collision_imminente,Situation maîtrisée
64.55,80.7,0.0,SAFE,9,proximite:collision_imminente,Situation maîtrisée
64.60,80.7,0.0,SAFE,9,proximite:collision_imminente,Situation maîtrisée
64.65,80.7,0.0,SAFE,9,proximite:collision_imminente,Situation maîtrisée
64.70,80.7,0.0,SAFE,9,proximite:collision_imminente,Situation maîtrisée
64.75,80.7,0.0,SAFE,9,proximite:collision_imminente,Situation maîtrisée
64.80,80.7,0.0,SAFE,9,proximite:collision_imminente,Situation maîtrisée
64.85,80.7,0.0,SAFE,9,proximite:collision_imminente,Situation maîtrisée
64.90,80.7,0.0,SAFE,9,,Situation maîtrisée
64.95,80.7,0.0,SAFE,9,,Situation maîtrisée
65.00,80.7,0.0,SAFE,9,,Situation maîtrisée
65.05,80.7,0.3,SAFE,9,,Situation maîtrisée
65.10,80.7,0.8,CRITICAL,9,moteur:proportionnel,Vigilance — situation à la limite
65.15,80.7,0.0,SAFE,9,,Situation maîtrisée
65.20,80.7,0.4,WATCH,9,moteur:proportionnel,Vigilance — situation à la limite
65.25,80.7,0.0,SAFE,9,,Situation maîtrisée
65.30,80.7,0.4,SAFE,9,,Situation maîtrisée
65.35,80.7,0.5,DANGER,9,moteur:proportionnel,Vigilance — situation à la limite
65.40,80.7,0.0,SAFE,9,,Situation maîtrisée
65.45,80.7,0.4,SAFE,9,,Situation maîtrisée
65.50,80.7,0.5,DANGER,9,moteur:proportionnel,Vigilance — situation à la limite
65.55,80.7,0.0,SAFE,9,,Situation maîtrisée
65.60,80.7,0.4,SAFE,9,,Situation maîtrisée
65.65,80.7,0.9,CRITICAL,9,moteur:proportionnel,Vigilance — situation à la limite
65.70,80.7,0.0,SAFE,9,,Situation maîtrisée
65.75,80.7,0.4,SAFE,9,,Situation maîtrisée
65.80,80.7,1.0,CRITICAL,9,moteur:proportionnel,Vigilance — situation à la limite
65.85,80.7,0.0,SAFE,9,,Situation maîtrisée
65.90,80.7,0.4,SAFE,9,,Situation maîtrisée
65.95,80.7,0.8,CRITICAL,9,moteur:proportionnel,Vigilance — situation à la limite
66.00,80.7,0.0,SAFE,9,,Situation maîtrisée
66.05,80.7,0.4,SAFE,9,,Situation maîtrisée
66.10,80.8,1.0,CRITICAL,9,moteur:proportionnel,Vigilance — situation à la limite
66.15,80.8,0.0,SAFE,9,,Situation maîtrisée
66.20,80.8,0.4,SAFE,9,,Situation maîtrisée
66.25,80.8,0.8,DANGER,9,moteur:proportionnel,Vigilance — situation à la limite
66.30,80.8,0.0,SAFE,9,,Situation maîtrisée
66.35,80.8,0.4,SAFE,9,,Situation maîtrisée
66.40,80.8,1.0,WATCH,9,moteur:proportionnel,Vigilance — situation à la limite
66.45,80.8,0.0,SAFE,9,,Situation maîtrisée
66.50,80.8,0.4,SAFE,9,,Situation maîtrisée
66.55,80.8,1.0,SAFE,9,,Situation maîtrisée
66.60,80.8,1.7,WATCH,9,moteur:proportionnel,Vigilance — situation à la limite
66.65,80.8,0.0,SAFE,9,,Situation maîtrisée
66.70,80.8,0.4,SAFE,9,,Situation maîtrisée
66.75,80.8,1.2,SAFE,9,,Situation maîtrisée
66.80,80.8,1.9,SAFE,10,,Situation maîtrisée
66.85,80.9,2.6,WATCH,10,moteur:proportionnel,Vigilance — situation à la limite
66.90,80.9,0.0,SAFE,10,,Situation maîtrisée
66.95,80.9,0.7,SAFE,10,,Situation maîtrisée
67.00,80.9,1.5,SAFE,10,,Situation maîtrisée
67.05,80.9,1.9,SAFE,10,,Situation maîtrisée
67.10,81.0,2.9,SAFE,10,,Situation maîtrisée
67.15,81.0,3.8,WATCH,10,moteur:proportionnel,Vigilance — situation à la limite
67.20,81.0,0.7,SAFE,10,,Situation maîtrisée
67.25,81.0,0.7,SAFE,10,,Situation maîtrisée
67.30,81.1,1.8,SAFE,10,,Situation maîtrisée
67.35,81.1,2.6,SAFE,10,,Situation maîtrisée
67.40,81.1,3.4,SAFE,10,,Situation maîtrisée
67.45,81.2,4.2,SAFE,10,,Situation maîtrisée
67.50,81.3,5.1,SAFE,10,,Situation maîtrisée
67.55,81.3,6.0,WATCH,10,moteur:proportionnel,Vigilance — situation à la limite
67.60,81.4,6.6,WATCH,10,moteur:proportionnel,Ralentissez de 1 km/h  (7 -> 5 km/h)
67.65,81.5,6.9,WATCH,10,moteur:proportionnel,Ralentissez de 1 km/h  (7 -> 6 km/h)
67.70,81.6,6.9,WATCH,10,moteur:proportionnel,Ralentissez de 1 km/h  (7 -> 6 km/h)
67.75,81.7,6.9,WATCH,10,moteur:proportionnel,Vigilance — situation à la limite
67.80,81.8,6.6,WATCH,10,moteur:proportionnel,Vigilance — situation à la limite
67.85,81.9,6.5,SAFE,10,,Situation maîtrisée
67.90,82.0,6.3,SAFE,10,,Situation maîtrisée
67.95,82.1,6.4,SAFE,10,,Situation maîtrisée
68.00,82.2,6.7,SAFE,10,,Situation maîtrisée
68.05,82.3,7.3,SAFE,10,,Situation maîtrisée
68.10,82.4,7.9,SAFE,10,,Situation maîtrisée
68.15,82.5,8.8,SAFE,10,,Situation maîtrisée
68.20,82.6,9.5,WATCH,10,moteur:proportionnel,Vigilance — situation à la limite
68.25,82.8,10.2,WATCH,10,moteur:proportionnel,Vigilance — situation à la limite
68.30,82.9,10.4,WATCH,10,moteur:proportionnel,Vigilance — situation à la limite
68.35,83.0,10.5,WATCH,10,moteur:proportionnel,Vigilance — situation à la limite
68.40,83.2,10.3,WATCH,10,moteur:proportionnel,Vigilance — situation à la limite
68.45,83.3,10.1,WATCH,10,moteur:proportionnel,Vigilance — situation à la limite
68.50,83.5,9.8,WATCH,10,moteur:proportionnel,Vigilance — situation à la limite
68.55,83.6,9.6,SAFE,10,,Situation maîtrisée
68.60,83.7,9.3,SAFE,10,,Situation maîtrisée
68.65,83.9,9.4,WATCH,10,moteur:proportionnel,Vigilance — situation à la limite
68.70,84.0,9.4,SAFE,10,,Situation maîtrisée
68.75,84.1,9.6,SAFE,10,,Situation maîtrisée
68.80,84.3,9.8,SAFE,10,,Situation maîtrisée
68.85,84.4,10.3,SAFE,10,,Situation maîtrisée
68.90,84.5,10.9,SAFE,9,,Situation maîtrisée
68.95,84.7,11.6,SAFE,9,,Situation maîtrisée
69.00,84.9,12.2,SAFE,9,,Situation maîtrisée
69.05,85.0,12.9,SAFE,9,,Situation maîtrisée
69.10,85.2,13.5,SAFE,9,,Situation maîtrisée
69.15,85.4,14.1,DANGER,9,moteur:proportionnel,Ralentissez de 7 km/h  (14 -> 7 km/h)
69.20,85.6,14.4,DANGER,9,moteur:proportionnel,Ralentissez de 8 km/h  (14 -> 6 km/h)
69.25,85.8,14.3,DANGER,9,moteur:proportionnel,Ralentissez de 8 km/h  (14 -> 6 km/h)
69.30,86.0,14.0,CRITICAL,9,moteur:proportionnel,FREINEZ de 8 km/h  (14 -> 6 km/h)
69.35,86.2,13.4,CRITICAL,9,moteur:proportionnel,FREINEZ de 8 km/h  (13 -> 6 km/h)
69.40,86.4,12.7,SAFE,9,,Situation maîtrisée
69.45,86.6,12.2,SAFE,9,,Situation maîtrisée
69.50,86.7,12.1,SAFE,9,,Situation maîtrisée
69.55,86.9,12.3,SAFE,9,,Situation maîtrisée
69.60,87.1,12.6,SAFE,9,,Situation maîtrisée
69.65,87.3,13.1,SAFE,9,,Situation maîtrisée
69.70,87.4,13.6,CRITICAL,9,moteur:proportionnel,FREINEZ de 8 km/h  (14 -> 5 km/h)
69.75,87.6,13.9,CRITICAL,9,moteur:proportionnel,FREINEZ de 9 km/h  (14 -> 5 km/h)
69.80,87.8,13.7,CRITICAL,9,moteur:proportionnel,FREINEZ de 9 km/h  (14 -> 5 km/h)
69.85,88.0,13.3,SAFE,9,,Situation maîtrisée
69.90,88.2,12.8,SAFE,9,,Situation maîtrisée
69.95,88.4,12.8,SAFE,9,,Situation maîtrisée
70.00,88.5,12.9,SAFE,9,,Situation maîtrisée
70.05,88.7,13.2,SAFE,9,,Situation maîtrisée
70.10,88.9,13.6,SAFE,9,,Situation maîtrisée
70.15,89.1,14.0,SAFE,9,,Situation maîtrisée
70.20,89.3,14.5,SAFE,9,,Situation maîtrisée
70.25,89.5,14.8,SAFE,9,,Situation maîtrisée
70.30,89.7,15.1,SAFE,9,,Situation maîtrisée
70.35,89.9,15.4,SAFE,9,,Situation maîtrisée
70.40,90.1,15.7,SAFE,9,,Situation maîtrisée
70.45,90.4,16.1,SAFE,9,,Situation maîtrisée
70.50,90.6,16.2,DANGER,9,feu_rouge_devant,Ralentissez de 10 km/h  (16 -> 6 km/h)
70.55,90.8,16.2,DANGER,9,feu_rouge_devant,Ralentissez de 10 km/h  (16 -> 7 km/h)
70.60,91.0,15.8,DANGER,9,feu_rouge_devant,Ralentissez de 12 km/h  (16 -> 3 km/h)
70.65,91.2,15.3,DANGER,9,feu_rouge_devant,Ralentissez de 12 km/h  (15 -> 3 km/h)
70.70,91.5,14.8,DANGER,9,feu_rouge_devant,Ralentissez de 12 km/h  (15 -> 3 km/h)
70.75,91.7,14.2,DANGER,9,feu_rouge_devant,Ralentissez de 11 km/h  (14 -> 3 km/h)
70.80,91.8,13.7,DANGER,9,feu_rouge_devant,Ralentissez de 10 km/h  (14 -> 3 km/h)
70.85,92.0,13.1,DANGER,10,feu_rouge_devant,Ralentissez de 10 km/h  (13 -> 3 km/h)
70.90,92.2,12.5,DANGER,10,feu_rouge_devant,Ralentissez de 9 km/h  (12 -> 3 km/h)
70.95,92.4,11.9,DANGER,10,feu_rouge_devant,Ralentissez de 9 km/h  (12 -> 3 km/h)
71.00,92.5,11.3,DANGER,10,feu_rouge_devant,Ralentissez de 8 km/h  (11 -> 3 km/h)
71.05,92.7,10.8,DANGER,10,feu_rouge_devant,Ralentissez de 8 km/h  (11 -> 3 km/h)
71.10,92.8,10.2,DANGER,10,feu_rouge_devant,Ralentissez de 7 km/h  (10 -> 3 km/h)
71.15,93.0,9.7,DANGER,10,feu_rouge_devant,Ralentissez de 7 km/h  (10 -> 3 km/h)
71.20,93.1,9.1,DANGER,10,feu_rouge_devant,Ralentissez de 6 km/h  (9 -> 3 km/h)
71.25,93.2,8.6,DANGER,10,feu_rouge_devant,Ralentissez de 6 km/h  (9 -> 3 km/h)
71.30,93.3,8.0,DANGER,10,feu_rouge_devant,Ralentissez de 5 km/h  (8 -> 3 km/h)
71.35,93.4,7.4,DANGER,10,feu_rouge_devant,Ralentissez de 5 km/h  (7 -> 3 km/h)
71.40,93.5,4.4,WATCH,10,feu_rouge_devant,Ralentissez de 1 km/h  (4 -> 3 km/h)
71.45,93.6,0.2,SAFE,10,feu_rouge_devant,Situation maîtrisée
71.50,93.6,0.0,SAFE,10,feu_rouge_devant,Situation maîtrisée
71.55,93.6,0.0,SAFE,10,feu_rouge_devant,Situation maîtrisée
71.60,93.6,0.0,SAFE,10,feu_rouge_devant,Situation maîtrisée
71.65,93.6,0.0,SAFE,10,feu_rouge_devant,Situation maîtrisée
71.70,93.6,0.0,SAFE,10,feu_rouge_devant,Situation maîtrisée
71.75,93.6,0.0,SAFE,10,feu_rouge_devant,Situation maîtrisée
71.80,93.6,0.0,SAFE,10,feu_rouge_devant,Situation maîtrisée
71.85,93.6,0.0,SAFE,10,feu_rouge_devant,Situation maîtrisée
71.90,93.6,0.0,SAFE,10,feu_rouge_devant,Situation maîtrisée
71.95,93.6,0.0,SAFE,10,feu_rouge_devant,Situation maîtrisée
72.00,93.6,0.0,SAFE,10,feu_rouge_devant,Situation maîtrisée
72.05,93.6,0.0,SAFE,10,feu_rouge_devant,Situation maîtrisée
72.10,93.6,0.0,SAFE,10,feu_rouge_devant,Situation maîtrisée
72.15,93.6,0.0,SAFE,10,feu_rouge_devant,Situation maîtrisée
72.20,93.6,0.0,SAFE,10,feu_rouge_devant,Situation maîtrisée
72.25,93.6,0.0,SAFE,10,feu_rouge_devant,Situation maîtrisée
72.30,93.6,0.0,SAFE,10,feu_rouge_devant,Situation maîtrisée
72.35,93.6,0.0,SAFE,10,feu_rouge_devant,Situation maîtrisée
72.40,93.6,0.0,SAFE,10,feu_rouge_devant,Situation maîtrisée
72.45,93.6,0.0,SAFE,10,feu_rouge_devant,Situation maîtrisée
72.50,93.6,0.0,SAFE,10,feu_rouge_devant,Situation maîtrisée
72.55,93.6,0.0,SAFE,10,feu_rouge_devant,Situation maîtrisée
72.60,93.6,0.0,SAFE,10,feu_rouge_devant,Situation maîtrisée
72.65,93.6,0.0,SAFE,11,feu_rouge_devant,Situation maîtrisée
72.70,93.6,0.0,SAFE,11,feu_rouge_devant,Situation maîtrisée
72.75,93.6,0.0,SAFE,11,feu_rouge_devant,Situation maîtrisée
72.80,93.6,0.0,SAFE,11,feu_rouge_devant,Situation maîtrisée
72.85,93.6,0.0,SAFE,11,feu_rouge_devant,Situation maîtrisée
72.90,93.6,0.0,SAFE,11,feu_rouge_devant,Situation maîtrisée
72.95,93.6,0.0,SAFE,11,feu_rouge_devant,Situation maîtrisée
73.00,93.6,0.0,SAFE,11,feu_rouge_devant,Situation maîtrisée
73.05,93.6,0.0,SAFE,11,feu_rouge_devant,Situation maîtrisée
73.10,93.6,0.0,SAFE,11,feu_rouge_devant,Situation maîtrisée
73.15,93.6,0.0,SAFE,11,feu_rouge_devant,Situation maîtrisée
73.20,93.6,0.0,SAFE,11,feu_rouge_devant,Situation maîtrisée
73.25,93.6,0.0,SAFE,11,feu_rouge_devant,Situation maîtrisée
73.30,93.6,0.0,SAFE,11,feu_rouge_devant,Situation maîtrisée
73.35,93.6,0.0,SAFE,11,feu_rouge_devant,Situation maîtrisée
73.40,93.6,0.0,SAFE,11,feu_rouge_devant,Situation maîtrisée
73.45,93.6,0.0,SAFE,11,feu_rouge_devant,Situation maîtrisée
73.50,93.6,0.0,SAFE,11,feu_rouge_devant,Situation maîtrisée
73.55,93.6,0.0,SAFE,11,feu_rouge_devant,Situation maîtrisée
73.60,93.6,0.0,SAFE,11,feu_rouge_devant,Situation maîtrisée
73.65,93.6,0.0,SAFE,11,feu_rouge_devant,Situation maîtrisée
73.70,93.6,0.0,SAFE,11,feu_rouge_devant,Situation maîtrisée
73.75,93.6,0.0,SAFE,11,feu_rouge_devant,Situation maîtrisée
73.80,93.6,0.0,SAFE,11,feu_rouge_devant,Situation maîtrisée
73.85,93.6,0.0,SAFE,11,feu_rouge_devant,Situation maîtrisée
73.90,93.6,0.0,SAFE,11,feu_rouge_devant,Situation maîtrisée
73.95,93.6,0.0,SAFE,11,feu_rouge_devant,Situation maîtrisée
74.00,93.6,0.0,SAFE,11,feu_rouge_devant,Situation maîtrisée
74.05,93.6,0.0,SAFE,11,feu_rouge_devant,Situation maîtrisée
74.10,93.6,0.0,SAFE,11,feu_rouge_devant,Situation maîtrisée
74.15,93.6,0.0,SAFE,11,feu_rouge_devant,Situation maîtrisée
74.20,93.6,0.0,SAFE,11,feu_rouge_devant,Situation maîtrisée
74.25,93.6,0.0,SAFE,11,feu_rouge_devant,Situation maîtrisée
74.30,93.6,0.0,SAFE,11,feu_rouge_devant,Situation maîtrisée
74.35,93.6,0.0,SAFE,11,feu_rouge_devant,Situation maîtrisée
74.40,93.6,0.0,SAFE,11,feu_rouge_devant,Situation maîtrisée
74.45,93.6,0.0,SAFE,11,feu_rouge_devant,Situation maîtrisée
74.50,93.6,0.0,SAFE,11,feu_rouge_devant,Situation maîtrisée
74.55,93.6,0.0,SAFE,11,feu_rouge_devant,Situation maîtrisée
74.60,93.6,0.0,SAFE,11,feu_rouge_devant,Situation maîtrisée
74.65,93.6,0.0,SAFE,11,feu_rouge_devant,Situation maîtrisée
74.70,93.6,0.0,SAFE,11,feu_rouge_devant,Situation maîtrisée
74.75,93.6,0.0,SAFE,11,feu_rouge_devant,Situation maîtrisée
74.80,93.6,0.0,SAFE,11,feu_rouge_devant,Situation maîtrisée
74.85,93.6,0.0,SAFE,11,feu_rouge_devant,Situation maîtrisée
74.90,93.6,0.0,SAFE,11,feu_rouge_devant,Situation maîtrisée
74.95,93.6,0.0,SAFE,11,feu_rouge_devant,Situation maîtrisée
75.00,93.6,0.0,SAFE,11,feu_rouge_devant,Situation maîtrisée
75.05,93.6,0.0,SAFE,11,feu_rouge_devant,Situation maîtrisée
75.10,93.6,0.0,SAFE,11,feu_rouge_devant,Situation maîtrisée
75.15,93.6,0.0,SAFE,11,feu_rouge_devant,Situation maîtrisée
75.20,93.6,0.0,SAFE,11,feu_rouge_devant,Situation maîtrisée
75.25,93.6,0.0,SAFE,11,feu_rouge_devant,Situation maîtrisée
75.30,93.6,0.0,SAFE,12,feu_rouge_devant,Situation maîtrisée
75.35,93.6,0.0,SAFE,12,feu_rouge_devant,Situation maîtrisée
75.40,93.6,0.0,SAFE,12,feu_rouge_devant,Situation maîtrisée
75.45,93.6,0.0,SAFE,12,feu_rouge_devant,Situation maîtrisée
75.50,93.6,0.0,SAFE,12,feu_rouge_devant,Situation maîtrisée
75.55,93.6,0.0,SAFE,12,feu_rouge_devant,Situation maîtrisée
75.60,93.6,0.0,SAFE,12,feu_rouge_devant,Situation maîtrisée
75.65,93.6,0.0,SAFE,12,feu_rouge_devant,Situation maîtrisée
75.70,93.6,0.0,SAFE,12,feu_rouge_devant,Situation maîtrisée
75.75,93.6,0.0,SAFE,12,feu_rouge_devant,Situation maîtrisée
75.80,93.6,0.0,SAFE,12,feu_rouge_devant,Situation maîtrisée
75.85,93.6,0.0,SAFE,12,feu_rouge_devant,Situation maîtrisée
75.90,93.6,0.0,SAFE,12,feu_rouge_devant,Situation maîtrisée
75.95,93.6,0.0,SAFE,12,feu_rouge_devant,Situation maîtrisée
76.00,93.6,0.0,SAFE,12,feu_rouge_devant,Situation maîtrisée
76.05,93.6,0.0,SAFE,12,feu_rouge_devant,Situation maîtrisée
76.10,93.6,0.0,SAFE,12,feu_rouge_devant,Situation maîtrisée
76.15,93.6,0.0,SAFE,12,feu_rouge_devant,Situation maîtrisée
76.20,93.6,0.0,SAFE,12,feu_rouge_devant,Situation maîtrisée
76.25,93.6,0.0,SAFE,12,feu_rouge_devant,Situation maîtrisée
76.30,93.6,0.0,SAFE,12,feu_rouge_devant,Situation maîtrisée
76.35,93.6,0.0,SAFE,12,feu_rouge_devant,Situation maîtrisée
76.40,93.6,0.0,SAFE,13,feu_rouge_devant,Situation maîtrisée
76.45,93.6,0.0,SAFE,13,feu_rouge_devant,Situation maîtrisée
76.50,93.6,0.0,SAFE,13,feu_rouge_devant,Situation maîtrisée
76.55,93.6,0.0,SAFE,13,feu_rouge_devant,Situation maîtrisée
76.60,93.6,0.0,SAFE,13,feu_rouge_devant,Situation maîtrisée
76.65,93.6,0.0,SAFE,13,feu_rouge_devant,Situation maîtrisée
76.70,93.6,0.0,SAFE,13,feu_rouge_devant,Situation maîtrisée
76.75,93.6,0.0,SAFE,13,feu_rouge_devant,Situation maîtrisée
76.80,93.6,0.0,SAFE,13,,Situation maîtrisée
76.85,93.6,0.0,SAFE,13,,Situation maîtrisée
76.90,93.6,0.0,SAFE,13,,Situation maîtrisée
76.95,93.6,0.4,SAFE,13,,Situation maîtrisée
77.00,93.6,0.6,SAFE,13,,Situation maîtrisée
77.05,93.6,1.4,SAFE,13,,Situation maîtrisée
77.10,93.6,2.2,SAFE,13,,Situation maîtrisée
77.15,93.6,2.9,SAFE,13,,Situation maîtrisée
77.20,93.7,3.8,SAFE,13,,Situation maîtrisée
77.25,93.7,4.5,SAFE,13,,Situation maîtrisée
77.30,93.8,5.5,SAFE,13,,Situation maîtrisée
77.35,93.9,6.3,SAFE,13,,Situation maîtrisée
77.40,94.0,7.1,SAFE,13,,Situation maîtrisée
77.45,94.1,7.9,SAFE,13,,Situation maîtrisée
77.50,94.2,8.7,SAFE,13,,Situation maîtrisée
77.55,94.3,9.5,SAFE,13,,Situation maîtrisée
77.60,94.5,10.2,SAFE,13,,Situation maîtrisée
77.65,94.6,10.9,SAFE,13,,Situation maîtrisée
77.70,94.8,11.4,WATCH,13,feu_rouge_devant,Ralentissez de 11 km/h  (11 -> 0 km/h)
77.75,94.9,11.7,WATCH,13,attente_vehicule,Ralentissez de 12 km/h  (12 -> 0 km/h)
77.80,95.1,11.8,WATCH,13,attente_vehicule,Ralentissez de 12 km/h  (12 -> 0 km/h)
77.85,95.3,11.8,WATCH,13,attente_vehicule,Ralentissez de 12 km/h  (12 -> 0 km/h)
77.90,95.4,11.6,WATCH,12,moteur:proportionnel,Ralentissez de 12 km/h  (12 -> 0 km/h)
77.95,95.6,11.3,WATCH,12,moteur:physique,Ralentissez de 11 km/h  (11 -> 0 km/h)
78.00,95.7,10.8,WATCH,11,moteur:proportionnel,Ralentissez de 11 km/h  (11 -> 0 km/h)
78.05,95.9,10.3,WATCH,11,moteur:proportionnel,Ralentissez de 10 km/h  (10 -> 0 km/h)
78.10,96.0,9.9,WATCH,11,moteur:proportionnel,Ralentissez de 10 km/h  (10 -> 0 km/h)
78.15,96.1,9.6,WATCH,11,moteur:proportionnel,Ralentissez de 10 km/h  (10 -> 0 km/h)
78.20,96.3,9.3,WATCH,11,moteur:proportionnel,Ralentissez de 9 km/h  (9 -> 0 km/h)
78.25,96.4,9.0,WATCH,11,moteur:proportionnel,Ralentissez de 9 km/h  (9 -> 0 km/h)
78.30,96.5,8.7,WATCH,11,moteur:proportionnel,Ralentissez de 9 km/h  (9 -> 0 km/h)
78.35,96.6,8.4,WATCH,12,moteur:proportionnel,Ralentissez de 2 km/h  (8 -> 7 km/h)
78.40,96.7,8.1,WATCH,12,moteur:proportionnel,Ralentissez de 1 km/h  (8 -> 7 km/h)
78.45,96.9,7.8,WATCH,12,moteur:proportionnel,Ralentissez de 8 km/h  (8 -> 0 km/h)
78.50,97.0,7.5,WATCH,12,moteur:proportionnel,Ralentissez de 7 km/h  (7 -> 0 km/h)
78.55,97.1,7.2,WATCH,12,moteur:proportionnel,Vigilance — situation à la limite
78.60,97.2,6.9,SAFE,12,,Situation maîtrisée
78.65,97.3,6.6,SAFE,12,,Situation maîtrisée
78.70,97.3,6.5,SAFE,12,,Situation maîtrisée
78.75,97.4,6.8,SAFE,12,,Situation maîtrisée
78.80,97.5,7.3,WATCH,12,moteur:proportionnel,Vigilance — situation à la limite
78.85,97.6,7.8,WATCH,12,moteur:proportionnel,Vigilance — situation à la limite
78.90,97.7,8.0,WATCH,12,moteur:proportionnel,Vigilance — situation à la limite
78.95,97.9,8.0,WATCH,12,moteur:proportionnel,Vigilance — situation à la limite
79.00,98.0,7.8,WATCH,12,moteur:proportionnel,Vigilance — situation à la limite
79.05,98.1,7.7,WATCH,12,moteur:proportionnel,Vigilance — situation à la limite
79.10,98.2,7.4,WATCH,12,moteur:proportionnel,Vigilance — situation à la limite
79.15,98.3,7.1,SAFE,12,,Situation maîtrisée
79.20,98.4,7.0,SAFE,12,,Situation maîtrisée
79.25,98.5,7.0,SAFE,12,,Situation maîtrisée
79.30,98.6,7.2,SAFE,12,,Situation maîtrisée
79.35,98.7,7.7,WATCH,12,moteur:proportionnel,Ralentissez de 8 km/h  (8 -> 0 km/h)
79.40,98.8,8.2,WATCH,12,moteur:proportionnel,Ralentissez de 8 km/h  (8 -> 0 km/h)
79.45,98.9,8.4,WATCH,12,moteur:proportionnel,Ralentissez de 8 km/h  (8 -> 0 km/h)
79.50,99.0,8.4,WATCH,12,moteur:proportionnel,Ralentissez de 8 km/h  (8 -> 0 km/h)
79.55,99.1,8.2,WATCH,12,moteur:proportionnel,Ralentissez de 8 km/h  (8 -> 0 km/h)
79.60,99.2,8.0,WATCH,12,moteur:proportionnel,Ralentissez de 8 km/h  (8 -> 0 km/h)
79.65,99.3,7.7,SAFE,10,,Situation maîtrisée
79.70,99.5,7.6,SAFE,10,,Situation maîtrisée
79.75,99.6,7.6,SAFE,10,,Situation maîtrisée
79.80,99.7,7.8,SAFE,10,,Situation maîtrisée
79.85,99.8,8.3,SAFE,10,,Situation maîtrisée
79.90,99.9,9.0,SAFE,10,,Situation maîtrisée
79.95,100.0,9.6,SAFE,10,,Situation maîtrisée
80.00,100.2,10.4,SAFE,10,,Situation maîtrisée
80.05,100.3,11.1,SAFE,10,,Situation maîtrisée
80.10,100.5,11.7,SAFE,10,,Situation maîtrisée
80.15,100.6,12.4,SAFE,10,,Situation maîtrisée
80.20,100.8,13.0,SAFE,10,,Situation maîtrisée
80.25,101.0,13.5,SAFE,9,,Situation maîtrisée
80.30,101.2,14.0,SAFE,9,,Situation maîtrisée
80.35,101.4,14.5,SAFE,9,,Situation maîtrisée
80.40,101.6,14.9,SAFE,9,,Situation maîtrisée
80.45,101.8,15.3,SAFE,9,,Situation maîtrisée
80.50,102.0,15.6,SAFE,9,,Situation maîtrisée
80.55,102.2,15.9,SAFE,9,,Situation maîtrisée
80.60,102.5,16.2,SAFE,9,,Situation maîtrisée
80.65,102.7,16.5,SAFE,9,,Situation maîtrisée
80.70,102.9,16.8,SAFE,8,,Situation maîtrisée
80.75,103.2,17.0,SAFE,8,,Situation maîtrisée
80.80,103.4,17.2,SAFE,9,,Situation maîtrisée
80.85,103.6,17.5,SAFE,9,,Situation maîtrisée
80.90,103.9,17.7,SAFE,9,,Situation maîtrisée
80.95,104.1,17.9,SAFE,8,,Situation maîtrisée
81.00,104.4,18.1,SAFE,8,,Situation maîtrisée
81.05,104.6,18.2,SAFE,8,,Situation maîtrisée
81.10,104.9,18.1,SAFE,8,,Situation maîtrisée
81.15,105.1,18.0,SAFE,8,,Situation maîtrisée
81.20,105.4,18.1,SAFE,8,,Situation maîtrisée
81.25,105.6,18.2,SAFE,7,,Situation maîtrisée
81.30,105.9,18.1,SAFE,7,,Situation maîtrisée
81.35,106.1,18.2,SAFE,6,,Situation maîtrisée
81.40,106.4,18.3,SAFE,6,,Situation maîtrisée
81.45,106.7,18.2,SAFE,6,,Situation maîtrisée
81.50,106.9,18.0,SAFE,6,,Situation maîtrisée
81.55,107.2,18.4,SAFE,6,,Situation maîtrisée
81.60,107.4,18.7,SAFE,6,,Situation maîtrisée
81.65,107.7,18.5,SAFE,6,,Situation maîtrisée
81.70,107.9,18.4,SAFE,6,,Situation maîtrisée
81.75,108.2,18.3,SAFE,6,,Situation maîtrisée
81.80,108.4,18.2,SAFE,6,,Situation maîtrisée
81.85,108.7,18.2,SAFE,4,,Situation maîtrisée
81.90,108.9,18.2,SAFE,4,,Situation maîtrisée
81.95,109.2,18.2,SAFE,4,,Situation maîtrisée
82.00,109.4,18.2,SAFE,4,,Situation maîtrisée
82.05,109.7,18.3,SAFE,4,,Situation maîtrisée
82.10,110.0,18.3,SAFE,4,,Situation maîtrisée
82.15,110.2,18.4,SAFE,4,,Situation maîtrisée
82.20,110.5,18.4,SAFE,4,,Situation maîtrisée
82.25,110.7,18.5,SAFE,4,,Situation maîtrisée
82.30,111.0,18.5,SAFE,4,,Situation maîtrisée
82.35,111.2,18.6,SAFE,4,,Situation maîtrisée
82.40,111.5,18.6,SAFE,4,,Situation maîtrisée
82.45,111.7,18.6,SAFE,4,,Situation maîtrisée
82.50,112.0,18.7,SAFE,4,,Situation maîtrisée
82.55,112.3,18.7,SAFE,4,,Situation maîtrisée
82.60,112.5,18.8,SAFE,3,,Situation maîtrisée
82.65,112.8,18.8,SAFE,3,,Situation maîtrisée
82.70,113.1,18.9,SAFE,3,,Situation maîtrisée
82.75,113.3,18.9,SAFE,3,,Situation maîtrisée
82.80,113.6,19.0,SAFE,3,,Situation maîtrisée
82.85,113.8,19.0,SAFE,3,,Situation maîtrisée
82.90,114.1,19.0,SAFE,3,,Situation maîtrisée
82.95,114.4,19.1,SAFE,3,,Situation maîtrisée
83.00,114.6,19.1,SAFE,2,,Situation maîtrisée
83.05,114.9,19.1,SAFE,2,,Situation maîtrisée
83.10,115.2,19.1,SAFE,2,,Situation maîtrisée
83.15,115.4,19.2,SAFE,2,,Situation maîtrisée
83.20,115.7,19.2,SAFE,2,,Situation maîtrisée
83.25,116.0,19.2,SAFE,2,,Situation maîtrisée
83.30,116.2,19.2,SAFE,2,,Situation maîtrisée
83.35,116.5,19.3,SAFE,2,,Situation maîtrisée
83.40,116.8,19.3,SAFE,2,,Situation maîtrisée
83.45,117.0,19.3,SAFE,2,,Situation maîtrisée
83.50,117.3,19.3,SAFE,2,,Situation maîtrisée
83.55,117.6,19.3,SAFE,2,,Situation maîtrisée
83.60,117.8,19.4,SAFE,2,,Situation maîtrisée
83.65,118.1,19.4,SAFE,2,,Situation maîtrisée
83.70,118.4,19.4,SAFE,2,,Situation maîtrisée
83.75,118.6,19.4,SAFE,2,,Situation maîtrisée
83.80,118.9,19.4,SAFE,2,,Situation maîtrisée
83.85,119.2,19.4,SAFE,1,,Situation maîtrisée
83.90,119.5,19.5,SAFE,2,,Situation maîtrisée
83.95,119.7,19.5,SAFE,2,,Situation maîtrisée
84.00,120.0,19.5,SAFE,3,,Situation maîtrisée
84.05,120.3,19.5,SAFE,3,,Situation maîtrisée
84.10,120.5,19.5,SAFE,3,,Situation maîtrisée
84.15,120.8,19.5,SAFE,3,,Situation maîtrisée
84.20,121.1,19.5,SAFE,3,,Situation maîtrisée
84.25,121.4,19.5,SAFE,3,,Situation maîtrisée
84.30,121.6,19.5,SAFE,3,,Situation maîtrisée
84.35,121.9,19.5,SAFE,2,,Situation maîtrisée
84.40,122.2,19.5,SAFE,2,,Situation maîtrisée
84.45,122.4,19.5,SAFE,2,,Situation maîtrisée
84.50,122.7,19.5,SAFE,2,,Situation maîtrisée
84.55,123.0,19.4,SAFE,2,,Situation maîtrisée
84.60,123.2,19.4,SAFE,2,,Situation maîtrisée
84.65,123.5,19.4,SAFE,2,,Situation maîtrisée
84.70,123.8,19.4,SAFE,2,,Situation maîtrisée
84.75,124.1,19.4,SAFE,1,,Situation maîtrisée
84.80,124.3,19.3,SAFE,1,,Situation maîtrisée
84.85,124.6,19.3,SAFE,1,,Situation maîtrisée
84.90,124.9,19.3,SAFE,1,,Situation maîtrisée
84.95,125.1,19.2,SAFE,1,,Situation maîtrisée
85.00,125.4,19.2,SAFE,1,,Situation maîtrisée
85.05,125.7,19.2,SAFE,1,,Situation maîtrisée
85.10,125.9,19.1,SAFE,1,,Situation maîtrisée
85.15,126.2,19.1,SAFE,1,,Situation maîtrisée
85.20,126.5,19.0,SAFE,1,,Situation maîtrisée
85.25,126.7,19.0,SAFE,1,,Situation maîtrisée
85.30,127.0,18.9,SAFE,1,,Situation maîtrisée
85.35,127.2,18.9,SAFE,1,,Situation maîtrisée
85.40,127.5,18.9,SAFE,1,,Situation maîtrisée
85.45,127.8,18.8,SAFE,1,,Situation maîtrisée
85.50,128.0,18.8,SAFE,1,,Situation maîtrisée
85.55,128.3,18.7,SAFE,1,,Situation maîtrisée
85.60,128.5,18.7,SAFE,1,,Situation maîtrisée
85.65,128.8,18.6,SAFE,1,,Situation maîtrisée
85.70,129.1,18.6,SAFE,1,,Situation maîtrisée
85.75,129.3,18.6,SAFE,1,,Situation maîtrisée
85.80,129.6,18.5,SAFE,1,,Situation maîtrisée
85.85,129.8,18.5,SAFE,1,,Situation maîtrisée
85.90,130.1,18.4,SAFE,1,,Situation maîtrisée
85.95,130.3,18.4,SAFE,1,,Situation maîtrisée
86.00,130.6,18.3,SAFE,1,,Situation maîtrisée
86.05,130.9,18.3,SAFE,1,,Situation maîtrisée
86.10,131.1,18.3,SAFE,1,,Situation maîtrisée
86.15,131.4,18.2,SAFE,1,,Situation maîtrisée
86.20,131.6,18.2,SAFE,1,,Situation maîtrisée
86.25,131.9,18.1,SAFE,1,,Situation maîtrisée
86.30,132.1,18.1,SAFE,1,,Situation maîtrisée
86.35,132.4,18.0,SAFE,1,,Situation maîtrisée
86.40,132.6,18.7,SAFE,1,,Situation maîtrisée
86.45,132.9,18.5,SAFE,1,,Situation maîtrisée
86.50,133.1,18.4,SAFE,1,,Situation maîtrisée
86.55,133.4,18.2,SAFE,1,,Situation maîtrisée
86.60,133.6,18.1,SAFE,1,,Situation maîtrisée
86.65,133.9,18.0,SAFE,1,,Situation maîtrisée
86.70,134.1,18.6,SAFE,1,,Situation maîtrisée
86.75,134.4,18.3,SAFE,1,,Situation maîtrisée
86.80,134.7,18.6,SAFE,1,,Situation maîtrisée
86.85,134.9,18.2,SAFE,1,,Situation maîtrisée
86.90,135.2,18.5,SAFE,1,,Situation maîtrisée
86.95,135.4,18.1,SAFE,1,,Situation maîtrisée
87.00,135.7,18.3,SAFE,1,,Situation maîtrisée
87.05,135.9,18.3,SAFE,1,,Situation maîtrisée
87.10,136.2,18.1,SAFE,1,,Situation maîtrisée
87.15,136.4,18.2,SAFE,1,,Situation maîtrisée
87.20,136.7,18.3,SAFE,1,,Situation maîtrisée
87.25,136.9,18.1,SAFE,1,,Situation maîtrisée
87.30,137.2,18.4,SAFE,1,,Situation maîtrisée
87.35,137.4,18.2,SAFE,1,,Situation maîtrisée
87.40,137.7,18.2,SAFE,1,,Situation maîtrisée
87.45,138.0,18.1,SAFE,1,,Situation maîtrisée
87.50,138.2,18.2,SAFE,1,,Situation maîtrisée
87.55,138.5,18.2,SAFE,1,,Situation maîtrisée
87.60,138.7,18.2,SAFE,2,,Situation maîtrisée
87.65,139.0,18.1,SAFE,2,,Situation maîtrisée
87.70,139.2,18.3,SAFE,2,,Situation maîtrisée
87.75,139.5,18.0,SAFE,2,,Situation maîtrisée
87.80,139.7,18.1,SAFE,1,,Situation maîtrisée
87.85,140.0,18.3,SAFE,1,,Situation maîtrisée
87.90,140.2,18.0,SAFE,1,,Situation maîtrisée
87.95,140.5,18.1,SAFE,1,,Situation maîtrisée
88.00,140.7,18.2,SAFE,1,,Situation maîtrisée
88.05,141.0,18.2,SAFE,1,,Situation maîtrisée
88.10,141.2,18.1,SAFE,1,,Situation maîtrisée
88.15,141.5,18.1,SAFE,1,,Situation maîtrisée
88.20,141.7,18.2,SAFE,1,,Situation maîtrisée
88.25,142.0,18.1,SAFE,1,,Situation maîtrisée
88.30,142.2,18.0,SAFE,1,,Situation maîtrisée
88.35,142.5,18.1,SAFE,1,,Situation maîtrisée
88.40,142.7,18.2,SAFE,1,,Situation maîtrisée
88.45,143.0,18.1,SAFE,1,,Situation maîtrisée
88.50,143.2,18.1,SAFE,1,,Situation maîtrisée
88.55,143.5,18.2,SAFE,1,,Situation maîtrisée
88.60,143.7,18.2,SAFE,1,,Situation maîtrisée
88.65,144.0,18.0,SAFE,2,,Situation maîtrisée
88.70,144.3,18.1,SAFE,3,,Situation maîtrisée
88.75,144.5,18.3,SAFE,3,,Situation maîtrisée
88.80,144.8,18.0,SAFE,3,,Situation maîtrisée
88.85,145.0,18.0,SAFE,3,,Situation maîtrisée
88.90,145.3,18.1,SAFE,3,,Situation maîtrisée
88.95,145.5,18.3,SAFE,3,,Situation maîtrisée
89.00,145.8,18.1,SAFE,3,,Situation maîtrisée
89.05,146.0,18.1,SAFE,3,,Situation maîtrisée
89.10,146.3,18.2,SAFE,3,,Situation maîtrisée
89.15,146.5,18.2,SAFE,3,,Situation maîtrisée
89.20,146.8,18.0,SAFE,3,,Situation maîtrisée
89.25,147.0,18.1,SAFE,3,,Situation maîtrisée
89.30,147.3,18.2,SAFE,4,,Situation maîtrisée
89.35,147.5,18.0,SAFE,4,,Situation maîtrisée
89.40,147.8,18.2,SAFE,4,,Situation maîtrisée
89.45,148.0,18.2,SAFE,4,,Situation maîtrisée
89.50,148.3,18.2,SAFE,4,,Situation maîtrisée
89.55,148.5,18.2,SAFE,4,,Situation maîtrisée
89.60,148.8,18.2,SAFE,4,,Situation maîtrisée
89.65,149.0,18.2,SAFE,4,,Situation maîtrisée
89.70,149.3,18.2,SAFE,4,,Situation maîtrisée
89.75,149.5,18.2,SAFE,4,,Situation maîtrisée
89.80,149.8,18.2,SAFE,4,,Situation maîtrisée
89.85,150.0,18.2,SAFE,4,,Situation maîtrisée
89.90,150.3,18.2,SAFE,4,,Situation maîtrisée
89.95,150.5,18.0,SAFE,4,,Situation maîtrisée
90.00,150.8,18.4,SAFE,4,,Situation maîtrisée
90.05,151.1,18.4,SAFE,4,,Situation maîtrisée
90.10,151.3,18.2,SAFE,4,,Situation maîtrisée
90.15,151.6,18.0,SAFE,4,,Situation maîtrisée
90.20,151.8,18.4,SAFE,4,,Situation maîtrisée
90.25,152.1,18.1,SAFE,4,,Situation maîtrisée
90.30,152.3,18.4,SAFE,4,,Situation maîtrisée
90.35,152.6,18.1,SAFE,4,,Situation maîtrisée
90.40,152.8,18.4,SAFE,4,,Situation maîtrisée
90.45,153.1,18.2,SAFE,4,,Situation maîtrisée
90.50,153.3,18.0,SAFE,4,,Situation maîtrisée
90.55,153.6,18.3,SAFE,4,,Situation maîtrisée
90.60,153.8,18.1,SAFE,4,,Situation maîtrisée
90.65,154.1,18.3,SAFE,4,,Situation maîtrisée
90.70,154.3,18.5,SAFE,4,,Situation maîtrisée
90.75,154.6,18.0,SAFE,4,,Situation maîtrisée
90.80,154.9,18.3,SAFE,4,,Situation maîtrisée
90.85,155.1,18.2,SAFE,4,,Situation maîtrisée
90.90,155.4,18.2,SAFE,4,moteur:physique,Situation maîtrisée
90.95,155.6,17.7,SAFE,4,moteur:physique,Situation maîtrisée
91.00,155.8,16.6,SAFE,4,moteur:physique,Situation maîtrisée
91.05,156.1,15.4,SAFE,4,moteur:physique,Situation maîtrisée
91.10,156.3,14.1,SAFE,4,moteur:physique,Situation maîtrisée
91.15,156.5,12.7,SAFE,4,moteur:physique,Situation maîtrisée
91.20,156.6,11.3,SAFE,4,moteur:physique,Situation maîtrisée
91.25,156.8,9.8,SAFE,4,moteur:physique,Situation maîtrisée
91.30,156.9,8.4,SAFE,4,moteur:physique,Situation maîtrisée
91.35,157.0,7.0,SAFE,4,moteur:physique,Situation maîtrisée
91.40,157.1,5.6,SAFE,4,moteur:physique,Situation maîtrisée
91.45,157.1,1.6,SAFE,4,moteur:physique,Situation maîtrisée
91.50,157.1,0.0,SAFE,4,moteur:physique,Situation maîtrisée
91.55,157.1,0.0,SAFE,5,moteur:physique,Situation maîtrisée
91.60,157.1,0.0,SAFE,5,moteur:physique,Situation maîtrisée
91.65,157.1,0.0,SAFE,5,moteur:physique,Situation maîtrisée
91.70,157.1,0.0,SAFE,5,moteur:physique,Situation maîtrisée
91.75,157.1,0.0,SAFE,5,moteur:physique,Situation maîtrisée
91.80,157.1,0.0,SAFE,5,moteur:physique,Situation maîtrisée
91.85,157.1,0.0,SAFE,5,moteur:physique,Situation maîtrisée
91.90,157.1,0.0,SAFE,5,moteur:physique,Situation maîtrisée
91.95,157.1,0.0,SAFE,5,moteur:physique,Situation maîtrisée
92.00,157.1,0.0,SAFE,5,moteur:physique,Situation maîtrisée
92.05,157.1,0.0,SAFE,5,moteur:physique,Situation maîtrisée
92.10,157.1,0.0,SAFE,5,moteur:physique,Situation maîtrisée
92.15,157.1,0.0,SAFE,5,moteur:physique,Situation maîtrisée
92.20,157.1,0.0,SAFE,5,moteur:physique,Situation maîtrisée
92.25,157.1,0.0,SAFE,5,moteur:physique,Situation maîtrisée
92.30,157.1,0.0,SAFE,5,moteur:physique,Situation maîtrisée
92.35,157.1,0.0,SAFE,5,moteur:physique,Situation maîtrisée
92.40,157.1,0.0,SAFE,5,moteur:physique,Situation maîtrisée
92.45,157.1,0.0,SAFE,5,moteur:physique,Situation maîtrisée
92.50,157.1,0.0,SAFE,5,moteur:physique,Situation maîtrisée
92.55,157.1,0.0,SAFE,5,moteur:physique,Situation maîtrisée
92.60,157.1,0.0,SAFE,5,moteur:physique,Situation maîtrisée
92.65,157.1,0.0,SAFE,5,moteur:physique,Situation maîtrisée
92.70,157.1,0.0,SAFE,5,moteur:physique,Situation maîtrisée
92.75,157.1,0.0,SAFE,5,moteur:physique,Situation maîtrisée
92.80,157.1,0.0,SAFE,5,moteur:physique,Situation maîtrisée
92.85,157.1,0.0,SAFE,5,moteur:physique,Situation maîtrisée
92.90,157.1,0.0,SAFE,5,moteur:physique,Situation maîtrisée
92.95,157.1,0.0,SAFE,5,moteur:physique,Situation maîtrisée
93.00,157.1,0.0,SAFE,5,moteur:physique,Situation maîtrisée
93.05,157.1,0.0,SAFE,5,moteur:physique,Situation maîtrisée
93.10,157.1,0.0,SAFE,5,moteur:physique,Situation maîtrisée
93.15,157.1,0.0,SAFE,5,moteur:physique,Situation maîtrisée
93.20,157.1,0.0,SAFE,5,moteur:physique,Situation maîtrisée
93.25,157.1,0.0,SAFE,5,moteur:physique,Situation maîtrisée
93.30,157.1,0.0,SAFE,5,moteur:physique,Situation maîtrisée
93.35,157.1,0.0,SAFE,5,moteur:physique,Situation maîtrisée
93.40,157.1,0.0,SAFE,5,moteur:physique,Situation maîtrisée
93.45,157.1,0.0,SAFE,5,moteur:physique,Situation maîtrisée
93.50,157.1,0.0,SAFE,5,moteur:physique,Situation maîtrisée
93.55,157.1,0.0,SAFE,5,moteur:physique,Situation maîtrisée
93.60,157.1,0.0,SAFE,5,moteur:physique,Situation maîtrisée
93.65,157.1,0.0,SAFE,5,moteur:physique,Situation maîtrisée
93.70,157.1,0.0,SAFE,5,moteur:physique,Situation maîtrisée
93.75,157.1,0.0,SAFE,5,moteur:physique,Situation maîtrisée
93.80,157.1,0.0,SAFE,5,moteur:physique,Situation maîtrisée
93.85,157.1,0.0,SAFE,5,moteur:physique,Situation maîtrisée
93.90,157.1,0.0,SAFE,5,moteur:physique,Situation maîtrisée
93.95,157.1,0.0,SAFE,5,moteur:physique,Situation maîtrisée
94.00,157.1,0.0,SAFE,5,moteur:physique,Situation maîtrisée
94.05,157.1,0.0,SAFE,5,moteur:physique,Situation maîtrisée
94.10,157.1,0.0,SAFE,5,moteur:physique,Situation maîtrisée
94.15,157.1,0.0,SAFE,5,moteur:physique,Situation maîtrisée
94.20,157.1,0.0,SAFE,5,moteur:physique,Situation maîtrisée
94.25,157.1,0.0,SAFE,5,moteur:physique,Situation maîtrisée
94.30,157.1,0.0,SAFE,5,moteur:physique,Situation maîtrisée
94.35,157.1,0.0,SAFE,5,moteur:physique,Situation maîtrisée
94.40,157.1,0.0,SAFE,5,moteur:physique,Situation maîtrisée
94.45,157.1,0.0,SAFE,5,moteur:physique,Situation maîtrisée
94.50,157.1,0.0,SAFE,5,moteur:physique,Situation maîtrisée
94.55,157.1,0.0,SAFE,5,moteur:physique,Situation maîtrisée
94.60,157.1,0.0,SAFE,5,moteur:physique,Situation maîtrisée
94.65,157.1,0.0,SAFE,5,moteur:physique,Situation maîtrisée
94.70,157.1,0.0,SAFE,5,moteur:physique,Situation maîtrisée
94.75,157.1,0.0,SAFE,5,moteur:physique,Situation maîtrisée
94.80,157.1,0.0,SAFE,5,moteur:physique,Situation maîtrisée
94.85,157.1,0.0,SAFE,5,moteur:physique,Situation maîtrisée
94.90,157.1,0.0,SAFE,5,moteur:physique,Situation maîtrisée
94.95,157.1,0.0,SAFE,5,moteur:physique,Situation maîtrisée
95.00,157.1,0.0,SAFE,5,moteur:physique,Situation maîtrisée
95.05,157.1,0.0,SAFE,5,moteur:physique,Situation maîtrisée
95.10,157.1,0.0,SAFE,5,moteur:physique,Situation maîtrisée
95.15,157.1,0.0,SAFE,5,moteur:physique,Situation maîtrisée
95.20,157.1,0.0,SAFE,5,moteur:physique,Situation maîtrisée
95.25,157.1,0.0,SAFE,5,,Situation maîtrisée
95.30,157.1,0.0,SAFE,5,moteur:physique,Situation maîtrisée
95.35,157.1,0.0,SAFE,5,moteur:physique,Situation maîtrisée
95.40,157.1,0.0,SAFE,5,moteur:physique,Situation maîtrisée
95.45,157.1,0.0,SAFE,5,moteur:physique,Situation maîtrisée
95.50,157.1,0.0,SAFE,5,moteur:physique,Situation maîtrisée
95.55,157.1,0.0,SAFE,5,moteur:physique,Situation maîtrisée
95.60,157.1,0.0,SAFE,5,moteur:physique,Situation maîtrisée
95.65,157.1,0.0,SAFE,5,moteur:physique,Situation maîtrisée
95.70,157.1,0.0,SAFE,5,moteur:physique,Situation maîtrisée
95.75,157.1,0.0,SAFE,4,moteur:physique,Situation maîtrisée
95.80,157.1,0.0,SAFE,4,moteur:physique,Situation maîtrisée
95.85,157.1,0.0,SAFE,4,moteur:physique,Situation maîtrisée
95.90,157.1,0.0,SAFE,4,moteur:physique,Situation maîtrisée
95.95,157.1,0.0,SAFE,4,moteur:physique,Situation maîtrisée
96.00,157.1,0.0,SAFE,4,moteur:physique,Situation maîtrisée
96.05,157.1,0.0,SAFE,4,moteur:physique,Situation maîtrisée
96.10,157.1,0.0,SAFE,4,moteur:physique,Situation maîtrisée
96.15,157.1,0.0,SAFE,4,moteur:physique,Situation maîtrisée
96.20,157.1,0.0,SAFE,4,moteur:physique,Situation maîtrisée
96.25,157.1,0.0,SAFE,4,moteur:physique,Situation maîtrisée
96.30,157.1,0.0,SAFE,4,moteur:physique,Situation maîtrisée
96.35,157.1,0.0,SAFE,4,moteur:physique,Situation maîtrisée
96.40,157.1,0.0,SAFE,4,moteur:physique,Situation maîtrisée
96.45,157.1,0.0,SAFE,4,moteur:physique,Situation maîtrisée
96.50,157.1,0.0,SAFE,4,moteur:physique,Situation maîtrisée
96.55,157.1,0.0,SAFE,4,moteur:physique,Situation maîtrisée
96.60,157.1,0.0,SAFE,4,moteur:physique,Situation maîtrisée
96.65,157.1,0.0,SAFE,4,moteur:physique,Situation maîtrisée
96.70,157.1,0.0,SAFE,4,moteur:physique,Situation maîtrisée
96.75,157.1,0.0,SAFE,4,moteur:physique,Situation maîtrisée
96.80,157.1,0.0,SAFE,4,moteur:physique,Situation maîtrisée
96.85,157.1,0.0,SAFE,4,moteur:physique,Situation maîtrisée
96.90,157.1,0.0,SAFE,4,moteur:physique,Situation maîtrisée
96.95,157.1,0.0,SAFE,4,moteur:physique,Situation maîtrisée
97.00,157.1,0.0,SAFE,4,moteur:physique,Situation maîtrisée
97.05,157.1,0.0,SAFE,4,moteur:physique,Situation maîtrisée
97.10,157.1,0.0,SAFE,4,moteur:physique,Situation maîtrisée
97.15,157.1,0.0,SAFE,4,moteur:physique,Situation maîtrisée
97.20,157.1,0.0,SAFE,4,moteur:physique,Situation maîtrisée
97.25,157.1,0.0,SAFE,4,moteur:physique,Situation maîtrisée
97.30,157.1,0.0,SAFE,4,moteur:physique,Situation maîtrisée
97.35,157.1,0.0,SAFE,4,moteur:physique,Situation maîtrisée
97.40,157.1,0.0,SAFE,4,moteur:physique,Situation maîtrisée
97.45,157.1,0.0,SAFE,4,moteur:physique,Situation maîtrisée
97.50,157.1,0.0,SAFE,4,moteur:physique,Situation maîtrisée
97.55,157.1,0.0,SAFE,4,moteur:physique,Situation maîtrisée
97.60,157.1,0.0,SAFE,4,moteur:physique,Situation maîtrisée
97.65,157.1,0.0,SAFE,4,moteur:physique,Situation maîtrisée
97.70,157.1,0.0,SAFE,4,moteur:physique,Situation maîtrisée
97.75,157.1,0.0,SAFE,4,moteur:physique,Situation maîtrisée
97.80,157.1,0.0,SAFE,4,moteur:physique,Situation maîtrisée
97.85,157.1,0.0,SAFE,4,moteur:physique,Situation maîtrisée
97.90,157.1,0.0,SAFE,4,moteur:physique,Situation maîtrisée
97.95,157.1,0.0,SAFE,4,moteur:physique,Situation maîtrisée
98.00,157.1,0.0,SAFE,4,moteur:physique,Situation maîtrisée
98.05,157.1,0.0,SAFE,4,moteur:physique,Situation maîtrisée
98.10,157.1,0.0,SAFE,4,moteur:physique,Situation maîtrisée
98.15,157.1,0.0,SAFE,4,moteur:physique,Situation maîtrisée
98.20,157.1,0.0,SAFE,4,moteur:physique,Situation maîtrisée
98.25,157.1,0.0,SAFE,4,moteur:physique,Situation maîtrisée
98.30,157.1,0.0,SAFE,4,moteur:physique,Situation maîtrisée
98.35,157.1,0.0,SAFE,4,moteur:physique,Situation maîtrisée
98.40,157.1,0.0,SAFE,4,moteur:physique,Situation maîtrisée
98.45,157.1,0.0,SAFE,4,moteur:physique,Situation maîtrisée
98.50,157.1,0.0,SAFE,4,moteur:physique,Situation maîtrisée
98.55,157.1,0.0,SAFE,4,moteur:physique,Situation maîtrisée
98.60,157.1,0.0,SAFE,4,moteur:physique,Situation maîtrisée
98.65,157.1,0.0,SAFE,4,moteur:physique,Situation maîtrisée
98.70,157.1,0.0,SAFE,4,moteur:physique,Situation maîtrisée
98.75,157.1,0.0,SAFE,4,moteur:physique,Situation maîtrisée
98.80,157.1,0.0,SAFE,4,moteur:physique,Situation maîtrisée
98.85,157.1,0.0,SAFE,4,moteur:physique,Situation maîtrisée
98.90,157.1,0.0,SAFE,4,moteur:physique,Situation maîtrisée
98.95,157.1,0.0,SAFE,4,moteur:physique,Situation maîtrisée
99.00,157.1,0.0,SAFE,4,moteur:physique,Situation maîtrisée
99.05,157.1,0.0,SAFE,4,moteur:physique,Situation maîtrisée
99.10,157.1,0.0,SAFE,4,moteur:physique,Situation maîtrisée
99.15,157.1,0.0,SAFE,4,moteur:physique,Situation maîtrisée
99.20,157.1,0.0,SAFE,4,moteur:physique,Situation maîtrisée
99.25,157.1,0.0,SAFE,4,moteur:physique,Situation maîtrisée
99.30,157.1,0.0,SAFE,4,moteur:physique,Situation maîtrisée
99.35,157.1,0.0,SAFE,4,moteur:physique,Situation maîtrisée
99.40,157.1,0.0,SAFE,4,moteur:physique,Situation maîtrisée
99.45,157.1,0.0,SAFE,4,moteur:physique,Situation maîtrisée
99.50,157.1,0.0,SAFE,4,moteur:physique,Situation maîtrisée
99.55,157.1,0.0,SAFE,4,moteur:physique,Situation maîtrisée
99.60,157.1,0.0,SAFE,4,moteur:physique,Situation maîtrisée
99.65,157.1,0.0,SAFE,4,moteur:physique,Situation maîtrisée
99.70,157.1,0.0,SAFE,4,moteur:physique,Situation maîtrisée
99.75,157.1,0.0,SAFE,4,moteur:physique,Situation maîtrisée
99.80,157.1,0.0,SAFE,4,moteur:physique,Situation maîtrisée
99.85,157.1,0.0,SAFE,4,moteur:physique,Situation maîtrisée
99.90,157.1,0.0,SAFE,4,moteur:physique,Situation maîtrisée
99.95,157.1,0.0,SAFE,4,moteur:physique,Situation maîtrisée
100.00,157.1,0.0,SAFE,4,moteur:physique,Situation maîtrisée
100.05,157.1,0.0,SAFE,4,moteur:physique,Situation maîtrisée
100.10,157.1,0.0,SAFE,4,moteur:physique,Situation maîtrisée
100.15,157.1,0.0,SAFE,4,moteur:physique,Situation maîtrisée
100.20,157.1,0.0,SAFE,4,moteur:physique,Situation maîtrisée
100.25,157.1,0.0,SAFE,4,moteur:physique,Situation maîtrisée
100.30,157.1,0.0,SAFE,4,moteur:physique,Situation maîtrisée
100.35,157.1,0.0,SAFE,4,moteur:physique,Situation maîtrisée
100.40,157.1,0.0,SAFE,4,moteur:physique,Situation maîtrisée
100.45,157.1,0.0,SAFE,4,moteur:physique,Situation maîtrisée
100.50,157.1,0.0,SAFE,4,moteur:physique,Situation maîtrisée
100.55,157.1,0.0,SAFE,4,moteur:physique,Situation maîtrisée
100.60,157.1,0.0,SAFE,4,moteur:physique,Situation maîtrisée
100.65,157.1,0.0,SAFE,4,moteur:physique,Situation maîtrisée
100.70,157.1,0.0,SAFE,4,moteur:physique,Situation maîtrisée
100.75,157.1,0.0,SAFE,4,moteur:physique,Situation maîtrisée
100.80,157.1,0.0,SAFE,4,moteur:physique,Situation maîtrisée
100.85,157.1,0.0,SAFE,4,moteur:physique,Situation maîtrisée
100.90,157.1,0.0,SAFE,4,moteur:physique,Situation maîtrisée
100.95,157.1,0.0,SAFE,4,moteur:physique,Situation maîtrisée
101.00,157.1,0.0,SAFE,4,moteur:physique,Situation maîtrisée
101.05,157.1,0.0,SAFE,4,moteur:physique,Situation maîtrisée
101.10,157.1,0.0,SAFE,4,moteur:physique,Situation maîtrisée
101.15,157.1,0.0,SAFE,4,moteur:physique,Situation maîtrisée
101.20,157.1,0.0,SAFE,4,moteur:physique,Situation maîtrisée
101.25,157.1,0.0,SAFE,4,moteur:physique,Situation maîtrisée
101.30,157.1,0.0,SAFE,4,moteur:physique,Situation maîtrisée
101.35,157.1,0.0,SAFE,4,moteur:physique,Situation maîtrisée
101.40,157.1,0.0,SAFE,4,moteur:physique,Situation maîtrisée
101.45,157.1,0.0,SAFE,4,moteur:physique,Situation maîtrisée
101.50,157.1,0.0,SAFE,4,moteur:physique,Situation maîtrisée
101.55,157.1,0.0,SAFE,4,moteur:physique,Situation maîtrisée
101.60,157.1,0.0,SAFE,4,moteur:physique,Situation maîtrisée
101.65,157.1,0.0,SAFE,4,moteur:physique,Situation maîtrisée
101.70,157.1,0.0,SAFE,4,moteur:physique,Situation maîtrisée
101.75,157.1,0.0,SAFE,4,moteur:physique,Situation maîtrisée
101.80,157.1,0.0,SAFE,4,moteur:physique,Situation maîtrisée
101.85,157.1,0.0,SAFE,4,moteur:physique,Situation maîtrisée
101.90,157.1,0.0,SAFE,4,moteur:physique,Situation maîtrisée
101.95,157.1,0.0,SAFE,4,moteur:physique,Situation maîtrisée
102.00,157.1,0.0,SAFE,4,moteur:physique,Situation maîtrisée
102.05,157.1,0.0,SAFE,4,moteur:physique,Situation maîtrisée
102.10,157.1,0.0,SAFE,4,moteur:physique,Situation maîtrisée
102.15,157.1,0.0,SAFE,4,moteur:physique,Situation maîtrisée
102.20,157.1,0.0,SAFE,4,moteur:physique,Situation maîtrisée
102.25,157.1,0.0,SAFE,4,moteur:physique,Situation maîtrisée
102.30,157.1,0.0,SAFE,4,moteur:physique,Situation maîtrisée
102.35,157.1,0.0,SAFE,4,moteur:physique,Situation maîtrisée
102.40,157.1,0.0,SAFE,4,moteur:physique,Situation maîtrisée
102.45,157.1,0.0,SAFE,4,moteur:physique,Situation maîtrisée
102.50,157.1,0.0,SAFE,4,moteur:physique,Situation maîtrisée
102.55,157.1,0.0,SAFE,4,moteur:physique,Situation maîtrisée
102.60,157.1,0.0,SAFE,4,moteur:physique,Situation maîtrisée
102.65,157.1,0.0,SAFE,4,moteur:physique,Situation maîtrisée
102.70,157.1,0.0,SAFE,4,moteur:physique,Situation maîtrisée
102.75,157.1,0.0,SAFE,4,moteur:physique,Situation maîtrisée
102.80,157.1,0.0,SAFE,4,moteur:physique,Situation maîtrisée
102.85,157.1,0.0,SAFE,4,moteur:physique,Situation maîtrisée
102.90,157.1,0.0,SAFE,4,moteur:physique,Situation maîtrisée
102.95,157.1,0.0,SAFE,4,moteur:physique,Situation maîtrisée
103.00,157.1,0.0,SAFE,4,moteur:physique,Situation maîtrisée
103.05,157.1,0.0,SAFE,4,moteur:physique,Situation maîtrisée
103.10,157.1,0.0,SAFE,4,moteur:physique,Situation maîtrisée
103.15,157.1,0.0,SAFE,4,moteur:physique,Situation maîtrisée
103.20,157.1,0.0,SAFE,4,moteur:physique,Situation maîtrisée
103.25,157.1,0.0,SAFE,4,moteur:physique,Situation maîtrisée
103.30,157.1,0.0,SAFE,4,moteur:physique,Situation maîtrisée
103.35,157.1,0.0,SAFE,4,moteur:physique,Situation maîtrisée
103.40,157.1,0.0,SAFE,4,moteur:physique,Situation maîtrisée
103.45,157.1,0.0,SAFE,4,moteur:physique,Situation maîtrisée
103.50,157.1,0.0,SAFE,4,moteur:physique,Situation maîtrisée
103.55,157.1,0.0,SAFE,4,moteur:physique,Situation maîtrisée
103.60,157.1,0.0,SAFE,4,moteur:physique,Situation maîtrisée
103.65,157.1,0.0,SAFE,4,moteur:physique,Situation maîtrisée
103.70,157.1,0.0,SAFE,4,moteur:physique,Situation maîtrisée
103.75,157.1,0.0,SAFE,4,moteur:physique,Situation maîtrisée
103.80,157.1,0.0,SAFE,4,moteur:physique,Situation maîtrisée
103.85,157.1,0.0,SAFE,4,moteur:physique,Situation maîtrisée
103.90,157.1,0.0,SAFE,4,moteur:physique,Situation maîtrisée
103.95,157.1,0.0,SAFE,4,moteur:physique,Situation maîtrisée
104.00,157.1,0.0,SAFE,4,moteur:physique,Situation maîtrisée
104.05,157.1,0.0,SAFE,4,moteur:physique,Situation maîtrisée
104.10,157.1,0.0,SAFE,4,moteur:physique,Situation maîtrisée
104.15,157.1,0.0,SAFE,4,moteur:physique,Situation maîtrisée
104.20,157.1,0.0,SAFE,4,moteur:physique,Situation maîtrisée
104.25,157.1,0.0,SAFE,4,moteur:physique,Situation maîtrisée
