t,distance_parcourue_m,vitesse_kmh,niveau,n_agents_percus,recommandation
0.05,0.1,5.3,SAFE,0,Voie libre
0.10,0.2,7.1,SAFE,0,Voie libre
0.15,0.3,8.8,SAFE,0,Voie libre
0.20,0.4,10.6,SAFE,0,Voie libre
0.25,0.6,12.3,SAFE,0,Voie libre
0.30,0.7,14.1,SAFE,0,Voie libre
0.35,1.0,15.9,SAFE,0,Voie libre
0.40,1.2,17.6,SAFE,0,Voie libre
0.45,1.5,19.4,SAFE,0,Voie libre
0.50,1.7,21.2,SAFE,0,Voie libre
0.55,2.0,22.9,SAFE,0,Voie libre
0.60,2.3,16.0,SAFE,0,Voie libre
0.65,2.4,0.6,SAFE,0,Voie libre
0.70,2.4,0.9,SAFE,0,Voie libre
0.75,2.4,0.9,SAFE,0,Voie libre
0.80,2.4,0.8,SAFE,0,Voie libre
0.85,2.4,3.4,SAFE,0,Voie libre
0.90,2.5,5.4,SAFE,0,Voie libre
0.95,2.6,7.2,SAFE,0,Voie libre
1.00,2.7,8.3,SAFE,0,Voie libre
1.05,2.8,9.3,SAFE,0,Voie libre
1.10,3.0,10.2,SAFE,0,Voie libre
1.15,3.1,11.0,SAFE,0,Voie libre
1.20,3.3,11.8,SAFE,0,Voie libre
1.25,3.4,12.6,SAFE,0,Voie libre
1.30,3.6,13.2,SAFE,0,Voie libre
1.35,3.8,13.8,SAFE,0,Voie libre
1.40,4.0,14.4,SAFE,0,Voie libre
1.45,4.2,14.9,SAFE,0,Voie libre
1.50,4.4,15.4,SAFE,0,Voie libre
1.55,4.6,15.8,SAFE,0,Voie libre
1.60,4.9,16.2,SAFE,0,Voie libre
1.65,5.1,16.5,SAFE,0,Voie libre
1.70,5.3,16.8,SAFE,0,Voie libre
1.75,5.5,17.1,SAFE,0,Voie libre
1.80,5.8,17.4,SAFE,0,Voie libre
1.85,6.0,17.7,SAFE,0,Voie libre
1.90,6.3,17.9,SAFE,0,Voie libre
1.95,6.5,18.1,SAFE,0,Voie libre
2.00,6.8,18.3,SAFE,0,Voie libre
2.05,7.0,18.2,SAFE,0,Voie libre
2.10,7.3,18.1,SAFE,0,Voie libre
2.15,7.5,18.2,SAFE,0,Voie libre
2.20,7.8,18.0,SAFE,0,Voie libre
2.25,8.0,18.3,SAFE,0,Voie libre
2.30,8.3,18.1,SAFE,0,Voie libre
2.35,8.5,18.3,SAFE,0,Voie libre
2.40,8.8,18.4,SAFE,0,Voie libre
2.45,9.1,18.2,SAFE,0,Voie libre
2.50,9.3,18.1,SAFE,0,Voie libre
2.55,9.6,18.4,SAFE,0,Voie libre
2.60,9.8,18.7,SAFE,0,Voie libre
2.65,10.1,18.5,SAFE,0,Voie libre
2.70,10.3,18.4,SAFE,0,Voie libre
2.75,10.6,18.3,SAFE,0,Voie libre
2.80,10.8,18.3,SAFE,0,Voie libre
2.85,11.1,18.2,SAFE,0,Voie libre
2.90,11.4,18.3,SAFE,0,Voie libre
2.95,11.6,18.2,SAFE,0,Voie libre
3.00,11.9,18.3,SAFE,0,Voie libre
3.05,12.1,18.3,SAFE,0,Voie libre
3.10,12.4,18.4,SAFE,0,Voie libre
3.15,12.6,18.3,SAFE,0,Voie libre
3.20,12.9,18.4,SAFE,0,Voie libre
3.25,13.1,18.4,SAFE,0,Voie libre
3.30,13.4,18.5,SAFE,0,Voie libre
3.35,13.6,18.5,SAFE,0,Voie libre
3.40,13.9,18.6,SAFE,0,Voie libre
3.45,14.2,18.6,SAFE,0,Voie libre
3.50,14.4,18.7,SAFE,0,Voie libre
3.55,14.7,18.6,SAFE,0,Voie libre
3.60,14.9,18.7,SAFE,0,Voie libre
3.65,15.2,18.7,SAFE,0,Voie libre
3.70,15.5,18.8,SAFE,0,Voie libre
3.75,15.7,18.7,SAFE,0,Voie libre
3.80,16.0,18.8,SAFE,0,Voie libre
3.85,16.2,18.8,SAFE,0,Voie libre
3.90,16.5,18.9,SAFE,0,Voie libre
3.95,16.8,18.8,SAFE,0,Voie libre
4.00,17.0,18.9,SAFE,0,Voie libre
4.05,17.3,18.9,SAFE,0,Voie libre
4.10,17.6,19.0,SAFE,0,Voie libre
4.15,17.8,18.9,SAFE,0,Voie libre
4.20,18.1,19.0,SAFE,0,Voie libre
4.25,18.3,19.0,SAFE,0,Voie libre
4.30,18.6,19.0,SAFE,0,Voie libre
4.35,18.9,19.0,SAFE,0,Voie libre
4.40,19.1,19.1,SAFE,0,Voie libre
4.45,19.4,19.0,SAFE,0,Voie libre
4.50,19.7,19.1,SAFE,0,Voie libre
4.55,19.9,19.0,SAFE,0,Voie libre
4.60,20.2,19.1,SAFE,0,Voie libre
4.65,20.5,19.1,SAFE,0,Voie libre
4.70,20.7,19.1,SAFE,0,Voie libre
4.75,21.0,19.1,SAFE,0,Voie libre
4.80,21.3,19.2,SAFE,0,Voie libre
4.85,21.5,19.1,SAFE,0,Voie libre
4.90,21.8,19.2,SAFE,0,Voie libre
4.95,22.1,19.1,SAFE,0,Voie libre
5.00,22.3,19.2,SAFE,0,Voie libre
5.05,22.6,19.2,SAFE,0,Voie libre
5.10,22.9,19.3,SAFE,0,Voie libre
5.15,23.1,19.2,SAFE,0,Voie libre
5.20,23.4,19.3,SAFE,0,Voie libre
5.25,23.7,19.2,SAFE,0,Voie libre
5.30,23.9,19.3,SAFE,0,Voie libre
5.35,24.2,19.2,SAFE,0,Voie libre
5.40,24.5,19.3,SAFE,0,Voie libre
5.45,24.7,19.3,SAFE,0,Voie libre
5.50,25.0,19.4,SAFE,0,Voie libre
5.55,25.3,19.3,SAFE,0,Voie libre
5.60,25.5,19.4,SAFE,0,Voie libre
5.65,25.8,19.3,SAFE,0,Voie libre
5.70,26.1,19.4,SAFE,0,Voie libre
5.75,26.3,19.3,SAFE,0,Voie libre
5.80,26.6,19.4,SAFE,0,Voie libre
5.85,26.9,19.3,SAFE,0,Voie libre
5.90,27.1,19.4,SAFE,0,Voie libre
5.95,27.4,19.4,SAFE,0,Voie libre
6.00,27.7,19.5,SAFE,0,Voie libre
6.05,28.0,19.4,SAFE,0,Voie libre
6.10,28.2,19.5,SAFE,0,Voie libre
6.15,28.5,19.4,SAFE,0,Voie libre
6.20,28.8,19.5,SAFE,0,Voie libre
6.25,29.0,19.5,SAFE,0,Voie libre
6.30,29.3,19.5,SAFE,0,Voie libre
6.35,29.6,19.5,SAFE,0,Voie libre
6.40,29.8,19.6,SAFE,0,Voie libre
6.45,30.1,19.5,SAFE,0,Voie libre
6.50,30.4,19.6,SAFE,0,Voie libre
6.55,30.7,19.5,SAFE,0,Voie libre
6.60,30.9,19.6,SAFE,0,Voie libre
6.65,31.2,19.5,SAFE,0,Voie libre
6.70,31.5,19.6,SAFE,0,Voie libre
6.75,31.7,19.5,SAFE,0,Voie libre
6.80,32.0,19.6,SAFE,0,Voie libre
6.85,32.3,19.6,SAFE,0,Voie libre
6.90,32.6,19.7,SAFE,0,Voie libre
6.95,32.8,19.6,SAFE,0,Voie libre
7.00,33.1,19.7,SAFE,0,Voie libre
7.05,33.4,19.6,SAFE,0,Voie libre
7.10,33.7,19.7,SAFE,0,Voie libre
7.15,33.9,19.6,SAFE,0,Voie libre
7.20,34.2,19.7,SAFE,0,Voie libre
7.25,34.5,19.7,SAFE,0,Voie libre
7.30,34.7,19.7,SAFE,0,Voie libre
7.35,35.0,19.7,SAFE,0,Voie libre
7.40,35.3,19.8,SAFE,0,Voie libre
7.45,35.6,19.7,SAFE,0,Voie libre
7.50,35.8,19.8,SAFE,0,Voie libre
7.55,36.1,19.7,SAFE,0,Voie libre
7.60,36.4,19.8,SAFE,0,Voie libre
7.65,36.7,19.8,SAFE,0,Voie libre
7.70,36.9,19.8,SAFE,0,Voie libre
7.75,37.2,19.8,SAFE,0,Voie libre
7.80,37.5,19.9,SAFE,0,Voie libre
7.85,37.8,19.8,SAFE,0,Voie libre
7.90,38.0,19.9,SAFE,0,Voie libre
7.95,38.3,19.8,SAFE,0,Voie libre
8.00,38.6,19.9,SAFE,0,Voie libre
8.05,38.9,19.8,SAFE,0,Voie libre
8.10,39.1,19.9,SAFE,0,Voie libre
8.15,39.4,19.8,SAFE,0,Voie libre
8.20,39.7,19.9,SAFE,0,Voie libre
8.25,40.0,19.9,SAFE,0,Voie libre
8.30,40.2,20.0,SAFE,0,Voie libre
8.35,40.5,19.9,SAFE,0,Voie libre
8.40,40.8,20.0,SAFE,0,Voie libre
8.45,41.1,19.9,SAFE,0,Voie libre
8.50,41.4,20.0,SAFE,0,Voie libre
8.55,41.6,19.9,SAFE,0,Voie libre
8.60,41.9,20.0,SAFE,0,Voie libre
8.65,42.2,20.0,SAFE,0,Voie libre
8.70,42.5,20.0,SAFE,0,Voie libre
8.75,42.7,20.0,SAFE,0,Voie libre
8.80,43.0,20.1,SAFE,0,Voie libre
8.85,43.3,20.0,SAFE,0,Voie libre
8.90,43.6,20.1,SAFE,1,Situation maîtrisée
8.95,43.9,20.0,SAFE,1,Situation maîtrisée
9.00,44.1,20.1,SAFE,1,Situation maîtrisée
9.05,44.4,20.0,SAFE,1,Situation maîtrisée
9.10,44.7,20.1,SAFE,1,Situation maîtrisée
9.15,45.0,20.1,SAFE,1,Situation maîtrisée
9.20,45.2,20.1,SAFE,2,Situation maîtrisée
9.25,45.5,20.1,SAFE,2,Situation maîtrisée
9.30,45.8,20.1,SAFE,2,Situation maîtrisée
9.35,46.1,20.1,SAFE,2,Situation maîtrisée
9.40,46.4,20.2,SAFE,2,Situation maîtrisée
9.45,46.6,20.1,SAFE,2,Situation maîtrisée
9.50,46.9,20.2,SAFE,2,Situation maîtrisée
9.55,47.2,20.1,SAFE,2,Situation maîtrisée
9.60,47.5,20.2,SAFE,2,Situation maîtrisée
9.65,47.8,20.1,SAFE,2,Situation maîtrisée
9.70,48.0,20.2,SAFE,2,Situation maîtrisée
9.75,48.3,20.1,SAFE,2,Situation maîtrisée
9.80,48.6,20.2,SAFE,2,Situation maîtrisée
9.85,48.9,20.1,SAFE,2,Situation maîtrisée
9.90,49.2,20.2,SAFE,2,Situation maîtrisée
9.95,49.4,20.1,SAFE,2,Situation maîtrisée
10.00,49.7,20.2,SAFE,2,Situation maîtrisée
10.05,50.0,20.1,SAFE,2,Situation maîtrisée
10.10,50.3,20.2,SAFE,3,Situation maîtrisée
10.15,50.6,20.1,SAFE,3,Situation maîtrisée
10.20,50.8,20.2,SAFE,3,Situation maîtrisée
10.25,51.1,20.1,SAFE,3,Situation maîtrisée
10.30,51.4,20.2,SAFE,3,Situation maîtrisée
10.35,51.7,20.1,SAFE,3,Situation maîtrisée
10.40,52.0,20.2,SAFE,3,Situation maîtrisée
10.45,52.2,20.2,SAFE,3,Situation maîtrisée
10.50,52.5,20.2,SAFE,3,Situation maîtrisée
10.55,52.8,20.2,SAFE,3,Situation maîtrisée
10.60,53.1,20.2,SAFE,3,Situation maîtrisée
10.65,53.4,20.2,SAFE,3,Situation maîtrisée
10.70,53.6,20.2,SAFE,3,Situation maîtrisée
10.75,53.9,20.2,SAFE,3,Situation maîtrisée
10.80,54.2,20.2,SAFE,3,Situation maîtrisée
10.85,54.5,20.2,SAFE,4,Situation maîtrisée
10.90,54.8,20.2,SAFE,4,Situation maîtrisée
10.95,55.1,20.2,SAFE,4,Situation maîtrisée
11.00,55.3,20.2,SAFE,4,Situation maîtrisée
11.05,55.6,20.2,SAFE,4,Situation maîtrisée
11.10,55.9,20.2,SAFE,4,Situation maîtrisée
11.15,56.2,20.2,SAFE,4,Situation maîtrisée
11.20,56.5,20.2,SAFE,4,Situation maîtrisée
11.25,56.7,20.2,SAFE,4,Situation maîtrisée
11.30,57.0,20.2,SAFE,5,Situation maîtrisée
11.35,57.3,20.2,SAFE,5,Situation maîtrisée
11.40,57.6,20.2,SAFE,5,Situation maîtrisée
11.45,57.9,20.2,SAFE,5,Situation maîtrisée
11.50,58.1,20.2,SAFE,5,Situation maîtrisée
11.55,58.4,20.2,SAFE,5,Situation maîtrisée
11.60,58.7,20.2,SAFE,5,Situation maîtrisée
11.65,59.0,20.2,SAFE,5,Situation maîtrisée
11.70,59.3,20.2,SAFE,5,Situation maîtrisée
11.75,59.5,20.2,SAFE,5,Situation maîtrisée
11.80,59.8,20.2,SAFE,5,Situation maîtrisée
11.85,60.1,20.2,SAFE,5,Situation maîtrisée
11.90,60.4,20.2,SAFE,5,Situation maîtrisée
11.95,60.7,20.2,SAFE,5,Situation maîtrisée
12.00,60.9,20.2,SAFE,5,Situation maîtrisée
12.05,61.2,20.2,SAFE,5,Situation maîtrisée
12.10,61.5,20.2,SAFE,6,Situation maîtrisée
12.15,61.8,20.2,SAFE,6,Situation maîtrisée
12.20,62.1,20.2,SAFE,6,Situation maîtrisée
12.25,62.3,20.2,SAFE,6,Situation maîtrisée
12.30,62.6,20.2,SAFE,6,Situation maîtrisée
12.35,62.9,20.2,SAFE,6,Situation maîtrisée
12.40,63.2,20.2,SAFE,6,Situation maîtrisée
12.45,63.5,20.2,SAFE,6,Situation maîtrisée
12.50,63.8,20.3,SAFE,6,Situation maîtrisée
12.55,64.0,20.7,SAFE,6,Situation maîtrisée
12.60,64.3,20.7,SAFE,6,Situation maîtrisée
12.65,64.6,21.0,SAFE,6,Situation maîtrisée
12.70,64.9,20.6,SAFE,6,Situation maîtrisée
12.75,65.2,21.0,SAFE,6,Situation maîtrisée
12.80,65.5,20.8,SAFE,6,Situation maîtrisée
12.85,65.8,21.0,SAFE,6,Situation maîtrisée
12.90,66.1,20.6,SAFE,6,Situation maîtrisée
12.95,66.4,21.0,SAFE,6,Situation maîtrisée
13.00,66.6,20.8,SAFE,6,Situation maîtrisée
13.05,66.9,20.7,SAFE,6,Situation maîtrisée
13.10,67.2,20.6,SAFE,6,Situation maîtrisée
13.15,67.5,20.6,SAFE,6,Situation maîtrisée
13.20,67.8,20.4,SAFE,6,Situation maîtrisée
13.25,68.1,20.4,SAFE,6,Situation maîtrisée
13.30,68.4,20.3,SAFE,6,Situation maîtrisée
13.35,68.6,20.2,SAFE,6,Situation maîtrisée
13.40,68.9,20.2,SAFE,6,Situation maîtrisée
13.45,69.2,20.2,SAFE,6,Situation maîtrisée
13.50,69.5,20.1,SAFE,6,Situation maîtrisée
13.55,69.8,20.1,SAFE,6,Situation maîtrisée
13.60,70.0,20.1,SAFE,6,Situation maîtrisée
13.65,70.3,20.1,SAFE,6,Situation maîtrisée
13.70,70.6,20.1,SAFE,6,Situation maîtrisée
13.75,70.9,20.0,SAFE,6,Situation maîtrisée
13.80,71.1,20.0,SAFE,6,Situation maîtrisée
13.85,71.4,20.0,SAFE,6,Situation maîtrisée
13.90,71.7,20.0,SAFE,6,Situation maîtrisée
13.95,72.0,20.0,SAFE,6,Situation maîtrisée
14.00,72.3,20.0,SAFE,6,Situation maîtrisée
14.05,72.5,20.0,SAFE,6,Situation maîtrisée
14.10,72.8,20.0,SAFE,6,Situation maîtrisée
14.15,73.1,20.0,SAFE,6,Situation maîtrisée
14.20,73.4,20.0,SAFE,6,Situation maîtrisée
14.25,73.7,20.0,SAFE,6,Situation maîtrisée
14.30,73.9,20.0,SAFE,6,Situation maîtrisée
14.35,74.2,20.0,SAFE,6,Situation maîtrisée
14.40,74.5,20.1,SAFE,6,Situation maîtrisée
14.45,74.8,20.1,SAFE,6,Situation maîtrisée
14.50,75.0,20.1,SAFE,6,Situation maîtrisée
14.55,75.3,20.1,SAFE,6,Situation maîtrisée
14.60,75.6,20.1,SAFE,6,Situation maîtrisée
14.65,75.9,20.1,SAFE,6,Situation maîtrisée
14.70,76.2,20.1,SAFE,5,Situation maîtrisée
14.75,76.4,20.1,CRITICAL,5,FREINEZ de 19 km/h  (20 -> 1 km/h)
14.80,76.7,20.0,CRITICAL,5,FREINEZ de 19 km/h  (20 -> 1 km/h)
14.85,77.0,19.7,CRITICAL,5,FREINEZ de 19 km/h  (20 -> 1 km/h)
14.90,77.3,19.3,CRITICAL,5,FREINEZ de 19 km/h  (19 -> 0 km/h)
14.95,77.5,15.0,CRITICAL,5,FREINEZ de 15 km/h  (15 -> 0 km/h)
15.00,77.7,10.1,CRITICAL,5,FREINEZ de 10 km/h  (10 -> 0 km/h)
15.05,77.8,5.4,CRITICAL,5,FREINEZ de 5 km/h  (5 -> 0 km/h)
15.10,77.8,0.7,CRITICAL,5,Vigilance — situation à la limite
15.15,77.8,0.0,SAFE,5,Situation maîtrisée
15.20,77.8,0.0,SAFE,5,Situation maîtrisée
15.25,77.8,0.0,SAFE,5,Situation maîtrisée
15.30,77.8,0.0,SAFE,5,Situation maîtrisée
15.35,77.8,0.0,SAFE,5,Situation maîtrisée
15.40,77.8,0.0,SAFE,5,Situation maîtrisée
15.45,77.8,0.0,SAFE,5,Situation maîtrisée
15.50,77.8,0.0,SAFE,5,Situation maîtrisée
15.55,77.8,0.0,SAFE,5,Situation maîtrisée
15.60,77.8,0.0,SAFE,5,Situation maîtrisée
15.65,77.8,0.0,SAFE,6,Situation maîtrisée
15.70,77.8,0.0,SAFE,6,Situation maîtrisée
15.75,77.8,0.0,SAFE,6,Situation maîtrisée
15.80,77.8,0.0,SAFE,6,Situation maîtrisée
15.85,77.8,0.3,DANGER,6,Vigilance — situation à la limite
15.90,77.8,0.0,SAFE,6,Situation maîtrisée
15.95,77.8,0.4,DANGER,6,Vigilance — situation à la limite
16.00,77.8,0.0,SAFE,6,Situation maîtrisée
16.05,77.8,0.4,WATCH,6,Vigilance — situation à la limite
16.10,77.8,0.0,SAFE,6,Situation maîtrisée
16.15,77.8,0.0,SAFE,6,Situation maîtrisée
16.20,77.8,0.4,SAFE,6,Situation maîtrisée
16.25,77.8,0.6,SAFE,6,Situation maîtrisée
16.30,77.8,1.1,DANGER,6,Vigilance — situation à la limite
16.35,77.8,0.0,SAFE,6,Situation maîtrisée
16.40,77.8,0.4,SAFE,6,Situation maîtrisée
16.45,77.8,1.0,SAFE,6,Situation maîtrisée
16.50,77.9,1.5,WATCH,6,Vigilance — situation à la limite
16.55,77.9,0.0,SAFE,6,Situation maîtrisée
16.60,77.9,0.7,SAFE,6,Situation maîtrisée
16.65,77.9,1.3,SAFE,6,Situation maîtrisée
16.70,77.9,2.0,SAFE,6,Situation maîtrisée
16.75,77.9,2.6,WATCH,6,Vigilance — situation à la limite
16.80,78.0,0.0,SAFE,6,Situation maîtrisée
16.85,78.0,0.5,SAFE,6,Situation maîtrisée
16.90,78.0,1.5,SAFE,6,Situation maîtrisée
16.95,78.0,2.2,SAFE,6,Situation maîtrisée
17.00,78.0,3.1,WATCH,6,Vigilance — situation à la limite
17.05,78.1,0.0,SAFE,6,Situation maîtrisée
17.10,78.1,0.6,SAFE,6,Situation maîtrisée
17.15,78.1,1.7,SAFE,6,Situation maîtrisée
17.20,78.1,2.3,SAFE,6,Situation maîtrisée
17.25,78.2,3.2,SAFE,6,Situation maîtrisée
17.30,78.2,3.9,WATCH,6,Vigilance — situation à la limite
17.35,78.2,1.6,SAFE,6,Situation maîtrisée
17.40,78.2,0.9,SAFE,6,Situation maîtrisée
17.45,78.3,1.9,SAFE,6,Situation maîtrisée
17.50,78.3,2.9,SAFE,6,Situation maîtrisée
17.55,78.4,3.6,SAFE,6,Situation maîtrisée
17.60,78.4,4.4,SAFE,6,Situation maîtrisée
17.65,78.5,5.4,WATCH,6,Vigilance — situation à la limite
17.70,78.6,6.1,WATCH,6,Ralentissez de 1 km/h  (6 -> 5 km/h)
17.75,78.6,6.3,WATCH,6,Ralentissez de 1 km/h  (6 -> 5 km/h)
17.80,78.7,6.4,WATCH,6,Ralentissez de 1 km/h  (6 -> 5 km/h)
17.85,78.8,6.3,WATCH,6,Ralentissez de 1 km/h  (6 -> 5 km/h)
17.90,78.9,4.3,SAFE,6,Situation maîtrisée
17.95,78.9,2.3,SAFE,6,Situation maîtrisée
18.00,79.0,3.0,SAFE,6,Situation maîtrisée
18.05,79.0,3.6,SAFE,6,Situation maîtrisée
18.10,79.1,4.1,SAFE,6,Situation maîtrisée
18.15,79.1,5.2,SAFE,6,Situation maîtrisée
18.20,79.2,5.9,SAFE,6,Situation maîtrisée
18.25,79.3,6.9,WATCH,6,Vigilance — situation à la limite
18.30,79.4,7.4,WATCH,6,Vigilance — situation à la limite
18.35,79.5,7.8,WATCH,6,Vigilance — situation à la limite
18.40,79.6,7.3,SAFE,6,SAFE : Arrêt au feu rouge
18.45,79.7,7.0,SAFE,6,SAFE : Arrêt au feu rouge
18.50,79.8,6.2,SAFE,6,SAFE : Arrêt au feu rouge
18.55,79.9,2.2,SAFE,6,SAFE : Arrêt au feu rouge
18.60,79.9,0.0,SAFE,6,SAFE : Arrêt au feu rouge
18.65,79.9,0.0,SAFE,6,SAFE : Arrêt au feu rouge
18.70,79.9,0.0,SAFE,6,SAFE : Arrêt au feu rouge
18.75,79.9,0.0,SAFE,6,SAFE : Arrêt au feu rouge
18.80,79.9,0.0,SAFE,6,SAFE : Arrêt au feu rouge
18.85,79.9,0.0,SAFE,6,SAFE : Arrêt au feu rouge
18.90,79.9,0.0,SAFE,6,SAFE : Arrêt au feu rouge
18.95,79.9,0.0,SAFE,6,SAFE : Arrêt au feu rouge
19.00,79.9,0.0,SAFE,6,SAFE : Arrêt au feu rouge
19.05,79.9,0.0,SAFE,6,SAFE : Arrêt au feu rouge
19.10,79.9,0.0,SAFE,6,SAFE : Arrêt au feu rouge
19.15,79.9,0.0,SAFE,6,SAFE : Arrêt au feu rouge
19.20,79.9,0.0,SAFE,6,SAFE : Arrêt au feu rouge
19.25,79.9,0.0,SAFE,6,SAFE : Arrêt au feu rouge
19.30,79.9,0.0,SAFE,6,SAFE : Arrêt au feu rouge
19.35,79.9,0.0,SAFE,6,SAFE : Arrêt au feu rouge
19.40,79.9,0.0,SAFE,6,SAFE : Arrêt au feu rouge
19.45,79.9,0.0,SAFE,6,SAFE : Arrêt au feu rouge
19.50,79.9,0.0,SAFE,6,SAFE : Arrêt au feu rouge
19.55,79.9,0.0,SAFE,6,SAFE : Arrêt au feu rouge
19.60,79.9,0.0,SAFE,6,SAFE : Arrêt au feu rouge
19.65,79.9,0.0,SAFE,6,SAFE : Arrêt au feu rouge
19.70,79.9,0.0,SAFE,7,SAFE : Arrêt au feu rouge
19.75,79.9,0.0,SAFE,7,SAFE : Arrêt au feu rouge
19.80,79.9,0.0,SAFE,7,SAFE : Arrêt au feu rouge
19.85,79.9,0.0,SAFE,7,SAFE : Arrêt au feu rouge
19.90,79.9,0.0,SAFE,7,SAFE : Arrêt au feu rouge
19.95,79.9,0.0,SAFE,7,SAFE : Arrêt au feu rouge
20.00,79.9,0.0,SAFE,7,SAFE : Arrêt au feu rouge
20.05,79.9,0.0,SAFE,7,SAFE : Arrêt au feu rouge
20.10,79.9,0.0,SAFE,7,SAFE : Arrêt au feu rouge
20.15,79.9,0.0,SAFE,7,SAFE : Arrêt au feu rouge
20.20,79.9,0.0,SAFE,7,SAFE : Arrêt au feu rouge
20.25,79.9,0.0,SAFE,7,SAFE : Arrêt au feu rouge
20.30,79.9,0.0,SAFE,7,SAFE : Arrêt au feu rouge
20.35,79.9,0.0,SAFE,7,SAFE : Arrêt au feu rouge
20.40,79.9,0.0,SAFE,7,SAFE : Arrêt au feu rouge
20.45,79.9,0.0,SAFE,7,SAFE : Arrêt au feu rouge
20.50,79.9,0.0,SAFE,7,SAFE : Arrêt au feu rouge
20.55,79.9,0.0,SAFE,7,SAFE : Arrêt au feu rouge
20.60,79.9,0.0,SAFE,7,SAFE : Arrêt au feu rouge
20.65,79.9,0.0,SAFE,7,SAFE : Arrêt au feu rouge
20.70,79.9,0.0,SAFE,7,SAFE : Arrêt au feu rouge
20.75,79.9,0.0,SAFE,7,SAFE : Arrêt au feu rouge
20.80,79.9,0.0,SAFE,7,SAFE : Arrêt au feu rouge
20.85,79.9,0.0,SAFE,7,SAFE : Arrêt au feu rouge
20.90,79.9,0.0,SAFE,7,SAFE : Arrêt au feu rouge
20.95,79.9,0.0,SAFE,7,SAFE : Arrêt au feu rouge
21.00,79.9,0.0,SAFE,7,SAFE : Arrêt au feu rouge
21.05,79.9,0.0,SAFE,7,SAFE : Arrêt au feu rouge
21.10,79.9,0.0,SAFE,7,SAFE : Arrêt au feu rouge
21.15,79.9,0.0,SAFE,7,SAFE : Arrêt au feu rouge
21.20,79.9,0.0,SAFE,7,SAFE : Arrêt au feu rouge
21.25,79.9,0.0,SAFE,7,SAFE : Arrêt au feu rouge
21.30,79.9,0.0,SAFE,7,SAFE : Arrêt au feu rouge
21.35,79.9,0.0,SAFE,7,SAFE : Arrêt au feu rouge
21.40,79.9,0.0,SAFE,7,SAFE : Arrêt au feu rouge
21.45,79.9,0.0,SAFE,7,SAFE : Arrêt au feu rouge
21.50,79.9,0.0,SAFE,7,SAFE : Arrêt au feu rouge
21.55,79.9,0.0,SAFE,7,SAFE : Arrêt au feu rouge
21.60,79.9,0.0,SAFE,7,SAFE : Arrêt au feu rouge
21.65,79.9,0.0,SAFE,8,SAFE : Arrêt au feu rouge
21.70,79.9,0.0,SAFE,8,SAFE : Arrêt au feu rouge
21.75,79.9,0.0,SAFE,8,SAFE : Arrêt au feu rouge
21.80,79.9,0.0,SAFE,8,SAFE : Arrêt au feu rouge
21.85,79.9,0.0,SAFE,8,SAFE : Arrêt au feu rouge
21.90,79.9,0.0,SAFE,8,SAFE : Arrêt au feu rouge
21.95,79.9,0.0,SAFE,8,SAFE : Arrêt au feu rouge
22.00,79.9,0.0,SAFE,8,SAFE : Arrêt au feu rouge
22.05,79.9,0.0,SAFE,8,SAFE : Arrêt au feu rouge
22.10,79.9,0.0,SAFE,8,SAFE : Arrêt au feu rouge
22.15,79.9,0.0,SAFE,8,SAFE : Arrêt au feu rouge
22.20,79.9,0.0,SAFE,8,SAFE : Arrêt au feu rouge
22.25,79.9,0.0,SAFE,8,SAFE : Arrêt au feu rouge
22.30,79.9,0.0,SAFE,8,SAFE : Arrêt au feu rouge
22.35,79.9,0.0,SAFE,8,SAFE : Arrêt au feu rouge
22.40,79.9,0.0,SAFE,7,SAFE : Arrêt au feu rouge
22.45,79.9,0.0,SAFE,7,SAFE : Arrêt au feu rouge
22.50,79.9,0.0,SAFE,7,SAFE : Arrêt au feu rouge
22.55,79.9,0.0,SAFE,7,SAFE : Arrêt au feu rouge
22.60,79.9,0.0,SAFE,7,SAFE : Arrêt au feu rouge
22.65,79.9,0.0,SAFE,6,SAFE : Arrêt au feu rouge
22.70,79.9,0.0,SAFE,6,SAFE : Arrêt au feu rouge
22.75,79.9,0.0,SAFE,6,SAFE : Arrêt au feu rouge
22.80,79.9,0.0,SAFE,6,SAFE : Arrêt au feu rouge
22.85,79.9,0.0,SAFE,6,SAFE : Arrêt au feu rouge
22.90,79.9,0.0,SAFE,6,SAFE : Arrêt au feu rouge
22.95,79.9,0.0,SAFE,6,SAFE : Arrêt au feu rouge
23.00,79.9,0.0,SAFE,6,SAFE : Arrêt au feu rouge
23.05,79.9,0.0,SAFE,6,SAFE : Arrêt au feu rouge
23.10,79.9,0.0,SAFE,6,SAFE : Arrêt au feu rouge
23.15,79.9,0.0,SAFE,6,SAFE : Arrêt au feu rouge
23.20,79.9,0.0,SAFE,6,SAFE : Arrêt au feu rouge
23.25,79.9,0.0,SAFE,6,SAFE : Arrêt au feu rouge
23.30,79.9,0.0,SAFE,6,SAFE : Arrêt au feu rouge
23.35,79.9,0.0,SAFE,6,SAFE : Arrêt au feu rouge
23.40,79.9,0.0,SAFE,6,SAFE : Arrêt au feu rouge
23.45,79.9,0.0,SAFE,6,SAFE : Arrêt au feu rouge
23.50,79.9,0.0,SAFE,6,SAFE : Arrêt au feu rouge
23.55,79.9,0.0,SAFE,6,SAFE : Arrêt au feu rouge
23.60,79.9,0.0,SAFE,6,SAFE : Arrêt au feu rouge
23.65,79.9,0.0,SAFE,6,SAFE : Arrêt au feu rouge
23.70,79.9,0.0,SAFE,6,SAFE : Arrêt au feu rouge
23.75,79.9,0.0,SAFE,6,SAFE : Arrêt au feu rouge
23.80,79.9,0.0,SAFE,6,SAFE : Arrêt au feu rouge
23.85,79.9,0.0,SAFE,6,SAFE : Arrêt au feu rouge
23.90,79.9,0.0,SAFE,6,SAFE : Arrêt au feu rouge
23.95,79.9,0.0,SAFE,6,SAFE : Arrêt au feu rouge
24.00,79.9,0.0,SAFE,6,SAFE : Arrêt au feu rouge
24.05,79.9,0.0,SAFE,6,SAFE : Arrêt au feu rouge
24.10,79.9,0.0,SAFE,6,SAFE : Arrêt au feu rouge
24.15,79.9,0.0,SAFE,6,SAFE : Arrêt au feu rouge
24.20,79.9,0.0,SAFE,6,SAFE : Arrêt au feu rouge
24.25,79.9,0.0,SAFE,6,SAFE : Arrêt au feu rouge
24.30,79.9,0.0,SAFE,6,SAFE : Arrêt au feu rouge
24.35,79.9,0.0,SAFE,6,SAFE : Arrêt au feu rouge
24.40,79.9,0.0,SAFE,6,SAFE : Arrêt au feu rouge
24.45,79.9,0.0,SAFE,6,SAFE : Arrêt au feu rouge
24.50,79.9,0.0,SAFE,6,SAFE : Arrêt au feu rouge
24.55,79.9,0.0,SAFE,6,SAFE : Arrêt au feu rouge
24.60,79.9,0.0,SAFE,6,SAFE : Arrêt au feu rouge
24.65,79.9,0.0,SAFE,6,SAFE : Arrêt au feu rouge
24.70,79.9,0.0,SAFE,6,SAFE : Arrêt au feu rouge
24.75,79.9,0.0,SAFE,6,SAFE : Arrêt au feu rouge
24.80,79.9,0.0,SAFE,6,SAFE : Arrêt au feu rouge
24.85,79.9,0.0,SAFE,6,SAFE : Arrêt au feu rouge
24.90,79.9,0.0,SAFE,6,SAFE : Arrêt au feu rouge
24.95,79.9,0.0,SAFE,6,SAFE : Arrêt au feu rouge
25.00,79.9,0.0,SAFE,6,SAFE : Arrêt au feu rouge
25.05,79.9,0.0,SAFE,6,SAFE : Arrêt au feu rouge
25.10,79.9,0.0,SAFE,6,SAFE : Arrêt au feu rouge
25.15,79.9,0.0,SAFE,6,SAFE : Arrêt au feu rouge
25.20,79.9,0.0,SAFE,6,SAFE : Arrêt au feu rouge
25.25,79.9,0.0,SAFE,6,SAFE : Arrêt au feu rouge
25.30,79.9,0.0,SAFE,6,SAFE : Arrêt au feu rouge
25.35,79.9,0.0,SAFE,6,SAFE : Arrêt au feu rouge
25.40,79.9,0.0,SAFE,6,SAFE : Arrêt au feu rouge
25.45,79.9,0.0,SAFE,6,SAFE : Arrêt au feu rouge
25.50,79.9,0.0,SAFE,6,SAFE : Arrêt au feu rouge
25.55,79.9,0.0,SAFE,6,SAFE : Arrêt au feu rouge
25.60,79.9,0.0,SAFE,6,SAFE : Arrêt au feu rouge
25.65,79.9,0.0,SAFE,6,SAFE : Arrêt au feu rouge
25.70,79.9,0.0,SAFE,6,SAFE : Arrêt au feu rouge
25.75,79.9,0.0,SAFE,6,SAFE : Arrêt au feu rouge
25.80,79.9,0.0,SAFE,6,SAFE : Arrêt au feu rouge
25.85,79.9,0.0,SAFE,6,SAFE : Arrêt au feu rouge
25.90,79.9,0.0,SAFE,6,SAFE : Arrêt au feu rouge
25.95,79.9,0.0,SAFE,6,SAFE : Arrêt au feu rouge
26.00,79.9,0.0,SAFE,6,SAFE : Arrêt au feu rouge
26.05,79.9,0.0,SAFE,6,SAFE : Arrêt au feu rouge
26.10,79.9,0.0,SAFE,6,SAFE : Arrêt au feu rouge
26.15,79.9,0.0,SAFE,6,SAFE : Arrêt au feu rouge
26.20,79.9,0.0,SAFE,6,SAFE : Arrêt au feu rouge
26.25,79.9,0.0,SAFE,6,SAFE : Arrêt au feu rouge
26.30,79.9,0.0,SAFE,6,SAFE : Arrêt au feu rouge
26.35,79.9,0.0,SAFE,6,SAFE : Arrêt au feu rouge
26.40,79.9,0.0,SAFE,6,SAFE : Arrêt au feu rouge
26.45,79.9,0.0,SAFE,6,SAFE : Arrêt au feu rouge
26.50,79.9,0.0,SAFE,6,SAFE : Arrêt au feu rouge
26.55,79.9,0.0,SAFE,6,SAFE : Arrêt au feu rouge
26.60,79.9,0.0,SAFE,6,SAFE : Arrêt au feu rouge
26.65,79.9,0.0,SAFE,6,SAFE : Arrêt au feu rouge
26.70,79.9,0.0,SAFE,6,SAFE : Arrêt au feu rouge
26.75,79.9,0.0,SAFE,6,SAFE : Arrêt au feu rouge
26.80,79.9,0.0,SAFE,6,SAFE : Arrêt au feu rouge
26.85,79.9,0.0,SAFE,6,SAFE : Arrêt au feu rouge
26.90,79.9,0.0,SAFE,6,SAFE : Arrêt au feu rouge
26.95,79.9,0.0,SAFE,6,SAFE : Arrêt au feu rouge
27.00,79.9,0.0,SAFE,6,SAFE : Arrêt au feu rouge
27.05,79.9,0.0,SAFE,6,SAFE : Arrêt au feu rouge
27.10,79.9,0.0,SAFE,6,SAFE : Arrêt au feu rouge
27.15,79.9,0.0,SAFE,6,SAFE : Arrêt au feu rouge
27.20,79.9,0.0,SAFE,6,SAFE : Arrêt au feu rouge
27.25,79.9,0.0,SAFE,6,SAFE : Arrêt au feu rouge
27.30,79.9,0.0,SAFE,6,SAFE : Arrêt au feu rouge
27.35,79.9,0.0,SAFE,6,SAFE : Arrêt au feu rouge
27.40,79.9,0.0,SAFE,5,SAFE : Arrêt au feu rouge
27.45,79.9,0.0,SAFE,5,SAFE : Arrêt au feu rouge
27.50,79.9,0.0,SAFE,5,SAFE : Arrêt au feu rouge
27.55,79.9,0.0,SAFE,5,SAFE : Arrêt au feu rouge
27.60,79.9,0.0,SAFE,5,SAFE : Arrêt au feu rouge
27.65,79.9,0.0,SAFE,5,SAFE : Arrêt au feu rouge
27.70,79.9,0.0,SAFE,5,SAFE : Arrêt au feu rouge
27.75,79.9,0.0,SAFE,5,SAFE : Arrêt au feu rouge
27.80,79.9,0.0,SAFE,5,SAFE : Arrêt au feu rouge
27.85,79.9,0.0,SAFE,5,SAFE : Arrêt au feu rouge
27.90,79.9,0.0,SAFE,5,SAFE : Arrêt au feu rouge
27.95,79.9,0.0,SAFE,5,SAFE : Arrêt au feu rouge
28.00,79.9,0.0,SAFE,5,SAFE : Arrêt au feu rouge
28.05,79.9,0.0,SAFE,5,SAFE : Arrêt au feu rouge
28.10,79.9,0.0,SAFE,5,SAFE : Arrêt au feu rouge
28.15,79.9,0.0,SAFE,5,SAFE : Arrêt au feu rouge
28.20,79.9,0.0,SAFE,5,SAFE : Arrêt au feu rouge
28.25,79.9,0.0,SAFE,5,SAFE : Arrêt au feu rouge
28.30,79.9,0.0,SAFE,5,SAFE : Arrêt au feu rouge
28.35,79.9,0.0,SAFE,5,SAFE : Arrêt au feu rouge
28.40,79.9,0.0,SAFE,5,SAFE : Arrêt au feu rouge
28.45,79.9,0.0,SAFE,5,SAFE : Arrêt au feu rouge
28.50,79.9,0.0,SAFE,5,SAFE : Arrêt au feu rouge
28.55,79.9,0.0,SAFE,5,SAFE : Arrêt au feu rouge
28.60,79.9,0.0,SAFE,5,SAFE : Arrêt au feu rouge
28.65,79.9,0.0,SAFE,5,SAFE : Arrêt au feu rouge
28.70,79.9,0.0,SAFE,5,SAFE : Arrêt au feu rouge
28.75,79.9,0.0,SAFE,5,SAFE : Arrêt au feu rouge
28.80,79.9,0.0,SAFE,5,SAFE : Arrêt au feu rouge
28.85,79.9,0.0,SAFE,5,SAFE : Arrêt au feu rouge
28.90,79.9,0.0,SAFE,5,SAFE : Arrêt au feu rouge
28.95,79.9,0.0,SAFE,5,SAFE : Arrêt au feu rouge
29.00,79.9,0.0,SAFE,5,SAFE : Arrêt au feu rouge
29.05,79.9,0.0,SAFE,5,SAFE : Arrêt au feu rouge
29.10,79.9,0.0,SAFE,5,SAFE : Arrêt au feu rouge
29.15,79.9,0.0,SAFE,5,SAFE : Arrêt au feu rouge
29.20,79.9,0.0,SAFE,5,SAFE : Arrêt au feu rouge
29.25,79.9,0.0,SAFE,5,SAFE : Arrêt au feu rouge
29.30,79.9,0.0,SAFE,5,SAFE : Arrêt au feu rouge
29.35,79.9,0.0,SAFE,5,SAFE : Arrêt au feu rouge
29.40,79.9,0.0,SAFE,5,SAFE : Arrêt au feu rouge
29.45,79.9,0.0,SAFE,5,SAFE : Arrêt au feu rouge
29.50,79.9,0.0,SAFE,5,SAFE : Arrêt au feu rouge
29.55,79.9,0.0,SAFE,5,SAFE : Arrêt au feu rouge
29.60,79.9,0.0,SAFE,5,SAFE : Arrêt au feu rouge
29.65,79.9,0.0,SAFE,5,SAFE : Arrêt au feu rouge
29.70,79.9,0.0,SAFE,5,SAFE : Arrêt au feu rouge
29.75,79.9,0.0,SAFE,5,SAFE : Arrêt au feu rouge
29.80,79.9,0.0,SAFE,5,SAFE : Arrêt au feu rouge
29.85,79.9,0.0,SAFE,5,SAFE : Arrêt au feu rouge
29.90,79.9,0.0,SAFE,5,SAFE : Arrêt au feu rouge
29.95,79.9,0.0,SAFE,5,SAFE : Arrêt au feu rouge
30.00,79.9,0.0,SAFE,5,SAFE : Arrêt au feu rouge
30.05,79.9,0.0,SAFE,5,SAFE : Arrêt au feu rouge
30.10,79.9,0.0,SAFE,5,SAFE : Arrêt au feu rouge
30.15,79.9,0.0,SAFE,5,SAFE : Arrêt au feu rouge
30.20,79.9,0.0,SAFE,5,SAFE : Arrêt au feu rouge
30.25,79.9,0.0,SAFE,5,SAFE : Arrêt au feu rouge
30.30,79.9,0.0,SAFE,5,SAFE : Arrêt au feu rouge
30.35,79.9,0.0,SAFE,5,SAFE : Arrêt au feu rouge
30.40,79.9,0.0,SAFE,5,SAFE : Arrêt au feu rouge
30.45,79.9,0.0,SAFE,5,SAFE : Arrêt au feu rouge
30.50,79.9,0.0,SAFE,5,SAFE : Arrêt au feu rouge
30.55,79.9,0.0,SAFE,5,SAFE : Arrêt au feu rouge
30.60,79.9,0.0,SAFE,5,SAFE : Arrêt au feu rouge
30.65,79.9,0.0,SAFE,5,SAFE : Arrêt au feu rouge
30.70,79.9,0.0,SAFE,5,SAFE : Arrêt au feu rouge
30.75,79.9,0.0,SAFE,5,SAFE : Arrêt au feu rouge
30.80,79.9,0.0,SAFE,5,SAFE : Arrêt au feu rouge
30.85,79.9,0.0,SAFE,5,SAFE : Arrêt au feu rouge
30.90,79.9,0.0,SAFE,5,SAFE : Arrêt au feu rouge
30.95,79.9,0.0,SAFE,5,SAFE : Arrêt au feu rouge
31.00,79.9,0.0,SAFE,5,SAFE : Arrêt au feu rouge
31.05,79.9,0.0,SAFE,5,SAFE : Arrêt au feu rouge
31.10,79.9,0.0,SAFE,5,SAFE : Arrêt au feu rouge
31.15,79.9,0.0,SAFE,5,SAFE : Arrêt au feu rouge
31.20,79.9,0.0,SAFE,5,SAFE : Arrêt au feu rouge
31.25,79.9,0.0,SAFE,5,SAFE : Arrêt au feu rouge
31.30,79.9,0.0,SAFE,5,SAFE : Arrêt au feu rouge
31.35,79.9,0.0,SAFE,5,SAFE : Arrêt au feu rouge
31.40,79.9,0.0,SAFE,5,SAFE : Arrêt au feu rouge
31.45,79.9,0.0,SAFE,5,SAFE : Arrêt au feu rouge
31.50,79.9,0.0,SAFE,5,SAFE : Arrêt au feu rouge
31.55,79.9,0.0,SAFE,5,SAFE : Arrêt au feu rouge
31.60,79.9,0.0,SAFE,5,SAFE : Arrêt au feu rouge
31.65,79.9,0.0,SAFE,5,SAFE : Arrêt au feu rouge
31.70,79.9,0.0,SAFE,5,SAFE : Arrêt au feu rouge
31.75,79.9,0.0,SAFE,5,SAFE : Arrêt au feu rouge
31.80,79.9,0.0,SAFE,5,SAFE : Arrêt au feu rouge
31.85,79.9,0.0,SAFE,5,SAFE : Arrêt au feu rouge
31.90,79.9,0.0,SAFE,5,SAFE : Arrêt au feu rouge
31.95,79.9,0.0,SAFE,5,SAFE : Arrêt au feu rouge
32.00,79.9,0.0,SAFE,5,SAFE : Arrêt au feu rouge
32.05,79.9,0.0,SAFE,5,SAFE : Arrêt au feu rouge
32.10,79.9,0.0,SAFE,5,SAFE : Arrêt au feu rouge
32.15,79.9,0.0,SAFE,5,SAFE : Arrêt au feu rouge
32.20,79.9,0.0,SAFE,5,SAFE : Arrêt au feu rouge
32.25,79.9,0.0,SAFE,5,SAFE : Arrêt au feu rouge
32.30,79.9,0.0,SAFE,5,SAFE : Arrêt au feu rouge
32.35,79.9,0.0,SAFE,5,SAFE : Arrêt au feu rouge
32.40,79.9,0.0,SAFE,5,SAFE : Arrêt au feu rouge
32.45,79.9,0.0,SAFE,5,SAFE : Arrêt au feu rouge
32.50,79.9,0.0,SAFE,5,SAFE : Arrêt au feu rouge
32.55,79.9,0.0,SAFE,5,SAFE : Arrêt au feu rouge
32.60,79.9,0.0,SAFE,5,SAFE : Arrêt au feu rouge
32.65,79.9,0.0,SAFE,5,SAFE : Arrêt au feu rouge
32.70,79.9,0.0,SAFE,5,SAFE : Arrêt au feu rouge
32.75,79.9,0.0,SAFE,5,SAFE : Arrêt au feu rouge
32.80,79.9,0.0,SAFE,5,SAFE : Arrêt au feu rouge
32.85,79.9,0.0,SAFE,5,SAFE : Arrêt au feu rouge
32.90,79.9,0.0,SAFE,5,SAFE : Arrêt au feu rouge
32.95,79.9,0.0,SAFE,5,SAFE : Arrêt au feu rouge
33.00,79.9,0.0,SAFE,5,SAFE : Arrêt au feu rouge
33.05,79.9,0.0,SAFE,5,SAFE : Arrêt au feu rouge
33.10,79.9,0.0,SAFE,5,SAFE : Arrêt au feu rouge
33.15,79.9,0.0,SAFE,5,SAFE : Arrêt au feu rouge
33.20,79.9,0.0,SAFE,5,SAFE : Arrêt au feu rouge
33.25,79.9,0.0,SAFE,5,SAFE : Arrêt au feu rouge
33.30,79.9,0.0,SAFE,5,SAFE : Arrêt au feu rouge
33.35,79.9,0.0,SAFE,5,SAFE : Arrêt au feu rouge
33.40,79.9,0.0,SAFE,5,SAFE : Arrêt au feu rouge
33.45,79.9,0.0,SAFE,5,SAFE : Arrêt au feu rouge
33.50,79.9,0.0,SAFE,5,SAFE : Arrêt au feu rouge
33.55,79.9,0.0,SAFE,5,SAFE : Arrêt au feu rouge
33.60,79.9,0.0,SAFE,5,SAFE : Arrêt au feu rouge
33.65,79.9,0.0,SAFE,5,SAFE : Arrêt au feu rouge
33.70,79.9,0.0,SAFE,5,SAFE : Arrêt au feu rouge
33.75,79.9,0.0,SAFE,5,SAFE : Arrêt au feu rouge
33.80,79.9,0.0,SAFE,5,SAFE : Arrêt au feu rouge
33.85,79.9,0.0,SAFE,5,SAFE : Arrêt au feu rouge
33.90,79.9,0.0,SAFE,5,SAFE : Arrêt au feu rouge
33.95,79.9,0.0,SAFE,5,SAFE : Arrêt au feu rouge
34.00,79.9,0.0,SAFE,5,SAFE : Arrêt au feu rouge
34.05,79.9,0.0,SAFE,5,SAFE : Arrêt au feu rouge
34.10,79.9,0.0,SAFE,5,SAFE : Arrêt au feu rouge
34.15,79.9,0.0,SAFE,5,SAFE : Arrêt au feu rouge
34.20,79.9,0.0,SAFE,5,SAFE : Arrêt au feu rouge
34.25,79.9,0.0,SAFE,5,SAFE : Arrêt au feu rouge
34.30,79.9,0.0,SAFE,5,SAFE : Arrêt au feu rouge
34.35,79.9,0.0,SAFE,5,SAFE : Arrêt au feu rouge
34.40,79.9,0.0,SAFE,5,SAFE : Arrêt au feu rouge
34.45,79.9,0.0,SAFE,5,SAFE : Arrêt au feu rouge
34.50,79.9,0.0,SAFE,5,SAFE : Arrêt au feu rouge
34.55,79.9,0.0,SAFE,5,SAFE : Arrêt au feu rouge
34.60,79.9,0.0,SAFE,5,SAFE : Arrêt au feu rouge
34.65,79.9,0.0,SAFE,5,SAFE : Arrêt au feu rouge
34.70,79.9,0.0,SAFE,5,SAFE : Arrêt au feu rouge
34.75,79.9,0.0,SAFE,5,SAFE : Arrêt au feu rouge
34.80,79.9,0.0,SAFE,5,SAFE : Arrêt au feu rouge
34.85,79.9,0.0,SAFE,5,SAFE : Arrêt au feu rouge
34.90,79.9,0.0,SAFE,5,SAFE : Arrêt au feu rouge
34.95,79.9,0.0,SAFE,5,SAFE : Arrêt au feu rouge
35.00,79.9,0.0,SAFE,5,SAFE : Arrêt au feu rouge
35.05,79.9,0.0,SAFE,5,SAFE : Arrêt au feu rouge
35.10,79.9,0.0,SAFE,5,SAFE : Arrêt au feu rouge
35.15,79.9,0.0,SAFE,5,SAFE : Arrêt au feu rouge
35.20,79.9,0.0,SAFE,5,SAFE : Arrêt au feu rouge
35.25,79.9,0.0,SAFE,5,SAFE : Arrêt au feu rouge
35.30,79.9,0.0,SAFE,5,SAFE : Arrêt au feu rouge
35.35,79.9,0.0,SAFE,5,SAFE : Arrêt au feu rouge
35.40,79.9,0.0,SAFE,5,SAFE : Arrêt au feu rouge
35.45,79.9,0.0,SAFE,5,SAFE : Arrêt au feu rouge
35.50,79.9,0.0,SAFE,5,SAFE : Arrêt au feu rouge
35.55,79.9,0.0,SAFE,5,SAFE : Arrêt au feu rouge
35.60,79.9,0.0,SAFE,5,SAFE : Arrêt au feu rouge
35.65,79.9,0.0,SAFE,5,SAFE : Arrêt au feu rouge
35.70,79.9,0.0,SAFE,5,SAFE : Arrêt au feu rouge
35.75,79.9,0.0,SAFE,5,SAFE : Arrêt au feu rouge
35.80,79.9,0.0,SAFE,5,SAFE : Arrêt au feu rouge
35.85,79.9,0.0,SAFE,5,SAFE : Arrêt au feu rouge
35.90,79.9,0.0,SAFE,5,SAFE : Arrêt au feu rouge
35.95,79.9,0.0,SAFE,5,SAFE : Arrêt au feu rouge
36.00,79.9,0.0,SAFE,5,SAFE : Arrêt au feu rouge
36.05,79.9,0.0,SAFE,5,SAFE : Arrêt au feu rouge
36.10,79.9,0.0,SAFE,5,SAFE : Arrêt au feu rouge
36.15,79.9,0.0,SAFE,5,SAFE : Arrêt au feu rouge
36.20,79.9,0.0,SAFE,5,SAFE : Arrêt au feu rouge
36.25,79.9,0.0,SAFE,5,SAFE : Arrêt au feu rouge
36.30,79.9,0.0,SAFE,5,SAFE : Arrêt au feu rouge
36.35,79.9,0.0,SAFE,5,SAFE : Arrêt au feu rouge
36.40,79.9,0.0,SAFE,5,SAFE : Arrêt au feu rouge
36.45,79.9,0.0,SAFE,5,SAFE : Arrêt au feu rouge
36.50,79.9,0.0,SAFE,5,SAFE : Arrêt au feu rouge
36.55,79.9,0.0,SAFE,5,SAFE : Arrêt au feu rouge
36.60,79.9,0.0,SAFE,5,SAFE : Arrêt au feu rouge
36.65,79.9,0.0,SAFE,5,SAFE : Arrêt au feu rouge
36.70,79.9,0.0,SAFE,5,SAFE : Arrêt au feu rouge
36.75,79.9,0.0,SAFE,5,SAFE : Arrêt au feu rouge
36.80,79.9,0.0,SAFE,5,SAFE : Arrêt au feu rouge
36.85,79.9,0.0,SAFE,5,SAFE : Arrêt au feu rouge
36.90,79.9,0.0,SAFE,5,SAFE : Arrêt au feu rouge
36.95,79.9,0.0,SAFE,5,SAFE : Arrêt au feu rouge
37.00,79.9,0.0,SAFE,5,SAFE : Arrêt au feu rouge
37.05,79.9,0.0,SAFE,5,SAFE : Arrêt au feu rouge
37.10,79.9,0.0,SAFE,5,SAFE : Arrêt au feu rouge
37.15,79.9,0.0,SAFE,5,SAFE : Arrêt au feu rouge
37.20,79.9,0.0,SAFE,5,SAFE : Arrêt au feu rouge
37.25,79.9,0.0,SAFE,5,SAFE : Arrêt au feu rouge
37.30,79.9,0.0,SAFE,5,SAFE : Arrêt au feu rouge
37.35,79.9,0.0,SAFE,5,SAFE : Arrêt au feu rouge
37.40,79.9,0.0,SAFE,5,SAFE : Arrêt au feu rouge
37.45,79.9,0.0,SAFE,5,SAFE : Arrêt au feu rouge
37.50,79.9,0.0,SAFE,5,SAFE : Arrêt au feu rouge
37.55,79.9,0.0,SAFE,5,SAFE : Arrêt au feu rouge
37.60,79.9,0.0,SAFE,5,SAFE : Arrêt au feu rouge
37.65,79.9,0.0,SAFE,5,SAFE : Arrêt au feu rouge
37.70,79.9,0.0,SAFE,5,SAFE : Arrêt au feu rouge
37.75,79.9,0.0,SAFE,5,SAFE : Arrêt au feu rouge
37.80,79.9,0.0,SAFE,5,SAFE : Arrêt au feu rouge
37.85,79.9,0.0,SAFE,5,SAFE : Arrêt au feu rouge
37.90,79.9,0.0,SAFE,5,SAFE : Arrêt au feu rouge
37.95,79.9,0.0,SAFE,5,SAFE : Arrêt au feu rouge
38.00,79.9,0.0,SAFE,5,SAFE : Arrêt au feu rouge
38.05,79.9,0.0,SAFE,5,SAFE : Arrêt au feu rouge
38.10,79.9,0.0,SAFE,5,SAFE : Arrêt au feu rouge
38.15,79.9,0.0,SAFE,4,SAFE : Arrêt au feu rouge
38.20,79.9,0.0,SAFE,4,SAFE : Arrêt au feu rouge
38.25,79.9,0.0,SAFE,4,SAFE : Arrêt au feu rouge
38.30,79.9,0.0,SAFE,4,SAFE : Arrêt au feu rouge
38.35,79.9,0.0,SAFE,4,SAFE : Arrêt au feu rouge
38.40,79.9,0.0,SAFE,4,SAFE : Arrêt au feu rouge
38.45,79.9,0.0,SAFE,4,SAFE : Arrêt au feu rouge
38.50,79.9,0.0,SAFE,4,SAFE : Arrêt au feu rouge
38.55,79.9,0.0,SAFE,4,SAFE : Arrêt au feu rouge
38.60,79.9,0.0,SAFE,4,SAFE : Arrêt au feu rouge
38.65,79.9,0.0,SAFE,4,SAFE : Arrêt au feu rouge
38.70,79.9,0.0,SAFE,4,SAFE : Arrêt au feu rouge
38.75,79.9,0.0,SAFE,4,SAFE : Arrêt au feu rouge
38.80,79.9,0.0,SAFE,4,SAFE : Arrêt au feu rouge
38.85,79.9,0.0,SAFE,4,SAFE : Arrêt au feu rouge
38.90,79.9,0.0,SAFE,4,SAFE : Arrêt au feu rouge
38.95,79.9,0.0,SAFE,4,SAFE : Arrêt au feu rouge
39.00,79.9,0.0,SAFE,4,SAFE : Arrêt au feu rouge
39.05,79.9,0.0,SAFE,4,SAFE : Arrêt au feu rouge
39.10,79.9,0.0,SAFE,4,SAFE : Arrêt au feu rouge
39.15,79.9,0.0,SAFE,4,SAFE : Arrêt au feu rouge
39.20,79.9,0.0,SAFE,4,SAFE : Arrêt au feu rouge
39.25,79.9,0.0,SAFE,4,SAFE : Arrêt au feu rouge
39.30,79.9,0.0,SAFE,4,SAFE : Arrêt au feu rouge
39.35,79.9,0.0,SAFE,4,SAFE : Arrêt au feu rouge
39.40,79.9,0.0,SAFE,4,SAFE : Arrêt au feu rouge
39.45,79.9,0.0,SAFE,4,SAFE : Arrêt au feu rouge
39.50,79.9,0.0,SAFE,4,SAFE : Arrêt au feu rouge
39.55,79.9,0.0,SAFE,4,SAFE : Arrêt au feu rouge
39.60,79.9,0.0,SAFE,4,SAFE : Arrêt au feu rouge
39.65,79.9,0.0,SAFE,4,SAFE : Arrêt au feu rouge
39.70,79.9,0.0,SAFE,5,SAFE : Arrêt au feu rouge
39.75,79.9,0.0,SAFE,5,SAFE : Arrêt au feu rouge
39.80,79.9,0.0,SAFE,5,SAFE : Arrêt au feu rouge
39.85,79.9,0.0,SAFE,5,SAFE : Arrêt au feu rouge
39.90,79.9,0.0,SAFE,5,SAFE : Arrêt au feu rouge
39.95,79.9,0.0,SAFE,5,SAFE : Arrêt au feu rouge
40.00,79.9,0.0,SAFE,5,SAFE : Arrêt au feu rouge
40.05,79.9,0.0,SAFE,5,SAFE : Arrêt au feu rouge
40.10,79.9,0.0,SAFE,5,SAFE : Arrêt au feu rouge
40.15,79.9,0.0,SAFE,5,SAFE : Arrêt au feu rouge
40.20,79.9,0.0,SAFE,5,SAFE : Arrêt au feu rouge
40.25,79.9,0.0,SAFE,5,SAFE : Arrêt au feu rouge
40.30,79.9,0.0,SAFE,5,SAFE : Arrêt au feu rouge
40.35,79.9,0.0,SAFE,5,SAFE : Arrêt au feu rouge
40.40,79.9,0.0,SAFE,5,SAFE : Arrêt au feu rouge
40.45,79.9,0.0,SAFE,5,SAFE : Arrêt au feu rouge
40.50,79.9,0.0,SAFE,5,SAFE : Arrêt au feu rouge
40.55,79.9,0.0,SAFE,5,SAFE : Arrêt au feu rouge
40.60,79.9,0.0,SAFE,5,SAFE : Arrêt au feu rouge
40.65,79.9,0.0,SAFE,5,SAFE : Arrêt au feu rouge
40.70,79.9,0.0,SAFE,5,SAFE : Arrêt au feu rouge
40.75,79.9,0.0,SAFE,5,SAFE : Arrêt au feu rouge
40.80,79.9,0.0,SAFE,5,SAFE : Arrêt au feu rouge
40.85,79.9,0.0,SAFE,5,SAFE : Arrêt au feu rouge
40.90,79.9,0.0,SAFE,5,SAFE : Arrêt au feu rouge
40.95,79.9,0.0,SAFE,5,SAFE : Arrêt au feu rouge
41.00,79.9,0.0,SAFE,5,SAFE : Arrêt au feu rouge
41.05,79.9,0.0,SAFE,5,SAFE : Arrêt au feu rouge
41.10,79.9,0.0,SAFE,5,SAFE : Arrêt au feu rouge
41.15,79.9,0.0,SAFE,5,SAFE : Arrêt au feu rouge
41.20,79.9,0.0,SAFE,5,SAFE : Arrêt au feu rouge
41.25,79.9,0.0,SAFE,5,SAFE : Arrêt au feu rouge
41.30,79.9,0.0,SAFE,5,SAFE : Arrêt au feu rouge
41.35,79.9,0.0,SAFE,5,SAFE : Arrêt au feu rouge
41.40,79.9,0.0,SAFE,5,SAFE : Arrêt au feu rouge
41.45,79.9,0.0,SAFE,5,SAFE : Arrêt au feu rouge
41.50,79.9,0.0,SAFE,5,SAFE : Arrêt au feu rouge
41.55,79.9,0.0,SAFE,5,SAFE : Arrêt au feu rouge
41.60,79.9,0.0,SAFE,5,SAFE : Arrêt au feu rouge
41.65,79.9,0.0,SAFE,5,SAFE : Arrêt au feu rouge
41.70,79.9,0.0,SAFE,5,SAFE : Arrêt au feu rouge
41.75,79.9,0.0,SAFE,5,SAFE : Arrêt au feu rouge
41.80,79.9,0.0,SAFE,5,SAFE : Arrêt au feu rouge
41.85,79.9,0.0,SAFE,5,SAFE : Arrêt au feu rouge
41.90,79.9,0.0,SAFE,5,SAFE : Arrêt au feu rouge
41.95,79.9,0.0,SAFE,5,SAFE : Arrêt au feu rouge
42.00,79.9,0.0,SAFE,5,SAFE : Arrêt au feu rouge
42.05,79.9,0.0,SAFE,5,SAFE : Arrêt au feu rouge
42.10,79.9,0.0,SAFE,5,SAFE : Arrêt au feu rouge
42.15,79.9,0.0,SAFE,5,SAFE : Arrêt au feu rouge
42.20,79.9,0.0,SAFE,5,SAFE : Arrêt au feu rouge
42.25,79.9,0.0,SAFE,5,SAFE : Arrêt au feu rouge
42.30,79.9,0.0,SAFE,5,SAFE : Arrêt au feu rouge
42.35,79.9,0.0,SAFE,5,SAFE : Arrêt au feu rouge
42.40,79.9,0.0,SAFE,5,SAFE : Arrêt au feu rouge
42.45,79.9,0.0,SAFE,5,SAFE : Arrêt au feu rouge
42.50,79.9,0.0,SAFE,5,SAFE : Arrêt au feu rouge
42.55,79.9,0.0,SAFE,5,SAFE : Arrêt au feu rouge
42.60,79.9,0.0,SAFE,5,SAFE : Arrêt au feu rouge
42.65,79.9,0.0,SAFE,5,SAFE : Arrêt au feu rouge
42.70,79.9,0.0,SAFE,5,SAFE : Arrêt au feu rouge
42.75,79.9,0.0,SAFE,5,SAFE : Arrêt au feu rouge
42.80,79.9,0.0,SAFE,5,SAFE : Arrêt au feu rouge
42.85,79.9,0.0,SAFE,5,SAFE : Arrêt au feu rouge
42.90,79.9,0.0,SAFE,5,SAFE : Arrêt au feu rouge
42.95,79.9,0.0,SAFE,5,SAFE : Arrêt au feu rouge
43.00,79.9,0.0,SAFE,4,SAFE : Arrêt au feu rouge
43.05,79.9,0.0,SAFE,4,SAFE : Arrêt au feu rouge
43.10,79.9,0.0,SAFE,4,SAFE : Arrêt au feu rouge
43.15,79.9,0.0,SAFE,4,SAFE : Arrêt au feu rouge
43.20,79.9,0.0,SAFE,4,SAFE : Arrêt au feu rouge
43.25,79.9,0.0,SAFE,4,SAFE : Arrêt au feu rouge
43.30,79.9,0.0,SAFE,4,SAFE : Arrêt au feu rouge
43.35,79.9,0.0,SAFE,4,SAFE : Arrêt au feu rouge
43.40,79.9,0.0,SAFE,4,SAFE : Arrêt au feu rouge
43.45,79.9,0.0,SAFE,4,SAFE : Arrêt au feu rouge
43.50,79.9,0.0,SAFE,4,SAFE : Arrêt au feu rouge
43.55,79.9,0.0,SAFE,4,SAFE : Arrêt au feu rouge
43.60,79.9,0.0,SAFE,4,SAFE : Arrêt au feu rouge
43.65,79.9,0.0,SAFE,4,SAFE : Arrêt au feu rouge
43.70,79.9,0.0,SAFE,4,SAFE : Arrêt au feu rouge
43.75,79.9,0.0,SAFE,4,SAFE : Arrêt au feu rouge
43.80,79.9,0.0,SAFE,4,SAFE : Arrêt au feu rouge
43.85,79.9,0.0,SAFE,4,SAFE : Arrêt au feu rouge
43.90,79.9,0.0,SAFE,4,SAFE : Arrêt au feu rouge
43.95,79.9,0.0,SAFE,4,SAFE : Arrêt au feu rouge
44.00,79.9,0.0,SAFE,4,SAFE : Arrêt au feu rouge
44.05,79.9,0.0,SAFE,4,SAFE : Arrêt au feu rouge
44.10,79.9,0.0,SAFE,4,SAFE : Arrêt au feu rouge
44.15,79.9,0.0,SAFE,4,SAFE : Arrêt au feu rouge
44.20,79.9,0.0,SAFE,4,SAFE : Arrêt au feu rouge
44.25,79.9,0.0,SAFE,4,SAFE : Arrêt au feu rouge
44.30,79.9,0.0,SAFE,4,SAFE : Arrêt au feu rouge
44.35,79.9,0.0,SAFE,4,SAFE : Arrêt au feu rouge
44.40,79.9,0.0,SAFE,4,SAFE : Arrêt au feu rouge
44.45,79.9,0.0,SAFE,4,SAFE : Arrêt au feu rouge
44.50,79.9,0.0,SAFE,4,SAFE : Arrêt au feu rouge
44.55,79.9,0.0,SAFE,4,SAFE : Arrêt au feu rouge
44.60,79.9,0.0,SAFE,4,SAFE : Arrêt au feu rouge
44.65,79.9,0.0,SAFE,4,SAFE : Arrêt au feu rouge
44.70,79.9,0.0,SAFE,4,SAFE : Arrêt au feu rouge
44.75,79.9,0.0,SAFE,4,SAFE : Arrêt au feu rouge
44.80,79.9,0.0,SAFE,4,SAFE : Arrêt au feu rouge
44.85,79.9,0.0,SAFE,4,SAFE : Arrêt au feu rouge
44.90,79.9,0.0,SAFE,4,SAFE : Arrêt au feu rouge
44.95,79.9,0.0,SAFE,4,SAFE : Arrêt au feu rouge
45.00,79.9,0.0,SAFE,4,SAFE : Arrêt au feu rouge
45.05,79.9,0.0,SAFE,4,SAFE : Arrêt au feu rouge
45.10,79.9,0.0,SAFE,4,SAFE : Arrêt au feu rouge
45.15,79.9,0.0,SAFE,4,SAFE : Arrêt au feu rouge
45.20,79.9,0.0,SAFE,4,SAFE : Arrêt au feu rouge
45.25,79.9,0.0,SAFE,4,SAFE : Arrêt au feu rouge
45.30,79.9,0.0,SAFE,4,SAFE : Arrêt au feu rouge
45.35,79.9,0.0,SAFE,4,SAFE : Arrêt au feu rouge
45.40,79.9,0.0,SAFE,4,SAFE : Arrêt au feu rouge
45.45,79.9,0.0,SAFE,4,SAFE : Arrêt au feu rouge
45.50,79.9,0.0,SAFE,4,SAFE : Arrêt au feu rouge
45.55,79.9,0.0,SAFE,4,SAFE : Arrêt au feu rouge
45.60,79.9,0.0,SAFE,4,SAFE : Arrêt au feu rouge
45.65,79.9,0.0,SAFE,4,SAFE : Arrêt au feu rouge
45.70,79.9,0.0,SAFE,4,SAFE : Arrêt au feu rouge
45.75,79.9,0.0,SAFE,4,SAFE : Arrêt au feu rouge
45.80,79.9,0.0,SAFE,4,SAFE : Arrêt au feu rouge
45.85,79.9,0.0,SAFE,4,SAFE : Arrêt au feu rouge
45.90,79.9,0.0,SAFE,4,SAFE : Arrêt au feu rouge
45.95,79.9,0.0,SAFE,4,SAFE : Arrêt au feu rouge
46.00,79.9,0.0,SAFE,4,SAFE : Arrêt au feu rouge
46.05,79.9,0.0,SAFE,4,SAFE : Arrêt au feu rouge
46.10,79.9,0.0,SAFE,4,SAFE : Arrêt au feu rouge
46.15,79.9,0.0,SAFE,4,SAFE : Arrêt au feu rouge
46.20,79.9,0.0,SAFE,4,SAFE : Arrêt au feu rouge
46.25,79.9,0.0,SAFE,4,SAFE : Arrêt au feu rouge
46.30,79.9,0.0,SAFE,4,SAFE : Arrêt au feu rouge
46.35,79.9,0.0,SAFE,4,SAFE : Arrêt au feu rouge
46.40,79.9,0.0,SAFE,4,SAFE : Arrêt au feu rouge
46.45,79.9,0.0,SAFE,4,SAFE : Arrêt au feu rouge
46.50,79.9,0.0,SAFE,4,SAFE : Arrêt au feu rouge
46.55,79.9,0.0,SAFE,4,SAFE : Arrêt au feu rouge
46.60,79.9,0.0,SAFE,4,SAFE : Arrêt au feu rouge
46.65,79.9,0.0,SAFE,4,SAFE : Arrêt au feu rouge
46.70,79.9,0.0,SAFE,4,SAFE : Arrêt au feu rouge
46.75,79.9,0.0,SAFE,4,SAFE : Arrêt au feu rouge
46.80,79.9,0.0,SAFE,4,SAFE : Arrêt au feu rouge
46.85,79.9,0.0,SAFE,4,SAFE : Arrêt au feu rouge
46.90,79.9,0.0,SAFE,4,SAFE : Arrêt au feu rouge
46.95,79.9,0.0,SAFE,4,SAFE : Arrêt au feu rouge
47.00,79.9,0.0,SAFE,4,SAFE : Arrêt au feu rouge
47.05,79.9,0.0,SAFE,4,SAFE : Arrêt au feu rouge
47.10,79.9,0.0,SAFE,4,SAFE : Arrêt au feu rouge
47.15,79.9,0.0,SAFE,4,SAFE : Arrêt au feu rouge
47.20,79.9,0.0,SAFE,4,SAFE : Arrêt au feu rouge
47.25,79.9,0.0,SAFE,4,SAFE : Arrêt au feu rouge
47.30,79.9,0.0,SAFE,4,SAFE : Arrêt au feu rouge
47.35,79.9,0.0,SAFE,4,SAFE : Arrêt au feu rouge
47.40,79.9,0.0,SAFE,4,SAFE : Arrêt au feu rouge
47.45,79.9,0.0,SAFE,4,SAFE : Arrêt au feu rouge
47.50,79.9,0.0,SAFE,4,SAFE : Arrêt au feu rouge
47.55,79.9,0.0,SAFE,4,SAFE : Arrêt au feu rouge
47.60,79.9,0.0,SAFE,4,SAFE : Arrêt au feu rouge
47.65,79.9,0.0,SAFE,4,SAFE : Arrêt au feu rouge
47.70,79.9,0.0,SAFE,4,SAFE : Arrêt au feu rouge
47.75,79.9,0.0,SAFE,4,SAFE : Arrêt au feu rouge
47.80,79.9,0.0,SAFE,4,SAFE : Arrêt au feu rouge
47.85,79.9,0.0,SAFE,4,SAFE : Arrêt au feu rouge
47.90,79.9,0.0,SAFE,4,SAFE : Arrêt au feu rouge
47.95,79.9,0.0,SAFE,4,SAFE : Arrêt au feu rouge
48.00,79.9,0.0,SAFE,4,SAFE : Arrêt au feu rouge
48.05,79.9,0.0,SAFE,4,SAFE : Arrêt au feu rouge
48.10,79.9,0.0,SAFE,4,SAFE : Arrêt au feu rouge
48.15,79.9,0.0,SAFE,3,SAFE : Arrêt au feu rouge
48.20,79.9,0.0,SAFE,3,SAFE : Arrêt au feu rouge
48.25,79.9,0.0,SAFE,3,SAFE : Arrêt au feu rouge
48.30,79.9,0.0,SAFE,3,SAFE : Arrêt au feu rouge
48.35,79.9,0.0,SAFE,3,SAFE : Arrêt au feu rouge
48.40,79.9,0.0,SAFE,3,SAFE : Arrêt au feu rouge
48.45,79.9,0.0,SAFE,3,SAFE : Arrêt au feu rouge
48.50,79.9,0.0,SAFE,3,SAFE : Arrêt au feu rouge
48.55,79.9,0.0,SAFE,3,SAFE : Arrêt au feu rouge
48.60,79.9,0.0,SAFE,3,SAFE : Arrêt au feu rouge
48.65,79.9,0.0,SAFE,3,SAFE : Arrêt au feu rouge
48.70,79.9,0.0,SAFE,3,SAFE : Arrêt au feu rouge
48.75,79.9,0.0,SAFE,3,SAFE : Arrêt au feu rouge
48.80,79.9,0.0,SAFE,3,SAFE : Arrêt au feu rouge
48.85,79.9,0.0,SAFE,3,SAFE : Arrêt au feu rouge
48.90,79.9,0.0,SAFE,2,SAFE : Arrêt au feu rouge
48.95,79.9,0.0,SAFE,2,SAFE : Arrêt au feu rouge
49.00,79.9,0.0,SAFE,2,SAFE : Arrêt au feu rouge
49.05,79.9,0.0,SAFE,2,SAFE : Arrêt au feu rouge
49.10,79.9,0.0,SAFE,2,SAFE : Arrêt au feu rouge
49.15,79.9,0.0,SAFE,2,SAFE : Arrêt au feu rouge
49.20,79.9,0.0,SAFE,2,SAFE : Arrêt au feu rouge
49.25,79.9,0.0,SAFE,2,SAFE : Arrêt au feu rouge
49.30,79.9,0.0,SAFE,2,SAFE : Arrêt au feu rouge
49.35,79.9,0.0,SAFE,2,SAFE : Arrêt au feu rouge
49.40,79.9,0.0,SAFE,2,SAFE : Arrêt au feu rouge
49.45,79.9,0.0,SAFE,2,SAFE : Arrêt au feu rouge
49.50,79.9,0.0,SAFE,2,SAFE : Arrêt au feu rouge
49.55,79.9,0.0,SAFE,2,SAFE : Arrêt au feu rouge
49.60,79.9,0.0,SAFE,2,SAFE : Arrêt au feu rouge
49.65,79.9,0.0,SAFE,2,SAFE : Arrêt au feu rouge
49.70,79.9,0.0,SAFE,2,SAFE : Arrêt au feu rouge
49.75,79.9,0.0,SAFE,2,SAFE : Arrêt au feu rouge
49.80,79.9,0.0,SAFE,2,SAFE : Arrêt au feu rouge
49.85,79.9,0.0,SAFE,2,SAFE : Arrêt au feu rouge
49.90,79.9,0.0,SAFE,2,SAFE : Arrêt au feu rouge
49.95,79.9,0.0,SAFE,2,SAFE : Arrêt au feu rouge
50.00,79.9,0.0,SAFE,2,SAFE : Arrêt au feu rouge
50.05,79.9,0.0,SAFE,2,SAFE : Arrêt au feu rouge
50.10,79.9,0.0,SAFE,2,SAFE : Arrêt au feu rouge
50.15,79.9,0.0,SAFE,2,SAFE : Arrêt au feu rouge
50.20,79.9,0.0,SAFE,2,SAFE : Arrêt au feu rouge
50.25,79.9,0.0,SAFE,2,SAFE : Arrêt au feu rouge
50.30,79.9,0.0,SAFE,1,SAFE : Arrêt au feu rouge
50.35,79.9,0.0,SAFE,1,SAFE : Arrêt au feu rouge
50.40,79.9,0.0,SAFE,1,SAFE : Arrêt au feu rouge
50.45,79.9,0.0,SAFE,1,SAFE : Arrêt au feu rouge
50.50,79.9,0.0,SAFE,1,SAFE : Arrêt au feu rouge
50.55,79.9,0.0,SAFE,1,SAFE : Arrêt au feu rouge
50.60,79.9,0.0,SAFE,1,SAFE : Arrêt au feu rouge
50.65,79.9,0.0,SAFE,1,SAFE : Arrêt au feu rouge
50.70,79.9,0.0,SAFE,1,SAFE : Arrêt au feu rouge
50.75,79.9,0.0,SAFE,1,SAFE : Arrêt au feu rouge
50.80,79.9,0.0,SAFE,1,SAFE : Arrêt au feu rouge
50.85,79.9,0.0,SAFE,1,SAFE : Arrêt au feu rouge
50.90,79.9,0.0,SAFE,1,SAFE : Arrêt au feu rouge
50.95,79.9,0.0,SAFE,1,SAFE : Arrêt au feu rouge
51.00,79.9,0.0,SAFE,1,SAFE : Arrêt au feu rouge
51.05,79.9,0.0,SAFE,0,SAFE : Arrêt au feu rouge
51.10,79.9,0.0,SAFE,0,SAFE : Arrêt au feu rouge
51.15,79.9,0.0,SAFE,0,SAFE : Arrêt au feu rouge
51.20,79.9,0.0,SAFE,0,SAFE : Arrêt au feu rouge
51.25,79.9,0.0,SAFE,0,SAFE : Arrêt au feu rouge
51.30,79.9,0.0,SAFE,0,SAFE : Arrêt au feu rouge
51.35,79.9,0.0,SAFE,0,SAFE : Arrêt au feu rouge
51.40,79.9,0.0,SAFE,0,SAFE : Arrêt au feu rouge
51.45,79.9,0.0,SAFE,0,SAFE : Arrêt au feu rouge
51.50,79.9,0.0,SAFE,0,SAFE : Arrêt au feu rouge
51.55,79.9,0.0,SAFE,0,SAFE : Arrêt au feu rouge
51.60,79.9,0.0,SAFE,0,SAFE : Arrêt au feu rouge
51.65,79.9,0.0,SAFE,0,SAFE : Arrêt au feu rouge
51.70,79.9,0.0,SAFE,0,SAFE : Arrêt au feu rouge
51.75,79.9,0.0,SAFE,0,SAFE : Arrêt au feu rouge
51.80,79.9,0.0,SAFE,0,SAFE : Arrêt au feu rouge
51.85,79.9,0.0,SAFE,0,SAFE : Arrêt au feu rouge
51.90,79.9,0.0,SAFE,0,SAFE : Arrêt au feu rouge
51.95,79.9,0.0,SAFE,0,SAFE : Arrêt au feu rouge
52.00,79.9,0.0,SAFE,0,SAFE : Arrêt au feu rouge
52.05,79.9,0.0,SAFE,0,SAFE : Arrêt au feu rouge
52.10,79.9,0.0,SAFE,0,SAFE : Arrêt au feu rouge
52.15,79.9,0.0,SAFE,0,SAFE : Arrêt au feu rouge
52.20,79.9,0.0,SAFE,0,SAFE : Arrêt au feu rouge
52.25,79.9,0.0,SAFE,0,SAFE : Arrêt au feu rouge
52.30,79.9,0.0,SAFE,0,SAFE : Arrêt au feu rouge
52.35,79.9,0.0,SAFE,0,SAFE : Arrêt au feu rouge
52.40,79.9,0.0,SAFE,0,SAFE : Arrêt au feu rouge
52.45,79.9,0.0,SAFE,0,SAFE : Arrêt au feu rouge
52.50,79.9,0.0,SAFE,0,SAFE : Arrêt au feu rouge
52.55,79.9,0.0,SAFE,0,SAFE : Arrêt au feu rouge
52.60,79.9,0.0,SAFE,0,SAFE : Arrêt au feu rouge
52.65,79.9,0.0,SAFE,0,SAFE : Arrêt au feu rouge
52.70,79.9,0.0,SAFE,0,SAFE : Arrêt au feu rouge
52.75,79.9,0.0,SAFE,0,SAFE : Arrêt au feu rouge
52.80,79.9,0.0,SAFE,0,SAFE : Arrêt au feu rouge
52.85,79.9,0.0,SAFE,0,SAFE : Arrêt au feu rouge
52.90,79.9,0.0,SAFE,0,SAFE : Arrêt au feu rouge
52.95,79.9,0.0,SAFE,0,SAFE : Arrêt au feu rouge
53.00,79.9,0.0,SAFE,0,SAFE : Arrêt au feu rouge
53.05,79.9,0.0,SAFE,0,SAFE : Arrêt au feu rouge
53.10,79.9,0.0,SAFE,0,SAFE : Arrêt au feu rouge
53.15,79.9,0.0,SAFE,0,SAFE : Arrêt au feu rouge
53.20,79.9,0.0,SAFE,0,SAFE : Arrêt au feu rouge
53.25,79.9,0.0,SAFE,0,SAFE : Arrêt au feu rouge
53.30,79.9,0.0,SAFE,0,SAFE : Arrêt au feu rouge
53.35,79.9,0.0,SAFE,0,SAFE : Arrêt au feu rouge
53.40,79.9,0.0,SAFE,0,SAFE : Arrêt au feu rouge
53.45,79.9,0.0,SAFE,0,SAFE : Arrêt au feu rouge
53.50,79.9,0.0,SAFE,0,SAFE : Arrêt au feu rouge
53.55,79.9,0.0,SAFE,0,SAFE : Arrêt au feu rouge
53.60,79.9,0.0,SAFE,0,SAFE : Arrêt au feu rouge
53.65,79.9,0.0,SAFE,0,SAFE : Arrêt au feu rouge
53.70,79.9,0.0,SAFE,0,SAFE : Arrêt au feu rouge
53.75,79.9,0.0,SAFE,0,SAFE : Arrêt au feu rouge
53.80,79.9,0.0,SAFE,0,SAFE : Arrêt au feu rouge
53.85,79.9,0.0,SAFE,0,SAFE : Arrêt au feu rouge
53.90,79.9,0.0,SAFE,0,SAFE : Arrêt au feu rouge
53.95,79.9,0.0,SAFE,0,SAFE : Arrêt au feu rouge
54.00,79.9,0.0,SAFE,0,SAFE : Arrêt au feu rouge
54.05,79.9,0.0,SAFE,0,SAFE : Arrêt au feu rouge
54.10,79.9,0.0,SAFE,0,SAFE : Arrêt au feu rouge
54.15,79.9,0.0,SAFE,0,SAFE : Arrêt au feu rouge
54.20,79.9,0.0,SAFE,0,SAFE : Arrêt au feu rouge
54.25,79.9,0.0,SAFE,0,SAFE : Arrêt au feu rouge
54.30,79.9,0.0,SAFE,0,SAFE : Arrêt au feu rouge
54.35,79.9,0.0,SAFE,0,SAFE : Arrêt au feu rouge
54.40,79.9,0.0,SAFE,0,SAFE : Arrêt au feu rouge
54.45,79.9,0.0,SAFE,0,SAFE : Arrêt au feu rouge
54.50,79.9,0.0,SAFE,0,SAFE : Arrêt au feu rouge
54.55,79.9,0.0,SAFE,0,SAFE : Arrêt au feu rouge
54.60,79.9,0.0,SAFE,0,SAFE : Arrêt au feu rouge
54.65,79.9,0.0,SAFE,0,SAFE : Arrêt au feu rouge
54.70,79.9,0.0,SAFE,0,SAFE : Arrêt au feu rouge
54.75,79.9,0.0,SAFE,0,SAFE : Arrêt au feu rouge
54.80,79.9,0.0,SAFE,0,SAFE : Arrêt au feu rouge
54.85,79.9,0.0,SAFE,0,SAFE : Arrêt au feu rouge
54.90,79.9,0.0,SAFE,0,SAFE : Arrêt au feu rouge
54.95,79.9,0.0,SAFE,0,SAFE : Arrêt au feu rouge
55.00,79.9,0.0,SAFE,0,SAFE : Arrêt au feu rouge
55.05,79.9,0.0,SAFE,0,SAFE : Arrêt au feu rouge
55.10,79.9,0.0,SAFE,0,SAFE : Arrêt au feu rouge
55.15,79.9,0.0,SAFE,0,SAFE : Arrêt au feu rouge
55.20,79.9,0.0,SAFE,0,SAFE : Arrêt au feu rouge
55.25,79.9,0.0,SAFE,0,SAFE : Arrêt au feu rouge
55.30,79.9,0.0,SAFE,0,SAFE : Arrêt au feu rouge
55.35,79.9,0.0,SAFE,0,SAFE : Arrêt au feu rouge
55.40,79.9,0.0,SAFE,0,SAFE : Arrêt au feu rouge
55.45,79.9,0.0,SAFE,0,SAFE : Arrêt au feu rouge
55.50,79.9,0.0,SAFE,0,SAFE : Arrêt au feu rouge
55.55,79.9,0.0,SAFE,0,SAFE : Arrêt au feu rouge
55.60,79.9,0.0,SAFE,0,SAFE : Arrêt au feu rouge
55.65,79.9,0.0,SAFE,0,SAFE : Arrêt au feu rouge
55.70,79.9,0.0,SAFE,0,SAFE : Arrêt au feu rouge
55.75,79.9,0.0,SAFE,0,SAFE : Arrêt au feu rouge
55.80,79.9,0.0,SAFE,0,SAFE : Arrêt au feu rouge
55.85,79.9,0.0,SAFE,0,SAFE : Arrêt au feu rouge
55.90,79.9,0.0,SAFE,0,SAFE : Arrêt au feu rouge
55.95,79.9,0.0,SAFE,0,SAFE : Arrêt au feu rouge
56.00,79.9,0.0,SAFE,0,SAFE : Arrêt au feu rouge
56.05,79.9,0.0,SAFE,0,SAFE : Arrêt au feu rouge
56.10,79.9,0.0,SAFE,0,SAFE : Arrêt au feu rouge
56.15,79.9,0.0,SAFE,0,SAFE : Arrêt au feu rouge
56.20,79.9,0.0,SAFE,0,SAFE : Arrêt au feu rouge
56.25,79.9,0.0,SAFE,0,SAFE : Arrêt au feu rouge
56.30,79.9,0.0,SAFE,0,SAFE : Arrêt au feu rouge
56.35,79.9,0.0,SAFE,0,SAFE : Arrêt au feu rouge
56.40,79.9,0.0,SAFE,0,SAFE : Arrêt au feu rouge
56.45,79.9,0.0,SAFE,0,SAFE : Arrêt au feu rouge
56.50,79.9,0.0,SAFE,0,SAFE : Arrêt au feu rouge
56.55,79.9,0.0,SAFE,0,SAFE : Arrêt au feu rouge
56.60,79.9,0.0,SAFE,0,SAFE : Arrêt au feu rouge
56.65,79.9,0.0,SAFE,0,SAFE : Arrêt au feu rouge
56.70,79.9,0.0,SAFE,0,SAFE : Arrêt au feu rouge
56.75,79.9,0.0,SAFE,0,SAFE : Arrêt au feu rouge
56.80,79.9,0.0,SAFE,0,SAFE : Arrêt au feu rouge
56.85,79.9,0.0,SAFE,0,SAFE : Arrêt au feu rouge
56.90,79.9,0.0,SAFE,0,SAFE : Arrêt au feu rouge
56.95,79.9,0.0,SAFE,0,SAFE : Arrêt au feu rouge
57.00,79.9,0.0,SAFE,0,SAFE : Arrêt au feu rouge
57.05,79.9,0.0,SAFE,0,SAFE : Arrêt au feu rouge
57.10,79.9,0.0,SAFE,0,SAFE : Arrêt au feu rouge
57.15,79.9,0.0,SAFE,0,SAFE : Arrêt au feu rouge
57.20,79.9,0.0,SAFE,0,SAFE : Arrêt au feu rouge
57.25,79.9,0.0,SAFE,0,SAFE : Arrêt au feu rouge
57.30,79.9,0.0,SAFE,0,SAFE : Arrêt au feu rouge
57.35,79.9,0.0,SAFE,0,SAFE : Arrêt au feu rouge
57.40,79.9,0.0,SAFE,0,SAFE : Arrêt au feu rouge
57.45,79.9,0.0,SAFE,0,SAFE : Arrêt au feu rouge
57.50,79.9,0.0,SAFE,0,SAFE : Arrêt au feu rouge
57.55,79.9,0.0,SAFE,0,SAFE : Arrêt au feu rouge
57.60,79.9,0.0,SAFE,0,SAFE : Arrêt au feu rouge
57.65,79.9,0.0,SAFE,0,SAFE : Arrêt au feu rouge
57.70,79.9,0.0,SAFE,0,SAFE : Arrêt au feu rouge
57.75,79.9,0.0,SAFE,0,SAFE : Arrêt au feu rouge
57.80,79.9,0.0,SAFE,0,SAFE : Arrêt au feu rouge
57.85,79.9,0.0,SAFE,0,SAFE : Arrêt au feu rouge
57.90,79.9,0.0,SAFE,0,SAFE : Arrêt au feu rouge
57.95,79.9,0.0,SAFE,0,SAFE : Arrêt au feu rouge
58.00,79.9,0.0,SAFE,0,SAFE : Arrêt au feu rouge
58.05,79.9,0.0,SAFE,0,SAFE : Arrêt au feu rouge
58.10,79.9,0.0,SAFE,0,SAFE : Arrêt au feu rouge
58.15,79.9,0.0,SAFE,0,SAFE : Arrêt au feu rouge
58.20,79.9,0.0,SAFE,0,SAFE : Arrêt au feu rouge
58.25,79.9,0.0,SAFE,0,SAFE : Arrêt au feu rouge
58.30,79.9,0.0,SAFE,0,SAFE : Arrêt au feu rouge
58.35,79.9,0.0,SAFE,0,SAFE : Arrêt au feu rouge
58.40,79.9,0.0,SAFE,0,SAFE : Arrêt au feu rouge
58.45,79.9,0.0,SAFE,0,SAFE : Arrêt au feu rouge
58.50,79.9,0.0,SAFE,0,SAFE : Arrêt au feu rouge
58.55,79.9,0.0,SAFE,0,SAFE : Arrêt au feu rouge
58.60,79.9,0.0,SAFE,0,SAFE : Arrêt au feu rouge
58.65,79.9,0.0,SAFE,0,SAFE : Arrêt au feu rouge
58.70,79.9,0.0,SAFE,0,SAFE : Arrêt au feu rouge
58.75,79.9,0.0,SAFE,0,SAFE : Arrêt au feu rouge
58.80,79.9,0.0,SAFE,0,SAFE : Arrêt au feu rouge
58.85,79.9,0.0,SAFE,0,SAFE : Arrêt au feu rouge
58.90,79.9,0.0,SAFE,0,SAFE : Arrêt au feu rouge
58.95,79.9,0.0,SAFE,0,SAFE : Arrêt au feu rouge
59.00,79.9,0.0,SAFE,0,SAFE : Arrêt au feu rouge
59.05,79.9,0.0,SAFE,0,SAFE : Arrêt au feu rouge
59.10,79.9,0.0,SAFE,0,SAFE : Arrêt au feu rouge
59.15,79.9,0.0,SAFE,0,SAFE : Arrêt au feu rouge
59.20,79.9,0.0,SAFE,0,SAFE : Arrêt au feu rouge
59.25,79.9,0.0,SAFE,0,SAFE : Arrêt au feu rouge
59.30,79.9,0.0,SAFE,0,SAFE : Arrêt au feu rouge
59.35,79.9,0.0,SAFE,0,SAFE : Arrêt au feu rouge
59.40,79.9,0.0,SAFE,0,SAFE : Arrêt au feu rouge
59.45,79.9,0.0,SAFE,0,SAFE : Arrêt au feu rouge
59.50,79.9,0.0,SAFE,0,SAFE : Arrêt au feu rouge
59.55,79.9,0.0,SAFE,0,SAFE : Arrêt au feu rouge
59.60,79.9,0.0,SAFE,0,SAFE : Arrêt au feu rouge
59.65,79.9,0.0,SAFE,0,SAFE : Arrêt au feu rouge
59.70,79.9,0.0,SAFE,0,SAFE : Arrêt au feu rouge
59.75,79.9,0.0,SAFE,0,SAFE : Arrêt au feu rouge
59.80,79.9,0.0,SAFE,0,SAFE : Arrêt au feu rouge
59.85,79.9,0.0,SAFE,0,SAFE : Arrêt au feu rouge
59.90,79.9,0.0,SAFE,0,SAFE : Arrêt au feu rouge
59.95,79.9,0.0,SAFE,0,SAFE : Arrêt au feu rouge
60.00,79.9,0.0,SAFE,0,SAFE : Arrêt au feu rouge
60.05,79.9,0.0,SAFE,0,SAFE : Arrêt au feu rouge
60.10,79.9,0.0,SAFE,0,SAFE : Arrêt au feu rouge
60.15,79.9,0.0,SAFE,0,SAFE : Arrêt au feu rouge
60.20,79.9,0.0,SAFE,0,SAFE : Arrêt au feu rouge
60.25,79.9,0.0,SAFE,0,SAFE : Arrêt au feu rouge
60.30,79.9,0.0,SAFE,0,SAFE : Arrêt au feu rouge
60.35,79.9,0.0,SAFE,0,SAFE : Arrêt au feu rouge
60.40,79.9,0.0,SAFE,0,SAFE : Arrêt au feu rouge
60.45,79.9,0.0,SAFE,0,SAFE : Arrêt au feu rouge
60.50,79.9,0.0,SAFE,0,SAFE : Arrêt au feu rouge
60.55,79.9,0.0,SAFE,0,SAFE : Arrêt au feu rouge
60.60,79.9,0.0,SAFE,0,SAFE : Arrêt au feu rouge
60.65,79.9,0.0,SAFE,0,SAFE : Arrêt au feu rouge
60.70,79.9,0.0,SAFE,0,SAFE : Arrêt au feu rouge
60.75,79.9,0.0,SAFE,0,SAFE : Arrêt au feu rouge
60.80,79.9,0.0,SAFE,0,SAFE : Arrêt au feu rouge
60.85,79.9,0.0,SAFE,0,SAFE : Arrêt au feu rouge
60.90,79.9,0.0,SAFE,0,SAFE : Arrêt au feu rouge
60.95,79.9,0.0,SAFE,0,SAFE : Arrêt au feu rouge
61.00,79.9,0.0,SAFE,0,SAFE : Arrêt au feu rouge
61.05,79.9,0.0,SAFE,0,SAFE : Arrêt au feu rouge
61.10,79.9,0.0,SAFE,0,SAFE : Arrêt au feu rouge
61.15,79.9,0.0,SAFE,0,SAFE : Arrêt au feu rouge
61.20,79.9,0.0,SAFE,0,SAFE : Arrêt au feu rouge
61.25,79.9,0.0,SAFE,0,SAFE : Arrêt au feu rouge
61.30,79.9,0.0,SAFE,0,SAFE : Arrêt au feu rouge
61.35,79.9,0.0,SAFE,0,SAFE : Arrêt au feu rouge
61.40,79.9,0.0,SAFE,0,SAFE : Arrêt au feu rouge
61.45,79.9,0.0,SAFE,0,SAFE : Arrêt au feu rouge
61.50,79.9,0.0,SAFE,0,SAFE : Arrêt au feu rouge
61.55,79.9,0.0,SAFE,0,SAFE : Arrêt au feu rouge
61.60,79.9,0.0,SAFE,0,SAFE : Arrêt au feu rouge
61.65,79.9,0.0,SAFE,0,SAFE : Arrêt au feu rouge
61.70,79.9,0.0,SAFE,0,SAFE : Arrêt au feu rouge
61.75,79.9,0.0,SAFE,0,SAFE : Arrêt au feu rouge
61.80,79.9,0.0,SAFE,0,SAFE : Arrêt au feu rouge
61.85,79.9,0.0,SAFE,0,SAFE : Arrêt au feu rouge
61.90,79.9,0.0,SAFE,0,SAFE : Arrêt au feu rouge
61.95,79.9,0.0,SAFE,0,SAFE : Arrêt au feu rouge
62.00,79.9,0.0,SAFE,0,SAFE : Arrêt au feu rouge
62.05,79.9,0.0,SAFE,0,SAFE : Arrêt au feu rouge
62.10,79.9,0.0,SAFE,0,SAFE : Arrêt au feu rouge
62.15,79.9,0.0,SAFE,0,SAFE : Arrêt au feu rouge
62.20,79.9,0.0,SAFE,0,SAFE : Arrêt au feu rouge
62.25,79.9,0.0,SAFE,0,SAFE : Arrêt au feu rouge
62.30,79.9,0.0,SAFE,0,SAFE : Arrêt au feu rouge
62.35,79.9,0.0,SAFE,0,SAFE : Arrêt au feu rouge
62.40,79.9,0.0,SAFE,0,SAFE : Arrêt au feu rouge
62.45,79.9,0.0,SAFE,0,SAFE : Arrêt au feu rouge
62.50,79.9,0.0,SAFE,0,SAFE : Arrêt au feu rouge
62.55,79.9,0.0,SAFE,0,SAFE : Arrêt au feu rouge
62.60,79.9,0.0,SAFE,0,SAFE : Arrêt au feu rouge
62.65,79.9,0.0,SAFE,0,SAFE : Arrêt au feu rouge
62.70,79.9,0.0,SAFE,0,SAFE : Arrêt au feu rouge
62.75,79.9,0.0,SAFE,0,SAFE : Arrêt au feu rouge
62.80,79.9,0.0,SAFE,0,SAFE : Arrêt au feu rouge
62.85,79.9,0.0,SAFE,0,SAFE : Arrêt au feu rouge
62.90,79.9,0.0,SAFE,0,SAFE : Arrêt au feu rouge
62.95,79.9,0.0,SAFE,0,SAFE : Arrêt au feu rouge
63.00,79.9,0.0,SAFE,0,SAFE : Arrêt au feu rouge
63.05,79.9,0.0,SAFE,1,SAFE : Arrêt au feu rouge
63.10,79.9,0.0,SAFE,1,SAFE : Arrêt au feu rouge
63.15,79.9,0.0,SAFE,1,SAFE : Arrêt au feu rouge
63.20,79.9,0.0,SAFE,1,SAFE : Arrêt au feu rouge
63.25,79.9,0.0,SAFE,1,SAFE : Arrêt au feu rouge
63.30,79.9,0.0,SAFE,1,SAFE : Arrêt au feu rouge
63.35,79.9,0.0,SAFE,1,SAFE : Arrêt au feu rouge
63.40,79.9,0.0,SAFE,1,SAFE : Arrêt au feu rouge
63.45,79.9,0.0,SAFE,1,SAFE : Arrêt au feu rouge
63.50,79.9,0.0,SAFE,1,SAFE : Arrêt au feu rouge
63.55,79.9,0.0,SAFE,1,SAFE : Arrêt au feu rouge
63.60,79.9,0.0,SAFE,1,SAFE : Arrêt au feu rouge
63.65,79.9,0.0,SAFE,1,SAFE : Arrêt au feu rouge
63.70,79.9,0.0,SAFE,1,SAFE : Arrêt au feu rouge
63.75,79.9,0.0,SAFE,1,SAFE : Arrêt au feu rouge
63.80,79.9,0.0,SAFE,1,SAFE : Arrêt au feu rouge
63.85,79.9,0.0,SAFE,1,SAFE : Arrêt au feu rouge
63.90,79.9,0.0,SAFE,1,SAFE : Arrêt au feu rouge
63.95,79.9,0.0,SAFE,1,SAFE : Arrêt au feu rouge
64.00,79.9,0.0,SAFE,1,SAFE : Arrêt au feu rouge
64.05,79.9,0.0,SAFE,1,SAFE : Arrêt au feu rouge
64.10,79.9,0.0,SAFE,1,SAFE : Arrêt au feu rouge
64.15,79.9,0.0,SAFE,1,SAFE : Arrêt au feu rouge
64.20,79.9,0.0,SAFE,1,SAFE : Arrêt au feu rouge
64.25,79.9,0.0,SAFE,1,SAFE : Arrêt au feu rouge
64.30,79.9,0.0,SAFE,1,SAFE : Arrêt au feu rouge
64.35,79.9,0.0,SAFE,1,SAFE : Arrêt au feu rouge
64.40,79.9,0.0,SAFE,1,SAFE : Arrêt au feu rouge
64.45,79.9,0.0,SAFE,1,SAFE : Arrêt au feu rouge
64.50,79.9,0.0,SAFE,1,SAFE : Arrêt au feu rouge
64.55,79.9,0.0,SAFE,1,SAFE : Arrêt au feu rouge
64.60,79.9,0.0,SAFE,1,SAFE : Arrêt au feu rouge
64.65,79.9,0.0,SAFE,1,SAFE : Arrêt au feu rouge
64.70,79.9,0.0,SAFE,1,SAFE : Arrêt au feu rouge
64.75,79.9,0.0,SAFE,1,SAFE : Arrêt au feu rouge
64.80,79.9,0.0,SAFE,1,SAFE : Arrêt au feu rouge
64.85,79.9,0.0,SAFE,1,SAFE : Arrêt au feu rouge
64.90,79.9,0.0,SAFE,1,SAFE : Arrêt au feu rouge
64.95,79.9,0.0,SAFE,1,SAFE : Arrêt au feu rouge
65.00,79.9,0.0,SAFE,1,SAFE : Arrêt au feu rouge
65.05,79.9,0.0,SAFE,1,SAFE : Arrêt au feu rouge
65.10,79.9,0.0,SAFE,1,SAFE : Arrêt au feu rouge
65.15,79.9,0.0,SAFE,1,SAFE : Arrêt au feu rouge
65.20,79.9,0.0,SAFE,1,SAFE : Arrêt au feu rouge
65.25,79.9,0.0,SAFE,1,SAFE : Arrêt au feu rouge
65.30,79.9,0.0,SAFE,1,SAFE : Arrêt au feu rouge
65.35,79.9,0.0,SAFE,1,SAFE : Arrêt au feu rouge
65.40,79.9,0.0,SAFE,1,SAFE : Arrêt au feu rouge
65.45,79.9,0.0,SAFE,1,SAFE : Arrêt au feu rouge
65.50,79.9,0.0,SAFE,1,SAFE : Arrêt au feu rouge
65.55,79.9,0.0,SAFE,1,SAFE : Arrêt au feu rouge
65.60,79.9,0.0,SAFE,1,SAFE : Arrêt au feu rouge
65.65,79.9,0.0,SAFE,1,SAFE : Arrêt au feu rouge
65.70,79.9,0.0,SAFE,1,SAFE : Arrêt au feu rouge
65.75,79.9,0.0,SAFE,1,SAFE : Arrêt au feu rouge
65.80,79.9,0.0,SAFE,1,SAFE : Arrêt au feu rouge
65.85,79.9,0.0,SAFE,1,SAFE : Arrêt au feu rouge
65.90,79.9,0.0,SAFE,1,SAFE : Arrêt au feu rouge
65.95,79.9,0.0,SAFE,1,SAFE : Arrêt au feu rouge
66.00,79.9,0.0,SAFE,1,SAFE : Arrêt au feu rouge
66.05,79.9,0.0,SAFE,1,SAFE : Arrêt au feu rouge
66.10,79.9,0.0,SAFE,1,SAFE : Arrêt au feu rouge
66.15,79.9,0.0,SAFE,1,SAFE : Arrêt au feu rouge
66.20,79.9,0.0,SAFE,1,SAFE : Arrêt au feu rouge
66.25,79.9,0.0,SAFE,1,SAFE : Arrêt au feu rouge
66.30,79.9,0.0,SAFE,1,SAFE : Arrêt au feu rouge
66.35,79.9,0.0,SAFE,1,SAFE : Arrêt au feu rouge
66.40,79.9,0.0,SAFE,1,SAFE : Arrêt au feu rouge
66.45,79.9,0.0,SAFE,1,SAFE : Arrêt au feu rouge
66.50,79.9,0.0,SAFE,1,SAFE : Arrêt au feu rouge
66.55,79.9,0.0,SAFE,1,SAFE : Arrêt au feu rouge
66.60,79.9,0.0,SAFE,1,SAFE : Arrêt au feu rouge
66.65,79.9,0.0,SAFE,1,SAFE : Arrêt au feu rouge
66.70,79.9,0.0,SAFE,1,SAFE : Arrêt au feu rouge
66.75,79.9,0.0,SAFE,1,SAFE : Arrêt au feu rouge
66.80,79.9,0.0,SAFE,1,SAFE : Arrêt au feu rouge
66.85,79.9,0.0,SAFE,1,SAFE : Arrêt au feu rouge
66.90,79.9,0.0,SAFE,1,SAFE : Arrêt au feu rouge
66.95,79.9,0.0,SAFE,1,SAFE : Arrêt au feu rouge
67.00,79.9,0.0,SAFE,1,SAFE : Arrêt au feu rouge
67.05,79.9,0.0,SAFE,1,SAFE : Arrêt au feu rouge
67.10,79.9,0.0,SAFE,1,SAFE : Arrêt au feu rouge
67.15,79.9,0.0,SAFE,1,SAFE : Arrêt au feu rouge
67.20,79.9,0.0,SAFE,1,SAFE : Arrêt au feu rouge
67.25,79.9,0.0,SAFE,1,SAFE : Arrêt au feu rouge
67.30,79.9,0.0,SAFE,1,SAFE : Arrêt au feu rouge
67.35,79.9,0.0,SAFE,1,SAFE : Arrêt au feu rouge
67.40,79.9,0.0,SAFE,1,SAFE : Arrêt au feu rouge
67.45,79.9,0.0,SAFE,1,SAFE : Arrêt au feu rouge
67.50,79.9,0.0,SAFE,1,SAFE : Arrêt au feu rouge
67.55,79.9,0.0,SAFE,1,SAFE : Arrêt au feu rouge
67.60,79.9,0.0,SAFE,1,SAFE : Arrêt au feu rouge
67.65,79.9,0.0,SAFE,1,SAFE : Arrêt au feu rouge
67.70,79.9,0.0,SAFE,1,SAFE : Arrêt au feu rouge
67.75,79.9,0.0,SAFE,1,SAFE : Arrêt au feu rouge
67.80,79.9,0.0,SAFE,1,SAFE : Arrêt au feu rouge
67.85,79.9,0.0,SAFE,1,SAFE : Arrêt au feu rouge
67.90,79.9,0.0,SAFE,1,SAFE : Arrêt au feu rouge
67.95,79.9,0.0,SAFE,1,SAFE : Arrêt au feu rouge
68.00,79.9,0.0,SAFE,1,SAFE : Arrêt au feu rouge
68.05,79.9,0.0,SAFE,1,SAFE : Arrêt au feu rouge
68.10,79.9,0.0,SAFE,1,SAFE : Arrêt au feu rouge
68.15,79.9,0.0,SAFE,1,SAFE : Arrêt au feu rouge
68.20,79.9,0.0,SAFE,1,SAFE : Arrêt au feu rouge
68.25,79.9,0.0,SAFE,1,SAFE : Arrêt au feu rouge
68.30,79.9,0.0,SAFE,1,SAFE : Arrêt au feu rouge
68.35,79.9,0.0,SAFE,1,SAFE : Arrêt au feu rouge
68.40,79.9,0.0,SAFE,1,SAFE : Arrêt au feu rouge
68.45,79.9,0.0,SAFE,1,SAFE : Arrêt au feu rouge
68.50,79.9,0.0,SAFE,1,SAFE : Arrêt au feu rouge
68.55,79.9,0.0,SAFE,1,SAFE : Arrêt au feu rouge
68.60,79.9,0.0,SAFE,1,SAFE : Arrêt au feu rouge
68.65,79.9,0.0,SAFE,1,SAFE : Arrêt au feu rouge
68.70,79.9,0.0,SAFE,1,SAFE : Arrêt au feu rouge
68.75,79.9,0.0,SAFE,1,SAFE : Arrêt au feu rouge
68.80,79.9,0.0,SAFE,1,SAFE : Arrêt au feu rouge
68.85,79.9,0.0,SAFE,1,SAFE : Arrêt au feu rouge
68.90,79.9,0.0,SAFE,1,SAFE : Arrêt au feu rouge
68.95,79.9,0.0,SAFE,1,SAFE : Arrêt au feu rouge
69.00,79.9,0.0,SAFE,1,SAFE : Arrêt au feu rouge
69.05,79.9,0.0,SAFE,1,SAFE : Arrêt au feu rouge
69.10,79.9,0.0,SAFE,1,SAFE : Arrêt au feu rouge
69.15,79.9,0.0,SAFE,1,SAFE : Arrêt au feu rouge
69.20,79.9,0.0,SAFE,1,SAFE : Arrêt au feu rouge
69.25,79.9,0.0,SAFE,1,SAFE : Arrêt au feu rouge
69.30,79.9,0.0,SAFE,1,SAFE : Arrêt au feu rouge
69.35,79.9,0.0,SAFE,1,SAFE : Arrêt au feu rouge
69.40,79.9,0.0,SAFE,1,SAFE : Arrêt au feu rouge
69.45,79.9,0.0,SAFE,1,SAFE : Arrêt au feu rouge
69.50,79.9,0.0,SAFE,1,SAFE : Arrêt au feu rouge
69.55,79.9,0.0,SAFE,1,SAFE : Arrêt au feu rouge
69.60,79.9,0.0,SAFE,1,SAFE : Arrêt au feu rouge
69.65,79.9,0.0,SAFE,1,SAFE : Arrêt au feu rouge
69.70,79.9,0.0,SAFE,1,SAFE : Arrêt au feu rouge
69.75,79.9,0.0,SAFE,1,SAFE : Arrêt au feu rouge
69.80,79.9,0.0,SAFE,1,SAFE : Arrêt au feu rouge
69.85,79.9,0.0,SAFE,1,SAFE : Arrêt au feu rouge
69.90,79.9,0.0,SAFE,1,SAFE : Arrêt au feu rouge
69.95,79.9,0.0,SAFE,1,SAFE : Arrêt au feu rouge
70.00,79.9,0.0,SAFE,1,SAFE : Arrêt au feu rouge
70.05,79.9,0.0,SAFE,1,SAFE : Arrêt au feu rouge
70.10,79.9,0.0,SAFE,1,SAFE : Arrêt au feu rouge
70.15,79.9,0.0,SAFE,1,SAFE : Arrêt au feu rouge
70.20,79.9,0.0,SAFE,1,SAFE : Arrêt au feu rouge
70.25,79.9,0.0,SAFE,1,SAFE : Arrêt au feu rouge
70.30,79.9,0.0,SAFE,1,SAFE : Arrêt au feu rouge
70.35,79.9,0.0,SAFE,1,SAFE : Arrêt au feu rouge
70.40,79.9,0.0,SAFE,1,SAFE : Arrêt au feu rouge
70.45,79.9,0.0,SAFE,1,SAFE : Arrêt au feu rouge
70.50,79.9,0.0,SAFE,1,SAFE : Arrêt au feu rouge
70.55,79.9,0.0,SAFE,1,SAFE : Arrêt au feu rouge
70.60,79.9,0.0,SAFE,1,SAFE : Arrêt au feu rouge
70.65,79.9,0.0,SAFE,1,SAFE : Arrêt au feu rouge
70.70,79.9,0.0,SAFE,1,SAFE : Arrêt au feu rouge
70.75,79.9,0.0,SAFE,1,SAFE : Arrêt au feu rouge
70.80,79.9,0.0,SAFE,1,SAFE : Arrêt au feu rouge
70.85,79.9,0.0,SAFE,1,SAFE : Arrêt au feu rouge
70.90,79.9,0.0,SAFE,1,SAFE : Arrêt au feu rouge
70.95,79.9,0.0,SAFE,1,SAFE : Arrêt au feu rouge
71.00,79.9,0.0,SAFE,1,SAFE : Arrêt au feu rouge
71.05,79.9,0.0,SAFE,1,SAFE : Arrêt au feu rouge
71.10,79.9,0.0,SAFE,1,SAFE : Arrêt au feu rouge
71.15,79.9,0.0,SAFE,1,SAFE : Arrêt au feu rouge
71.20,79.9,0.0,SAFE,1,SAFE : Arrêt au feu rouge
71.25,79.9,0.0,SAFE,1,SAFE : Arrêt au feu rouge
71.30,79.9,0.0,SAFE,1,SAFE : Arrêt au feu rouge
71.35,79.9,0.0,SAFE,1,SAFE : Arrêt au feu rouge
71.40,79.9,0.0,SAFE,1,SAFE : Arrêt au feu rouge
71.45,79.9,0.0,SAFE,1,SAFE : Arrêt au feu rouge
71.50,79.9,0.0,SAFE,1,SAFE : Arrêt au feu rouge
71.55,79.9,0.0,SAFE,1,SAFE : Arrêt au feu rouge
71.60,79.9,0.0,SAFE,0,SAFE : Arrêt au feu rouge
71.65,79.9,0.0,SAFE,0,SAFE : Arrêt au feu rouge
71.70,79.9,0.0,SAFE,0,SAFE : Arrêt au feu rouge
71.75,79.9,0.0,SAFE,0,SAFE : Arrêt au feu rouge
71.80,79.9,0.0,SAFE,0,SAFE : Arrêt au feu rouge
71.85,79.9,0.0,SAFE,0,SAFE : Arrêt au feu rouge
71.90,79.9,0.0,SAFE,0,SAFE : Arrêt au feu rouge
71.95,79.9,0.0,SAFE,0,SAFE : Arrêt au feu rouge
72.00,79.9,0.0,SAFE,0,SAFE : Arrêt au feu rouge
72.05,79.9,0.0,SAFE,0,SAFE : Arrêt au feu rouge
72.10,79.9,0.0,SAFE,0,SAFE : Arrêt au feu rouge
72.15,79.9,0.0,SAFE,0,SAFE : Arrêt au feu rouge
72.20,79.9,0.0,SAFE,0,SAFE : Arrêt au feu rouge
72.25,79.9,0.0,SAFE,0,SAFE : Arrêt au feu rouge
72.30,79.9,0.0,SAFE,0,SAFE : Arrêt au feu rouge
72.35,79.9,0.0,SAFE,0,Voie libre
72.40,79.9,0.0,SAFE,0,Voie libre
72.45,79.9,0.0,SAFE,0,Voie libre
72.50,79.9,0.3,SAFE,0,Voie libre
72.55,79.9,0.9,SAFE,0,Voie libre
72.60,79.9,1.4,SAFE,0,Voie libre
72.65,79.9,2.1,SAFE,0,Voie libre
72.70,80.0,3.0,SAFE,0,Voie libre
72.75,80.0,3.7,SAFE,0,Voie libre
72.80,80.1,4.5,SAFE,0,Voie libre
72.85,80.1,5.4,SAFE,0,Voie libre
72.90,80.2,6.3,SAFE,0,Voie libre
72.95,80.3,7.1,SAFE,0,Voie libre
73.00,80.4,8.0,SAFE,0,Voie libre
73.05,80.5,8.8,SAFE,0,Voie libre
73.10,80.7,9.7,SAFE,0,Voie libre
73.15,80.8,10.5,SAFE,0,Voie libre
73.20,81.0,11.3,SAFE,0,Voie libre
73.25,81.1,12.1,SAFE,0,Voie libre
73.30,81.3,12.8,SAFE,0,Voie libre
73.35,81.5,13.5,SAFE,0,Voie libre
73.40,81.7,14.1,SAFE,0,Voie libre
73.45,81.9,14.7,SAFE,0,Voie libre
73.50,82.1,15.2,SAFE,0,Voie libre
73.55,82.3,15.7,SAFE,0,Voie libre
73.60,82.5,16.2,SAFE,0,Voie libre
73.65,82.7,16.6,SAFE,0,Voie libre
73.70,83.0,17.0,SAFE,0,Voie libre
73.75,83.2,17.3,SAFE,0,Voie libre
73.80,83.5,17.6,SAFE,0,Voie libre
73.85,83.7,17.9,SAFE,0,Voie libre
73.90,84.0,18.2,SAFE,0,Voie libre
73.95,84.2,18.3,SAFE,0,Voie libre
74.00,84.5,18.4,SAFE,0,Voie libre
74.05,84.7,18.3,SAFE,0,Voie libre
74.10,85.0,18.3,SAFE,0,Voie libre
74.15,85.2,18.1,SAFE,0,Voie libre
74.20,85.5,18.0,SAFE,0,Voie libre
74.25,85.7,18.6,SAFE,0,Voie libre
74.30,86.0,18.4,SAFE,0,Voie libre
74.35,86.2,18.3,SAFE,0,Voie libre
74.40,86.5,18.2,SAFE,0,Voie libre
74.45,86.8,18.1,SAFE,0,Voie libre
74.50,87.0,18.1,SAFE,0,Voie libre
74.55,87.3,18.0,SAFE,0,Voie libre
74.60,87.5,18.4,SAFE,0,Voie libre
74.65,87.8,18.6,SAFE,0,Voie libre
74.70,88.0,18.5,SAFE,0,Voie libre
74.75,88.3,18.4,SAFE,0,Voie libre
74.80,88.5,18.2,SAFE,0,Voie libre
74.85,88.8,18.1,SAFE,0,Voie libre
74.90,89.0,18.0,SAFE,0,Voie libre
74.95,89.3,18.5,SAFE,0,Voie libre
75.00,89.5,18.6,SAFE,0,Voie libre
75.05,89.8,18.3,SAFE,0,Voie libre
75.10,90.1,18.5,SAFE,0,Voie libre
75.15,90.3,18.1,SAFE,0,Voie libre
75.20,90.6,18.4,SAFE,0,Voie libre
75.25,90.8,18.1,SAFE,0,Voie libre
75.30,91.1,18.2,SAFE,0,Voie libre
75.35,91.3,18.1,SAFE,0,Voie libre
75.40,91.6,18.1,SAFE,0,Voie libre
75.45,91.8,18.1,SAFE,0,Voie libre
75.50,92.1,18.0,SAFE,0,Voie libre
75.55,92.3,18.0,SAFE,0,Voie libre
75.60,92.6,17.9,SAFE,0,Voie libre
75.65,92.8,17.8,SAFE,0,Voie libre
75.70,93.1,17.6,SAFE,0,Voie libre
75.75,93.3,17.4,SAFE,0,Voie libre
75.80,93.5,17.1,SAFE,0,Voie libre
75.85,93.8,16.9,SAFE,0,Voie libre
75.90,94.0,16.7,SAFE,0,Voie libre
75.95,94.2,16.5,SAFE,0,Voie libre
76.00,94.5,16.3,SAFE,0,Voie libre
76.05,94.7,16.1,SAFE,0,Voie libre
76.10,94.9,15.9,SAFE,0,Voie libre
76.15,95.1,15.7,SAFE,0,Voie libre
76.20,95.3,15.4,SAFE,0,Voie libre
76.25,95.6,15.2,SAFE,0,Voie libre
76.30,95.8,15.0,SAFE,0,Voie libre
76.35,96.0,14.8,SAFE,0,Voie libre
76.40,96.2,14.6,SAFE,0,Voie libre
76.45,96.4,14.4,SAFE,0,Voie libre
76.50,96.6,14.2,SAFE,0,Voie libre
76.55,96.8,14.0,SAFE,0,Voie libre
76.60,97.0,13.7,SAFE,0,Voie libre
76.65,97.1,13.4,SAFE,0,Voie libre
76.70,97.3,13.1,SAFE,0,Voie libre
76.75,97.5,12.8,SAFE,0,Voie libre
76.80,97.7,12.5,SAFE,0,Voie libre
76.85,97.8,12.3,SAFE,0,Voie libre
76.90,98.0,12.0,SAFE,0,Voie libre
76.95,98.2,11.8,SAFE,0,Voie libre
77.00,98.3,11.6,SAFE,0,Voie libre
77.05,98.5,11.3,SAFE,0,Voie libre
77.10,98.7,11.1,SAFE,0,Voie libre
77.15,98.8,10.9,SAFE,0,Voie libre
77.20,99.0,10.6,SAFE,0,Voie libre
77.25,99.1,10.5,SAFE,0,Voie libre
77.30,99.2,10.3,SAFE,0,Voie libre
77.35,99.4,10.2,SAFE,0,Voie libre
77.40,99.5,10.1,SAFE,0,Voie libre
77.45,99.7,10.1,SAFE,0,Voie libre
77.50,99.8,10.0,SAFE,0,Voie libre
77.55,99.9,10.0,SAFE,0,Voie libre
77.60,100.1,10.0,SAFE,0,Voie libre
77.65,100.2,10.0,SAFE,0,Voie libre
77.70,100.4,10.1,SAFE,0,Voie libre
77.75,100.5,10.1,SAFE,0,Voie libre
77.80,100.6,10.2,SAFE,0,Voie libre
77.85,100.8,10.3,SAFE,0,Voie libre
77.90,100.9,10.4,SAFE,0,Voie libre
77.95,101.1,10.6,SAFE,0,Voie libre
78.00,101.2,10.7,SAFE,0,Voie libre
78.05,101.4,10.9,SAFE,0,Voie libre
78.10,101.5,11.0,SAFE,0,Voie libre
78.15,101.7,11.2,SAFE,0,Voie libre
78.20,101.8,11.4,SAFE,0,Voie libre
78.25,102.0,11.5,SAFE,0,Voie libre
78.30,102.1,11.7,SAFE,0,Voie libre
78.35,102.3,11.9,SAFE,0,Voie libre
78.40,102.5,12.1,SAFE,0,Voie libre
78.45,102.6,12.3,SAFE,0,Voie libre
78.50,102.8,12.5,SAFE,0,Voie libre
78.55,103.0,12.7,SAFE,0,Voie libre
78.60,103.2,12.9,SAFE,0,Voie libre
78.65,103.3,13.1,SAFE,0,Voie libre
78.70,103.5,13.3,SAFE,0,Voie libre
78.75,103.7,13.5,SAFE,0,Voie libre
78.80,103.9,13.7,SAFE,0,Voie libre
78.85,104.1,13.9,SAFE,0,Voie libre
78.90,104.3,14.1,SAFE,0,Voie libre
78.95,104.5,14.3,SAFE,0,Voie libre
79.00,104.7,14.5,SAFE,0,Voie libre
79.05,104.9,14.7,SAFE,0,Voie libre
79.10,105.1,14.9,SAFE,0,Voie libre
79.15,105.3,15.1,SAFE,0,Voie libre
79.20,105.5,15.3,SAFE,0,Voie libre
79.25,105.7,15.5,SAFE,0,Voie libre
79.30,105.9,15.7,SAFE,0,Voie libre
79.35,106.2,15.9,SAFE,0,Voie libre
79.40,106.4,16.1,SAFE,0,Voie libre
79.45,106.6,16.3,SAFE,0,Voie libre
79.50,106.8,16.5,SAFE,0,Voie libre
79.55,107.1,16.7,SAFE,0,Voie libre
79.60,107.3,16.9,SAFE,0,Voie libre
79.65,107.5,17.1,SAFE,0,Voie libre
79.70,107.8,17.2,SAFE,0,Voie libre
79.75,108.0,17.4,SAFE,0,Voie libre
79.80,108.3,17.6,SAFE,0,Voie libre
79.85,108.5,17.8,SAFE,0,Voie libre
79.90,108.8,17.9,SAFE,0,Voie libre
79.95,109.0,18.1,SAFE,0,Voie libre
80.00,109.3,18.1,SAFE,0,Voie libre
80.05,109.5,18.2,SAFE,0,Voie libre
80.10,109.8,18.2,SAFE,0,Voie libre
80.15,110.0,18.1,SAFE,0,Voie libre
80.20,110.3,18.1,SAFE,0,Voie libre
80.25,110.5,18.1,SAFE,0,Voie libre
80.30,110.8,18.3,SAFE,0,Voie libre
80.35,111.0,18.1,SAFE,0,Voie libre
80.40,111.3,18.0,SAFE,0,Voie libre
80.45,111.5,18.6,SAFE,0,Voie libre
80.50,111.8,18.4,SAFE,0,Voie libre
80.55,112.0,18.3,SAFE,0,Voie libre
80.60,112.3,18.2,SAFE,0,Voie libre
80.65,112.5,18.2,SAFE,0,Voie libre
80.70,112.8,18.2,SAFE,0,Voie libre
80.75,113.1,18.2,SAFE,0,Voie libre
80.80,113.3,18.3,SAFE,0,Voie libre
80.85,113.6,18.3,SAFE,0,Voie libre
80.90,113.8,18.4,SAFE,0,Voie libre
80.95,114.1,18.4,SAFE,0,Voie libre
81.00,114.3,18.5,SAFE,0,Voie libre
81.05,114.6,18.6,SAFE,0,Voie libre
81.10,114.8,18.7,SAFE,0,Voie libre
81.15,115.1,18.7,SAFE,0,Voie libre
81.20,115.4,18.8,SAFE,0,Voie libre
81.25,115.6,18.8,SAFE,0,Voie libre
81.30,115.9,18.9,SAFE,0,Voie libre
81.35,116.2,19.0,SAFE,0,Voie libre
81.40,116.4,19.0,SAFE,0,Voie libre
81.45,116.7,19.0,SAFE,0,Voie libre
81.50,116.9,19.1,SAFE,0,Voie libre
81.55,117.2,19.1,SAFE,0,Voie libre
81.60,117.5,19.2,SAFE,0,Voie libre
81.65,117.7,19.2,SAFE,0,Voie libre
81.70,118.0,19.2,SAFE,0,Voie libre
81.75,118.3,19.2,SAFE,0,Voie libre
81.80,118.5,19.2,SAFE,0,Voie libre
81.85,118.8,19.3,SAFE,0,Voie libre
81.90,119.1,19.3,SAFE,0,Voie libre
81.95,119.3,19.3,SAFE,0,Voie libre
82.00,119.6,19.3,SAFE,0,Voie libre
82.05,119.9,19.3,SAFE,0,Voie libre
82.10,120.2,19.3,SAFE,0,Voie libre
82.15,120.4,19.3,SAFE,0,Voie libre
82.20,120.7,19.4,SAFE,0,Voie libre
82.25,121.0,19.4,SAFE,0,Voie libre
82.30,121.2,19.4,SAFE,0,Voie libre
82.35,121.5,19.4,SAFE,0,Voie libre
82.40,121.8,19.4,SAFE,0,Voie libre
82.45,122.0,19.4,SAFE,0,Voie libre
82.50,122.3,19.4,SAFE,0,Voie libre
82.55,122.6,19.4,SAFE,0,Voie libre
82.60,122.8,19.4,SAFE,0,Voie libre
82.65,123.1,19.5,SAFE,0,Voie libre
82.70,123.4,19.5,SAFE,0,Voie libre
82.75,123.7,19.5,SAFE,0,Voie libre
82.80,123.9,19.5,SAFE,0,Voie libre
82.85,124.2,19.5,SAFE,0,Voie libre
82.90,124.5,19.5,SAFE,0,Voie libre
82.95,124.7,19.5,SAFE,0,Voie libre
83.00,125.0,19.5,SAFE,0,Voie libre
83.05,125.3,19.5,SAFE,0,Voie libre
83.10,125.5,19.5,SAFE,0,Voie libre
83.15,125.8,19.5,SAFE,0,Voie libre
83.20,126.1,19.4,SAFE,0,Voie libre
83.25,126.4,19.4,SAFE,0,Voie libre
83.30,126.6,19.4,SAFE,0,Voie libre
83.35,126.9,19.4,SAFE,0,Voie libre
83.40,127.2,19.3,SAFE,0,Voie libre
83.45,127.4,19.3,SAFE,0,Voie libre
83.50,127.7,19.2,SAFE,0,Voie libre
83.55,128.0,19.2,SAFE,0,Voie libre
83.60,128.2,19.1,SAFE,0,Voie libre
83.65,128.5,19.1,SAFE,0,Voie libre
83.70,128.8,19.0,SAFE,0,Voie libre
83.75,129.0,19.0,SAFE,0,Voie libre
83.80,129.3,18.9,SAFE,0,Voie libre
83.85,129.6,18.9,SAFE,0,Voie libre
83.90,129.8,18.8,SAFE,0,Voie libre
83.95,130.1,18.7,SAFE,0,Voie libre
84.00,130.3,18.7,SAFE,0,Voie libre
84.05,130.6,18.6,SAFE,0,Voie libre
84.10,130.9,18.5,SAFE,0,Voie libre
84.15,131.1,18.5,SAFE,0,Voie libre
84.20,131.4,18.4,SAFE,0,Voie libre
84.25,131.6,18.3,SAFE,0,Voie libre
84.30,131.9,18.2,SAFE,0,Voie libre
84.35,132.1,18.2,SAFE,0,Voie libre
84.40,132.4,18.1,SAFE,0,Voie libre
84.45,132.6,18.0,SAFE,0,Voie libre
84.50,132.9,18.6,SAFE,0,Voie libre
84.55,133.1,18.4,SAFE,0,Voie libre
84.60,133.4,18.2,SAFE,0,Voie libre
84.65,133.6,18.1,SAFE,0,Voie libre
84.70,133.9,18.3,SAFE,0,Voie libre
84.75,134.2,18.3,SAFE,0,Voie libre
84.80,134.4,18.1,SAFE,0,Voie libre
84.85,134.7,18.3,SAFE,0,Voie libre
84.90,134.9,18.2,SAFE,0,Voie libre
84.95,135.2,18.0,SAFE,0,Voie libre
85.00,135.4,18.2,SAFE,0,Voie libre
85.05,135.7,18.2,SAFE,0,Voie libre
85.10,135.9,18.1,SAFE,0,Voie libre
85.15,136.2,18.3,SAFE,0,Voie libre
85.20,136.4,18.1,SAFE,0,Voie libre
85.25,136.7,18.0,SAFE,0,Voie libre
85.30,136.9,18.0,SAFE,0,Voie libre
85.35,137.2,18.1,SAFE,0,Voie libre
85.40,137.4,18.1,SAFE,0,Voie libre
85.45,137.7,18.1,SAFE,0,Voie libre
85.50,137.9,18.2,SAFE,0,Voie libre
85.55,138.2,18.1,SAFE,0,Voie libre
85.60,138.4,18.1,SAFE,0,Voie libre
85.65,138.7,18.0,SAFE,0,Voie libre
85.70,138.9,18.1,SAFE,0,Voie libre
85.75,139.2,18.0,SAFE,0,Voie libre
85.80,139.4,18.0,SAFE,0,Voie libre
85.85,139.7,18.0,SAFE,0,Voie libre
85.90,139.9,18.0,SAFE,0,Voie libre
85.95,140.2,18.0,SAFE,0,Voie libre
86.00,140.4,18.0,SAFE,0,Voie libre
86.05,140.7,17.9,SAFE,0,Voie libre
86.10,140.9,17.9,SAFE,0,Voie libre
86.15,141.2,17.9,SAFE,0,Voie libre
86.20,141.4,17.8,SAFE,0,Voie libre
86.25,141.7,17.8,SAFE,0,Voie libre
86.30,141.9,17.8,SAFE,0,Voie libre
86.35,142.2,17.8,SAFE,0,Voie libre
86.40,142.4,17.7,SAFE,0,Voie libre
86.45,142.7,17.7,SAFE,0,Voie libre
86.50,142.9,17.7,SAFE,0,Voie libre
86.55,143.1,17.7,SAFE,0,Voie libre
86.60,143.4,17.7,SAFE,0,Voie libre
86.65,143.6,17.6,SAFE,0,Voie libre
86.70,143.9,17.6,SAFE,0,Voie libre
86.75,144.1,17.6,SAFE,0,Voie libre
86.80,144.4,17.6,SAFE,0,Voie libre
86.85,144.6,17.6,SAFE,0,Voie libre
86.90,144.9,17.6,SAFE,0,Voie libre
86.95,145.1,17.6,SAFE,0,Voie libre
87.00,145.3,17.6,SAFE,0,Voie libre
87.05,145.6,17.6,SAFE,0,Voie libre
87.10,145.8,17.6,SAFE,0,Voie libre
87.15,146.1,17.6,SAFE,0,Voie libre
87.20,146.3,17.6,SAFE,0,Voie libre
87.25,146.6,17.6,SAFE,0,Voie libre
87.30,146.8,17.6,SAFE,0,Voie libre
87.35,147.1,17.6,SAFE,0,Voie libre
87.40,147.3,17.6,SAFE,0,Voie libre
87.45,147.5,17.6,SAFE,0,Voie libre
87.50,147.8,17.7,SAFE,0,Voie libre
87.55,148.0,17.7,SAFE,0,Voie libre
87.60,148.3,17.7,SAFE,0,Voie libre
87.65,148.5,17.7,SAFE,0,Voie libre
87.70,148.8,17.7,SAFE,0,Voie libre
87.75,149.0,17.7,SAFE,0,Voie libre
87.80,149.3,17.7,SAFE,0,Voie libre
87.85,149.5,17.7,SAFE,0,Voie libre
87.90,149.8,17.8,SAFE,0,Voie libre
87.95,150.0,17.8,SAFE,0,Voie libre
88.00,150.2,17.8,SAFE,0,Voie libre
88.05,150.5,17.8,SAFE,0,Voie libre
88.10,150.7,17.8,SAFE,0,Voie libre
88.15,151.0,17.8,SAFE,0,Voie libre
88.20,151.2,17.9,SAFE,0,Voie libre
88.25,151.5,17.9,SAFE,0,Voie libre
88.30,151.7,17.9,SAFE,0,Voie libre
88.35,152.0,17.9,SAFE,0,Voie libre
88.40,152.2,17.9,SAFE,0,Voie libre
88.45,152.5,17.9,SAFE,0,Voie libre
88.50,152.7,18.0,SAFE,0,Voie libre
88.55,153.0,18.0,SAFE,0,Voie libre
88.60,153.2,18.0,SAFE,0,Voie libre
88.65,153.5,18.0,SAFE,0,Voie libre
88.70,153.7,18.0,SAFE,0,Voie libre
88.75,154.0,18.0,SAFE,0,Voie libre
88.80,154.2,18.0,SAFE,0,Voie libre
88.85,154.5,18.0,SAFE,0,Voie libre
88.90,154.7,18.0,SAFE,0,Voie libre
88.95,155.0,18.0,SAFE,0,Voie libre
89.00,155.2,18.0,SAFE,0,Voie libre
89.05,155.5,18.0,SAFE,0,Voie libre
89.10,155.7,18.1,SAFE,0,Voie libre
89.15,156.0,17.9,SAFE,0,Voie libre
89.20,156.2,18.0,SAFE,0,Voie libre
89.25,156.5,18.0,SAFE,0,Voie libre
89.30,156.7,17.9,SAFE,0,Voie libre
89.35,157.0,18.1,SAFE,0,Voie libre
89.40,157.2,18.0,SAFE,0,Voie libre
89.45,157.5,17.9,SAFE,0,Voie libre
89.50,157.7,18.1,SAFE,0,Voie libre
89.55,158.0,18.1,SAFE,0,Voie libre
89.60,158.2,18.0,SAFE,0,Voie libre
89.65,158.5,18.1,SAFE,0,Voie libre
89.70,158.7,18.0,SAFE,0,Voie libre
89.75,159.0,18.1,SAFE,0,Voie libre
89.80,159.2,18.0,SAFE,0,Voie libre
89.85,159.5,17.9,SAFE,0,Voie libre
89.90,159.7,18.0,SAFE,0,Voie libre
89.95,160.0,18.1,SAFE,0,Voie libre
90.00,160.2,18.1,SAFE,0,Voie libre
90.05,160.5,18.1,SAFE,0,Voie libre
90.10,160.7,18.0,SAFE,0,Voie libre
90.15,161.0,18.1,SAFE,0,Voie libre
90.20,161.2,18.1,SAFE,0,Voie libre
90.25,161.5,18.2,SAFE,0,Voie libre
90.30,161.7,18.2,SAFE,0,Voie libre
90.35,162.0,18.1,SAFE,0,Voie libre
90.40,162.2,18.0,SAFE,0,Voie libre
90.45,162.5,18.0,SAFE,0,Voie libre
90.50,162.7,18.1,SAFE,0,Voie libre
90.55,163.0,18.1,SAFE,1,Situation maîtrisée
90.60,163.2,18.1,SAFE,1,Situation maîtrisée
90.65,163.5,18.0,SAFE,1,Situation maîtrisée
90.70,163.7,18.1,SAFE,1,Situation maîtrisée
90.75,164.0,18.0,SAFE,1,Situation maîtrisée
90.80,164.2,18.4,SAFE,1,Situation maîtrisée
90.85,164.5,18.0,SAFE,1,Situation maîtrisée
90.90,164.7,18.2,SAFE,1,Situation maîtrisée
90.95,165.0,18.2,SAFE,1,Situation maîtrisée
91.00,165.2,18.0,SAFE,1,Situation maîtrisée
91.05,165.5,18.2,SAFE,1,Situation maîtrisée
91.10,165.8,18.2,SAFE,1,Situation maîtrisée
91.15,166.0,18.1,SAFE,1,Situation maîtrisée
91.20,166.3,18.2,SAFE,1,Situation maîtrisée
91.25,166.5,18.2,SAFE,1,Situation maîtrisée
91.30,166.8,18.2,SAFE,1,Situation maîtrisée
91.35,167.0,18.3,SAFE,1,Situation maîtrisée
91.40,167.3,18.1,SAFE,1,Situation maîtrisée
91.45,167.5,18.3,SAFE,1,Situation maîtrisée
91.50,167.8,18.4,SAFE,1,Situation maîtrisée
91.55,168.0,18.2,SAFE,1,Situation maîtrisée
91.60,168.3,18.0,SAFE,1,Situation maîtrisée
91.65,168.5,18.5,SAFE,1,Situation maîtrisée
91.70,168.8,18.4,SAFE,1,Situation maîtrisée
91.75,169.0,18.7,SAFE,1,Situation maîtrisée
91.80,169.3,18.3,SAFE,1,Situation maîtrisée
91.85,169.6,18.7,SAFE,1,Situation maîtrisée
91.90,169.8,18.5,SAFE,1,Situation maîtrisée
91.95,170.1,18.8,SAFE,1,Situation maîtrisée
92.00,170.3,18.4,SAFE,1,Situation maîtrisée
92.05,170.6,18.9,SAFE,1,Situation maîtrisée
92.10,170.9,18.6,SAFE,1,Situation maîtrisée
92.15,171.1,19.0,SAFE,1,Situation maîtrisée
92.20,171.4,18.6,SAFE,1,Situation maîtrisée
92.25,171.6,19.1,SAFE,1,Situation maîtrisée
92.30,171.9,18.8,SAFE,1,Situation maîtrisée
92.35,172.2,19.2,SAFE,1,Situation maîtrisée
92.40,172.4,18.8,SAFE,1,Situation maîtrisée
92.45,172.7,19.3,SAFE,1,Situation maîtrisée
92.50,173.0,19.0,SAFE,1,Situation maîtrisée
92.55,173.2,19.3,SAFE,1,Situation maîtrisée
92.60,173.5,19.0,SAFE,1,Situation maîtrisée
92.65,173.8,19.5,SAFE,1,Situation maîtrisée
92.70,174.0,19.2,SAFE,1,Situation maîtrisée
92.75,174.3,19.5,SAFE,1,Situation maîtrisée
92.80,174.6,19.2,SAFE,1,Situation maîtrisée
92.85,174.8,19.6,SAFE,1,Situation maîtrisée
92.90,175.1,19.4,SAFE,1,Situation maîtrisée
92.95,175.4,19.7,SAFE,1,Situation maîtrisée
93.00,175.7,19.4,SAFE,1,Situation maîtrisée
93.05,175.9,19.9,SAFE,1,Situation maîtrisée
93.10,176.2,19.6,SAFE,1,Situation maîtrisée
93.15,176.5,19.9,SAFE,1,Situation maîtrisée
93.20,176.8,19.5,SAFE,1,Situation maîtrisée
93.25,177.0,20.0,SAFE,1,Situation maîtrisée
93.30,177.3,19.7,SAFE,1,Situation maîtrisée
93.35,177.6,20.0,WATCH,1,Ralentissez de 13 km/h  (20 -> 7 km/h)
93.40,177.9,19.5,WATCH,1,Ralentissez de 14 km/h  (20 -> 6 km/h)
93.45,178.1,19.6,WATCH,1,Ralentissez de 15 km/h  (20 -> 5 km/h)
93.50,178.4,18.9,WATCH,1,Ralentissez de 15 km/h  (19 -> 4 km/h)
93.55,178.7,18.7,WATCH,1,Ralentissez de 16 km/h  (19 -> 3 km/h)
93.60,178.9,17.9,WATCH,1,Ralentissez de 16 km/h  (18 -> 2 km/h)
93.65,179.2,17.8,WATCH,1,Ralentissez de 17 km/h  (18 -> 1 km/h)
93.70,179.4,17.5,WATCH,1,FREINEZ — conflit non évitable par la seule vitesse
93.75,179.6,17.1,WATCH,1,FREINEZ — conflit non évitable par la seule vitesse
93.80,179.9,16.6,SAFE,1,Situation maîtrisée
93.85,180.1,16.3,SAFE,1,Situation maîtrisée
93.90,180.3,16.2,SAFE,1,Situation maîtrisée
93.95,180.6,16.3,SAFE,1,Situation maîtrisée
94.00,180.8,16.5,SAFE,1,Situation maîtrisée
94.05,181.0,16.8,SAFE,1,Situation maîtrisée
94.10,181.2,17.0,SAFE,1,Situation maîtrisée
94.15,181.5,17.3,SAFE,1,Situation maîtrisée
94.20,181.7,17.6,SAFE,1,Situation maîtrisée
94.25,182.0,17.8,SAFE,1,Situation maîtrisée
94.30,182.2,18.1,SAFE,1,Situation maîtrisée
94.35,182.5,18.3,SAFE,1,Situation maîtrisée
94.40,182.7,18.2,SAFE,1,Situation maîtrisée
94.45,183.0,18.2,SAFE,1,Situation maîtrisée
94.50,183.2,18.0,SAFE,1,Situation maîtrisée
94.55,183.5,18.2,SAFE,1,Situation maîtrisée
94.60,183.7,18.4,SAFE,1,Situation maîtrisée
94.65,184.0,18.1,SAFE,1,Situation maîtrisée
94.70,184.3,18.1,SAFE,1,Situation maîtrisée
94.75,184.5,18.0,SAFE,1,Situation maîtrisée
94.80,184.8,18.8,SAFE,1,Situation maîtrisée
94.85,185.0,18.6,SAFE,1,Situation maîtrisée
94.90,185.3,18.6,SAFE,1,Situation maîtrisée
94.95,185.5,18.5,SAFE,1,Situation maîtrisée
95.00,185.8,18.5,SAFE,1,Situation maîtrisée
95.05,186.0,18.5,SAFE,1,Situation maîtrisée
95.10,186.3,18.6,SAFE,1,Situation maîtrisée
95.15,186.6,18.5,SAFE,1,Situation maîtrisée
95.20,186.8,18.7,SAFE,1,Situation maîtrisée
95.25,187.1,18.6,SAFE,1,Situation maîtrisée
95.30,187.3,18.8,SAFE,1,Situation maîtrisée
95.35,187.6,18.8,SAFE,1,Situation maîtrisée
95.40,187.9,18.9,SAFE,1,Situation maîtrisée
95.45,188.1,18.9,SAFE,1,Situation maîtrisée
95.50,188.4,19.0,SAFE,1,Situation maîtrisée
95.55,188.7,19.0,SAFE,1,Situation maîtrisée
95.60,188.9,19.1,SAFE,1,Situation maîtrisée
95.65,189.2,19.1,SAFE,0,Voie libre
95.70,189.5,19.2,SAFE,0,Voie libre
95.75,189.7,19.2,SAFE,0,Voie libre
95.80,190.0,19.3,SAFE,0,Voie libre
95.85,190.3,19.3,SAFE,0,Voie libre
95.90,190.5,19.4,SAFE,0,Voie libre
95.95,190.8,19.3,SAFE,0,Voie libre
96.00,191.1,19.5,SAFE,0,Voie libre
96.05,191.3,19.4,SAFE,0,Voie libre
96.10,191.6,19.5,SAFE,0,Voie libre
96.15,191.9,19.4,SAFE,0,Voie libre
96.20,192.1,19.6,SAFE,0,Voie libre
96.25,192.4,19.5,SAFE,0,Voie libre
96.30,192.7,19.6,SAFE,0,Voie libre
96.35,193.0,19.5,SAFE,0,Voie libre
96.40,193.2,19.6,SAFE,0,Voie libre
96.45,193.5,19.6,SAFE,0,Voie libre
96.50,193.8,19.6,SAFE,0,Voie libre
96.55,194.0,19.6,SAFE,0,Voie libre
96.60,194.3,19.7,SAFE,0,Voie libre
96.65,194.6,19.6,SAFE,0,Voie libre
96.70,194.9,19.7,SAFE,0,Voie libre
96.75,195.1,19.6,SAFE,0,Voie libre
96.80,195.4,19.7,SAFE,0,Voie libre
96.85,195.7,19.6,SAFE,0,Voie libre
96.90,196.0,19.7,SAFE,0,Voie libre
96.95,196.2,19.6,SAFE,0,Voie libre
97.00,196.5,19.7,SAFE,0,Voie libre
97.05,196.8,19.6,SAFE,0,Voie libre
97.10,197.0,19.7,SAFE,0,Voie libre
97.15,197.3,19.7,SAFE,0,Voie libre
97.20,197.6,19.7,SAFE,0,Voie libre
97.25,197.9,19.7,SAFE,0,Voie libre
97.30,198.1,19.7,SAFE,0,Voie libre
97.35,198.4,19.7,SAFE,0,Voie libre
97.40,198.7,19.7,SAFE,0,Voie libre
97.45,199.0,19.7,SAFE,0,Voie libre
97.50,199.2,19.8,SAFE,0,Voie libre
97.55,199.5,19.7,SAFE,0,Voie libre
97.60,199.8,19.8,SAFE,0,Voie libre
97.65,200.1,19.7,SAFE,0,Voie libre
97.70,200.3,19.8,SAFE,0,Voie libre
97.75,200.6,19.7,SAFE,0,Voie libre
97.80,200.9,19.8,SAFE,0,Voie libre
97.85,201.2,19.7,SAFE,0,Voie libre
97.90,201.4,19.8,SAFE,0,Voie libre
97.95,201.7,19.7,SAFE,0,Voie libre
98.00,202.0,19.8,SAFE,0,Voie libre
98.05,202.2,19.7,SAFE,0,Voie libre
98.10,202.5,19.8,SAFE,0,Voie libre
98.15,202.8,19.7,SAFE,0,Voie libre
98.20,203.1,19.8,SAFE,0,Voie libre
98.25,203.3,19.7,SAFE,0,Voie libre
98.30,203.6,19.8,SAFE,0,Voie libre
98.35,203.9,19.7,SAFE,0,Voie libre
98.40,204.2,19.8,SAFE,0,Voie libre
98.45,204.4,19.7,SAFE,0,Voie libre
98.50,204.7,19.8,SAFE,0,Voie libre
98.55,205.0,19.7,SAFE,0,Voie libre
98.60,205.3,19.8,SAFE,0,Voie libre
98.65,205.5,19.7,SAFE,0,Voie libre
98.70,205.8,19.8,SAFE,0,Voie libre
98.75,206.1,19.7,SAFE,0,Voie libre
98.80,206.4,19.8,SAFE,0,Voie libre
98.85,206.6,19.7,SAFE,0,Voie libre
98.90,206.9,19.8,SAFE,0,Voie libre
98.95,207.2,19.7,SAFE,0,Voie libre
99.00,207.5,19.8,SAFE,0,Voie libre
99.05,207.7,19.7,SAFE,0,Voie libre
99.10,208.0,19.8,SAFE,0,Voie libre
99.15,208.3,19.7,SAFE,0,Voie libre
99.20,208.6,19.8,SAFE,0,Voie libre
99.25,208.8,19.7,SAFE,0,Voie libre
99.30,209.1,19.8,SAFE,0,Voie libre
99.35,209.4,19.7,SAFE,0,Voie libre
99.40,209.7,19.8,SAFE,0,Voie libre
99.45,209.9,19.7,SAFE,0,Voie libre
99.50,210.2,19.8,SAFE,0,Voie libre
99.55,210.5,19.7,SAFE,0,Voie libre
99.60,210.8,19.8,SAFE,0,Voie libre
99.65,211.0,19.7,SAFE,0,Voie libre
99.70,211.3,19.8,SAFE,1,Situation maîtrisée
99.75,211.6,19.7,SAFE,1,Situation maîtrisée
99.80,211.8,19.8,SAFE,1,Situation maîtrisée
99.85,212.1,19.7,SAFE,1,Situation maîtrisée
99.90,212.4,19.8,SAFE,1,Situation maîtrisée
99.95,212.7,19.7,SAFE,1,Situation maîtrisée
100.00,212.9,19.8,SAFE,1,Situation maîtrisée
100.05,213.2,19.7,SAFE,1,Situation maîtrisée
100.10,213.5,19.8,SAFE,1,Situation maîtrisée
100.15,213.8,19.7,SAFE,1,Situation maîtrisée
100.20,214.0,19.8,SAFE,1,Situation maîtrisée
100.25,214.3,19.7,SAFE,1,Situation maîtrisée
100.30,214.6,19.8,SAFE,1,Situation maîtrisée
100.35,214.9,19.7,SAFE,1,Situation maîtrisée
100.40,215.1,19.8,SAFE,1,Situation maîtrisée
100.45,215.4,19.7,SAFE,1,Situation maîtrisée
100.50,215.7,19.8,SAFE,1,Situation maîtrisée
100.55,216.0,19.7,SAFE,1,Situation maîtrisée
100.60,216.2,19.8,SAFE,1,Situation maîtrisée
100.65,216.5,19.7,SAFE,1,Situation maîtrisée
100.70,216.8,19.8,SAFE,1,Situation maîtrisée
100.75,217.1,19.7,SAFE,1,Situation maîtrisée
100.80,217.3,19.8,SAFE,1,Situation maîtrisée
100.85,217.6,19.7,SAFE,1,Situation maîtrisée
100.90,217.9,19.8,SAFE,1,Situation maîtrisée
100.95,218.2,19.7,SAFE,1,Situation maîtrisée
101.00,218.4,19.8,SAFE,1,Situation maîtrisée
101.05,218.7,19.7,SAFE,1,Situation maîtrisée
101.10,219.0,19.8,SAFE,1,Situation maîtrisée
101.15,219.3,19.7,SAFE,1,Situation maîtrisée
101.20,219.5,19.8,SAFE,1,Situation maîtrisée
101.25,219.8,19.7,SAFE,1,Situation maîtrisée
101.30,220.1,19.8,SAFE,1,Situation maîtrisée
101.35,220.4,19.7,SAFE,1,Situation maîtrisée
101.40,220.6,19.8,SAFE,1,Situation maîtrisée
101.45,220.9,19.7,SAFE,1,Situation maîtrisée
101.50,221.2,19.8,SAFE,1,Situation maîtrisée
101.55,221.5,19.7,SAFE,1,Situation maîtrisée
101.60,221.7,19.8,SAFE,1,Situation maîtrisée
101.65,222.0,19.7,SAFE,1,Situation maîtrisée
101.70,222.3,19.8,SAFE,0,Voie libre
101.75,222.6,19.7,SAFE,0,Voie libre
101.80,222.8,19.8,SAFE,0,Voie libre
101.85,223.1,19.7,SAFE,0,Voie libre
101.90,223.4,19.8,SAFE,0,Voie libre
101.95,223.7,19.7,SAFE,0,Voie libre
102.00,223.9,19.8,SAFE,0,Voie libre
102.05,224.2,19.7,SAFE,0,Voie libre
102.10,224.5,19.8,SAFE,0,Voie libre
102.15,224.8,19.7,SAFE,0,Voie libre
102.20,225.0,19.8,SAFE,0,Voie libre
102.25,225.3,19.7,SAFE,0,Voie libre
102.30,225.6,19.8,SAFE,0,Voie libre
102.35,225.8,19.7,SAFE,0,Voie libre
102.40,226.1,19.8,SAFE,0,Voie libre
102.45,226.4,19.7,SAFE,0,Voie libre
102.50,226.7,19.8,SAFE,0,Voie libre
102.55,226.9,19.7,SAFE,0,Voie libre
102.60,227.2,19.8,SAFE,0,Voie libre
102.65,227.5,19.7,SAFE,0,Voie libre
102.70,227.8,19.8,SAFE,0,Voie libre
102.75,228.0,19.7,SAFE,0,Voie libre
102.80,228.3,19.8,SAFE,0,Voie libre
102.85,228.6,19.7,SAFE,0,Voie libre
102.90,228.9,19.8,SAFE,0,Voie libre
102.95,229.1,19.7,SAFE,0,Voie libre
103.00,229.4,19.8,SAFE,0,Voie libre
103.05,229.7,19.7,SAFE,0,Voie libre
103.10,230.0,19.8,SAFE,0,Voie libre
103.15,230.2,19.7,SAFE,0,Voie libre
103.20,230.5,19.8,SAFE,0,Voie libre
103.25,230.8,19.7,SAFE,0,Voie libre
103.30,231.1,19.8,SAFE,0,Voie libre
103.35,231.3,19.7,SAFE,0,Voie libre
103.40,231.6,19.8,SAFE,0,Voie libre
103.45,231.9,19.7,SAFE,0,Voie libre
103.50,232.2,19.8,SAFE,0,Voie libre
103.55,232.4,19.7,SAFE,0,Voie libre
103.60,232.7,19.8,SAFE,0,Voie libre
103.65,233.0,19.7,SAFE,0,Voie libre
103.70,233.3,19.8,SAFE,0,Voie libre
103.75,233.5,19.7,SAFE,0,Voie libre
103.80,233.8,19.8,SAFE,0,Voie libre
103.85,234.1,19.7,SAFE,0,Voie libre
103.90,234.4,19.8,SAFE,0,Voie libre
103.95,234.6,19.7,SAFE,0,Voie libre
104.00,234.9,19.8,SAFE,0,Voie libre
104.05,235.2,19.7,SAFE,0,Voie libre
104.10,235.5,19.8,SAFE,0,Voie libre
104.15,235.7,19.7,SAFE,0,Voie libre
104.20,236.0,19.8,SAFE,0,Voie libre
104.25,236.3,19.7,SAFE,0,Voie libre
104.30,236.6,19.8,SAFE,0,Voie libre
104.35,236.8,19.7,SAFE,0,Voie libre
104.40,237.1,19.8,SAFE,0,Voie libre
104.45,237.4,19.7,SAFE,0,Voie libre
104.50,237.7,19.8,SAFE,0,Voie libre
104.55,237.9,19.7,SAFE,0,Voie libre
104.60,238.2,19.8,SAFE,0,Voie libre
104.65,238.5,19.7,SAFE,0,Voie libre
104.70,238.8,19.8,SAFE,0,Voie libre
104.75,239.0,19.7,SAFE,0,Voie libre
104.80,239.3,19.8,SAFE,0,Voie libre
104.85,239.6,19.7,SAFE,0,Voie libre
104.90,239.8,19.8,SAFE,0,Voie libre
104.95,240.1,19.7,SAFE,0,Voie libre
105.00,240.4,19.8,SAFE,0,Voie libre
105.05,240.7,19.7,SAFE,0,Voie libre
105.10,240.9,19.8,SAFE,0,Voie libre
105.15,241.2,19.7,SAFE,0,Voie libre
105.20,241.5,19.8,SAFE,0,Voie libre
105.25,241.8,19.7,SAFE,0,Voie libre
105.30,242.0,19.8,SAFE,0,Voie libre
105.35,242.3,19.7,SAFE,0,Voie libre
105.40,242.6,19.8,SAFE,0,Voie libre
105.45,242.9,19.7,SAFE,0,Voie libre
105.50,243.1,19.8,SAFE,0,Voie libre
105.55,243.4,19.7,SAFE,0,Voie libre
105.60,243.7,19.8,SAFE,0,Voie libre
105.65,244.0,19.7,SAFE,0,Voie libre
105.70,244.2,19.8,SAFE,0,Voie libre
105.75,244.5,19.7,SAFE,0,Voie libre
105.80,244.8,19.8,SAFE,0,Voie libre
105.85,245.1,19.7,SAFE,0,Voie libre
105.90,245.3,19.8,SAFE,0,Voie libre
105.95,245.6,19.7,SAFE,0,Voie libre
106.00,245.9,19.9,SAFE,0,Voie libre
106.05,246.2,20.0,SAFE,0,Voie libre
106.10,246.4,19.9,SAFE,0,Voie libre
106.15,246.7,20.5,SAFE,0,Voie libre
106.20,247.0,20.3,SAFE,0,Voie libre
106.25,247.3,20.6,SAFE,0,Voie libre
106.30,247.6,20.3,SAFE,0,Voie libre
106.35,247.9,20.7,SAFE,0,Voie libre
106.40,248.1,20.4,SAFE,0,Voie libre
106.45,248.4,20.7,SAFE,0,Voie libre
106.50,248.7,20.3,SAFE,0,Voie libre
106.55,249.0,20.7,SAFE,0,Voie libre
106.60,249.3,20.4,SAFE,0,Voie libre
106.65,249.6,20.3,SAFE,0,Voie libre
106.70,249.8,20.1,SAFE,0,Voie libre
106.75,250.1,20.0,SAFE,0,Voie libre
106.80,250.4,19.9,SAFE,0,Voie libre
106.85,250.7,19.9,SAFE,0,Voie libre
106.90,251.0,19.8,SAFE,0,Voie libre
106.95,251.2,19.7,SAFE,0,Voie libre
107.00,251.5,19.7,SAFE,0,Voie libre
107.05,251.8,19.7,SAFE,0,Voie libre
107.10,252.0,19.7,SAFE,0,Voie libre
107.15,252.3,19.6,SAFE,0,Voie libre
107.20,252.6,19.6,SAFE,0,Voie libre
107.25,252.9,19.6,SAFE,0,Voie libre
107.30,253.1,19.6,SAFE,0,Voie libre
107.35,253.4,19.6,SAFE,0,Voie libre
107.40,253.7,19.6,SAFE,0,Voie libre
107.45,254.0,19.6,SAFE,0,Voie libre
107.50,254.2,19.6,SAFE,0,Voie libre
107.55,254.5,19.6,SAFE,0,Voie libre
107.60,254.8,19.6,SAFE,0,Voie libre
107.65,255.0,19.6,SAFE,0,Voie libre
107.70,255.3,19.6,SAFE,0,Voie libre
107.75,255.6,19.6,SAFE,0,Voie libre
107.80,255.9,19.6,SAFE,0,Voie libre
107.85,256.1,19.6,SAFE,0,Voie libre
107.90,256.4,19.6,SAFE,0,Voie libre
107.95,256.7,19.6,SAFE,0,Voie libre
108.00,257.0,19.6,SAFE,0,Voie libre
108.05,257.2,19.7,SAFE,0,Voie libre
108.10,257.5,19.7,SAFE,0,Voie libre
108.15,257.8,19.7,SAFE,0,Voie libre
108.20,258.0,19.7,SAFE,0,Voie libre
108.25,258.3,19.7,SAFE,0,Voie libre
108.30,258.6,19.7,SAFE,0,Voie libre
108.35,258.9,19.7,SAFE,0,Voie libre
108.40,259.1,19.7,SAFE,0,Voie libre
108.45,259.4,19.7,SAFE,0,Voie libre
108.50,259.7,19.7,SAFE,0,Voie libre
108.55,260.0,19.7,SAFE,0,Voie libre
108.60,260.2,19.7,SAFE,0,Voie libre
108.65,260.5,19.7,SAFE,0,SAFE : Arrêt au feu rouge
108.70,260.8,19.6,SAFE,0,SAFE : Arrêt au feu rouge
108.75,261.0,19.3,SAFE,0,SAFE : Arrêt au feu rouge
108.80,261.3,18.5,SAFE,0,SAFE : Arrêt au feu rouge
108.85,261.5,14.2,SAFE,0,SAFE : Arrêt au feu rouge
108.90,261.7,9.3,SAFE,0,SAFE : Arrêt au feu rouge
108.95,261.8,4.5,SAFE,0,SAFE : Arrêt au feu rouge
109.00,261.8,0.4,SAFE,0,SAFE : Arrêt au feu rouge
109.05,261.8,0.0,SAFE,0,SAFE : Arrêt au feu rouge
109.10,261.8,0.0,SAFE,0,SAFE : Arrêt au feu rouge
109.15,261.8,0.0,SAFE,0,SAFE : Arrêt au feu rouge
109.20,261.8,0.0,SAFE,0,SAFE : Arrêt au feu rouge
109.25,261.8,0.0,SAFE,0,SAFE : Arrêt au feu rouge
109.30,261.8,0.0,SAFE,0,SAFE : Arrêt au feu rouge
109.35,261.8,0.0,SAFE,0,SAFE : Arrêt au feu rouge
109.40,261.8,0.0,SAFE,0,SAFE : Arrêt au feu rouge
109.45,261.8,0.0,SAFE,0,SAFE : Arrêt au feu rouge
109.50,261.8,0.0,SAFE,0,SAFE : Arrêt au feu rouge
109.55,261.8,0.0,SAFE,0,SAFE : Arrêt au feu rouge
109.60,261.8,0.0,SAFE,0,SAFE : Arrêt au feu rouge
109.65,261.8,0.0,SAFE,0,SAFE : Arrêt au feu rouge
109.70,261.8,0.0,SAFE,0,SAFE : Arrêt au feu rouge
109.75,261.8,0.0,SAFE,0,SAFE : Arrêt au feu rouge
109.80,261.8,0.0,SAFE,0,SAFE : Arrêt au feu rouge
109.85,261.8,0.0,SAFE,0,SAFE : Arrêt au feu rouge
109.90,261.8,0.0,SAFE,0,SAFE : Arrêt au feu rouge
109.95,261.8,0.0,SAFE,0,SAFE : Arrêt au feu rouge
110.00,261.8,0.0,SAFE,0,SAFE : Arrêt au feu rouge
110.05,261.8,0.0,SAFE,0,SAFE : Arrêt au feu rouge
110.10,261.8,0.0,SAFE,0,SAFE : Arrêt au feu rouge
110.15,261.8,0.0,SAFE,0,SAFE : Arrêt au feu rouge
110.20,261.8,0.0,SAFE,0,SAFE : Arrêt au feu rouge
110.25,261.8,0.0,SAFE,0,SAFE : Arrêt au feu rouge
110.30,261.8,0.0,SAFE,0,SAFE : Arrêt au feu rouge
110.35,261.8,0.0,SAFE,0,SAFE : Arrêt au feu rouge
110.40,261.8,0.0,SAFE,0,SAFE : Arrêt au feu rouge
110.45,261.8,0.0,SAFE,0,SAFE : Arrêt au feu rouge
110.50,261.8,0.0,SAFE,0,SAFE : Arrêt au feu rouge
110.55,261.8,0.0,SAFE,0,SAFE : Arrêt au feu rouge
110.60,261.8,0.0,SAFE,0,SAFE : Arrêt au feu rouge
110.65,261.8,0.0,SAFE,0,SAFE : Arrêt au feu rouge
110.70,261.8,0.0,SAFE,0,SAFE : Arrêt au feu rouge
110.75,261.8,0.0,SAFE,0,SAFE : Arrêt au feu rouge
110.80,261.8,0.0,SAFE,0,SAFE : Arrêt au feu rouge
110.85,261.8,0.0,SAFE,0,SAFE : Arrêt au feu rouge
110.90,261.8,0.0,SAFE,0,SAFE : Arrêt au feu rouge
110.95,261.8,0.0,SAFE,0,SAFE : Arrêt au feu rouge
111.00,261.8,0.0,SAFE,0,SAFE : Arrêt au feu rouge
111.05,261.8,0.0,SAFE,0,SAFE : Arrêt au feu rouge
111.10,261.8,0.0,SAFE,0,SAFE : Arrêt au feu rouge
111.15,261.8,0.0,SAFE,0,SAFE : Arrêt au feu rouge
111.20,261.8,0.0,SAFE,0,SAFE : Arrêt au feu rouge
111.25,261.8,0.0,SAFE,0,SAFE : Arrêt au feu rouge
111.30,261.8,0.0,SAFE,0,SAFE : Arrêt au feu rouge
111.35,261.8,0.0,SAFE,0,SAFE : Arrêt au feu rouge
111.40,261.8,0.0,SAFE,0,SAFE : Arrêt au feu rouge
111.45,261.8,0.0,SAFE,0,SAFE : Arrêt au feu rouge
111.50,261.8,0.0,SAFE,0,SAFE : Arrêt au feu rouge
111.55,261.8,0.0,SAFE,0,SAFE : Arrêt au feu rouge
111.60,261.8,0.0,SAFE,0,SAFE : Arrêt au feu rouge
111.65,261.8,0.0,SAFE,0,SAFE : Arrêt au feu rouge
111.70,261.8,0.0,SAFE,0,SAFE : Arrêt au feu rouge
111.75,261.8,0.0,SAFE,0,SAFE : Arrêt au feu rouge
111.80,261.8,0.0,SAFE,0,SAFE : Arrêt au feu rouge
111.85,261.8,0.0,SAFE,0,SAFE : Arrêt au feu rouge
111.90,261.8,0.0,SAFE,0,SAFE : Arrêt au feu rouge
111.95,261.8,0.0,SAFE,0,SAFE : Arrêt au feu rouge
112.00,261.8,0.0,SAFE,0,SAFE : Arrêt au feu rouge
112.05,261.8,0.0,SAFE,0,SAFE : Arrêt au feu rouge
112.10,261.8,0.0,SAFE,0,SAFE : Arrêt au feu rouge
112.15,261.8,0.0,SAFE,0,SAFE : Arrêt au feu rouge
112.20,261.8,0.0,SAFE,0,SAFE : Arrêt au feu rouge
112.25,261.8,0.0,SAFE,0,SAFE : Arrêt au feu rouge
112.30,261.8,0.0,SAFE,0,SAFE : Arrêt au feu rouge
112.35,261.8,0.0,SAFE,0,SAFE : Arrêt au feu rouge
112.40,261.8,0.0,SAFE,0,SAFE : Arrêt au feu rouge
112.45,261.8,0.0,SAFE,0,SAFE : Arrêt au feu rouge
112.50,261.8,0.0,SAFE,0,SAFE : Arrêt au feu rouge
112.55,261.8,0.0,SAFE,0,SAFE : Arrêt au feu rouge
112.60,261.8,0.0,SAFE,0,SAFE : Arrêt au feu rouge
112.65,261.8,0.0,SAFE,0,SAFE : Arrêt au feu rouge
112.70,261.8,0.0,SAFE,0,SAFE : Arrêt au feu rouge
112.75,261.8,0.0,SAFE,0,SAFE : Arrêt au feu rouge
112.80,261.8,0.0,SAFE,0,SAFE : Arrêt au feu rouge
112.85,261.8,0.0,SAFE,0,SAFE : Arrêt au feu rouge
112.90,261.8,0.0,SAFE,0,SAFE : Arrêt au feu rouge
112.95,261.8,0.0,SAFE,0,SAFE : Arrêt au feu rouge
113.00,261.8,0.0,SAFE,0,SAFE : Arrêt au feu rouge
113.05,261.8,0.0,SAFE,0,SAFE : Arrêt au feu rouge
113.10,261.8,0.0,SAFE,0,SAFE : Arrêt au feu rouge
113.15,261.8,0.0,SAFE,0,SAFE : Arrêt au feu rouge
113.20,261.8,0.0,SAFE,0,SAFE : Arrêt au feu rouge
113.25,261.8,0.0,SAFE,0,SAFE : Arrêt au feu rouge
113.30,261.8,0.0,SAFE,0,SAFE : Arrêt au feu rouge
113.35,261.8,0.0,SAFE,0,SAFE : Arrêt au feu rouge
113.40,261.8,0.0,SAFE,0,SAFE : Arrêt au feu rouge
113.45,261.8,0.0,SAFE,0,SAFE : Arrêt au feu rouge
113.50,261.8,0.0,SAFE,0,SAFE : Arrêt au feu rouge
113.55,261.8,0.0,SAFE,0,SAFE : Arrêt au feu rouge
113.60,261.8,0.0,SAFE,0,SAFE : Arrêt au feu rouge
113.65,261.8,0.0,SAFE,0,SAFE : Arrêt au feu rouge
113.70,261.8,0.0,SAFE,0,SAFE : Arrêt au feu rouge
113.75,261.8,0.0,SAFE,0,SAFE : Arrêt au feu rouge
113.80,261.8,0.0,SAFE,0,SAFE : Arrêt au feu rouge
113.85,261.8,0.0,SAFE,0,SAFE : Arrêt au feu rouge
113.90,261.8,0.0,SAFE,0,SAFE : Arrêt au feu rouge
113.95,261.8,0.0,SAFE,0,SAFE : Arrêt au feu rouge
114.00,261.8,0.0,SAFE,0,SAFE : Arrêt au feu rouge
114.05,261.8,0.0,SAFE,0,SAFE : Arrêt au feu rouge
114.10,261.8,0.0,SAFE,0,SAFE : Arrêt au feu rouge
114.15,261.8,0.0,SAFE,0,SAFE : Arrêt au feu rouge
114.20,261.8,0.0,SAFE,0,SAFE : Arrêt au feu rouge
114.25,261.8,0.0,SAFE,0,SAFE : Arrêt au feu rouge
114.30,261.8,0.0,SAFE,0,SAFE : Arrêt au feu rouge
114.35,261.8,0.0,SAFE,0,SAFE : Arrêt au feu rouge
114.40,261.8,0.0,SAFE,0,SAFE : Arrêt au feu rouge
114.45,261.8,0.0,SAFE,0,SAFE : Arrêt au feu rouge
114.50,261.8,0.0,SAFE,0,SAFE : Arrêt au feu rouge
114.55,261.8,0.0,SAFE,0,SAFE : Arrêt au feu rouge
114.60,261.8,0.0,SAFE,0,SAFE : Arrêt au feu rouge
114.65,261.8,0.0,SAFE,0,SAFE : Arrêt au feu rouge
114.70,261.8,0.0,SAFE,0,SAFE : Arrêt au feu rouge
114.75,261.8,0.0,SAFE,0,SAFE : Arrêt au feu rouge
114.80,261.8,0.0,SAFE,0,SAFE : Arrêt au feu rouge
114.85,261.8,0.0,SAFE,0,SAFE : Arrêt au feu rouge
114.90,261.8,0.0,SAFE,0,SAFE : Arrêt au feu rouge
114.95,261.8,0.0,SAFE,0,SAFE : Arrêt au feu rouge
115.00,261.8,0.0,SAFE,0,SAFE : Arrêt au feu rouge
115.05,261.8,0.0,SAFE,0,SAFE : Arrêt au feu rouge
115.10,261.8,0.0,SAFE,0,SAFE : Arrêt au feu rouge
115.15,261.8,0.0,SAFE,0,SAFE : Arrêt au feu rouge
115.20,261.8,0.0,SAFE,0,SAFE : Arrêt au feu rouge
115.25,261.8,0.0,SAFE,0,SAFE : Arrêt au feu rouge
115.30,261.8,0.0,SAFE,0,SAFE : Arrêt au feu rouge
115.35,261.8,0.0,SAFE,0,SAFE : Arrêt au feu rouge
115.40,261.8,0.0,SAFE,0,SAFE : Arrêt au feu rouge
115.45,261.8,0.0,SAFE,0,SAFE : Arrêt au feu rouge
115.50,261.8,0.0,SAFE,0,SAFE : Arrêt au feu rouge
115.55,261.8,0.0,SAFE,0,SAFE : Arrêt au feu rouge
115.60,261.8,0.0,SAFE,0,SAFE : Arrêt au feu rouge
115.65,261.8,0.0,SAFE,0,SAFE : Arrêt au feu rouge
115.70,261.8,0.0,SAFE,0,SAFE : Arrêt au feu rouge
115.75,261.8,0.0,SAFE,0,SAFE : Arrêt au feu rouge
115.80,261.8,0.0,SAFE,0,SAFE : Arrêt au feu rouge
115.85,261.8,0.0,SAFE,0,SAFE : Arrêt au feu rouge
115.90,261.8,0.0,SAFE,0,SAFE : Arrêt au feu rouge
115.95,261.8,0.0,SAFE,0,SAFE : Arrêt au feu rouge
116.00,261.8,0.0,SAFE,0,SAFE : Arrêt au feu rouge
116.05,261.8,0.0,SAFE,0,SAFE : Arrêt au feu rouge
116.10,261.8,0.0,SAFE,0,SAFE : Arrêt au feu rouge
116.15,261.8,0.0,SAFE,0,SAFE : Arrêt au feu rouge
116.20,261.8,0.0,SAFE,0,SAFE : Arrêt au feu rouge
116.25,261.8,0.0,SAFE,0,SAFE : Arrêt au feu rouge
116.30,261.8,0.0,SAFE,0,SAFE : Arrêt au feu rouge
116.35,261.8,0.0,SAFE,0,SAFE : Arrêt au feu rouge
116.40,261.8,0.0,SAFE,0,SAFE : Arrêt au feu rouge
116.45,261.8,0.0,SAFE,0,SAFE : Arrêt au feu rouge
116.50,261.8,0.0,SAFE,0,SAFE : Arrêt au feu rouge
116.55,261.8,0.0,SAFE,0,SAFE : Arrêt au feu rouge
116.60,261.8,0.0,SAFE,0,SAFE : Arrêt au feu rouge
116.65,261.8,0.0,SAFE,0,SAFE : Arrêt au feu rouge
116.70,261.8,0.0,SAFE,0,SAFE : Arrêt au feu rouge
116.75,261.8,0.0,SAFE,0,SAFE : Arrêt au feu rouge
116.80,261.8,0.0,SAFE,0,SAFE : Arrêt au feu rouge
116.85,261.8,0.0,SAFE,0,SAFE : Arrêt au feu rouge
116.90,261.8,0.0,SAFE,0,SAFE : Arrêt au feu rouge
116.95,261.8,0.0,SAFE,0,SAFE : Arrêt au feu rouge
117.00,261.8,0.0,SAFE,0,SAFE : Arrêt au feu rouge
117.05,261.8,0.0,SAFE,0,SAFE : Arrêt au feu rouge
117.10,261.8,0.0,SAFE,0,SAFE : Arrêt au feu rouge
117.15,261.8,0.0,SAFE,0,SAFE : Arrêt au feu rouge
117.20,261.8,0.0,SAFE,0,SAFE : Arrêt au feu rouge
117.25,261.8,0.0,SAFE,0,SAFE : Arrêt au feu rouge
117.30,261.8,0.0,SAFE,0,SAFE : Arrêt au feu rouge
117.35,261.8,0.0,SAFE,0,SAFE : Arrêt au feu rouge
117.40,261.8,0.0,SAFE,0,SAFE : Arrêt au feu rouge
117.45,261.8,0.0,SAFE,0,SAFE : Arrêt au feu rouge
117.50,261.8,0.0,SAFE,0,SAFE : Arrêt au feu rouge
117.55,261.8,0.0,SAFE,0,SAFE : Arrêt au feu rouge
117.60,261.8,0.0,SAFE,0,SAFE : Arrêt au feu rouge
117.65,261.8,0.0,SAFE,0,SAFE : Arrêt au feu rouge
117.70,261.8,0.0,SAFE,0,SAFE : Arrêt au feu rouge
117.75,261.8,0.0,SAFE,0,SAFE : Arrêt au feu rouge
117.80,261.8,0.0,SAFE,0,SAFE : Arrêt au feu rouge
117.85,261.8,0.0,SAFE,0,SAFE : Arrêt au feu rouge
117.90,261.8,0.0,SAFE,0,SAFE : Arrêt au feu rouge
117.95,261.8,0.0,SAFE,0,SAFE : Arrêt au feu rouge
118.00,261.8,0.0,SAFE,0,SAFE : Arrêt au feu rouge
118.05,261.8,0.0,SAFE,0,SAFE : Arrêt au feu rouge
118.10,261.8,0.0,SAFE,0,SAFE : Arrêt au feu rouge
118.15,261.8,0.0,SAFE,0,SAFE : Arrêt au feu rouge
118.20,261.8,0.0,SAFE,0,SAFE : Arrêt au feu rouge
118.25,261.8,0.0,SAFE,0,SAFE : Arrêt au feu rouge
118.30,261.8,0.0,SAFE,0,SAFE : Arrêt au feu rouge
118.35,261.8,0.0,SAFE,0,SAFE : Arrêt au feu rouge
118.40,261.8,0.0,SAFE,0,SAFE : Arrêt au feu rouge
118.45,261.8,0.0,SAFE,0,SAFE : Arrêt au feu rouge
118.50,261.8,0.0,SAFE,0,SAFE : Arrêt au feu rouge
118.55,261.8,0.0,SAFE,0,SAFE : Arrêt au feu rouge
118.60,261.8,0.0,SAFE,0,SAFE : Arrêt au feu rouge
118.65,261.8,0.0,SAFE,0,SAFE : Arrêt au feu rouge
118.70,261.8,0.0,SAFE,0,SAFE : Arrêt au feu rouge
118.75,261.8,0.0,SAFE,0,SAFE : Arrêt au feu rouge
118.80,261.8,0.0,SAFE,0,SAFE : Arrêt au feu rouge
118.85,261.8,0.0,SAFE,0,SAFE : Arrêt au feu rouge
118.90,261.8,0.0,SAFE,0,SAFE : Arrêt au feu rouge
118.95,261.8,0.0,SAFE,0,SAFE : Arrêt au feu rouge
119.00,261.8,0.0,SAFE,0,SAFE : Arrêt au feu rouge
119.05,261.8,0.0,SAFE,0,SAFE : Arrêt au feu rouge
119.10,261.8,0.0,SAFE,0,SAFE : Arrêt au feu rouge
119.15,261.8,0.0,SAFE,0,SAFE : Arrêt au feu rouge
119.20,261.8,0.0,SAFE,0,SAFE : Arrêt au feu rouge
119.25,261.8,0.0,SAFE,0,SAFE : Arrêt au feu rouge
119.30,261.8,0.0,SAFE,0,SAFE : Arrêt au feu rouge
119.35,261.8,0.0,SAFE,0,SAFE : Arrêt au feu rouge
119.40,261.8,0.0,SAFE,0,SAFE : Arrêt au feu rouge
119.45,261.8,0.0,SAFE,0,SAFE : Arrêt au feu rouge
119.50,261.8,0.0,SAFE,0,SAFE : Arrêt au feu rouge
119.55,261.8,0.0,SAFE,0,SAFE : Arrêt au feu rouge
119.60,261.8,0.0,SAFE,0,SAFE : Arrêt au feu rouge
119.65,261.8,0.0,SAFE,0,SAFE : Arrêt au feu rouge
119.70,261.8,0.0,SAFE,0,SAFE : Arrêt au feu rouge
119.75,261.8,0.0,SAFE,0,SAFE : Arrêt au feu rouge
119.80,261.8,0.0,SAFE,0,SAFE : Arrêt au feu rouge
119.85,261.8,0.0,SAFE,0,SAFE : Arrêt au feu rouge
119.90,261.8,0.0,SAFE,0,SAFE : Arrêt au feu rouge
119.95,261.8,0.0,SAFE,0,SAFE : Arrêt au feu rouge
120.00,261.8,0.0,SAFE,0,SAFE : Arrêt au feu rouge
120.05,261.8,0.0,SAFE,0,SAFE : Arrêt au feu rouge
120.10,261.8,0.0,SAFE,0,SAFE : Arrêt au feu rouge
120.15,261.8,0.0,SAFE,0,SAFE : Arrêt au feu rouge
120.20,261.8,0.0,SAFE,0,SAFE : Arrêt au feu rouge
120.25,261.8,0.0,SAFE,0,SAFE : Arrêt au feu rouge
120.30,261.8,0.0,SAFE,0,SAFE : Arrêt au feu rouge
120.35,261.8,0.0,SAFE,0,SAFE : Arrêt au feu rouge
120.40,261.8,0.0,SAFE,0,SAFE : Arrêt au feu rouge
120.45,261.8,0.0,SAFE,0,SAFE : Arrêt au feu rouge
120.50,261.8,0.0,SAFE,0,SAFE : Arrêt au feu rouge
120.55,261.8,0.0,SAFE,0,SAFE : Arrêt au feu rouge
120.60,261.8,0.0,SAFE,0,SAFE : Arrêt au feu rouge
120.65,261.8,0.0,SAFE,0,SAFE : Arrêt au feu rouge
120.70,261.8,0.0,SAFE,0,SAFE : Arrêt au feu rouge
120.75,261.8,0.0,SAFE,0,SAFE : Arrêt au feu rouge
120.80,261.8,0.0,SAFE,0,SAFE : Arrêt au feu rouge
120.85,261.8,0.0,SAFE,0,SAFE : Arrêt au feu rouge
120.90,261.8,0.0,SAFE,0,SAFE : Arrêt au feu rouge
120.95,261.8,0.0,SAFE,0,SAFE : Arrêt au feu rouge
121.00,261.8,0.0,SAFE,0,SAFE : Arrêt au feu rouge
121.05,261.8,0.0,SAFE,0,SAFE : Arrêt au feu rouge
121.10,261.8,0.0,SAFE,0,SAFE : Arrêt au feu rouge
121.15,261.8,0.0,SAFE,0,SAFE : Arrêt au feu rouge
121.20,261.8,0.0,SAFE,0,SAFE : Arrêt au feu rouge
121.25,261.8,0.0,SAFE,0,SAFE : Arrêt au feu rouge
121.30,261.8,0.0,SAFE,0,SAFE : Arrêt au feu rouge
121.35,261.8,0.0,SAFE,0,SAFE : Arrêt au feu rouge
121.40,261.8,0.0,SAFE,0,SAFE : Arrêt au feu rouge
121.45,261.8,0.0,SAFE,0,SAFE : Arrêt au feu rouge
121.50,261.8,0.0,SAFE,0,SAFE : Arrêt au feu rouge
121.55,261.8,0.0,SAFE,0,SAFE : Arrêt au feu rouge
121.60,261.8,0.0,SAFE,0,SAFE : Arrêt au feu rouge
121.65,261.8,0.0,SAFE,0,SAFE : Arrêt au feu rouge
121.70,261.8,0.0,SAFE,0,SAFE : Arrêt au feu rouge
121.75,261.8,0.0,SAFE,0,SAFE : Arrêt au feu rouge
121.80,261.8,0.0,SAFE,0,SAFE : Arrêt au feu rouge
121.85,261.8,0.0,SAFE,0,SAFE : Arrêt au feu rouge
121.90,261.8,0.0,SAFE,0,SAFE : Arrêt au feu rouge
121.95,261.8,0.0,SAFE,0,SAFE : Arrêt au feu rouge
122.00,261.8,0.0,SAFE,0,SAFE : Arrêt au feu rouge
122.05,261.8,0.0,SAFE,0,SAFE : Arrêt au feu rouge
122.10,261.8,0.0,SAFE,0,SAFE : Arrêt au feu rouge
122.15,261.8,0.0,SAFE,0,SAFE : Arrêt au feu rouge
122.20,261.8,0.0,SAFE,0,SAFE : Arrêt au feu rouge
122.25,261.8,0.0,SAFE,0,SAFE : Arrêt au feu rouge
122.30,261.8,0.0,SAFE,0,SAFE : Arrêt au feu rouge
122.35,261.8,0.0,SAFE,0,SAFE : Arrêt au feu rouge
122.40,261.8,0.0,SAFE,0,SAFE : Arrêt au feu rouge
122.45,261.8,0.0,SAFE,0,SAFE : Arrêt au feu rouge
122.50,261.8,0.0,SAFE,0,SAFE : Arrêt au feu rouge
122.55,261.8,0.0,SAFE,0,SAFE : Arrêt au feu rouge
122.60,261.8,0.0,SAFE,0,SAFE : Arrêt au feu rouge
122.65,261.8,0.0,SAFE,0,SAFE : Arrêt au feu rouge
122.70,261.8,0.0,SAFE,0,SAFE : Arrêt au feu rouge
122.75,261.8,0.0,SAFE,0,SAFE : Arrêt au feu rouge
122.80,261.8,0.0,SAFE,0,SAFE : Arrêt au feu rouge
122.85,261.8,0.0,SAFE,0,SAFE : Arrêt au feu rouge
122.90,261.8,0.0,SAFE,0,SAFE : Arrêt au feu rouge
122.95,261.8,0.0,SAFE,0,SAFE : Arrêt au feu rouge
123.00,261.8,0.0,SAFE,0,SAFE : Arrêt au feu rouge
123.05,261.8,0.0,SAFE,0,SAFE : Arrêt au feu rouge
123.10,261.8,0.0,SAFE,0,SAFE : Arrêt au feu rouge
123.15,261.8,0.0,SAFE,0,SAFE : Arrêt au feu rouge
123.20,261.8,0.0,SAFE,0,SAFE : Arrêt au feu rouge
123.25,261.8,0.0,SAFE,0,SAFE : Arrêt au feu rouge
123.30,261.8,0.0,SAFE,0,SAFE : Arrêt au feu rouge
123.35,261.8,0.0,SAFE,0,SAFE : Arrêt au feu rouge
123.40,261.8,0.0,SAFE,0,SAFE : Arrêt au feu rouge
123.45,261.8,0.0,SAFE,0,SAFE : Arrêt au feu rouge
123.50,261.8,0.0,SAFE,0,SAFE : Arrêt au feu rouge
123.55,261.8,0.0,SAFE,0,SAFE : Arrêt au feu rouge
123.60,261.8,0.0,SAFE,0,SAFE : Arrêt au feu rouge
123.65,261.8,0.0,SAFE,0,SAFE : Arrêt au feu rouge
123.70,261.8,0.0,SAFE,0,SAFE : Arrêt au feu rouge
123.75,261.8,0.0,SAFE,0,SAFE : Arrêt au feu rouge
123.80,261.8,0.0,SAFE,0,SAFE : Arrêt au feu rouge
123.85,261.8,0.0,SAFE,0,SAFE : Arrêt au feu rouge
123.90,261.8,0.0,SAFE,0,SAFE : Arrêt au feu rouge
123.95,261.8,0.0,SAFE,0,SAFE : Arrêt au feu rouge
124.00,261.8,0.0,SAFE,0,SAFE : Arrêt au feu rouge
124.05,261.8,0.0,SAFE,0,SAFE : Arrêt au feu rouge
124.10,261.8,0.0,SAFE,0,SAFE : Arrêt au feu rouge
124.15,261.8,0.0,SAFE,0,SAFE : Arrêt au feu rouge
124.20,261.8,0.0,SAFE,0,SAFE : Arrêt au feu rouge
124.25,261.8,0.0,SAFE,0,SAFE : Arrêt au feu rouge
124.30,261.8,0.0,SAFE,0,SAFE : Arrêt au feu rouge
124.35,261.8,0.0,SAFE,0,SAFE : Arrêt au feu rouge
124.40,261.8,0.0,SAFE,0,SAFE : Arrêt au feu rouge
124.45,261.8,0.0,SAFE,0,SAFE : Arrêt au feu rouge
124.50,261.8,0.0,SAFE,0,SAFE : Arrêt au feu rouge
124.55,261.8,0.0,SAFE,0,SAFE : Arrêt au feu rouge
124.60,261.8,0.0,SAFE,0,SAFE : Arrêt au feu rouge
124.65,261.8,0.0,SAFE,0,SAFE : Arrêt au feu rouge
124.70,261.8,0.0,SAFE,0,SAFE : Arrêt au feu rouge
124.75,261.8,0.0,SAFE,0,SAFE : Arrêt au feu rouge
124.80,261.8,0.0,SAFE,0,SAFE : Arrêt au feu rouge
124.85,261.8,0.0,SAFE,0,SAFE : Arrêt au feu rouge
124.90,261.8,0.0,SAFE,0,SAFE : Arrêt au feu rouge
124.95,261.8,0.0,SAFE,0,SAFE : Arrêt au feu rouge
125.00,261.8,0.0,SAFE,0,SAFE : Arrêt au feu rouge
125.05,261.8,0.0,SAFE,0,SAFE : Arrêt au feu rouge
125.10,261.8,0.0,SAFE,0,SAFE : Arrêt au feu rouge
125.15,261.8,0.0,SAFE,0,SAFE : Arrêt au feu rouge
125.20,261.8,0.0,SAFE,0,SAFE : Arrêt au feu rouge
